dataset,mode,method,backbone,seed,attack,eps,acc,bal_acc,f1_macro,mcc,auroc,valid_rate
CICIoT2023,binary,trades,transformer,1,clean,0,0.8871452097258549,0.8934484159497473,0.8704376892321775,0.7489357763879467,0.954846715826847,
CICIoT2023,binary,trades,transformer,1,gaussian,0.05,0.8869514675966289,0.8935086371705585,0.8702773822775747,0.7487647269355259,0.9547437013519049,
CICIoT2023,binary,trades,transformer,1,fgsm,0.05,0.8800736220091059,0.8853156834630616,0.8624179741169916,0.7330359083952697,0.948718751422459,
CICIoT2023,binary,trades,transformer,1,pgd,0.05,0.8799767509444929,0.8851982111156629,0.862306841624356,0.7328124255406069,0.9486510480677318,0.0
CICIoT2023,binary,trades,transformer,1,transfer_mlp,0.05,0.8815266879783009,0.8871761573125767,0.8641065958115242,0.7364821832528595,0.951444626519186,
CICIoT2023,binary,trades,transformer,1,transfer_tf,0.05,0.8816719945752204,0.8872785743547726,0.8642570639290859,0.7367468626546766,0.9513009752378351,
CICIoT2023,binary,trades,transformer,1,gaussian,0.1,0.8870967741935484,0.8939554144476307,0.8705008485109675,0.7493539416452433,0.9546507180572625,
CICIoT2023,binary,trades,transformer,1,fgsm,0.1,0.8721301947108399,0.8764700600846648,0.853491350481933,0.7154874300371893,0.9424012358323092,
CICIoT2023,binary,trades,transformer,1,pgd,0.1,0.8715005327908554,0.8757802813054759,0.8527873865180675,0.714109585905192,0.9420670091947745,0.0
CICIoT2023,binary,trades,transformer,1,transfer_mlp,0.1,0.8752785043107624,0.8804108971732897,0.8571268419675888,0.7228642140955048,0.9479232839455598,
CICIoT2023,binary,trades,transformer,1,transfer_tf,0.1,0.8753269398430689,0.8801498702717465,0.8571087875416366,0.7226618858519607,0.9476050969548,
CICIoT2023,binary,trades,transformer,1,gaussian,0.2,0.8846265620459168,0.8902465519595794,0.8675144109827574,0.7429831656920961,0.9538714438527016,
CICIoT2023,binary,trades,transformer,1,fgsm,0.2,0.8553230650004844,0.8553260958623514,0.834030229208424,0.6759614491508371,0.9295124721198053,
CICIoT2023,binary,trades,transformer,1,pgd,0.2,0.8531434660466919,0.8524123992899085,0.8314559969120792,0.6706523108585365,0.9276764987027175,0.0
CICIoT2023,binary,trades,transformer,1,transfer_mlp,0.2,0.8617649907972489,0.8635561586781374,0.8415273557244658,0.6912475207551655,0.9410619509308573,
CICIoT2023,binary,trades,transformer,1,transfer_tf,0.2,0.8641867674125738,0.8669849105557832,0.8444269937871609,0.6973301482034118,0.9411344280577176,
CICIoT2023,binary,trades,transformer,1,pgd_constrained,0.1,0.8724692434369854,0.8770041990987301,0.8539087281167617,0.7163907399005597,0.9429199041831672,1.0
CICIoT2023,binary,trades,transformer,1,square,0.1,0.876,0.8808677522316424,0.859575374050435,0.7269801665489065,0.9487855380989414,
CICIoT2023,binary,trades,transformer,1,square_clean_subset,0,0.8915,0.8981567183049537,0.8768891767148075,0.7611576284257658,0.9549950142891903,
CICIoT2023,binary,trades,aam_trans,1,clean,0,0.8987697374794149,0.8973618735490919,0.8817738734051128,0.767261040719222,0.9614165301106105,
CICIoT2023,binary,trades,aam_trans,1,gaussian,0.05,0.8982853821563499,0.896872900450635,0.8812285720061952,0.7662030223796472,0.9613008216122718,
CICIoT2023,binary,trades,aam_trans,1,fgsm,0.05,0.8907294391165359,0.8878084459920798,0.8724274202870497,0.7485920929016264,0.9570493251854887,
CICIoT2023,binary,trades,aam_trans,1,pgd,0.05,0.8906810035842294,0.8877251126587464,0.8723654043247367,0.7484589831713919,0.9570255302926852,0.0
CICIoT2023,binary,trades,aam_trans,1,transfer_mlp,0.05,0.892666860408796,0.8904038645363922,0.8747429675095864,0.7533232605526512,0.9582994162228595,
CICIoT2023,binary,trades,aam_trans,1,transfer_tf,0.05,0.8929574736026349,0.8906578929400519,0.8750607340573373,0.7539248953736502,0.9583972244981566,
CICIoT2023,binary,trades,aam_trans,1,gaussian,0.1,0.8971713649133004,0.8951038167417724,0.8798400832445037,0.7632706480479315,0.9611593779871638,
CICIoT2023,binary,trades,aam_trans,1,fgsm,0.1,0.8835125448028673,0.8791305475897857,0.8640192206952864,0.7317596843438724,0.952499664299695,
CICIoT2023,binary,trades,aam_trans,1,pgd,0.1,0.8834156737382544,0.879062269561655,0.8639177902133481,0.7315737383255454,0.9523712845373025,0.0
CICIoT2023,binary,trades,aam_trans,1,transfer_mlp,0.1,0.8856437082243533,0.8818625221903591,0.8665412898408809,0.7368691089604344,0.9550689437389047,
CICIoT2023,binary,trades,aam_trans,1,transfer_tf,0.1,0.8857890148212729,0.8818173562747508,0.8666595110979004,0.7370274082316378,0.9552362818061815,
CICIoT2023,binary,trades,aam_trans,1,gaussian,0.2,0.8930543446672479,0.8864954595111294,0.8742268667674042,0.7508614794139119,0.9579469479721425,
CICIoT2023,binary,trades,aam_trans,1,fgsm,0.2,0.8692240627724499,0.8618279735081251,0.8473462011100332,0.6983381393953189,0.9430188219764213,
CICIoT2023,binary,trades,aam_trans,1,pgd,0.2,0.8677225612709484,0.860277720879421,0.8456661317602436,0.6950635942093246,0.9414483533615549,0.0
CICIoT2023,binary,trades,aam_trans,1,transfer_mlp,0.2,0.8754238109076818,0.8694937866994401,0.854620447849574,0.7129751763110975,0.9480808298056351,
CICIoT2023,binary,trades,aam_trans,1,transfer_tf,0.2,0.8781362007168458,0.8730289840229415,0.8578465394891139,0.7195313527593734,0.9493067162820337,
CICIoT2023,binary,trades,aam_trans,1,pgd_constrained,0.1,0.8836094158674804,0.8793464085757203,0.8641555612271716,0.7320679541302652,0.9526282716555146,1.0
CICIoT2023,binary,trades,aam_trans,1,square,0.1,0.882,0.879872995577269,0.8645420430503754,0.733224588496996,0.9563678738925281,
CICIoT2023,binary,trades,aam_trans,1,square_clean_subset,0,0.901,0.9020558304190383,0.8862591911764706,0.776588699152218,0.960890796234715,
CICIoT2023,binary,trades,transformer,2,clean,0,0.8762956504891989,0.8833415608357231,0.8586759146049654,0.7268883222837698,0.9528753300104693,
CICIoT2023,binary,trades,transformer,2,gaussian,0.05,0.8756659885692144,0.8826517820565343,0.8579732136140561,0.7255143503740823,0.9528341469798353,
CICIoT2023,binary,trades,transformer,2,fgsm,0.05,0.8695631114985953,0.8753494128089581,0.8510251619503189,0.7115827147829817,0.9471004711183941,
CICIoT2023,binary,trades,transformer,2,pgd,0.05,0.8695146759662888,0.8753152737948928,0.8509756584490447,0.7114964649874465,0.9470470833902316,0.0
CICIoT2023,binary,trades,transformer,2,transfer_mlp,0.05,0.8727598566308243,0.8793735832309163,0.8547102434090552,0.7190812528475157,0.9498274614229141,
CICIoT2023,binary,trades,transformer,2,transfer_tf,0.05,0.8732442119538893,0.8802069165642497,0.8553196747776632,0.7204436687189832,0.9497869384132186,
CICIoT2023,binary,trades,transformer,2,gaussian,0.1,0.8760050372953598,0.8829891437935272,0.8583439081396678,0.7262200727154541,0.9527256475033001,
CICIoT2023,binary,trades,transformer,2,fgsm,0.1,0.8631211857018308,0.8684967909326778,0.8439046547426683,0.6977738979172633,0.9411514406663937,
CICIoT2023,binary,trades,transformer,2,pgd,0.1,0.8627821369756854,0.8681594291956849,0.8435361968006253,0.6970728044452531,0.9408796770449269,0.0
CICIoT2023,binary,trades,transformer,2,transfer_mlp,0.1,0.8707255642739514,0.8770050525740817,0.8524103871679486,0.7145056086392161,0.9468462378806499,
CICIoT2023,binary,trades,transformer,2,transfer_tf,0.1,0.8709677419354839,0.8776676908370886,0.8527728257949746,0.7154388471198506,0.9465705198233875,
CICIoT2023,binary,trades,transformer,2,gaussian,0.2,0.8754722464399883,0.8819248941690564,0.8576405496307864,0.7245770603409644,0.9525131947289363,
CICIoT2023,binary,trades,transformer,2,fgsm,0.2,0.8493170589944784,0.8517323842687423,0.8281558939302691,0.6660491958831561,0.9288184145841869,
CICIoT2023,binary,trades,transformer,2,pgd,0.2,0.8477186864283639,0.8501630479311757,0.8264338800684143,0.6627819415880559,0.9272090616323,0.0
CICIoT2023,binary,trades,transformer,2,transfer_mlp,0.2,0.8643805095417999,0.8692368223405709,0.8451482833067885,0.6998464673315495,0.942084892348309,
CICIoT2023,binary,trades,transformer,2,transfer_tf,0.2,0.8655913978494624,0.8717137102280486,0.8467750806164758,0.7036769675846244,0.9414531385133599,
CICIoT2023,binary,trades,transformer,2,pgd_constrained,0.1,0.8642352029448803,0.8695279598525194,0.8450969460324883,0.6999982892642621,0.9416289544357958,1.0
CICIoT2023,binary,trades,transformer,2,square,0.1,0.8635,0.8706635412910205,0.8457173423032027,0.7020304164067346,0.9445858877268901,
CICIoT2023,binary,trades,transformer,2,square_clean_subset,0,0.876,0.8839644188003366,0.8594663574926531,0.7287220630344635,0.9510145450174299,
CICIoT2023,binary,trades,aam_trans,2,clean,0,0.8939261842487649,0.8849946060357776,0.8746739438815215,0.7510697052302647,0.9607350698711822,
CICIoT2023,binary,trades,aam_trans,2,gaussian,0.05,0.8940714908456844,0.8849494401201693,0.8747950464562659,0.7512578902972092,0.9607166973917793,
CICIoT2023,binary,trades,aam_trans,2,fgsm,0.05,0.8883076625012108,0.8778860439710501,0.8679645407084371,0.7375637591630424,0.956599714370249,
CICIoT2023,binary,trades,aam_trans,2,pgd,0.05,0.8883076625012108,0.8778860439710501,0.8679645407084371,0.7375637591630424,0.9565758853384314,0.0
CICIoT2023,binary,trades,aam_trans,2,transfer_mlp,0.05,0.8899060350673254,0.8798981291820291,0.8698715777755339,0.7413998757032986,0.9577636669852974,
CICIoT2023,binary,trades,aam_trans,2,transfer_tf,0.05,0.8900997771965514,0.8801822681960945,0.8701122457590422,0.7418936731023615,0.9577773112112522,
CICIoT2023,binary,trades,aam_trans,2,gaussian,0.1,0.8936840065872323,0.8841351904956984,0.8742578923722595,0.7500996230126079,0.9604758466475489,
CICIoT2023,binary,trades,aam_trans,2,fgsm,0.1,0.8808485905260098,0.8682995357094088,0.8590072927664409,0.7195034957151009,0.9524033524511811,
CICIoT2023,binary,trades,aam_trans,2,pgd,0.1,0.8806064128644774,0.8681288406390824,0.858752575150044,0.7190216946792743,0.9522819427374937,0.0
CICIoT2023,binary,trades,aam_trans,2,transfer_mlp,0.1,0.8840937711905453,0.8724070394647003,0.8628906203656941,0.7273178428394809,0.9548631822112977,
CICIoT2023,binary,trades,aam_trans,2,transfer_tf,0.1,0.8848687397074494,0.8734944012016933,0.8638441567358595,0.7292614084555873,0.9547708361782513,
CICIoT2023,binary,trades,aam_trans,2,gaussian,0.2,0.8898091640027124,0.8756483340161136,0.8687562181116902,0.7383148869775832,0.9570326198279393,
CICIoT2023,binary,trades,aam_trans,2,fgsm,0.2,0.8671413348832704,0.8529316536938413,0.8431471741812172,0.6880433654414513,0.943632607310301,
CICIoT2023,binary,trades,aam_trans,2,pgd,0.2,0.8656882689140754,0.8513663457599345,0.841488380001965,0.6847698191382281,0.9421482771177568,0.0
CICIoT2023,binary,trades,aam_trans,2,transfer_mlp,0.2,0.8734863896154219,0.8604047180117438,0.8505779533998663,0.7028691504569835,0.9492922072010561,
CICIoT2023,binary,trades,aam_trans,2,transfer_tf,0.2,0.8766831347476509,0.8654619691383313,0.854665137432806,0.7113525884472564,0.9494786289771951,
CICIoT2023,binary,trades,aam_trans,2,pgd_constrained,0.1,0.8808001549937033,0.8683145910146115,0.8589690634705395,0.7194438276486738,0.9525271860348672,1.0
CICIoT2023,binary,trades,aam_trans,2,square,0.1,0.876,0.8617862723885081,0.8540242225612628,0.7091656038623967,0.9544608727010458,
CICIoT2023,binary,trades,aam_trans,2,square_clean_subset,0,0.8935,0.8825760307729295,0.8745683133059758,0.75023479537582,0.959651400408703,
CICIoT2023,binary,trades,transformer,3,clean,0,0.8845781265136103,0.8974931721971869,0.8689832938328825,0.750037044015843,0.9548344940598116,
CICIoT2023,binary,trades,transformer,3,gaussian,0.05,0.8839484645936259,0.89675419909873,0.8682735542076738,0.748621434171571,0.9547946196913835,
CICIoT2023,binary,trades,transformer,3,fgsm,0.05,0.8744066647292453,0.885896490509354,0.8575992748460781,0.7275396024391028,0.9484928364968819,
CICIoT2023,binary,trades,transformer,3,pgd,0.05,0.8743582291969388,0.8858623514952888,0.8575497323322376,0.7274548669409944,0.9484181061950931,0.0
CICIoT2023,binary,trades,transformer,3,transfer_mlp,0.05,0.8770221834737963,0.888625495015704,0.8604699215641302,0.733055551372931,0.9507550810232601,
CICIoT2023,binary,trades,transformer,3,transfer_tf,0.05,0.8775065387968614,0.8890652737948928,0.8609878813130774,0.7340095277699537,0.9507720879421001,
CICIoT2023,binary,trades,transformer,3,gaussian,0.1,0.8835609803351738,0.8962843097091355,0.8678337330197194,0.7477348165389429,0.9545866106786836,
CICIoT2023,binary,trades,transformer,3,fgsm,0.1,0.8659304465756079,0.8761342004642906,0.8481089188123205,0.7087193489913169,0.9418775945650688,
CICIoT2023,binary,trades,transformer,3,pgd,0.1,0.8655429623171559,0.8757626997132323,0.8476928232701735,0.7079407959750438,0.9415084323364742,0.0
CICIoT2023,binary,trades,transformer,3,transfer_mlp,0.1,0.8713067906616294,0.8822849583504029,0.8541175780033274,0.7206097305215672,0.9465593165369385,
CICIoT2023,binary,trades,transformer,3,transfer_tf,0.1,0.8717427104523878,0.8826905981155264,0.8545843065596628,0.7214752542011056,0.9465471744276026,
CICIoT2023,binary,trades,transformer,3,gaussian,0.2,0.8834156737382544,0.8945584801310938,0.8673504204677958,0.7458267068375688,0.9539849162456189,
CICIoT2023,binary,trades,transformer,3,fgsm,0.2,0.8473796377022184,0.8539580090126997,0.8271765795427961,0.6666945061227091,0.9282520426510082,
CICIoT2023,binary,trades,transformer,3,pgd,0.2,0.8438922793761503,0.8493846442714734,0.8231346243009598,0.6583355995534913,0.9262382846283399,0.0
CICIoT2023,binary,trades,transformer,3,transfer_mlp,0.2,0.8605056669572798,0.8701952751604534,0.8421170692746259,0.697028481061337,0.938858237744094,
CICIoT2023,binary,trades,transformer,3,transfer_tf,0.2,0.8617165552649424,0.8730657176020756,0.8438193387453703,0.7013475686167641,0.9393739189312212,
CICIoT2023,binary,trades,transformer,3,pgd_constrained,0.1,0.8667538506248184,0.8770097296190086,0.8490133859469436,0.7104677674446358,0.9423211513951478,1.0
CICIoT2023,binary,trades,transformer,3,square,0.1,0.8715,0.88323224437505,0.8511818161551113,0.716241728104118,0.9502549743774521,
CICIoT2023,binary,trades,transformer,3,square_clean_subset,0,0.89,0.9060973656818,0.8725524272969528,0.7592173112160869,0.9564316598606775,
CICIoT2023,binary,trades,aam_trans,3,clean,0,0.8952339436210404,0.8955584459920798,0.8781688661331397,0.7609678621305349,0.9592788076380353,
CICIoT2023,binary,trades,aam_trans,3,gaussian,0.05,0.8947980238302818,0.8945624743957394,0.8775637421612377,0.7595706918848222,0.9592015794983841,
CICIoT2023,binary,trades,aam_trans,3,fgsm,0.05,0.8878717427104524,0.8862861873549092,0.8695303757236885,0.743503990193737,0.9544567458691793,
CICIoT2023,binary,trades,aam_trans,3,pgd,0.05,0.8878233071781458,0.8862520483408438,0.8694795330481435,0.7434115050180251,0.9544320918111885,0.0
CICIoT2023,binary,trades,aam_trans,3,transfer_mlp,0.05,0.8890341954858084,0.8879910214393008,0.8709483735363601,0.7464633182513624,0.9558020221675998,
CICIoT2023,binary,trades,aam_trans,3,transfer_tf,0.05,0.8896154218734864,0.8885974668851564,0.8716026651532456,0.7477374155358835,0.9558246961627748,
CICIoT2023,binary,trades,aam_trans,3,gaussian,0.1,0.8945074106364429,0.8940624743957395,0.87719434164073,0.7587726082158625,0.9590026457735902,
CICIoT2023,binary,trades,aam_trans,3,fgsm,0.1,0.8789111692337499,0.8757889526150484,0.8591932524937376,0.7229097794550114,0.9493331171195776,
CICIoT2023,binary,trades,aam_trans,3,pgd,0.1,0.8787658626368304,0.8755881469343165,0.8590183411610026,0.7225493782526865,0.9492061086075834,0.0
CICIoT2023,binary,trades,aam_trans,3,transfer_mlp,0.1,0.8827375762859634,0.8804045131776594,0.8636369971836946,0.731815012599697,0.9522095225089899,
CICIoT2023,binary,trades,aam_trans,3,transfer_tf,0.1,0.8832219316090284,0.8809918749146525,0.8642002479181692,0.732944968007869,0.9522291012335563,
CICIoT2023,binary,trades,aam_trans,3,gaussian,0.2,0.8921825050857309,0.8877995357094086,0.873732629415714,0.7506016332588535,0.956892592971915,
CICIoT2023,binary,trades,aam_trans,3,fgsm,0.2,0.8637024120895088,0.857985320223952,0.8416811485195046,0.6880225630417216,0.9380294278301243,
CICIoT2023,binary,trades,aam_trans,3,pgd,0.2,0.8617165552649424,0.8556509285811825,0.8393946574832736,0.6834632997038135,0.9369086269288542,0.0
CICIoT2023,binary,trades,aam_trans,3,transfer_mlp,0.2,0.8690303206432238,0.8642987163730711,0.8478315440948151,0.7003057266954947,0.9450160680959535,
CICIoT2023,binary,trades,aam_trans,3,transfer_tf,0.2,0.8728082921631308,0.8696180527106376,0.8524066636042598,0.7097777406626127,0.9456244594656106,
CICIoT2023,binary,trades,aam_trans,3,pgd_constrained,0.1,0.8790080402983629,0.8759064249624471,0.8593058978917426,0.7231357624387023,0.9494428171514407,1.0
CICIoT2023,binary,trades,aam_trans,3,square,0.1,0.882,0.8843182000160141,0.8607043402402732,0.7290540682753841,0.954610056850028,
CICIoT2023,binary,trades,aam_trans,3,square_clean_subset,0,0.898,0.9032148290495636,0.8793686010660504,0.7660608355279701,0.9596119585235007,
CICIoT2023,binary,trades,transformer,4,clean,0,0.8831250605444154,0.902421514406664,0.8686632617327406,0.7538237309960442,0.9554197676271109,
CICIoT2023,binary,trades,transformer,4,gaussian,0.05,0.8825922696890439,0.9014556534207292,0.8680025010100415,0.7522619319215873,0.9553468182438891,
CICIoT2023,binary,trades,transformer,4,fgsm,0.05,0.8738254383415673,0.8919804724839546,0.8583864215659633,0.7336403833501429,0.9490465542355137,
CICIoT2023,binary,trades,transformer,4,pgd,0.05,0.8736801317446479,0.8918780554417589,0.8582385989063646,0.7333940477285007,0.9489818664936958,0.0
CICIoT2023,binary,trades,transformer,4,transfer_mlp,0.05,0.8782330717814589,0.8972516728116893,0.8633186599396105,0.7435615705504022,0.9520358573444399,
CICIoT2023,binary,trades,transformer,4,transfer_tf,0.05,0.8796861377506539,0.8986693977877919,0.8648816863255419,0.7464760890921978,0.9522482702899541,
CICIoT2023,binary,trades,transformer,4,gaussian,0.1,0.8822047854305919,0.9005430151577223,0.8674803836094158,0.7508961674557185,0.9552992170786109,
CICIoT2023,binary,trades,transformer,4,fgsm,0.1,0.8639445897510414,0.880982179434658,0.8475148503237535,0.7123535248195108,0.9422917804633801,
CICIoT2023,binary,trades,transformer,4,pgd,0.1,0.8636055410248958,0.8807432063362011,0.8471729637878973,0.7117852700039533,0.9419556704902361,0.0
CICIoT2023,binary,trades,transformer,4,transfer_mlp,0.1,0.8727598566308243,0.8911310255359826,0.8572825529207275,0.7317244326883644,0.9486114525012518,
CICIoT2023,binary,trades,transformer,4,transfer_tf,0.1,0.8762472149568924,0.8948680868496518,0.8610945578303035,0.7390816686319693,0.9488980324548227,
CICIoT2023,binary,trades,transformer,4,gaussian,0.2,0.8828344473505764,0.8999045473166735,0.8679141211114789,0.750807223585769,0.9545952535390778,
CICIoT2023,binary,trades,transformer,4,fgsm,0.2,0.8459750072653298,0.858920490236242,0.8273075496911766,0.6712836383867462,0.9279042173062042,
CICIoT2023,binary,trades,transformer,4,pgd,0.2,0.8435532306500049,0.8559836815512768,0.8245922595919812,0.6657909689156006,0.9260021393782147,0.0
CICIoT2023,binary,trades,transformer,4,transfer_mlp,0.2,0.8621040395233943,0.8789469821111566,0.8454960625576908,0.7084100638931529,0.942361236287496,
CICIoT2023,binary,trades,transformer,4,transfer_tf,0.2,0.8674803836094158,0.8842122422504438,0.851248947332846,0.7191548275942848,0.9423509149255769,
CICIoT2023,binary,trades,transformer,4,pgd_constrained,0.1,0.8644289450741064,0.881569541171651,0.8480576952852212,0.7134517630738878,0.9426844530929945,1.0
CICIoT2023,binary,trades,transformer,4,square,0.1,0.872,0.885483870967742,0.8592477009541466,0.731385243319634,0.9491292660121553,
CICIoT2023,binary,trades,transformer,4,square_clean_subset,0,0.8895,0.9066035530621785,0.8786114134382658,0.7709197701044096,0.9554827021972885,
CICIoT2023,binary,trades,aam_trans,4,clean,0,0.8962026542671704,0.8938307046292503,0.8786872343514347,0.760924978609775,0.9605834073011972,
CICIoT2023,binary,trades,aam_trans,4,gaussian,0.05,0.8968323161871549,0.8946680663662433,0.8794387061014789,0.7624573384346364,0.9605673448950793,
CICIoT2023,binary,trades,aam_trans,4,fgsm,0.05,0.8888888888888888,0.8856748600300424,0.8703008093875615,0.7443632993701682,0.9561040727843779,
CICIoT2023,binary,trades,aam_trans,4,pgd,0.05,0.8887920178242759,0.8856065820019118,0.8701988440704282,0.7441764450303687,0.9560807899767855,0.0
CICIoT2023,binary,trades,aam_trans,4,transfer_mlp,0.05,0.8902450837934709,0.8871718899358187,0.8718509585485483,0.7474187711669279,0.9573970879421003,
CICIoT2023,binary,trades,aam_trans,4,transfer_tf,0.05,0.8906810035842294,0.8874299467431381,0.8722996991732783,0.74822280293149,0.9573871364195001,
CICIoT2023,binary,trades,aam_trans,4,gaussian,0.1,0.8958636055410248,0.8936409258500615,0.8783380505572607,0.760302726205889,0.9603444171332332,
CICIoT2023,binary,trades,aam_trans,4,fgsm,0.1,0.8818657367044463,0.8779698211115663,0.8622968515229481,0.7286070737951241,0.9513596943420274,
CICIoT2023,binary,trades,aam_trans,4,pgd,0.1,0.8815751235106074,0.8777649870271746,0.8619933319934772,0.728052590417425,0.9512326460011835,0.0
CICIoT2023,binary,trades,aam_trans,4,transfer_mlp,0.1,0.8847718686428364,0.8811988256179162,0.8656156858666614,0.7351548954900983,0.9541651873093905,
CICIoT2023,binary,trades,aam_trans,4,transfer_tf,0.1,0.8859343214181924,0.8826084937866995,0.8669713914316888,0.7378734884805613,0.9540934953798534,
CICIoT2023,binary,trades,aam_trans,4,gaussian,0.2,0.8953792502179599,0.8907906254267377,0.8772843892705106,0.7574341708095234,0.958779996813692,
CICIoT2023,binary,trades,aam_trans,4,fgsm,0.2,0.8683037876586264,0.862163218626246,0.8466577988296949,0.6974763977985177,0.9406764474941964,
CICIoT2023,binary,trades,aam_trans,4,pgd,0.2,0.8672866414801899,0.8610035504574628,0.8454931106964467,0.6951675071859608,0.939699428740498,0.0
CICIoT2023,binary,trades,aam_trans,4,transfer_mlp,0.2,0.8744066647292453,0.8695639765123584,0.8537637632826036,0.7117292365350532,0.9476230142473485,
CICIoT2023,binary,trades,aam_trans,4,transfer_tf,0.2,0.8801704930737189,0.878644339751468,0.8609730013248966,0.7270087006988193,0.9484984068460103,
CICIoT2023,binary,trades,aam_trans,4,pgd_constrained,0.1,0.8820594788336724,0.8782047658063635,0.8625226869448046,0.7290599733575189,0.9515360166598388,1.0
CICIoT2023,binary,trades,aam_trans,4,square,0.1,0.8855,0.8801659654043945,0.86967128423014,0.7415413582096507,0.9571727442730247,
CICIoT2023,binary,trades,aam_trans,4,square_clean_subset,0,0.902,0.9005610098176717,0.8886722921239054,0.7799610589152336,0.961991584852735,
CICIoT2023,binary,trades,transformer,5,clean,0,0.8826407052213504,0.8909622081114298,0.8659089997306051,0.7414060562207412,0.9524765863261868,
CICIoT2023,binary,trades,transformer,5,gaussian,0.05,0.8825922696890439,0.89053451454322,0.8657748603185279,0.7409336308915336,0.9524985889207519,
CICIoT2023,binary,trades,transformer,5,fgsm,0.05,0.8741160515354064,0.8814117506486413,0.8563483315139822,0.7225964393134551,0.9466696708999043,
CICIoT2023,binary,trades,transformer,5,pgd,0.05,0.8740191804707934,0.8813434726205107,0.8562489634480132,0.7224237547150546,0.9465993672902726,0.0
CICIoT2023,binary,trades,transformer,5,transfer_mlp,0.05,0.8768768768768769,0.884243172197187,0.859383861832766,0.7284213508008354,0.9489920797487368,
CICIoT2023,binary,trades,transformer,5,transfer_tf,0.05,0.8769253124091834,0.88408053393418,0.8593897669982095,0.7283116633874211,0.9489155799080523,
CICIoT2023,binary,trades,transformer,5,gaussian,0.1,0.8828344473505764,0.8909511812098867,0.8660779675656112,0.7416109024200684,0.9523612590468388,
CICIoT2023,binary,trades,transformer,5,fgsm,0.1,0.8637992831541219,0.8683844052983749,0.8444482374011557,0.6983574088954735,0.9406393383859074,
CICIoT2023,binary,trades,transformer,5,pgd,0.1,0.8634117988956699,0.8680129045473166,0.8440300384449508,0.6975687918407144,0.9403095611998724,0.0
CICIoT2023,binary,trades,transformer,5,transfer_mlp,0.1,0.8706771287416448,0.8770693021985525,0.8523838349239441,0.7145197804977861,0.9454721198051801,
CICIoT2023,binary,trades,transformer,5,transfer_tf,0.1,0.8711614840647098,0.8773614980199371,0.8528679218475788,0.7153322879748478,0.9453514554599663,
CICIoT2023,binary,trades,transformer,5,gaussian,0.2,0.8815266879783009,0.8888487641676908,0.8644715473293523,0.7380974153010286,0.9516322886795029,
CICIoT2023,binary,trades,transformer,5,fgsm,0.2,0.8467499757822339,0.8478568551140243,0.8250175601366709,0.6593231672979418,0.9280760218944878,
CICIoT2023,binary,trades,transformer,5,pgd,0.2,0.8444250702315218,0.845283490372798,0.822432128136218,0.6542485541498604,0.9263347330329099,0.0
CICIoT2023,binary,trades,transformer,5,transfer_mlp,0.2,0.8569214375665989,0.8596503140789293,0.8364910071866838,0.6821310858945107,0.9397685204151304,
CICIoT2023,binary,trades,transformer,5,transfer_tf,0.2,0.8648648648648649,0.8734153693841322,0.8465657765399738,0.7047443066788882,0.9412494651554464,
CICIoT2023,binary,trades,transformer,5,pgd_constrained,0.1,0.8650101714617844,0.8698774068004915,0.8458371808463119,0.701166528346355,0.9410998509263053,1.0
CICIoT2023,binary,trades,transformer,5,square,0.1,0.8605,0.8642122235872236,0.841838124438249,0.692538288303348,0.944075600813882,
CICIoT2023,binary,trades,transformer,5,square_clean_subset,0,0.878,0.8869203009828011,0.8620533695160562,0.7341832093742731,0.9508995412315724,
CICIoT2023,binary,trades,aam_trans,5,clean,0,0.8976557202363654,0.8980033114843644,0.8808845502509087,0.7662222911989077,0.9598500386908826,
CICIoT2023,binary,trades,aam_trans,5,gaussian,0.05,0.8969291872517678,0.8971468660385088,0.8800440346773084,0.7645458942306762,0.9598159793345169,
CICIoT2023,binary,trades,aam_trans,5,fgsm,0.05,0.8900029061319384,0.8887721903591425,0.8719884983054861,0.7483968336308493,0.9555729493832218,
CICIoT2023,binary,trades,aam_trans,5,pgd,0.05,0.8899544705996318,0.8887380513450771,0.8719375459372409,0.7483041234283334,0.955533752105239,0.0
CICIoT2023,binary,trades,aam_trans,5,transfer_mlp,0.05,0.8909231812457619,0.8899619691383314,0.8730755885519068,0.7506059920159477,0.9568679787427739,
CICIoT2023,binary,trades,aam_trans,5,transfer_tf,0.05,0.8911169233749879,0.8901969138331285,0.8733010315562552,0.7510582178986326,0.9569335768583004,
CICIoT2023,binary,trades,aam_trans,5,gaussian,0.1,0.8965901385256224,0.896219172470299,0.8795422996476328,0.7633405112070017,0.9594797726341664,
CICIoT2023,binary,trades,aam_trans,5,fgsm,0.1,0.8807517194613969,0.876348320360508,0.8609331355608347,0.7257738727427095,0.9512115708498339,
CICIoT2023,binary,trades,aam_trans,5,pgd,0.1,0.8802673641383318,0.8756625699849788,0.8603444525722956,0.7245579314997813,0.9510095759934454,0.0
CICIoT2023,binary,trades,aam_trans,5,transfer_mlp,0.1,0.8835125448028673,0.8800652396558788,0.8642395623337851,0.7325392733565188,0.9538654695252403,
CICIoT2023,binary,trades,aam_trans,5,transfer_tf,0.1,0.8847718686428364,0.881936740406937,0.8657870986970615,0.7357710338014495,0.9539993570485684,
CICIoT2023,binary,trades,aam_trans,5,gaussian,0.2,0.8924246827472634,0.8889049228458281,0.8741959069852657,0.7518023940549201,0.9569229994537758,
CICIoT2023,binary,trades,aam_trans,5,fgsm,0.2,0.8668022861571248,0.8602194114433975,0.844876626311193,0.6938587038048877,0.9423549319495652,
CICIoT2023,binary,trades,aam_trans,5,pgd,0.2,0.8646226872033324,0.8580436296599754,0.842465041405159,0.6891938239178307,0.9406850220765623,0.0
CICIoT2023,binary,trades,aam_trans,5,transfer_mlp,0.2,0.8722270657754528,0.866453502662843,0.8511058851780828,0.7062266099269732,0.9478657483271884,
CICIoT2023,binary,trades,aam_trans,5,transfer_tf,0.2,0.8801220575414124,0.8802336132732487,0.8613032111653938,0.7283652156160275,0.9500310096044426,
CICIoT2023,binary,trades,aam_trans,5,pgd_constrained,0.1,0.8808001549937033,0.8763824593745733,0.8609836918528179,0.7258663694393497,0.9512646114980199,1.0
CICIoT2023,binary,trades,aam_trans,5,square,0.1,0.8715,0.8695773187960688,0.8524277218831027,0.7100460733434651,0.9529486428900491,
CICIoT2023,binary,trades,aam_trans,5,square_clean_subset,0,0.891,0.8951742936117936,0.87528247375497,0.7569159529782398,0.9582261593980345,
CICIoT2023,binary,trades,transformer,6,clean,0,0.8874842584520004,0.8978197118667213,0.8716432751565352,0.7535012587877803,0.9557633142154855,
CICIoT2023,binary,trades,transformer,6,gaussian,0.05,0.8874358229196939,0.8975396012563157,0.8715431096675688,0.7531737541269063,0.9557508079566662,
CICIoT2023,binary,trades,transformer,6,fgsm,0.05,0.8782330717814589,0.887117643042469,0.8612026160589186,0.73277233340432,0.9498442066093131,
CICIoT2023,binary,trades,transformer,6,pgd,0.05,0.8781362007168458,0.8870493650143384,0.8611029396476242,0.7325996593593964,0.9497773169010879,0.0
CICIoT2023,binary,trades,transformer,6,transfer_mlp,0.05,0.8812360747844619,0.8906117028540216,0.8645941856289046,0.7395179353404365,0.9521575174108972,
CICIoT2023,binary,trades,transformer,6,transfer_tf,0.05,0.8816235590429139,0.8908356206472757,0.8649836526873487,0.7401622833685261,0.9520794813145796,
CICIoT2023,binary,trades,transformer,6,gaussian,0.1,0.8871936452581614,0.897122934589649,0.8712416975763002,0.7524973677849122,0.9556192077472803,
CICIoT2023,binary,trades,transformer,6,fgsm,0.1,0.8703865155478059,0.8783894920114708,0.8524408630716214,0.715575926621851,0.9436529883016977,
CICIoT2023,binary,trades,transformer,6,pgd,0.1,0.8700959023539668,0.8780862692885429,0.852121386160901,0.7149606593102653,0.9433311711957758,0.0
CICIoT2023,binary,trades,transformer,6,transfer_mlp,0.1,0.8753753753753754,0.8842179434657926,0.8580712985615996,0.7267899579352792,0.9484740315899677,
CICIoT2023,binary,trades,transformer,6,transfer_tf,0.1,0.8754722464399883,0.8839418612590468,0.8580940609347367,0.7266102927208687,0.948367199235286,
CICIoT2023,binary,trades,transformer,6,gaussian,0.2,0.8862249346120313,0.8946199644954254,0.869861487114504,0.7489829996978143,0.9549711183941008,
CICIoT2023,binary,trades,transformer,6,fgsm,0.2,0.8529981594497723,0.8564423050662298,0.8324188719535148,0.6747672562144623,0.9307395705312032,
CICIoT2023,binary,trades,transformer,6,pgd,0.2,0.8513029158190448,0.854312747507852,0.8304666190378208,0.6707956509939124,0.9289484785379398,0.0
CICIoT2023,binary,trades,transformer,6,transfer_mlp,0.2,0.8649617359294779,0.8716142632800765,0.8462176531161523,0.7029280813298137,0.9419757783695206,
CICIoT2023,binary,trades,transformer,6,transfer_tf,0.2,0.8687881429816914,0.8779024306978014,0.8509579970134846,0.7134364026267209,0.9433177204242341,
CICIoT2023,binary,trades,transformer,6,pgd_constrained,0.1,0.8712099195970163,0.8794617984432609,0.8533951832736262,0.7175408008292296,0.9440903602803952,1.0
CICIoT2023,binary,trades,transformer,6,square,0.1,0.8635,0.8683667186301196,0.8433694950903796,0.6966904402773706,0.9431195664391028,
CICIoT2023,binary,trades,transformer,6,square_clean_subset,0,0.8785,0.8851310407514013,0.8602352246920071,0.7298045679095336,0.9495408809026982,
CICIoT2023,binary,trades,aam_trans,6,clean,0,0.8940714908456844,0.8934108630342756,0.8766607598530868,0.7576550502416677,0.9591939778779189,
CICIoT2023,binary,trades,aam_trans,6,gaussian,0.05,0.8927152959411024,0.8914710842550867,0.8750180496742614,0.7542479046166918,0.9591570736037144,
CICIoT2023,binary,trades,aam_trans,6,fgsm,0.05,0.8843359488520779,0.8819246551959579,0.8653991459938959,0.735188627234186,0.9537496244708452,
CICIoT2023,binary,trades,aam_trans,6,pgd,0.05,0.8842390777874649,0.8818071828485594,0.8652864149603898,0.7349624979894593,0.9537075196868314,0.0
CICIoT2023,binary,trades,aam_trans,6,transfer_mlp,0.05,0.8856921437566598,0.8833232964631982,0.8669210734465747,0.7381475891606922,0.9551811529883016,
CICIoT2023,binary,trades,aam_trans,6,transfer_tf,0.05,0.8864671122735639,0.8841154922845829,0.8677896908869857,0.7398339101835252,0.9551212959169739,
CICIoT2023,binary,trades,aam_trans,6,gaussian,0.1,0.8923278116826504,0.8909028062269562,0.874545332300515,0.7532627270992746,0.9588350516637079,
CICIoT2023,binary,trades,aam_trans,6,fgsm,0.1,0.8774096677322484,0.8735499795165915,0.8573449086928291,0.7190418079828956,0.9490979789703673,
CICIoT2023,binary,trades,aam_trans,6,pgd,0.1,0.8769253124091834,0.8730610064181347,0.8568054861215733,0.7179971220977995,0.9489191645045291,0.0
CICIoT2023,binary,trades,aam_trans,6,transfer_mlp,0.1,0.8803157996706383,0.8767297897036733,0.860644141562404,0.7255296042005875,0.9520656038053621,
CICIoT2023,binary,trades,aam_trans,6,transfer_tf,0.1,0.8810423326552359,0.8775862351495289,0.861484219312883,0.7272053541016469,0.9520335529609905,
CICIoT2023,binary,trades,aam_trans,6,gaussian,0.2,0.8909716167780684,0.8859621739724157,0.8722313414720986,0.7474728526169448,0.9571531817561109,
CICIoT2023,binary,trades,aam_trans,6,fgsm,0.2,0.8628790080402984,0.8560767103646046,0.8404764174553396,0.6852596487838508,0.9391800093313305,
CICIoT2023,binary,trades,aam_trans,6,pgd,0.2,0.8617649907972489,0.855094735764031,0.8392821092305347,0.6830022472872654,0.9380682438891165,0.0
CICIoT2023,binary,trades,aam_trans,6,transfer_mlp,0.2,0.8707739998062579,0.8651341663252765,0.8495276454099234,0.7032235182302928,0.946123110974555,
CICIoT2023,binary,trades,aam_trans,6,transfer_tf,0.2,0.8765378281507313,0.8743621125221903,0.8567882548191579,0.7186605885116841,0.9476029860257635,
CICIoT2023,binary,trades,aam_trans,6,pgd_constrained,0.1,0.8773612321999419,0.8734666461832582,0.8572825115814675,0.7189073216138651,0.9492032352405662,1.0
CICIoT2023,binary,trades,aam_trans,6,square,0.1,0.867,0.8562485644892514,0.8431418799386721,0.6892443845283439,0.9485170868538979,
CICIoT2023,binary,trades,aam_trans,6,square_clean_subset,0,0.888,0.8819045012730231,0.8679089515273027,0.7388816662487098,0.9539378197829264,
CICIoT2023,binary,trades,transformer,7,clean,0,0.8858374503535794,0.8966097910692339,0.8699258509043255,0.750495660703707,0.9558989029996813,
CICIoT2023,binary,trades,transformer,7,gaussian,0.05,0.8860311924828054,0.8969431244025673,0.8701666385303364,0.7510377993151885,0.9558288156038054,
CICIoT2023,binary,trades,transformer,7,fgsm,0.05,0.8775065387968614,0.8874418612590469,0.8606376998209642,0.732331696124027,0.9500774898720925,
CICIoT2023,binary,trades,transformer,7,pgd,0.05,0.8774096677322484,0.8873243889116482,0.8605274884329221,0.7321096532008939,0.950018776457736,0.0
CICIoT2023,binary,trades,transformer,7,transfer_mlp,0.05,0.8800736220091059,0.8901367267513314,0.8634691991649233,0.7377912327064221,0.9522692828531112,
CICIoT2023,binary,trades,transformer,7,transfer_tf,0.05,0.8803642352029449,0.890243172197187,0.8637476105156292,0.7382090237912461,0.9521735342983296,
CICIoT2023,binary,trades,transformer,7,gaussian,0.1,0.8870483386612419,0.8979552096135464,0.8712806553612769,0.7531528404509047,0.9557125267422277,
CICIoT2023,binary,trades,transformer,7,fgsm,0.1,0.8695631114985953,0.8790389867540624,0.8518833462602714,0.7154188051731278,0.9439927909781965,
CICIoT2023,binary,trades,transformer,7,pgd,0.1,0.8691271917078369,0.8785841526696709,0.8514052789286771,0.7144993164926198,0.9436963732987391,0.0
CICIoT2023,binary,trades,transformer,7,transfer_mlp,0.1,0.8736801317446479,0.8832690495698484,0.8563888372798636,0.7240458968691333,0.9484932461650507,
CICIoT2023,binary,trades,transformer,7,transfer_tf,0.1,0.8744066647292453,0.8841254950157039,0.8572093646483192,0.7256847716528113,0.9484362397013975,
CICIoT2023,binary,trades,transformer,7,gaussian,0.2,0.8844328199166909,0.8935535982520825,0.8680442157035704,0.7459361547324111,0.9551484364331557,
CICIoT2023,binary,trades,transformer,7,fgsm,0.2,0.8541606122251284,0.8598197460057353,0.8342543578864934,0.6795709470293892,0.9311766750876234,
CICIoT2023,binary,trades,transformer,7,pgd,0.2,0.8521747554005619,0.8574361600436979,0.8320038520028923,0.6750498085850539,0.9295003641494834,0.0
CICIoT2023,binary,trades,transformer,7,transfer_mlp,0.2,0.8635086699602829,0.8709836474122628,0.8448369123666664,0.7007967351405116,0.9411699155628386,
CICIoT2023,binary,trades,transformer,7,transfer_tf,0.2,0.8660757531725274,0.8746623992899085,0.8478886020470541,0.7072791920714282,0.9419310904001092,
CICIoT2023,binary,trades,transformer,7,pgd_constrained,0.1,0.8702412089508864,0.8799104875051209,0.8526645520769365,0.7170228982107968,0.9444371785242841,1.0
CICIoT2023,binary,trades,transformer,7,square,0.1,0.8675,0.8717750639442909,0.8466803844330255,0.7029176477130898,0.9498647190147405,
CICIoT2023,binary,trades,transformer,7,square_clean_subset,0,0.8835,0.8898839885467027,0.8648472672610487,0.7386510852565314,0.9562480594940639,
CICIoT2023,binary,trades,aam_trans,7,clean,0,0.8968323161871549,0.9011617165096272,0.8807693704203444,0.7677475586204853,0.9607875130866221,
CICIoT2023,binary,trades,aam_trans,7,gaussian,0.05,0.8963479608640899,0.9008203263689745,0.8802587737638382,0.7668345580114344,0.9607123048386361,
CICIoT2023,binary,trades,aam_trans,7,fgsm,0.05,0.8897122929380994,0.8930440393281442,0.8726505192548679,0.7516783883908049,0.9561185989348628,
CICIoT2023,binary,trades,aam_trans,7,pgd,0.05,0.8897122929380994,0.8930440393281442,0.8726505192548679,0.7516783883908049,0.9560922436160043,0.0
CICIoT2023,binary,trades,aam_trans,7,transfer_mlp,0.05,0.8908747457134554,0.8945029018161956,0.8740031222390532,0.7544176391931421,0.957533086394465,
CICIoT2023,binary,trades,aam_trans,7,transfer_tf,0.05,0.8911169233749879,0.894771985525058,0.87427759648837,0.7549576045366735,0.9573279166097683,
CICIoT2023,binary,trades,aam_trans,7,gaussian,0.1,0.8956214278794924,0.8992751604533662,0.8792855285870402,0.7645791758096453,0.96034779120579,
CICIoT2023,binary,trades,aam_trans,7,fgsm,0.1,0.8832219316090284,0.8845830602212208,0.8650232409329368,0.7360940867834416,0.9512161511675543,
CICIoT2023,binary,trades,aam_trans,7,pgd,0.1,0.8830281894798023,0.8843481155264236,0.8647993060361022,0.735644401348878,0.9510465314761711,0.0
CICIoT2023,binary,trades,aam_trans,7,transfer_mlp,0.1,0.8856437082243533,0.8876674518639902,0.8678550117442905,0.7418466462287889,0.954152402248623,
CICIoT2023,binary,trades,aam_trans,7,transfer_tf,0.1,0.8857405792889664,0.8877849242113889,0.8679669515903351,0.7420714431946505,0.9537463755746735,
CICIoT2023,binary,trades,aam_trans,7,gaussian,0.2,0.8945074106364429,0.8965221903591425,0.877708803618491,0.760802057605497,0.9596505302926851,
CICIoT2023,binary,trades,aam_trans,7,fgsm,0.2,0.8686428363847719,0.8668788747780964,0.8481658971331423,0.7022320272751996,0.9397822556784561,
CICIoT2023,binary,trades,aam_trans,7,pgd,0.2,0.8676256902063354,0.865670012290045,0.8469964817377504,0.6998944093010736,0.9384107207883836,0.0
CICIoT2023,binary,trades,aam_trans,7,transfer_mlp,0.2,0.8724208079046789,0.8720014338385907,0.8526658994676716,0.711507251756143,0.9462857776867404,
CICIoT2023,binary,trades,aam_trans,7,transfer_tf,0.2,0.8752785043107624,0.8761801857162366,0.8561366697375453,0.7188009675807118,0.9461669739177933,
CICIoT2023,binary,trades,aam_trans,7,pgd_constrained,0.1,0.8833188026736414,0.8847005325686195,0.8651352083813542,0.7363189295007233,0.9512712458464199,1.0
CICIoT2023,binary,trades,aam_trans,7,square,0.1,0.879,0.876586286598558,0.857815004394809,0.7209750513070535,0.9564587429956976,
CICIoT2023,binary,trades,aam_trans,7,square_clean_subset,0,0.8955,0.8982521893835228,0.8774808299999619,0.7610145623445735,0.9617221343347576,
CICIoT2023,binary,trades,transformer,8,clean,0,0.8865639833381769,0.8933831080158405,0.8699052622274832,0.7481944963341616,0.9553100505257408,
CICIoT2023,binary,trades,transformer,8,gaussian,0.05,0.8859827569504989,0.8924323023351086,0.8691866391633023,0.7466220383288059,0.9552422959624927,
CICIoT2023,binary,trades,transformer,8,fgsm,0.05,0.8778940230553134,0.8836318448723202,0.8601340798368122,0.7289392707649012,0.9494258671309571,
CICIoT2023,binary,trades,transformer,8,pgd,0.05,0.8778940230553134,0.8836318448723202,0.8601340798368122,0.7289392707649012,0.9493623856343029,0.0
CICIoT2023,binary,trades,transformer,8,transfer_mlp,0.05,0.8796861377506539,0.8854361259046839,0.8621049837814394,0.732711015849199,0.9517680595384405,
CICIoT2023,binary,trades,transformer,8,transfer_tf,0.05,0.8802673641383318,0.8860425713505394,0.8627493727745511,0.7339559574983006,0.9518923084801312,
CICIoT2023,binary,trades,transformer,8,gaussian,0.1,0.8870967741935484,0.8939554144476307,0.8705008485109675,0.7493539416452433,0.9550938822886795,
CICIoT2023,binary,trades,transformer,8,fgsm,0.1,0.8708708708708709,0.8759760002731121,0.8522933552056233,0.7136189542654181,0.9431833151258593,
CICIoT2023,binary,trades,transformer,8,pgd,0.1,0.8707255642739514,0.8757751945923802,0.852121332035116,0.7132597435845496,0.9428712674677956,0.0
CICIoT2023,binary,trades,transformer,8,transfer_mlp,0.1,0.8750363266492299,0.8804861736993035,0.8569342134079395,0.72267009690526,0.9480683178569804,
CICIoT2023,binary,trades,transformer,8,transfer_tf,0.1,0.8765378281507313,0.8820364263280076,0.8585918114734828,0.725862590581981,0.9484005018435067,
CICIoT2023,binary,trades,transformer,8,gaussian,0.2,0.8861764990797248,0.8917325549638127,0.8692104839935344,0.7461947187018252,0.9547364923301014,
CICIoT2023,binary,trades,transformer,8,fgsm,0.2,0.8532887726436114,0.8531543424825891,0.8317768259033813,0.6715756259127401,0.9302251467977605,
CICIoT2023,binary,trades,transformer,8,pgd,0.2,0.8510123026252059,0.8502707565205517,0.829132615974269,0.6661970148574021,0.92854778324002,0.0
CICIoT2023,binary,trades,transformer,8,transfer_mlp,0.2,0.8641383318802673,0.8676886863307387,0.8445616690321175,0.697996637188494,0.9408034389366835,
CICIoT2023,binary,trades,transformer,8,transfer_tf,0.2,0.8720817591785334,0.88022388365424,0.8543203651384316,0.7192347601320622,0.9437851973235012,
CICIoT2023,binary,trades,transformer,8,pgd_constrained,0.1,0.8712583551293229,0.8764950839819746,0.8527481575926619,0.7145602873311354,0.9435191007783695,1.0
CICIoT2023,binary,trades,transformer,8,square,0.1,0.874,0.8779087554255339,0.856976645194245,0.7215294185506508,0.9488362588194804,
CICIoT2023,binary,trades,transformer,8,square_clean_subset,0,0.887,0.8924788236868774,0.8715312002965014,0.7502895180184252,0.9548007610088147,
CICIoT2023,binary,trades,aam_trans,8,clean,0,0.8966385740579289,0.8995001365560562,0.8802589881929774,0.7660895928574858,0.9611459954936501,
CICIoT2023,binary,trades,aam_trans,8,gaussian,0.05,0.8967354451225419,0.8991748600300423,0.8802816628661945,0.765945128525729,0.9610069643588693,
CICIoT2023,binary,trades,aam_trans,8,fgsm,0.05,0.8891795020827279,0.8899628226136829,0.8715110839325696,0.7483211139463475,0.9567050332286403,
CICIoT2023,binary,trades,aam_trans,8,pgd,0.05,0.8891795020827279,0.8899628226136829,0.8715110839325696,0.7483211139463475,0.9566690563976512,0.0
CICIoT2023,binary,trades,aam_trans,8,transfer_mlp,0.05,0.8907294391165359,0.892137546087669,0.8733713697362491,0.7521797789054605,0.9580255018435068,
CICIoT2023,binary,trades,aam_trans,8,transfer_tf,0.05,0.8909716167780684,0.8921606582001912,0.8735941847697921,0.7525123906301137,0.9581915540079202,
CICIoT2023,binary,trades,aam_trans,8,gaussian,0.1,0.8952823791533469,0.8961829168373617,0.8783429856772462,0.761543825387525,0.960810539851609,
CICIoT2023,binary,trades,aam_trans,8,fgsm,0.1,0.8807517194613969,0.8791523965587873,0.8616010792307962,0.7281890724815034,0.9522049763302836,
CICIoT2023,binary,trades,aam_trans,8,pgd,0.1,0.8805095417998644,0.8787849242113888,0.861302604111741,0.7275602445724554,0.9520138376803678,0.0
CICIoT2023,binary,trades,aam_trans,8,transfer_mlp,0.1,0.8831250605444154,0.8820058719104192,0.8643498928162672,0.7336952248540157,0.9548704936501434,
CICIoT2023,binary,trades,aam_trans,8,transfer_tf,0.1,0.8839484645936259,0.8830289840229415,0.8653112046454052,0.7356343336892301,0.9552209078701807,
CICIoT2023,binary,trades,aam_trans,8,gaussian,0.2,0.8949917659595079,0.893469172470299,0.8775084648697928,0.758958199128178,0.9592408621239019,
CICIoT2023,binary,trades,aam_trans,8,fgsm,0.2,0.8693693693693694,0.8666530452000546,0.8487249346305951,0.7028824228187827,0.9424808992216306,
CICIoT2023,binary,trades,aam_trans,8,pgd,0.2,0.8682069165940134,0.8652925713505394,0.8473914186086172,0.7002260027775127,0.9412909269880286,0.0
CICIoT2023,binary,trades,aam_trans,8,transfer_mlp,0.2,0.8735832606800349,0.8714925235559197,0.8535379618221299,0.7124310250894574,0.9485406140470662,
CICIoT2023,binary,trades,aam_trans,8,transfer_tf,0.2,0.8814782524459944,0.8838951932268196,0.8633324736916883,0.7333474967772263,0.9509175656607036,
CICIoT2023,binary,trades,aam_trans,8,pgd_constrained,0.1,0.8808001549937033,0.8791865355728526,0.8616515069294793,0.7282802986441509,0.9522742785288361,1.0
CICIoT2023,binary,trades,aam_trans,8,square,0.1,0.887,0.8833056081378229,0.8695216409327933,0.7423319941599997,0.9579855733379222,
CICIoT2023,binary,trades,aam_trans,8,square_clean_subset,0,0.9025,0.9030359089083921,0.8876556940847267,0.7791232506412294,0.9627263427598999,
CICIoT2023,binary,trades,transformer,9,clean,0,0.8832219316090284,0.8970292229960399,0.8676839918829604,0.7481525106967509,0.9546119019982702,
CICIoT2023,binary,trades,transformer,9,gaussian,0.05,0.8832703671413349,0.8972601392871773,0.8677736686171176,0.7484421935193413,0.9545900700987755,
CICIoT2023,binary,trades,transformer,9,fgsm,0.05,0.8725661145015984,0.8854847057216988,0.8559126544561262,0.7252815017626045,0.948252805088989,
CICIoT2023,binary,trades,transformer,9,pgd,0.05,0.8725661145015984,0.8854847057216988,0.8559126544561262,0.7252815017626045,0.9481834573717511,0.0
CICIoT2023,binary,trades,transformer,9,transfer_mlp,0.05,0.8760050372953598,0.889335210979107,0.8597330230726451,0.7327854650064743,0.9508384997041284,
CICIoT2023,binary,trades,transformer,9,transfer_tf,0.05,0.8768768768768769,0.8899005189130138,0.8606150791806451,0.7342519692754208,0.9506909167463242,
CICIoT2023,binary,trades,transformer,9,gaussian,0.1,0.8828344473505764,0.8966085279257134,0.8672549352106801,0.7473182273492397,0.9546078906641176,
CICIoT2023,binary,trades,transformer,9,fgsm,0.1,0.8645258161387194,0.8765216099959033,0.8470035170994068,0.7078065671507708,0.9415356069916702,
CICIoT2023,binary,trades,transformer,9,pgd,0.1,0.8640898963479609,0.8759683872729755,0.8465055319627701,0.7067855212468489,0.9411836223769857,0.0
CICIoT2023,binary,trades,transformer,9,transfer_mlp,0.1,0.8698537246924344,0.8825398402294142,0.8529223987029828,0.7194680784272062,0.9470250751058311,
CICIoT2023,binary,trades,transformer,9,transfer_tf,0.1,0.8714036617262424,0.8838782602758433,0.8545549365477747,0.7224161733291348,0.9467451408803313,
CICIoT2023,binary,trades,transformer,9,gaussian,0.2,0.8829313184151893,0.8954469479721425,0.867103898179201,0.7462183310913351,0.9534887113660158,
CICIoT2023,binary,trades,transformer,9,fgsm,0.2,0.8426813910684878,0.8492690837088626,0.8221291244865001,0.6571247197535124,0.927390191861259,
CICIoT2023,binary,trades,transformer,9,pgd,0.2,0.8397752591300979,0.8457941076061724,0.8188568185506067,0.6505515041720753,0.9253532420683691,0.0
CICIoT2023,binary,trades,transformer,9,transfer_mlp,0.2,0.8580354548096484,0.86806063088898,0.839530858390102,0.6923483201844283,0.9395935977968957,
CICIoT2023,binary,trades,transformer,9,transfer_tf,0.2,0.8619587329264748,0.8736299672265464,0.8441563010826179,0.7022017388377217,0.9403890880331376,
CICIoT2023,binary,trades,transformer,9,pgd_constrained,0.1,0.8653492201879298,0.8775939164276936,0.8479503051093478,0.7097653555229283,0.9419101347353087,1.0
CICIoT2023,binary,trades,transformer,9,square,0.1,0.868,0.882431931669339,0.8503996708792759,0.7160633917433403,0.9507454709779362,
CICIoT2023,binary,trades,transformer,9,square_clean_subset,0,0.8865,0.898529481906537,0.8700807759897827,0.7516933787250742,0.9577592943861284,
CICIoT2023,binary,trades,aam_trans,9,clean,0,0.8931512157318608,0.8866129318585279,0.8743407917069266,0.7510896980343054,0.9593673926896991,
CICIoT2023,binary,trades,aam_trans,9,gaussian,0.05,0.8934418289256999,0.887162126177796,0.8747267186750521,0.7519202164255848,0.9594283934179981,
CICIoT2023,binary,trades,aam_trans,9,fgsm,0.05,0.8862249346120313,0.8787793936911101,0.8663304765057953,0.7352080851853376,0.9552028028130548,
CICIoT2023,binary,trades,aam_trans,9,pgd,0.05,0.8860796280151119,0.8786769766489144,0.866177385661585,0.7349232710695655,0.9551740975920615,0.0
CICIoT2023,binary,trades,aam_trans,9,transfer_mlp,0.05,0.8872905163227743,0.8804159497473714,0.8676636580406263,0.7379822106169273,0.9563944137193319,
CICIoT2023,binary,trades,aam_trans,9,transfer_tf,0.05,0.8881623559042914,0.8812764235968865,0.8686412630446527,0.7398816762894841,0.9565933360644544,
CICIoT2023,binary,trades,aam_trans,9,gaussian,0.1,0.8930543446672479,0.8866922367882015,0.874271179470234,0.751007628887625,0.9591181096089945,
CICIoT2023,binary,trades,aam_trans,9,fgsm,0.1,0.8795408311537344,0.8707721903591424,0.858502449826395,0.7195538794245014,0.9510153397969867,
CICIoT2023,binary,trades,aam_trans,9,pgd,0.1,0.8792986534922019,0.8704539123310119,0.8582117538557269,0.7189642302527499,0.9508774978378625,0.0
CICIoT2023,binary,trades,aam_trans,9,transfer_mlp,0.1,0.8827375762859634,0.8746487778232964,0.8622575114715328,0.7270771339222525,0.9534644442168511,
CICIoT2023,binary,trades,aam_trans,9,transfer_tf,0.1,0.8834156737382544,0.8754710842550868,0.8630540396992894,0.7286729757854118,0.9539174461741545,
CICIoT2023,binary,trades,aam_trans,9,gaussian,0.2,0.8888888888888888,0.8780005462242251,0.8685095686441732,0.738516226529558,0.9554973030178888,
CICIoT2023,binary,trades,aam_trans,9,fgsm,0.2,0.8650101714617844,0.8536432814420319,0.8415728386706931,0.6857790170722068,0.9420992648732306,
CICIoT2023,binary,trades,aam_trans,9,pgd,0.2,0.8636539765572023,0.8519986685784515,0.8399811772005745,0.6825898118695755,0.9409448085939278,0.0
CICIoT2023,binary,trades,aam_trans,9,transfer_mlp,0.2,0.8716458393877748,0.8614195684828623,0.8492880666198648,0.7011577052341549,0.9470822124357049,
CICIoT2023,binary,trades,aam_trans,9,transfer_tf,0.2,0.8754238109076818,0.8675752082479857,0.8541314612030457,0.7113484672560297,0.949276554463107,
CICIoT2023,binary,trades,aam_trans,9,pgd_constrained,0.1,0.8796377022183474,0.870889662706541,0.8586162395732173,0.7197818568335242,0.9511511049660885,1.0
CICIoT2023,binary,trades,aam_trans,9,square,0.1,0.8835,0.8739719275845663,0.8618980600233705,0.7261436653805781,0.956191426625134,
CICIoT2023,binary,trades,aam_trans,9,square_clean_subset,0,0.898,0.8893552541303287,0.8785714285714286,0.7589205168333321,0.9611139443614853,
CICIoT2023,binary,trades,transformer,10,clean,0,0.8859827569504989,0.8933669944012017,0.8693837987384674,0.7475069600027858,0.9557195935181393,
CICIoT2023,binary,trades,transformer,10,gaussian,0.05,0.8866608544027899,0.8940909121944558,0.8701400606544407,0.7489761440886187,0.9557668419136054,
CICIoT2023,binary,trades,transformer,10,fgsm,0.05,0.8773127966676354,0.8839600914925577,0.8597006416325281,0.7286165422837708,0.9497794961081525,
CICIoT2023,binary,trades,transformer,10,pgd,0.05,0.8771674900707159,0.8838576744503619,0.859551009859193,0.7283552522718592,0.949710950657745,0.0
CICIoT2023,binary,trades,transformer,10,transfer_mlp,0.05,0.8797830088152668,0.8862915130411033,0.8623793519102037,0.7336508955052644,0.9521170569893942,
CICIoT2023,binary,trades,transformer,10,transfer_tf,0.05,0.8803642352029449,0.8868487641676908,0.8630122951491238,0.7348459772040409,0.9523784195912421,
CICIoT2023,binary,trades,transformer,10,gaussian,0.1,0.8860796280151119,0.8933860781100642,0.8694741122475405,0.7476365955265615,0.955365190723292,
CICIoT2023,binary,trades,transformer,10,fgsm,0.1,0.8701927734185799,0.8765803291000955,0.8518540255334243,0.713507412634381,0.9435627475078519,
CICIoT2023,binary,trades,transformer,10,pgd,0.1,0.8698052891601279,0.8760612453912331,0.8514002367466232,0.7125667253982131,0.9432387170558515,0.0
CICIoT2023,binary,trades,transformer,10,transfer_mlp,0.1,0.8735348251477284,0.880116584733033,0.8555500665752305,0.720663897448035,0.9484170820246711,
CICIoT2023,binary,trades,transformer,10,transfer_tf,0.1,0.8764893926184248,0.8838716714461285,0.8589633326363917,0.7276290987728736,0.9493351085620646,
CICIoT2023,binary,trades,transformer,10,gaussian,0.2,0.8854499660951274,0.8918599959033183,0.8685910586132986,0.7454624182673595,0.9550003982884975,
CICIoT2023,binary,trades,transformer,10,fgsm,0.2,0.8543543543543544,0.8568078656288407,0.833628926115102,0.676513840988267,0.9306335518230233,
CICIoT2023,binary,trades,transformer,10,pgd,0.2,0.8525138041267073,0.8544283080704629,0.8314869600411443,0.672124539527404,0.9288096351677364,0.0
CICIoT2023,binary,trades,transformer,10,transfer_mlp,0.2,0.8635086699602829,0.8679827939369111,0.8441041663752684,0.697638288919246,0.9412841674632437,
CICIoT2023,binary,trades,transformer,10,transfer_tf,0.2,0.8734379540831154,0.8845249897582959,0.8564575716006292,0.7251166202970367,0.945113000136556,
CICIoT2023,binary,trades,transformer,10,pgd_constrained,0.1,0.8707255642739514,0.8771526355318858,0.8524448651056871,0.7146561952765238,0.9438837054485865,1.0
CICIoT2023,binary,trades,transformer,10,square,0.1,0.882,0.8890633374318232,0.8609603866715212,0.7321596569065684,0.9543730886850152,
CICIoT2023,binary,trades,transformer,10,square_clean_subset,0,0.894,0.902474857341026,0.8747542347247429,0.75905762632541,0.9598373214792395,
CICIoT2023,binary,trades,aam_trans,10,clean,0,0.8917465852949724,0.8873938959442851,0.8732495888842113,0.7496740330513748,0.9588566957986253,
CICIoT2023,binary,trades,aam_trans,10,gaussian,0.05,0.8920371984888114,0.8877955073057491,0.8736008105336303,0.7503942527298733,0.958755894669762,
CICIoT2023,binary,trades,aam_trans,10,fgsm,0.05,0.8840453356582388,0.8783254130820701,0.8642970788955888,0.7318198257081535,0.954121859210706,
CICIoT2023,binary,trades,aam_trans,10,pgd,0.05,0.8839484645936259,0.8782571350539397,0.8641954547311375,0.7316324253611954,0.9540924712094313,0.0
CICIoT2023,binary,trades,aam_trans,10,transfer_mlp,0.05,0.8857890148212729,0.880292332377441,0.8663030184445071,0.7357917013560235,0.9554543276890163,
CICIoT2023,binary,trades,aam_trans,10,transfer_tf,0.05,0.8860796280151119,0.8804971664618326,0.8666085523909656,0.736355635756809,0.9555912422049251,
CICIoT2023,binary,trades,aam_trans,10,gaussian,0.1,0.891601278698053,0.8865043697938003,0.8729194789818739,0.7487809761424459,0.958639327006236,
CICIoT2023,binary,trades,aam_trans,10,fgsm,0.1,0.8763925215538119,0.8693894578724566,0.855428368876277,0.7141571122800525,0.949126797988074,
CICIoT2023,binary,trades,aam_trans,10,pgd,0.1,0.8761503438922794,0.869021985525058,0.8551263619919403,0.7135272568100685,0.9489743388410942,0.0
CICIoT2023,binary,trades,aam_trans,10,transfer_mlp,0.1,0.8804611062675579,0.8743724907824661,0.8601990580955023,0.7237365767144928,0.9519749761026901,
CICIoT2023,binary,trades,aam_trans,10,transfer_tf,0.1,0.8816719945752204,0.8762590468387272,0.8617164757613851,0.7269202073715496,0.9524945718967635,
CICIoT2023,binary,trades,aam_trans,10,gaussian,0.2,0.8909716167780684,0.8842895671173017,0.8718508519121739,0.7461950286591904,0.9574251160726478,
CICIoT2023,binary,trades,aam_trans,10,fgsm,0.2,0.8620071684587813,0.8514774682507169,0.8384706479445103,0.680014772960946,0.9386847887932998,
CICIoT2023,binary,trades,aam_trans,10,pgd,0.2,0.8602150537634409,0.8493288269834767,0.8363799459470497,0.6758321247596276,0.9373126166416313,0.0
CICIoT2023,binary,trades,aam_trans,10,transfer_mlp,0.2,0.8698052891601279,0.8613029496108152,0.8476976336131266,0.6986283385064499,0.9453253049751923,
CICIoT2023,binary,trades,aam_trans,10,transfer_tf,0.2,0.8771190545384093,0.873443534070736,0.8570671178121034,0.7185782893874678,0.9476223257772314,
CICIoT2023,binary,trades,aam_trans,10,pgd_constrained,0.1,0.8767800058122639,0.869859347262051,0.8558815714816805,0.7150655703922483,0.9492479118303063,1.0
CICIoT2023,binary,trades,aam_trans,10,square,0.1,0.8825,0.8756360541000663,0.8582660021453099,0.7207259109251489,0.9570869195119645,
CICIoT2023,binary,trades,aam_trans,10,square_clean_subset,0,0.896,0.8946688104921341,0.8749849741555475,0.7549868056905633,0.9622888489548851,
TON_IoT,binary,trades,transformer,1,clean,0,0.9729045704927796,0.9704734923262495,0.9722165758653698,0.9447527083496947,0.9955684407272042,
TON_IoT,binary,trades,transformer,1,gaussian,0.05,0.9729045704927796,0.9705175480220668,0.9722192427671505,0.94474294704952,0.9955101676742577,
TON_IoT,binary,trades,transformer,1,fgsm,0.05,0.9726068185201727,0.970169358607025,0.971911263512242,0.9441419807324659,0.9940935936769889,
TON_IoT,binary,trades,transformer,1,pgd,0.05,0.9726068185201727,0.970169358607025,0.971911263512242,0.9441419807324659,0.9940895639165287,0.0
TON_IoT,binary,trades,transformer,1,transfer_mlp,0.05,0.9726068185201727,0.970169358607025,0.971911263512242,0.9441419807324659,0.9947470034882331,
TON_IoT,binary,trades,transformer,1,transfer_tf,0.05,0.9727556945064761,0.9703434533145459,0.9720652611655405,0.9444424351305418,0.9951021657472172,
TON_IoT,binary,trades,transformer,1,gaussian,0.1,0.9727556945064761,0.9702993976187285,0.9720625768133053,0.944452343248412,0.9954229618467713,
TON_IoT,binary,trades,transformer,1,fgsm,0.1,0.9721601905612625,0.9696470744844623,0.9714491740090446,0.9432409620448712,0.9932104422413075,
TON_IoT,binary,trades,transformer,1,pgd,0.1,0.9721601905612625,0.9696470744844623,0.9714491740090446,0.9432409620448712,0.9931627642888966,0.0
TON_IoT,binary,trades,transformer,1,transfer_mlp,0.1,0.9723090665475659,0.9698211691919832,0.9716032199573204,0.943541244251479,0.9942694995128066,
TON_IoT,binary,trades,transformer,1,transfer_tf,0.1,0.9723090665475659,0.9698211691919832,0.9716032199573204,0.943541244251479,0.9942580441263298,
TON_IoT,binary,trades,transformer,1,gaussian,0.2,0.9724579425338693,0.9700393195953215,0.9717599634733605,0.9438317392903735,0.9951386599823957,
TON_IoT,binary,trades,transformer,1,fgsm,0.2,0.9714158106297455,0.96890876803431,0.9706871947946533,0.9417088701908378,0.9905816347968459,
TON_IoT,binary,trades,transformer,1,pgd,0.2,0.9709691826708352,0.9684305396075648,0.9702277482982016,0.9407976687934321,0.9901061683407529,0.0
TON_IoT,binary,trades,transformer,1,transfer_mlp,0.2,0.972011314574959,0.9694729797769415,0.971295111915776,0.9429407371117723,0.9934498281239246,
TON_IoT,binary,trades,transformer,1,transfer_tf,0.2,0.9718624385886556,0.9692988850694205,0.9711410336541658,0.942640569390408,0.9931272661742812,
TON_IoT,binary,trades,transformer,1,pgd_constrained,0.1,0.9727556945064761,0.9703434533145459,0.9720652611655405,0.9444424351305418,0.9944466278602243,1.0
TON_IoT,binary,trades,transformer,1,square,0.1,0.974,0.9719667701217808,0.9732992659352036,0.9467647151607785,0.995364487282803,
TON_IoT,binary,trades,transformer,1,square_clean_subset,0,0.9745,0.9724004214661,0.9738083774675013,0.9478020782710918,0.9965533165880086,
TON_IoT,binary,trades,aam_trans,1,clean,0,0.9761798421914545,0.9743916872833438,0.9756051100339557,0.9513627297570942,0.9974588058868913,
TON_IoT,binary,trades,aam_trans,1,gaussian,0.05,0.9761798421914545,0.9743916872833438,0.9756051100339557,0.9513627297570942,0.9974269753070768,
TON_IoT,binary,trades,aam_trans,1,fgsm,0.05,0.9760309662051511,0.9742616482716403,0.9754537902996943,0.9510548392480961,0.9972257136751054,
TON_IoT,binary,trades,aam_trans,1,pgd,0.05,0.9760309662051511,0.9742616482716403,0.9754537902996943,0.9510548392480961,0.9972256231186906,0.0
TON_IoT,binary,trades,aam_trans,1,transfer_mlp,0.05,0.9760309662051511,0.9742616482716403,0.9754537902996943,0.9510548392480961,0.9972997888224405,
TON_IoT,binary,trades,aam_trans,1,transfer_tf,0.05,0.9760309662051511,0.9742616482716403,0.9754537902996943,0.9510548392480961,0.9974044720379902,
TON_IoT,binary,trades,aam_trans,1,gaussian,0.1,0.9763287181777579,0.9745217262950473,0.9757564428263958,0.9516707397595894,0.9974243038928392,
TON_IoT,binary,trades,aam_trans,1,fgsm,0.1,0.9760309662051511,0.9742616482716403,0.9754537902996943,0.9510548392480961,0.9970773369893977,
TON_IoT,binary,trades,aam_trans,1,pgd,0.1,0.9760309662051511,0.9742616482716403,0.9754537902996943,0.9510548392480961,0.9970722205519595,0.0
TON_IoT,binary,trades,aam_trans,1,transfer_mlp,0.1,0.9760309662051511,0.9742616482716403,0.9754537902996943,0.9510548392480961,0.9971998145404626,
TON_IoT,binary,trades,aam_trans,1,transfer_tf,0.1,0.9760309662051511,0.9742616482716403,0.9754537902996943,0.9510548392480961,0.997329219657262,
TON_IoT,binary,trades,aam_trans,1,gaussian,0.2,0.974542206342117,0.9729612581546052,0.973941306224108,0.9479824805560729,0.9973122403294804,
TON_IoT,binary,trades,aam_trans,1,fgsm,0.2,0.9758820902188478,0.9740875535641194,0.9753001739093801,0.950752808687462,0.9961070702826447,
TON_IoT,binary,trades,aam_trans,1,pgd,0.2,0.9758820902188478,0.9740875535641194,0.9753001739093801,0.950752808687462,0.9959944181025895,0.0
TON_IoT,binary,trades,aam_trans,1,transfer_mlp,0.2,0.9760309662051511,0.9742616482716403,0.9754537902996943,0.9510548392480961,0.9963215984293895,
TON_IoT,binary,trades,aam_trans,1,transfer_tf,0.2,0.9760309662051511,0.974217592575823,0.9754514924216964,0.9510607884222292,0.9968358683092393,
TON_IoT,binary,trades,aam_trans,1,pgd_constrained,0.1,0.9760309662051511,0.9742616482716403,0.9754537902996943,0.9510548392480961,0.9972032556842262,1.0
TON_IoT,binary,trades,aam_trans,1,square,0.1,0.9775,0.9760990015267395,0.9769201830691079,0.9539025203857546,0.9979438680061562,
TON_IoT,binary,trades,aam_trans,1,square_clean_subset,0,0.9775,0.9760990015267395,0.9769201830691079,0.9539025203857546,0.9981404702685157,
TON_IoT,binary,trades,transformer,2,clean,0,0.9706714306982284,0.9677739603218013,0.9698990086808527,0.9402782228508949,0.9956607177139214,
TON_IoT,binary,trades,transformer,2,gaussian,0.05,0.9706714306982284,0.9677739603218013,0.9698990086808527,0.9402782228508949,0.9956217331773348,
TON_IoT,binary,trades,transformer,2,fgsm,0.05,0.970522554711925,0.9675998656142804,0.9697447299886983,0.9399790049029921,0.9939228948350245,
TON_IoT,binary,trades,transformer,2,pgd,0.05,0.970522554711925,0.9675998656142804,0.9697447299886983,0.9399790049029921,0.993902474363479,0.0
TON_IoT,binary,trades,transformer,2,transfer_mlp,0.05,0.9706714306982284,0.9677739603218013,0.9698990086808527,0.9402782228508949,0.9950271850357335,
TON_IoT,binary,trades,transformer,2,transfer_tf,0.05,0.970522554711925,0.9675998656142804,0.9697447299886983,0.9399790049029921,0.9950658073466608,
TON_IoT,binary,trades,transformer,2,gaussian,0.1,0.9706714306982284,0.9677739603218013,0.9698990086808527,0.9402782228508949,0.9955120240807618,
TON_IoT,binary,trades,transformer,2,fgsm,0.1,0.9702248027393181,0.9672957318950559,0.9694391212007054,0.9393676289557847,0.9925302277312721,
TON_IoT,binary,trades,transformer,2,pgd,0.1,0.9700759267530147,0.9671656928833525,0.9692878210398548,0.9390555369501038,0.9924343737661688,0.0
TON_IoT,binary,trades,transformer,2,transfer_mlp,0.1,0.9703736787256215,0.9674257709067595,0.9695904347995228,0.9396798433662578,0.9942063364134589,
TON_IoT,binary,trades,transformer,2,transfer_tf,0.1,0.9703736787256215,0.9674257709067595,0.9695904347995228,0.9396798433662578,0.9945027728374222,
TON_IoT,binary,trades,transformer,2,gaussian,0.2,0.9706714306982284,0.967729904625984,0.969896058570382,0.9402912523715609,0.9953134338630281,
TON_IoT,binary,trades,transformer,2,fgsm,0.2,0.9688849188625874,0.9659491580064549,0.9680654457578589,0.9366101651485215,0.9890970076538282,
TON_IoT,binary,trades,transformer,2,pgd,0.2,0.968736042876284,0.9657750632989339,0.9679110772607407,0.9363107492197476,0.988528268090455,0.0
TON_IoT,binary,trades,transformer,2,transfer_mlp,0.2,0.9694804228078011,0.966469314053269,0.9686704872706939,0.9378587386706189,0.9928746137768908,
TON_IoT,binary,trades,transformer,2,transfer_tf,0.2,0.9691826708351943,0.966209236029862,0.9683679397160866,0.9372342073450449,0.9929834625875228,
TON_IoT,binary,trades,transformer,2,pgd_constrained,0.1,0.970522554711925,0.9675998656142804,0.9697447299886983,0.9399790049029921,0.9941228433989807,1.0
TON_IoT,binary,trades,transformer,2,square,0.1,0.9695,0.9668555827682259,0.9685978071488379,0.9374669763126486,0.9954904229177178,
TON_IoT,binary,trades,transformer,2,square_clean_subset,0,0.97,0.9672873616974142,0.9691071980228607,0.9385101334190488,0.9966637129295739,
TON_IoT,binary,trades,aam_trans,2,clean,0,0.9754354622599375,0.9729925453959307,0.9748080947138629,0.9499600184863289,0.9976925319935813,
TON_IoT,binary,trades,aam_trans,2,gaussian,0.05,0.9754354622599375,0.9729925453959307,0.9748080947138629,0.9499600184863289,0.997685559149639,
TON_IoT,binary,trades,aam_trans,2,fgsm,0.05,0.9752865862736341,0.9728625063842272,0.9746566371662106,0.9496491577869494,0.9974305070072552,
TON_IoT,binary,trades,aam_trans,2,pgd,0.05,0.9752865862736341,0.9728625063842272,0.9746566371662106,0.9496491577869494,0.9974299183905588,0.0
TON_IoT,binary,trades,aam_trans,2,transfer_mlp,0.05,0.9752865862736341,0.9728625063842272,0.9746566371662106,0.9496491577869494,0.9975023182442199,
TON_IoT,binary,trades,aam_trans,2,transfer_tf,0.05,0.9752865862736341,0.9728625063842272,0.9746566371662106,0.9496491577869494,0.9975592329509436,
TON_IoT,binary,trades,aam_trans,2,gaussian,0.1,0.9754354622599375,0.9729925453959307,0.9748080947138629,0.9499600184863289,0.9976909019781144,
TON_IoT,binary,trades,aam_trans,2,fgsm,0.1,0.9752865862736341,0.9728625063842272,0.9746566371662106,0.9496491577869494,0.9971699309235668,
TON_IoT,binary,trades,aam_trans,2,pgd,0.1,0.9752865862736341,0.9728625063842272,0.9746566371662106,0.9496491577869494,0.9971579774768083,0.0
TON_IoT,binary,trades,aam_trans,2,transfer_mlp,0.1,0.9752865862736341,0.9728625063842272,0.9746566371662106,0.9496491577869494,0.9973515870917263,
TON_IoT,binary,trades,aam_trans,2,transfer_tf,0.1,0.9752865862736341,0.9728625063842272,0.9746566371662106,0.9496491577869494,0.9974395173705315,
TON_IoT,binary,trades,aam_trans,2,gaussian,0.2,0.9748399583147238,0.9725605007407514,0.9742072875007228,0.9486976752443086,0.9974295561648997,
TON_IoT,binary,trades,aam_trans,2,fgsm,0.2,0.9748399583147238,0.972384277957482,0.9741973818584414,0.9487383718606094,0.996077503613201,
TON_IoT,binary,trades,aam_trans,2,pgd,0.2,0.9748399583147238,0.972384277957482,0.9741973818584414,0.9487383718606094,0.9958928590833517,0.0
TON_IoT,binary,trades,aam_trans,2,transfer_mlp,0.2,0.9751377102873307,0.9727324673725237,0.9745051930482076,0.9493384188885123,0.9963784678579062,
TON_IoT,binary,trades,aam_trans,2,transfer_tf,0.2,0.9752865862736341,0.9728625063842272,0.9746566371662106,0.9496491577869494,0.9968251373740812,
TON_IoT,binary,trades,aam_trans,2,pgd_constrained,0.1,0.9752865862736341,0.9728625063842272,0.9746566371662106,0.9496491577869494,0.9973946919451879,1.0
TON_IoT,binary,trades,aam_trans,2,square,0.1,0.9745,0.9721456438531499,0.9737548408810037,0.9477369806866729,0.9979354608445226,
TON_IoT,binary,trades,aam_trans,2,square_clean_subset,0,0.9745,0.9721456438531499,0.9737548408810037,0.9477369806866729,0.9981405814759661,
TON_IoT,binary,trades,transformer,3,clean,0,0.9760309662051511,0.9739092027051012,0.975435270233334,0.9511124414081832,0.9947184782175599,
TON_IoT,binary,trades,transformer,3,gaussian,0.05,0.9758820902188478,0.9737351079975802,0.9752815190991388,0.9508115960388993,0.9946536398245378,
TON_IoT,binary,trades,transformer,3,fgsm,0.05,0.9755843382462409,0.9733869185825386,0.9749739695551479,0.9502100805643362,0.9933508952407171,
TON_IoT,binary,trades,transformer,3,pgd,0.05,0.9755843382462409,0.9733869185825386,0.9749739695551479,0.9502100805643362,0.993346548532805,0.0
TON_IoT,binary,trades,transformer,3,transfer_mlp,0.05,0.9755843382462409,0.9733869185825386,0.9749739695551479,0.9502100805643362,0.9944143444983355,
TON_IoT,binary,trades,transformer,3,transfer_tf,0.05,0.9757332142325443,0.9735610132900594,0.9751277522141464,0.9505108091116179,0.9942944478050936,
TON_IoT,binary,trades,transformer,3,gaussian,0.1,0.9757332142325443,0.9735610132900594,0.9751277522141464,0.9505108091116179,0.9945902050559456,
TON_IoT,binary,trades,transformer,3,fgsm,0.1,0.9752865862736341,0.9730827848633141,0.974668774061918,0.9495996054656328,0.9925642316650427,
TON_IoT,binary,trades,transformer,3,pgd,0.1,0.9752865862736341,0.9730827848633141,0.974668774061918,0.9495996054656328,0.9925284166029753,0.0
TON_IoT,binary,trades,transformer,3,transfer_mlp,0.1,0.9755843382462409,0.9733869185825386,0.9749739695551479,0.9502100805643362,0.9936404040989455,
TON_IoT,binary,trades,transformer,3,transfer_tf,0.1,0.9755843382462409,0.9733869185825386,0.9749739695551479,0.9502100805643362,0.9935648347707654,
TON_IoT,binary,trades,transformer,3,gaussian,0.2,0.9758820902188478,0.9737351079975802,0.9752815190991388,0.9508115960388993,0.9945256383321682,
TON_IoT,binary,trades,transformer,3,fgsm,0.2,0.9742444543695102,0.9719522333023027,0.9735968090983731,0.947476536567084,0.9903614015959662,
TON_IoT,binary,trades,transformer,3,pgd,0.2,0.9740955783832068,0.9717781385947818,0.9734429193115635,0.9471759463170639,0.9899249196764599,0.0
TON_IoT,binary,trades,transformer,3,transfer_mlp,0.2,0.9751377102873307,0.9728646344599758,0.9745125267018977,0.949308244582921,0.9929238311883537,
TON_IoT,binary,trades,transformer,3,transfer_tf,0.2,0.974542206342117,0.9722123113257097,0.9738995504210188,0.9480966788918622,0.9929264120461765,
TON_IoT,binary,trades,transformer,3,pgd_constrained,0.1,0.9757332142325443,0.9735610132900594,0.9751277522141464,0.9505108091116179,0.9939946607937812,1.0
TON_IoT,binary,trades,transformer,3,square,0.1,0.9825,0.9806921537331206,0.9822061840627908,0.9647824662384766,0.9948164475184312,
TON_IoT,binary,trades,transformer,3,square_clean_subset,0,0.9845,0.9828354994806313,0.9842438643193412,0.9688055244140786,0.9962321704542575,
TON_IoT,binary,trades,aam_trans,3,clean,0,0.9791573619175227,0.9777414143463095,0.9786683543614662,0.9574246447607332,0.9975721825182653,
TON_IoT,binary,trades,aam_trans,3,gaussian,0.05,0.9791573619175227,0.9777414143463095,0.9786683543614662,0.9574246447607332,0.9975999380594123,
TON_IoT,binary,trades,aam_trans,3,fgsm,0.05,0.9791573619175227,0.9777414143463095,0.9786683543614662,0.9574246447607332,0.9973866324242677,
TON_IoT,binary,trades,aam_trans,3,pgd,0.05,0.9791573619175227,0.9777414143463095,0.9786683543614662,0.9574246447607332,0.9973851835216303,0.0
TON_IoT,binary,trades,aam_trans,3,transfer_mlp,0.05,0.9791573619175227,0.9777414143463095,0.9786683543614662,0.9574246447607332,0.9975153583679561,
TON_IoT,binary,trades,aam_trans,3,transfer_tf,0.05,0.9791573619175227,0.9777414143463095,0.9786683543614662,0.9574246447607332,0.9974964320772555,
TON_IoT,binary,trades,aam_trans,3,gaussian,0.1,0.9791573619175227,0.9777414143463095,0.9786683543614662,0.9574246447607332,0.9975710052848724,
TON_IoT,binary,trades,aam_trans,3,fgsm,0.1,0.9791573619175227,0.9777414143463095,0.9786683543614662,0.9574246447607332,0.997168753690174,
TON_IoT,binary,trades,aam_trans,3,pgd,0.1,0.9791573619175227,0.9777414143463095,0.9786683543614662,0.9574246447607332,0.9971626411321726,0.0
TON_IoT,binary,trades,aam_trans,3,transfer_mlp,0.1,0.9791573619175227,0.9777414143463095,0.9786683543614662,0.9574246447607332,0.997468404866864,
TON_IoT,binary,trades,aam_trans,3,transfer_tf,0.1,0.9791573619175227,0.9777414143463095,0.9786683543614662,0.9574246447607332,0.9974164254847484,
TON_IoT,binary,trades,aam_trans,3,gaussian,0.2,0.9776686020544886,0.976396968533457,0.9771530653690584,0.9543648601167966,0.9972603967819871,
TON_IoT,binary,trades,aam_trans,3,fgsm,0.2,0.9788596099449158,0.977437280627085,0.9783636165666298,0.9568151411478077,0.9962111648814979,
TON_IoT,binary,trades,aam_trans,3,pgd,0.2,0.9788596099449158,0.977437280627085,0.9783636165666298,0.9568151411478077,0.9961000068822875,0.0
TON_IoT,binary,trades,aam_trans,3,transfer_mlp,0.2,0.9790084859312193,0.977611375334606,0.9785169761905146,0.9571179156134895,0.9967709846380098,
TON_IoT,binary,trades,aam_trans,3,transfer_tf,0.2,0.9791573619175227,0.9777414143463095,0.9786683543614662,0.9574246447607332,0.9967040634474466,
TON_IoT,binary,trades,aam_trans,3,pgd_constrained,0.1,0.9791573619175227,0.9777414143463095,0.9786683543614662,0.9574246447607332,0.9974038381430864,1.0
TON_IoT,binary,trades,aam_trans,3,square,0.1,0.986,0.9848800385092853,0.985784940362748,0.9716999480511073,0.9980198120138837,
TON_IoT,binary,trades,aam_trans,3,square_clean_subset,0,0.986,0.9848800385092853,0.985784940362748,0.9716999480511073,0.9981677687416077,
TON_IoT,binary,trades,transformer,4,clean,0,0.9743933303558137,0.9717738824432846,0.973730456848175,0.9478621228533791,0.9959117853740524,
TON_IoT,binary,trades,transformer,4,gaussian,0.05,0.9742444543695102,0.9715997877357636,0.9735764442084145,0.9475626540187154,0.9958725291682212,
TON_IoT,binary,trades,transformer,4,fgsm,0.05,0.9740955783832068,0.9714697487240601,0.973424997044084,0.9472510741212145,0.994313781599661,
TON_IoT,binary,trades,transformer,4,pgd,0.05,0.9740955783832068,0.9714697487240601,0.973424997044084,0.9472510741212145,0.9943077143198671,0.0
TON_IoT,binary,trades,transformer,4,transfer_mlp,0.05,0.9742444543695102,0.9715997877357636,0.9735764442084145,0.9475626540187154,0.9949674178019422,
TON_IoT,binary,trades,transformer,4,transfer_tf,0.05,0.9740955783832068,0.9714697487240601,0.973424997044084,0.9472510741212145,0.995376098902094,
TON_IoT,binary,trades,transformer,4,gaussian,0.1,0.9742444543695102,0.9715997877357636,0.9735764442084145,0.9475626540187154,0.9957694306899314,
TON_IoT,binary,trades,transformer,4,fgsm,0.1,0.9739467023969034,0.9713397097123566,0.9732735633677736,0.946939616507499,0.9931552028282581,
TON_IoT,binary,trades,transformer,4,pgd,0.1,0.9739467023969034,0.9713397097123566,0.9732735633677736,0.946939616507499,0.9930819879668636,0.0
TON_IoT,binary,trades,transformer,4,transfer_mlp,0.1,0.9740955783832068,0.9714697487240601,0.973424997044084,0.9472510741212145,0.9945758065859871,
TON_IoT,binary,trades,transformer,4,transfer_tf,0.1,0.9740955783832068,0.9714697487240601,0.973424997044084,0.9472510741212145,0.9948064990527797,
TON_IoT,binary,trades,transformer,4,gaussian,0.2,0.9739467023969034,0.9713837654081741,0.9732761517967776,0.9469280194035008,0.9956418819796357,
TON_IoT,binary,trades,transformer,4,fgsm,0.2,0.9736489504242966,0.9710796316889496,0.9729707363887409,0.9463170676450549,0.9899797063074355,
TON_IoT,binary,trades,transformer,4,pgd,0.2,0.9735000744379931,0.9709055369814288,0.9728167129654639,0.9460172970338763,0.9894667494956009,0.0
TON_IoT,binary,trades,transformer,4,transfer_mlp,0.2,0.9739467023969034,0.9713397097123566,0.9732735633677736,0.946939616507499,0.9937263421366244,
TON_IoT,binary,trades,transformer,4,transfer_tf,0.2,0.9737978264106,0.9712096707006531,0.9731221431568631,0.9466282810559411,0.9929169941790336,
TON_IoT,binary,trades,transformer,4,pgd_constrained,0.1,0.9740955783832068,0.9714697487240601,0.973424997044084,0.9472510741212145,0.9945383615084525,1.0
TON_IoT,binary,trades,transformer,4,square,0.1,0.974,0.9710180623973728,0.9731882473776043,0.9467819287589655,0.9948132183908046,
TON_IoT,binary,trades,transformer,4,square_clean_subset,0,0.9745,0.9714490968801313,0.9736991319940003,0.9478335715571499,0.9961473727422002,
TON_IoT,binary,trades,aam_trans,4,clean,0,0.977073098109275,0.9751719213535648,0.9765133034471986,0.9532125862902628,0.9979479916398317,
TON_IoT,binary,trades,aam_trans,4,gaussian,0.05,0.9769242221229716,0.9750418823418614,0.9763619050270028,0.952903977055715,0.9979350420725104,
TON_IoT,binary,trades,aam_trans,4,fgsm,0.05,0.9769242221229716,0.9750418823418614,0.9763619050270028,0.952903977055715,0.9976891814062325,
TON_IoT,binary,trades,aam_trans,4,pgd,0.05,0.9769242221229716,0.9750418823418614,0.9763619050270028,0.952903977055715,0.9976865099919949,0.0
TON_IoT,binary,trades,aam_trans,4,transfer_mlp,0.05,0.9769242221229716,0.9750418823418614,0.9763619050270028,0.952903977055715,0.9978339811135541,
TON_IoT,binary,trades,aam_trans,4,transfer_tf,0.05,0.977073098109275,0.9752159770493822,0.9765155131134875,0.9532055304042901,0.9978662191972356,
TON_IoT,binary,trades,aam_trans,4,gaussian,0.1,0.9772219740955784,0.9753460160610857,0.9766669127040738,0.9535140500648083,0.9979603978686642,
TON_IoT,binary,trades,aam_trans,4,fgsm,0.1,0.9767753461366682,0.9749118433301578,0.976210519777299,0.9525954879033054,0.9974617036921661,
TON_IoT,binary,trades,aam_trans,4,pgd,0.1,0.9767753461366682,0.9749118433301578,0.976210519777299,0.9525954879033054,0.9974504294185191,0.0
TON_IoT,binary,trades,aam_trans,4,transfer_mlp,0.1,0.9769242221229716,0.9750418823418614,0.9763619050270028,0.952903977055715,0.9977383535394879,
TON_IoT,binary,trades,aam_trans,4,transfer_tf,0.1,0.977073098109275,0.9752159770493822,0.9765155131134875,0.9532055304042901,0.997787344559914,
TON_IoT,binary,trades,aam_trans,4,gaussian,0.2,0.9763287181777579,0.9746979490783167,0.9757654912138466,0.9516488424966658,0.9978379655958068,
TON_IoT,binary,trades,aam_trans,4,fgsm,0.2,0.9766264701503647,0.974737748622637,0.976056897349932,0.9522939040466215,0.9969853769501323,
TON_IoT,binary,trades,aam_trans,4,pgd,0.2,0.9766264701503647,0.974737748622637,0.976056897349932,0.9522939040466215,0.9964230216140051,0.0
TON_IoT,binary,trades,aam_trans,4,transfer_mlp,0.2,0.9769242221229716,0.9750418823418614,0.9763619050270028,0.952903977055715,0.9970177961466434,
TON_IoT,binary,trades,aam_trans,4,transfer_tf,0.2,0.9769242221229716,0.9750418823418614,0.9763619050270028,0.952903977055715,0.9975206559182239,
TON_IoT,binary,trades,aam_trans,4,pgd_constrained,0.1,0.9767753461366682,0.9749118433301578,0.976210519777299,0.9525954879033054,0.9977155786011569,1.0
TON_IoT,binary,trades,aam_trans,4,square,0.1,0.9775,0.9750205254515599,0.9768181702272669,0.9539104543591485,0.9979412972085386,
TON_IoT,binary,trades,aam_trans,4,square_clean_subset,0,0.9775,0.9750205254515599,0.9768181702272669,0.9539104543591485,0.9980767651888341,
TON_IoT,binary,trades,transformer,5,clean,0,0.9708203066845318,0.9682123892042265,0.970070737280884,0.9405077001518022,0.9959048578083174,
TON_IoT,binary,trades,transformer,5,gaussian,0.05,0.9709691826708352,0.96834242821593,0.9702219977164095,0.9408185018190416,0.9958381630087914,
TON_IoT,binary,trades,transformer,5,fgsm,0.05,0.9708203066845318,0.9682123892042265,0.970070737280884,0.9405077001518022,0.9946838856670928,
TON_IoT,binary,trades,transformer,5,pgd,0.05,0.9708203066845318,0.9682123892042265,0.970070737280884,0.9405077001518022,0.9946452633561657,0.0
TON_IoT,binary,trades,transformer,5,transfer_mlp,0.05,0.9708203066845318,0.9682123892042265,0.970070737280884,0.9405077001518022,0.9954551546522452,
TON_IoT,binary,trades,transformer,5,transfer_tf,0.05,0.9711180586571386,0.9684724672276335,0.9703732714342697,0.9411294248573573,0.9954486798685847,
TON_IoT,binary,trades,transformer,5,gaussian,0.1,0.9708203066845318,0.9682564449000438,0.9700736273164472,0.9404973157798586,0.9958254851107142,
TON_IoT,binary,trades,transformer,5,fgsm,0.1,0.9703736787256215,0.9678222721691159,0.9696170354427801,0.9395760221677124,0.9935320533485953,
TON_IoT,binary,trades,transformer,5,pgd,0.1,0.9703736787256215,0.9678222721691159,0.9696170354427801,0.9395760221677124,0.9934324865704838,0.0
TON_IoT,binary,trades,transformer,5,transfer_mlp,0.1,0.9703736787256215,0.9678222721691159,0.9696170354427801,0.9395760221677124,0.9949528382191537,
TON_IoT,binary,trades,transformer,5,transfer_tf,0.1,0.9709691826708352,0.96834242821593,0.9702219977164095,0.9408185018190416,0.994859519833666,
TON_IoT,binary,trades,transformer,5,gaussian,0.2,0.9714158106297455,0.9687766009468579,0.9706787016256688,0.9417404088794222,0.9956811381854669,
TON_IoT,binary,trades,transformer,5,fgsm,0.2,0.969778174780408,0.9672140047306671,0.9690063225873586,0.9383543755419929,0.9908060335928076,
TON_IoT,binary,trades,transformer,5,pgd,0.2,0.9696292987941045,0.9670839657189636,0.9688551444693191,0.9380441220695557,0.9902044673290566,0.0
TON_IoT,binary,trades,transformer,5,transfer_mlp,0.2,0.9700759267530147,0.9674740827540742,0.9693087183306208,0.9389752449068252,0.9944008968707325,
TON_IoT,binary,trades,transformer,5,transfer_tf,0.2,0.9709691826708352,0.9682983725201126,0.9702191134669478,0.9408294530412146,0.9933459599161086,
TON_IoT,binary,trades,transformer,5,pgd_constrained,0.1,0.9708203066845318,0.9682123892042265,0.970070737280884,0.9405077001518022,0.9947623075223402,1.0
TON_IoT,binary,trades,transformer,5,square,0.1,0.976,0.9744132102314618,0.9755340708451755,0.9512323098235673,0.9955804543406834,
TON_IoT,binary,trades,transformer,5,square_clean_subset,0,0.976,0.9744132102314618,0.9755340708451755,0.9512323098235673,0.9968292353047056,
TON_IoT,binary,trades,aam_trans,5,clean,0,0.9752865862736341,0.9734792861256706,0.9746903016602291,0.9495329665481975,0.9975005976723379,
TON_IoT,binary,trades,aam_trans,5,gaussian,0.05,0.9754354622599375,0.9736093251373741,0.9748415916122977,0.9498408857475088,0.9974183271694602,
TON_IoT,binary,trades,aam_trans,5,fgsm,0.05,0.9752865862736341,0.9734792861256706,0.9746903016602291,0.9495329665481975,0.9970650665951876,
TON_IoT,binary,trades,aam_trans,5,pgd,0.05,0.9752865862736341,0.9734792861256706,0.9746903016602291,0.9495329665481975,0.997064025196417,0.0
TON_IoT,binary,trades,aam_trans,5,transfer_mlp,0.05,0.9752865862736341,0.9734792861256706,0.9746903016602291,0.9495329665481975,0.9972110435359021,
TON_IoT,binary,trades,aam_trans,5,transfer_tf,0.05,0.9752865862736341,0.9734792861256706,0.9746903016602291,0.9495329665481975,0.9972560500740753,
TON_IoT,binary,trades,aam_trans,5,gaussian,0.1,0.9752865862736341,0.9734792861256706,0.9746903016602291,0.9495329665481975,0.9974011667288486,
TON_IoT,binary,trades,aam_trans,5,fgsm,0.1,0.9751377102873307,0.9733051914181496,0.9745366412075982,0.9492309344101486,0.9967199560982501,
TON_IoT,binary,trades,aam_trans,5,pgd,0.1,0.9751377102873307,0.9733051914181496,0.9745366412075982,0.9492309344101486,0.9967051501244244,0.0
TON_IoT,binary,trades,aam_trans,5,transfer_mlp,0.1,0.9751377102873307,0.9733051914181496,0.9745366412075982,0.9492309344101486,0.9969863277924881,
TON_IoT,binary,trades,aam_trans,5,transfer_tf,0.1,0.9752865862736341,0.9734792861256706,0.9746903016602291,0.9495329665481975,0.9970781067189236,
TON_IoT,binary,trades,aam_trans,5,gaussian,0.2,0.974542206342117,0.9727850353713356,0.9739316164149019,0.9480000937353297,0.9973016905071522,
TON_IoT,binary,trades,aam_trans,5,fgsm,0.2,0.9751377102873307,0.9733051914181496,0.9745366412075982,0.9492309344101486,0.995931164446827,
TON_IoT,binary,trades,aam_trans,5,pgd,0.2,0.9749888343010272,0.9731310967106288,0.974382965199428,0.9489289610473174,0.9952765774021899,0.0
TON_IoT,binary,trades,aam_trans,5,transfer_mlp,0.2,0.9751377102873307,0.9733051914181496,0.9745366412075982,0.9492309344101486,0.9960366626701103,
TON_IoT,binary,trades,aam_trans,5,transfer_tf,0.2,0.9752865862736341,0.9734792861256706,0.9746903016602291,0.9495329665481975,0.9965475366844035,
TON_IoT,binary,trades,aam_trans,5,pgd_constrained,0.1,0.9752865862736341,0.9734792861256706,0.9746903016602291,0.9495329665481975,0.9970860304052218,1.0
TON_IoT,binary,trades,aam_trans,5,square,0.1,0.9785,0.9772834742957557,0.978097871444183,0.9562814813909946,0.9967204245855277,
TON_IoT,binary,trades,aam_trans,5,square_clean_subset,0,0.979,0.9778575271086145,0.9786101703547146,0.957293414570177,0.9975553180476306,
TON_IoT,binary,trades,transformer,6,clean,0,0.9727556945064761,0.9704315647061807,0.9720706130924988,0.9444236898740223,0.9956458664618886,
TON_IoT,binary,trades,transformer,6,gaussian,0.05,0.9727556945064761,0.9704315647061807,0.9720706130924988,0.9444236898740223,0.9953838414755625,
TON_IoT,binary,trades,transformer,6,fgsm,0.05,0.9727556945064761,0.9704315647061807,0.9720706130924988,0.9444236898740223,0.9940537941326689,
TON_IoT,binary,trades,transformer,6,pgd,0.05,0.9727556945064761,0.9704315647061807,0.9720706130924988,0.9444236898740223,0.9940511227184311,0.0
TON_IoT,binary,trades,transformer,6,transfer_mlp,0.05,0.9727556945064761,0.9704315647061807,0.9720706130924988,0.9444236898740223,0.994514454614936,
TON_IoT,binary,trades,transformer,6,transfer_tf,0.05,0.9727556945064761,0.9704315647061807,0.9720706130924988,0.9444236898740223,0.9946789956206918,
TON_IoT,binary,trades,transformer,6,gaussian,0.1,0.9726068185201727,0.9702574699986598,0.9719166503064809,0.9441229419517988,0.9952921531055418,
TON_IoT,binary,trades,transformer,6,fgsm,0.1,0.9726068185201727,0.9702574699986598,0.9719166503064809,0.9441229419517988,0.9930923113981549,
TON_IoT,binary,trades,transformer,6,pgd,0.1,0.9726068185201727,0.9702574699986598,0.9719166503064809,0.9441229419517988,0.9930407847981135,0.0
TON_IoT,binary,trades,transformer,6,transfer_mlp,0.1,0.9726068185201727,0.9702574699986598,0.9719166503064809,0.9441229419517988,0.9940446932129777,
TON_IoT,binary,trades,transformer,6,transfer_tf,0.1,0.9726068185201727,0.9702574699986598,0.9719166503064809,0.9441229419517988,0.9940776557479779,
TON_IoT,binary,trades,transformer,6,gaussian,0.2,0.9730534464790829,0.9707797541212224,0.9723784907206399,0.9450253587233655,0.995420109319704,
TON_IoT,binary,trades,transformer,6,fgsm,0.2,0.9721601905612625,0.9698232972677319,0.9714601346901489,0.9432025511967975,0.9907257100528486,
TON_IoT,binary,trades,transformer,6,pgd,0.2,0.9721601905612625,0.9698232972677319,0.9714601346901489,0.9432025511967975,0.9903546551430611,0.0
TON_IoT,binary,trades,transformer,6,transfer_mlp,0.2,0.9723090665475659,0.9699533362794354,0.9716113965054642,0.9435123410787458,0.9930238960267468,
TON_IoT,binary,trades,transformer,6,transfer_tf,0.2,0.9723090665475659,0.9699533362794354,0.9716113965054642,0.9435123410787458,0.9929410821853798,
TON_IoT,binary,trades,transformer,6,pgd_constrained,0.1,0.9726068185201727,0.9702574699986598,0.9719166503064809,0.9441229419517988,0.9940978951066937,1.0
TON_IoT,binary,trades,transformer,6,square,0.1,0.976,0.9742038213301487,0.9753775190593392,0.9508863721611928,0.9936952452878074,
TON_IoT,binary,trades,transformer,6,square_clean_subset,0,0.976,0.9742038213301487,0.9753775190593392,0.9508863721611928,0.9953561147729376,
TON_IoT,binary,trades,aam_trans,6,clean,0,0.9767753461366682,0.9752642888966969,0.976228256217915,0.952552397017001,0.9972549633970971,
TON_IoT,binary,trades,aam_trans,6,gaussian,0.05,0.9767753461366682,0.9752642888966969,0.976228256217915,0.952552397017001,0.9972627059705655,
TON_IoT,binary,trades,aam_trans,6,fgsm,0.05,0.9767753461366682,0.9752642888966969,0.976228256217915,0.952552397017001,0.99696332646312,
TON_IoT,binary,trades,aam_trans,6,pgd,0.05,0.9767753461366682,0.9752642888966969,0.976228256217915,0.952552397017001,0.9969610625527491,0.0
TON_IoT,binary,trades,aam_trans,6,transfer_mlp,0.05,0.9767753461366682,0.9752642888966969,0.976228256217915,0.952552397017001,0.9970956293851944,
TON_IoT,binary,trades,aam_trans,6,transfer_tf,0.05,0.9767753461366682,0.9752642888966969,0.976228256217915,0.952552397017001,0.9971219813019114,
TON_IoT,binary,trades,aam_trans,6,gaussian,0.1,0.9767753461366682,0.9752642888966969,0.976228256217915,0.952552397017001,0.9972424213336425,
TON_IoT,binary,trades,aam_trans,6,fgsm,0.1,0.9767753461366682,0.9752642888966969,0.976228256217915,0.952552397017001,0.9966654864147266,
TON_IoT,binary,trades,aam_trans,6,pgd,0.1,0.9767753461366682,0.9752642888966969,0.976228256217915,0.952552397017001,0.9966559327129615,0.0
TON_IoT,binary,trades,aam_trans,6,transfer_mlp,0.1,0.9767753461366682,0.9752642888966969,0.976228256217915,0.952552397017001,0.9968888438119179,
TON_IoT,binary,trades,aam_trans,6,transfer_tf,0.1,0.9767753461366682,0.9752642888966969,0.976228256217915,0.952552397017001,0.9969783135497753,
TON_IoT,binary,trades,aam_trans,6,gaussian,0.2,0.9763287181777579,0.9748301161657689,0.9757722269060687,0.951636162359967,0.9970562826229484,
TON_IoT,binary,trades,aam_trans,6,fgsm,0.2,0.9764775941640613,0.9749601551774725,0.9759234902719908,0.9519428344851023,0.9956180203643266,
TON_IoT,binary,trades,aam_trans,6,pgd,0.2,0.9764775941640613,0.9749601551774725,0.9759234902719908,0.9519428344851023,0.9954780654251986,0.0
TON_IoT,binary,trades,aam_trans,6,transfer_mlp,0.2,0.9767753461366682,0.9752642888966969,0.976228256217915,0.952552397017001,0.9960746510861336,
TON_IoT,binary,trades,aam_trans,6,transfer_tf,0.2,0.9767753461366682,0.9752642888966969,0.976228256217915,0.952552397017001,0.996209127362164,
TON_IoT,binary,trades,aam_trans,6,pgd_constrained,0.1,0.9767753461366682,0.9752642888966969,0.976228256217915,0.952552397017001,0.9968925113467187,1.0
TON_IoT,binary,trades,aam_trans,6,square,0.1,0.98,0.979378816392567,0.9795269916142557,0.9590560350541278,0.9980577139354421,
TON_IoT,binary,trades,aam_trans,6,square_clean_subset,0,0.98,0.979378816392567,0.9795269916142557,0.9590560350541278,0.9981641405691164,
TON_IoT,binary,trades,transformer,7,clean,0,0.9740955783832068,0.9717781385947818,0.9734429193115635,0.9471759463170639,0.9973420333899613,
TON_IoT,binary,trades,transformer,7,gaussian,0.05,0.9739467023969034,0.9716480995830783,0.9732915698971982,0.9468659672284716,0.9973510437532374,
TON_IoT,binary,trades,transformer,7,fgsm,0.05,0.9732023224653863,0.9708657374371086,0.9725271579085139,0.9453441436979049,0.9966466959586484,
TON_IoT,binary,trades,transformer,7,pgd,0.05,0.9732023224653863,0.9708657374371086,0.9725271579085139,0.9453441436979049,0.9966413078519656,0.0
TON_IoT,binary,trades,transformer,7,transfer_mlp,0.05,0.9736489504242966,0.9712999101680364,0.9729837451726335,0.946264781487539,0.997144258179961,
TON_IoT,binary,trades,transformer,7,transfer_tf,0.05,0.9736489504242966,0.9712999101680364,0.9729837451726335,0.946264781487539,0.9970021751650844,
TON_IoT,binary,trades,transformer,7,gaussian,0.1,0.9740955783832068,0.9718221942905991,0.9734454583558567,0.9471666469028798,0.9973577449279352,
TON_IoT,binary,trades,transformer,7,fgsm,0.1,0.9727556945064761,0.9703875090103633,0.9720679399242482,0.9444328840832157,0.9952437959800198,
TON_IoT,binary,trades,transformer,7,pgd,0.1,0.9727556945064761,0.9703875090103633,0.9720679399242482,0.9444328840832157,0.995179229256242,0.0
TON_IoT,binary,trades,transformer,7,transfer_mlp,0.1,0.9735000744379931,0.9711258154605156,0.9728298088601803,0.9459642752971276,0.9968573301795554,
TON_IoT,binary,trades,transformer,7,transfer_tf,0.1,0.9735000744379931,0.9711258154605156,0.9728298088601803,0.9459642752971276,0.9966274074422883,
TON_IoT,binary,trades,transformer,7,gaussian,0.2,0.9740955783832068,0.9718221942905991,0.9734454583558567,0.9471666469028798,0.9972435985670353,
TON_IoT,binary,trades,transformer,7,fgsm,0.2,0.972011314574959,0.969649202560211,0.9713061427044478,0.9429017402056927,0.9927737339307642,
TON_IoT,binary,trades,transformer,7,pgd,0.2,0.9718624385886556,0.9695191635485074,0.971154895488974,0.9425919818581853,0.9922773036646371,0.0
TON_IoT,binary,trades,transformer,7,transfer_mlp,0.2,0.9732023224653863,0.9707776260454738,0.9725218882184976,0.9453634359669235,0.9958213647938392,
TON_IoT,binary,trades,transformer,7,transfer_tf,0.2,0.9730534464790829,0.9706475870337703,0.9723705588577203,0.9450531309707101,0.9951591257321487,
TON_IoT,binary,trades,transformer,7,pgd_constrained,0.1,0.9737978264106,0.9714740048755574,0.9731376655105468,0.9465653454440108,0.9966817412911895,1.0
TON_IoT,binary,trades,transformer,7,square,0.1,0.9675,0.9649145257478997,0.9668455223220171,0.93423869880755,0.9959380433546207,
TON_IoT,binary,trades,transformer,7,square_clean_subset,0,0.969,0.966626854515023,0.968389248673623,0.9372314368643723,0.9965601082240532,
TON_IoT,binary,trades,aam_trans,7,clean,0,0.9749888343010272,0.973395430885533,0.9743972907670013,0.9488988042504295,0.9975045821545908,
TON_IoT,binary,trades,aam_trans,7,gaussian,0.05,0.9749888343010272,0.973395430885533,0.9743972907670013,0.9488988042504295,0.997499646829982,
TON_IoT,binary,trades,aam_trans,7,fgsm,0.05,0.9748399583147238,0.9732213361780122,0.9742436998289565,0.9485960028915656,0.9971020136124403,
TON_IoT,binary,trades,aam_trans,7,pgd,0.05,0.9748399583147238,0.9732213361780122,0.9742436998289565,0.9485960028915656,0.9970995685892396,0.0
TON_IoT,binary,trades,aam_trans,7,transfer_mlp,0.05,0.9748399583147238,0.9732213361780122,0.9742436998289565,0.9485960028915656,0.9972918198579351,
TON_IoT,binary,trades,aam_trans,7,transfer_tf,0.05,0.9748399583147238,0.9732213361780122,0.9742436998289565,0.9485960028915656,0.9973956880657512,
TON_IoT,binary,trades,aam_trans,7,gaussian,0.1,0.9749888343010272,0.973395430885533,0.9743972907670013,0.9488988042504295,0.9974382948589312,
TON_IoT,binary,trades,aam_trans,7,fgsm,0.1,0.9746910823284204,0.9730912971663086,0.9740924966094656,0.9482891825606627,0.9967570842283326,
TON_IoT,binary,trades,aam_trans,7,pgd,0.1,0.9746910823284204,0.9730912971663086,0.9740924966094656,0.9482891825606627,0.9967521036255167,0.0
TON_IoT,binary,trades,aam_trans,7,transfer_mlp,0.1,0.9748399583147238,0.9732213361780122,0.9742436998289565,0.9485960028915656,0.9971023758380996,
TON_IoT,binary,trades,aam_trans,7,transfer_tf,0.1,0.9748399583147238,0.9732213361780122,0.9742436998289565,0.9485960028915656,0.9973101575319392,
TON_IoT,binary,trades,aam_trans,7,gaussian,0.2,0.9729045704927796,0.9711783834593275,0.9722585806163023,0.9446392492200189,0.9963081055235791,
TON_IoT,binary,trades,aam_trans,7,fgsm,0.2,0.9739467023969034,0.9722208236287042,0.9733243167379368,0.946775616647997,0.9951936730044083,
TON_IoT,binary,trades,aam_trans,7,pgd,0.2,0.9736489504242966,0.9719607456052972,0.973021961917301,0.9461614446222183,0.9950904839697036,0.0
TON_IoT,binary,trades,aam_trans,7,transfer_mlp,0.2,0.974542206342117,0.9728731467629704,0.9739364716828162,0.9479905772470342,0.9961087002981117,
TON_IoT,binary,trades,aam_trans,7,transfer_tf,0.2,0.9748399583147238,0.9732213361780122,0.9742436998289565,0.9485960028915656,0.9968385850016842,
TON_IoT,binary,trades,aam_trans,7,pgd_constrained,0.1,0.9748399583147238,0.9732213361780122,0.9742436998289565,0.9485960028915656,0.997055467615215,1.0
TON_IoT,binary,trades,aam_trans,7,square,0.1,0.9715,0.9699844813857879,0.9709907055747466,0.9421267137260255,0.9967632314467249,
TON_IoT,binary,trades,aam_trans,7,square_clean_subset,0,0.972,0.9705552576414955,0.9715034765758578,0.9431356979777138,0.9969551828921498,
TON_IoT,binary,trades,transformer,8,clean,0,0.9724579425338693,0.9697309297245997,0.9717408487248901,0.9439081573680713,0.9950230194406512,
TON_IoT,binary,trades,transformer,8,gaussian,0.05,0.9724579425338693,0.9697309297245997,0.9717408487248901,0.9439081573680713,0.9948722882881577,
TON_IoT,binary,trades,transformer,8,fgsm,0.05,0.9723090665475659,0.9695568350170789,0.9715867131481606,0.9436086975555682,0.9929994457947411,
TON_IoT,binary,trades,transformer,8,pgd,0.05,0.9723090665475659,0.9695568350170789,0.9715867131481606,0.9436086975555682,0.9929841870388414,0.0
TON_IoT,binary,trades,transformer,8,transfer_mlp,0.05,0.9724579425338693,0.9697309297245997,0.9717408487248901,0.9439081573680713,0.9942643830753684,
TON_IoT,binary,trades,transformer,8,transfer_tf,0.05,0.9724579425338693,0.9697309297245997,0.9717408487248901,0.9439081573680713,0.994089926142188,
TON_IoT,binary,trades,transformer,8,gaussian,0.1,0.9724579425338693,0.9697309297245997,0.9717408487248901,0.9439081573680713,0.9948442610777662,
TON_IoT,binary,trades,transformer,8,fgsm,0.1,0.9723090665475659,0.9695568350170789,0.9715867131481606,0.9436086975555682,0.9912840809067233,
TON_IoT,binary,trades,transformer,8,pgd,0.1,0.9723090665475659,0.9695568350170789,0.9715867131481606,0.9436086975555682,0.991244371918818,0.0
TON_IoT,binary,trades,transformer,8,transfer_mlp,0.1,0.9724579425338693,0.9697309297245997,0.9717408487248901,0.9439081573680713,0.9936010573366997,
TON_IoT,binary,trades,transformer,8,transfer_tf,0.1,0.9723090665475659,0.9695568350170789,0.9715867131481606,0.9436086975555682,0.9933632109131346,
TON_IoT,binary,trades,transformer,8,gaussian,0.2,0.9723090665475659,0.9695568350170789,0.9715867131481606,0.9436086975555682,0.9945254119411311,
TON_IoT,binary,trades,transformer,8,fgsm,0.2,0.9714158106297455,0.9686003781635883,0.970667295020147,0.9417874601013749,0.9883716960492047,
TON_IoT,binary,trades,transformer,8,pgd,0.2,0.971266934643442,0.9684262834560675,0.9705130805996177,0.9414881053656395,0.9879736553277961,0.0
TON_IoT,binary,trades,transformer,8,transfer_mlp,0.2,0.9717135626023522,0.9689045118828128,0.9709728440303538,0.9423987044287526,0.9923904539049736,
TON_IoT,binary,trades,transformer,8,transfer_tf,0.2,0.9715646866160488,0.9687744728711092,0.9708214930528745,0.9420868715545169,0.991966061266848,
TON_IoT,binary,trades,transformer,8,pgd_constrained,0.1,0.9723090665475659,0.9695568350170789,0.9715867131481606,0.9436086975555682,0.9935047505895224,1.0
TON_IoT,binary,trades,transformer,8,square,0.1,0.9735,0.9710322468627871,0.9729740686188397,0.9464990231191698,0.9927604731990282,
TON_IoT,binary,trades,transformer,8,square_clean_subset,0,0.974,0.9716023722903812,0.973487756952071,0.9474936432008246,0.9942804692188114,
TON_IoT,binary,trades,aam_trans,8,clean,0,0.9743933303558137,0.9721263280098236,0.973750682972456,0.9477771847676383,0.9971354289295146,
TON_IoT,binary,trades,aam_trans,8,gaussian,0.05,0.9743933303558137,0.9721263280098236,0.973750682972456,0.9477771847676383,0.9971261468969939,
TON_IoT,binary,trades,aam_trans,8,fgsm,0.05,0.9743933303558137,0.9721263280098236,0.973750682972456,0.9477771847676383,0.996814904499205,
TON_IoT,binary,trades,aam_trans,8,pgd,0.05,0.9743933303558137,0.9721263280098236,0.973750682972456,0.9477771847676383,0.9968133197619453,0.0
TON_IoT,binary,trades,aam_trans,8,transfer_mlp,0.05,0.9743933303558137,0.9721263280098236,0.973750682972456,0.9477771847676383,0.9970201506134293,
TON_IoT,binary,trades,aam_trans,8,transfer_tf,0.05,0.9743933303558137,0.9721263280098236,0.973750682972456,0.9477771847676383,0.9970395296862039,
TON_IoT,binary,trades,aam_trans,8,gaussian,0.1,0.9743933303558137,0.9721263280098236,0.973750682972456,0.9477771847676383,0.9970791028394869,
TON_IoT,binary,trades,aam_trans,8,fgsm,0.1,0.9742444543695102,0.9719522333023027,0.9735968090983731,0.947476536567084,0.9961900652368412,
TON_IoT,binary,trades,aam_trans,8,pgd,0.1,0.9742444543695102,0.9719522333023027,0.9735968090983731,0.947476536567084,0.996142025058771,0.0
TON_IoT,binary,trades,aam_trans,8,transfer_mlp,0.1,0.9743933303558137,0.9721263280098236,0.973750682972456,0.9477771847676383,0.9968036755037654,
TON_IoT,binary,trades,aam_trans,8,transfer_tf,0.1,0.9743933303558137,0.9721263280098236,0.973750682972456,0.9477771847676383,0.996943268217234,
TON_IoT,binary,trades,aam_trans,8,gaussian,0.2,0.9724579425338693,0.970435820857678,0.9717841325893388,0.9437591684319967,0.9968544323742805,
TON_IoT,binary,trades,aam_trans,8,fgsm,0.2,0.9739467023969034,0.9716040438872608,0.973289013588762,0.9468754139556467,0.994913400900493,
TON_IoT,binary,trades,aam_trans,8,pgd,0.2,0.9739467023969034,0.9716040438872608,0.973289013588762,0.9468754139556467,0.9945966798396065,0.0
TON_IoT,binary,trades,aam_trans,8,transfer_mlp,0.2,0.9739467023969034,0.9716040438872608,0.973289013588762,0.9468754139556467,0.9956236801402537,
TON_IoT,binary,trades,aam_trans,8,transfer_tf,0.2,0.9740955783832068,0.9717781385947818,0.9734429193115635,0.9471759463170639,0.9963034871464225,
TON_IoT,binary,trades,aam_trans,8,pgd_constrained,0.1,0.9743933303558137,0.9721263280098236,0.973750682972456,0.9477771847676383,0.9967489794292048,1.0
TON_IoT,binary,trades,aam_trans,8,square,0.1,0.976,0.9736330950957028,0.9755271602634501,0.9515735568361202,0.9967366284518481,
TON_IoT,binary,trades,aam_trans,8,square_clean_subset,0,0.976,0.9736330950957028,0.9755271602634501,0.9515735568361202,0.9970285448551129,
TON_IoT,binary,trades,transformer,9,clean,0,0.9739467023969034,0.9709432084500002,0.9732500257776926,0.9470601849921926,0.9960904984587299,
TON_IoT,binary,trades,transformer,9,gaussian,0.05,0.9739467023969034,0.9709432084500002,0.9732500257776926,0.9470601849921926,0.9958643790908861,
TON_IoT,binary,trades,transformer,9,fgsm,0.05,0.9739467023969034,0.9709432084500002,0.9732500257776926,0.9470601849921926,0.9943091632225044,
TON_IoT,binary,trades,transformer,9,pgd,0.05,0.9739467023969034,0.9709432084500002,0.9732500257776926,0.9470601849921926,0.9942997000771541,0.0
TON_IoT,binary,trades,transformer,9,transfer_mlp,0.05,0.9739467023969034,0.9709432084500002,0.9732500257776926,0.9470601849921926,0.9949576829873474,
TON_IoT,binary,trades,transformer,9,transfer_tf,0.05,0.9739467023969034,0.9709432084500002,0.9732500257776926,0.9470601849921926,0.9949793712487005,
TON_IoT,binary,trades,transformer,9,gaussian,0.1,0.9737978264106,0.9708131694382967,0.9730984953988149,0.9467469327339222,0.9958424644384959,
TON_IoT,binary,trades,transformer,9,fgsm,0.1,0.9735000744379931,0.9705530914148897,0.9727954757557351,0.9461207991822259,0.9930742453933953,
TON_IoT,binary,trades,transformer,9,pgd,0.1,0.9735000744379931,0.9705530914148897,0.9727954757557351,0.9461207991822259,0.9930065091950984,0.0
TON_IoT,binary,trades,transformer,9,transfer_mlp,0.1,0.9739467023969034,0.9709432084500002,0.9732500257776926,0.9470601849921926,0.9945230574743453,
TON_IoT,binary,trades,transformer,9,transfer_tf,0.1,0.9735000744379931,0.9705530914148897,0.9727954757557351,0.9461207991822259,0.9944042474580814,
TON_IoT,binary,trades,transformer,9,gaussian,0.2,0.9735000744379931,0.9705090357190722,0.9727927964828924,0.9461353575178759,0.9957506855120603,
TON_IoT,binary,trades,transformer,9,fgsm,0.2,0.9727556945064761,0.9697266735731025,0.9720271698132443,0.9446137504223937,0.9897939298224008,
TON_IoT,binary,trades,transformer,9,pgd,0.2,0.9724579425338693,0.9693784841580608,0.9717186626375072,0.94401700701417,0.9893179653060263,0.0
TON_IoT,binary,trades,transformer,9,transfer_mlp,0.2,0.9730534464790829,0.9700748629881444,0.9723356110201373,0.9452107204696224,0.993497143850676,
TON_IoT,binary,trades,transformer,9,transfer_tf,0.2,0.9730534464790829,0.9700748629881444,0.9723356110201373,0.9452107204696224,0.9929600990324953,
TON_IoT,binary,trades,transformer,9,pgd_constrained,0.1,0.9739467023969034,0.9709432084500002,0.9732500257776926,0.9470601849921926,0.9944090016698602,1.0
TON_IoT,binary,trades,transformer,9,square,0.1,0.974,0.9710526315789474,0.973342929878577,0.9472770359685883,0.9947654018767851,
TON_IoT,binary,trades,transformer,9,square_clean_subset,0,0.9745,0.9714912280701754,0.9738513500522332,0.9483297098767652,0.9966187270501836,
TON_IoT,binary,trades,aam_trans,9,clean,0,0.9767753461366682,0.9744272306761665,0.9761856364560313,0.952692167373669,0.9976269691492408,
TON_IoT,binary,trades,aam_trans,9,gaussian,0.05,0.9767753461366682,0.9744272306761665,0.9761856364560313,0.952692167373669,0.9976051450532653,
TON_IoT,binary,trades,aam_trans,9,fgsm,0.05,0.9766264701503647,0.9742971916644632,0.9760341311638789,0.9523814810527301,0.9973124667205175,
TON_IoT,binary,trades,aam_trans,9,pgd,0.05,0.9766264701503647,0.9742971916644632,0.9760341311638789,0.9523814810527301,0.997312195051273,0.0
TON_IoT,binary,trades,aam_trans,9,transfer_mlp,0.05,0.9767753461366682,0.9744272306761665,0.9761856364560313,0.952692167373669,0.9974353517754492,
TON_IoT,binary,trades,aam_trans,9,transfer_tf,0.05,0.9767753461366682,0.9744272306761665,0.9761856364560313,0.952692167373669,0.9974370270691235,
TON_IoT,binary,trades,aam_trans,9,gaussian,0.1,0.9766264701503647,0.9742971916644632,0.9760341311638789,0.9523814810527301,0.9976411865063697,
TON_IoT,binary,trades,aam_trans,9,fgsm,0.1,0.9764775941640613,0.9741671526527595,0.9758826393253286,0.9520709165351653,0.997091373233697,
TON_IoT,binary,trades,aam_trans,9,pgd,0.1,0.9764775941640613,0.9741671526527595,0.9758826393253286,0.9520709165351653,0.997083449547399,0.0
TON_IoT,binary,trades,aam_trans,9,transfer_mlp,0.1,0.9767753461366682,0.9744272306761665,0.9761856364560313,0.952692167373669,0.9973519945955932,
TON_IoT,binary,trades,aam_trans,9,transfer_tf,0.1,0.9767753461366682,0.9744272306761665,0.9761856364560313,0.952692167373669,0.9973687928105452,
TON_IoT,binary,trades,aam_trans,9,gaussian,0.2,0.9749888343010272,0.9729548739273592,0.9743733127966657,0.9489561883414946,0.9973163606463554,
TON_IoT,binary,trades,aam_trans,9,fgsm,0.2,0.9757332142325443,0.9733847905067898,0.9751182380873393,0.9505493935322251,0.99657565445121,
TON_IoT,binary,trades,aam_trans,9,pgd,0.2,0.9757332142325443,0.9733847905067898,0.9751182380873393,0.9505493935322251,0.9958150258448007,0.0
TON_IoT,binary,trades,aam_trans,9,transfer_mlp,0.2,0.9763287181777579,0.9739490022494213,0.9757265011656588,0.9517814567085624,0.9970551959459704,
TON_IoT,binary,trades,aam_trans,9,transfer_tf,0.2,0.9764775941640613,0.9741230969569422,0.9758803241029035,0.9520814397564402,0.9970812309152356,
TON_IoT,binary,trades,aam_trans,9,pgd_constrained,0.1,0.9764775941640613,0.9741671526527595,0.9758826393253286,0.9520709165351653,0.9973469234363623,1.0
TON_IoT,binary,trades,aam_trans,9,square,0.1,0.9775,0.9751223990208078,0.976957056402213,0.9542874741479211,0.9979702162382701,
TON_IoT,binary,trades,aam_trans,9,square_clean_subset,0,0.978,0.9755609955120359,0.977465573542125,0.9553330222656868,0.9982384740922071,
TON_IoT,binary,trades,transformer,10,clean,0,0.9742444543695102,0.9723046788688416,0.9736168359333646,0.9474133199738746,0.9962059126094372,
TON_IoT,binary,trades,transformer,10,gaussian,0.05,0.9742444543695102,0.9723046788688416,0.9736168359333646,0.9474133199738746,0.996173991473208,
TON_IoT,binary,trades,transformer,10,fgsm,0.05,0.9739467023969034,0.9719564894538,0.9733093146115367,0.9468098394610869,0.9953475283532135,
TON_IoT,binary,trades,transformer,10,pgd,0.05,0.9739467023969034,0.9719564894538,0.9733093146115367,0.9468098394610869,0.9953147922092506,0.0
TON_IoT,binary,trades,transformer,10,transfer_mlp,0.05,0.9740955783832068,0.9721305841613208,0.9734630831156659,0.947111550516639,0.9959490493387572,
TON_IoT,binary,trades,transformer,10,transfer_tf,0.05,0.9742444543695102,0.9723046788688416,0.9736168359333646,0.9474133199738746,0.9957107501331179,
TON_IoT,binary,trades,transformer,10,gaussian,0.1,0.9742444543695102,0.9723046788688416,0.9736168359333646,0.9474133199738746,0.9960775941696157,
TON_IoT,binary,trades,transformer,10,fgsm,0.1,0.9732023224653863,0.9711300716120128,0.9725428351392846,0.9452948296260882,0.9941755019542075,
TON_IoT,binary,trades,transformer,10,pgd,0.1,0.9732023224653863,0.9711300716120128,0.9725428351392846,0.9452948296260882,0.9941049132288433,0.0
TON_IoT,binary,trades,transformer,10,transfer_mlp,0.1,0.9735000744379931,0.9714782610270547,0.9728504796068755,0.9458980218501287,0.9954395336706862,
TON_IoT,binary,trades,transformer,10,transfer_tf,0.1,0.9736489504242966,0.9716083000387581,0.9730017304513082,0.9462065923046521,0.994969228930239,
TON_IoT,binary,trades,transformer,10,gaussian,0.2,0.9739467023969034,0.9719564894538,0.9733093146115367,0.9468098394610869,0.9959622705753229,
TON_IoT,binary,trades,transformer,10,fgsm,0.2,0.971266934643442,0.9690871188933281,0.9705556351637099,0.9413388806078353,0.9923652792216495,
TON_IoT,binary,trades,transformer,10,pgd,0.2,0.971266934643442,0.9690871188933281,0.9705556351637099,0.9413388806078353,0.9919088748908794,0.0
TON_IoT,binary,trades,transformer,10,transfer_mlp,0.2,0.9729045704927796,0.9707818821969711,0.9722351274941949,0.9446918697667346,0.9949220490381098,
TON_IoT,binary,trades,transformer,10,transfer_tf,0.2,0.9727556945064761,0.9706077874894502,0.9720812499220669,0.9443904768175673,0.9941070865827993,
TON_IoT,binary,trades,transformer,10,pgd_constrained,0.1,0.9740955783832068,0.9721746398571383,0.9734655797516027,0.9471051053944425,0.9953870109500818,1.0
TON_IoT,binary,trades,transformer,10,square,0.1,0.9775,0.9752224533248003,0.9768425066597091,0.9539130540165307,0.9948637793886584,
TON_IoT,binary,trades,transformer,10,square_clean_subset,0,0.9785,0.9764101017808573,0.9778793783076438,0.9559455013258379,0.9956811851049603,
TON_IoT,binary,trades,aam_trans,10,clean,0,0.9775197260681852,0.9760025953468492,0.9769891066657328,0.9540784013656554,0.9970274404048234,
TON_IoT,binary,trades,aam_trans,10,gaussian,0.05,0.9775197260681852,0.9760025953468492,0.9769891066657328,0.9540784013656554,0.9970385335656407,
TON_IoT,binary,trades,aam_trans,10,fgsm,0.05,0.9775197260681852,0.9760025953468492,0.9769891066657328,0.9540784013656554,0.9967950273661487,
TON_IoT,binary,trades,aam_trans,10,pgd,0.05,0.9775197260681852,0.9760025953468492,0.9769891066657328,0.9540784013656554,0.9967942123584149,0.0
TON_IoT,binary,trades,aam_trans,10,transfer_mlp,0.05,0.9775197260681852,0.9760025953468492,0.9769891066657328,0.9540784013656554,0.9968805578999606,
TON_IoT,binary,trades,aam_trans,10,transfer_tf,0.05,0.9775197260681852,0.9760025953468492,0.9769891066657328,0.9540784013656554,0.9969299564242532,
TON_IoT,binary,trades,aam_trans,10,gaussian,0.1,0.9775197260681852,0.9760025953468492,0.9769891066657328,0.9540784013656554,0.9969709332019662,
TON_IoT,binary,trades,aam_trans,10,fgsm,0.1,0.9775197260681852,0.9760025953468492,0.9769891066657328,0.9540784013656554,0.9962705246114224,
TON_IoT,binary,trades,aam_trans,10,pgd,0.1,0.9775197260681852,0.9760025953468492,0.9769891066657328,0.9540784013656554,0.9962495155231808,0.0
TON_IoT,binary,trades,aam_trans,10,transfer_mlp,0.1,0.9775197260681852,0.9760025953468492,0.9769891066657328,0.9540784013656554,0.9967142510441155,
TON_IoT,binary,trades,aam_trans,10,transfer_tf,0.1,0.9775197260681852,0.9760025953468492,0.9769891066657328,0.9540784013656554,0.9968569679538959,
TON_IoT,binary,trades,aam_trans,10,gaussian,0.2,0.9767753461366682,0.9753083445925143,0.9762304520027765,0.9525486158573298,0.9969188632634359,
TON_IoT,binary,trades,aam_trans,10,fgsm,0.2,0.9772219740955784,0.9756984616276247,0.9766843266215703,0.9534688092846971,0.995429436630432,
TON_IoT,binary,trades,aam_trans,10,pgd,0.2,0.977073098109275,0.9755243669201039,0.9765308498697511,0.9531661560787964,0.9953602515294978,0.0
TON_IoT,binary,trades,aam_trans,10,transfer_mlp,0.2,0.9773708500818818,0.9758285006393284,0.976835644027287,0.953775777768563,0.9959137323369712,
TON_IoT,binary,trades,aam_trans,10,transfer_tf,0.2,0.9773708500818818,0.9758285006393284,0.976835644027287,0.953775777768563,0.996390059079005,
TON_IoT,binary,trades,aam_trans,10,pgd_constrained,0.1,0.9775197260681852,0.9760025953468492,0.9769891066657328,0.9540784013656554,0.9967905448236142,1.0
TON_IoT,binary,trades,aam_trans,10,square,0.1,0.979,0.9773280166065663,0.9784122741641181,0.9569258195175595,0.9958298975627566,
TON_IoT,binary,trades,aam_trans,10,square_clean_subset,0,0.979,0.9773280166065663,0.9784122741641181,0.9569258195175595,0.9961088616215197,
