dataset,mode,method,backbone,seed,attack,eps,acc,bal_acc,f1_macro,mcc,auroc,valid_rate
CICIoT2023,binary,trades,transformer,11,clean,0,0.8952823791533469,0.8999216851017342,0.8791070515093398,0.7647030121639437,0.9598664026582913,
CICIoT2023,binary,trades,transformer,11,gaussian,0.05,0.8946042817010559,0.8987550184350676,0.8782544222837052,0.7628317530418258,0.959781214438527,
CICIoT2023,binary,trades,transformer,11,fgsm,0.05,0.8834641092705608,0.8852456984842277,0.865386093756707,0.7369879699066422,0.9522232976011653,
CICIoT2023,binary,trades,transformer,11,pgd,0.05,0.8834156737382544,0.8852115594701625,0.8653356662758771,0.7368977840069595,0.9521215348900725,0.0
CICIoT2023,binary,trades,transformer,11,transfer_mlp,0.05,0.8870967741935484,0.8899214802676498,0.8696410465775557,0.7456564736531919,0.9548762574536847,
CICIoT2023,binary,trades,transformer,11,transfer_tf,0.05,0.8864186767412574,0.8890007851973235,0.8688366308915123,0.7439959423278423,0.9547471095634759,
CICIoT2023,binary,trades,transformer,11,gaussian,0.1,0.8946042817010559,0.8977711320497064,0.8780538692521036,0.7619857229525315,0.9595422527197415,
CICIoT2023,binary,trades,transformer,11,fgsm,0.1,0.8719848881139204,0.8709070736037143,0.852022847652897,0.709966404018046,0.9440122160771998,
CICIoT2023,binary,trades,transformer,11,pgd,0.1,0.8712583551293229,0.8700998224771268,0.851201378252542,0.7083490422153844,0.9434432438891165,0.0
CICIoT2023,binary,trades,transformer,11,transfer_mlp,0.1,0.8790564758306694,0.8796793322408849,0.8602431022132542,0.7265604525502077,0.9495342129819291,
CICIoT2023,binary,trades,transformer,11,transfer_tf,0.1,0.8809938971229294,0.8832586371705585,0.862762790001142,0.7321801606416816,0.9495258830624972,
CICIoT2023,binary,trades,transformer,11,gaussian,0.2,0.8921825050857309,0.8927189676362146,0.8748047088950164,0.7545642492798083,0.95842454708908,
CICIoT2023,binary,trades,transformer,11,fgsm,0.2,0.8461687493945559,0.8364768537484637,0.8212395487953194,0.64691476070687,0.9261814204105785,
CICIoT2023,binary,trades,transformer,11,pgd,0.2,0.8400658723239368,0.8290760958623515,0.8141476669150328,0.6326859676603122,0.9224525410806137,0.0
CICIoT2023,binary,trades,transformer,11,transfer_mlp,0.2,0.8606994090865059,0.855917895671173,0.8386245782769461,0.6825154007104145,0.9387738745505031,
CICIoT2023,binary,trades,transformer,11,transfer_tf,0.2,0.8638961542187349,0.8619590331831217,0.8428984169008191,0.6920205061358164,0.9395690859847968,
CICIoT2023,binary,trades,transformer,11,pgd_constrained,0.1,0.8727598566308243,0.8718960467021712,0.8529307565038677,0.7118110733170084,0.9446763735263325,1.0
CICIoT2023,binary,trades,transformer,11,square,0.1,0.867,0.8629290878384789,0.8481901526773321,0.7005772529255675,0.9453630524298373,
CICIoT2023,binary,trades,transformer,11,square_clean_subset,0,0.897,0.898508510597924,0.8824329753816933,0.7692577061952234,0.9547749957304693,
CICIoT2023,binary,trades,aam_noGate,11,clean,0,0.908263101811489,0.9072015567390413,0.892546315646292,0.788275041853757,0.9685873731166643,
CICIoT2023,binary,trades,aam_noGate,11,gaussian,0.05,0.9088443281991669,0.9082015567390413,0.8932826505343892,0.7898505168555634,0.9683757339888025,
CICIoT2023,binary,trades,aam_noGate,11,fgsm,0.05,0.8994478349317059,0.8978398197460058,0.8824951896087654,0.7685848335278435,0.9631367495106741,
CICIoT2023,binary,trades,aam_noGate,11,pgd,0.05,0.8992540928024799,0.8977032636897446,0.8822890236503463,0.7682062815962833,0.9630577632117985,0.0
CICIoT2023,binary,trades,aam_noGate,11,transfer_mlp,0.05,0.9008524653685944,0.8994693773043835,0.8841216839558501,0.7718195250082138,0.9644503504938777,
CICIoT2023,binary,trades,aam_noGate,11,transfer_tf,0.05,0.9009977719655139,0.8995226000273112,0.8842666082659534,0.7720668670780177,0.9645349355910603,
CICIoT2023,binary,trades,aam_noGate,11,gaussian,0.1,0.9048726145500339,0.8993512563157176,0.8878279366783999,0.7776904858340933,0.9665958111429741,
CICIoT2023,binary,trades,aam_noGate,11,fgsm,0.1,0.8923762472149569,0.889756281578588,0.8743392894505183,0.7524078286787554,0.9577550639537531,
CICIoT2023,binary,trades,aam_noGate,11,pgd,0.1,0.8910684878426814,0.888293390686877,0.8728395955691055,0.7494448833209665,0.9572168794665211,0.0
CICIoT2023,binary,trades,aam_noGate,11,transfer_mlp,0.1,0.8949433304272014,0.8931398675406255,0.8773943488627152,0.758630677422362,0.9601863193590968,
CICIoT2023,binary,trades,aam_noGate,11,transfer_tf,0.1,0.8955729923471859,0.8939772292776185,0.8781448240819386,0.7601622874707522,0.9605492967363102,
CICIoT2023,binary,trades,aam_noGate,11,gaussian,0.2,0.8925215538118764,0.8715584118530657,0.8701540918248756,0.7403426068785346,0.9597848559333606,
CICIoT2023,binary,trades,aam_noGate,11,fgsm,0.2,0.8706286932093383,0.8449604670217123,0.8436898963570303,0.6874112614717333,0.9442370101051482,
CICIoT2023,binary,trades,aam_noGate,11,pgd,0.2,0.8117310859246343,0.77250419909873,0.7720618243437642,0.5441291340960311,0.9017589216623424,0.0
CICIoT2023,binary,trades,aam_noGate,11,transfer_mlp,0.2,0.8161387193645259,0.7786117028540216,0.777734682850172,0.5554901304924887,0.9084368769629931,
CICIoT2023,binary,trades,aam_noGate,11,transfer_tf,0.2,0.8217572411120798,0.7869501229004506,0.7851727810468989,0.5704265700465615,0.9107565205516864,
CICIoT2023,binary,trades,aam_noGate,11,pgd_constrained,0.1,0.8926184248764893,0.8899269766489144,0.8745951767330145,0.7528771068389255,0.9582442760253085,1.0
CICIoT2023,binary,trades,aam_noGate,11,square,0.1,0.885,0.880049906070324,0.8677673026484485,0.7382952823928892,0.9579973054517164,
CICIoT2023,binary,trades,aam_noGate,11,square_clean_subset,0,0.905,0.9032998728628627,0.8906734057880952,0.7840352433134109,0.9638690961877834,
CICIoT2023,binary,trades,aam_trans,11,clean,0,0.9093771190545384,0.90906902908644,0.8939477084736025,0.7912593099349885,0.9672542787564294,
CICIoT2023,binary,trades,aam_trans,11,gaussian,0.05,0.909328683522232,0.9088873071145706,0.893868073046735,0.7910574685196349,0.9669762733852247,
CICIoT2023,binary,trades,aam_trans,11,fgsm,0.05,0.8997868836578514,0.8985707360371433,0.8829567704711758,0.7696238348254383,0.9616393213164004,
CICIoT2023,binary,trades,aam_trans,11,pgd,0.05,0.8996900125932384,0.8985024580090127,0.8828536811069341,0.7694347804105981,0.9615523066593836,0.0
CICIoT2023,binary,trades,aam_trans,11,transfer_mlp,0.05,0.9012399496270465,0.9001852382903182,0.8846241579170708,0.7729140083749164,0.9630483123947379,
CICIoT2023,binary,trades,aam_trans,11,transfer_tf,0.05,0.9016758694178049,0.900787655332514,0.8851482133371817,0.7739910118390666,0.9630887386772269,
CICIoT2023,binary,trades,aam_trans,11,gaussian,0.1,0.9059866317930834,0.9012679229823843,0.8892548155203244,0.7807039035151836,0.9653841208065911,
CICIoT2023,binary,trades,aam_trans,11,fgsm,0.1,0.8913591010365204,0.8883014474941964,0.8731027090182684,0.7498500495453727,0.9560298716373071,
CICIoT2023,binary,trades,aam_trans,11,pgd,0.1,0.8907294391165359,0.8874148914379352,0.8723398335149675,0.7482773735910182,0.9556526412217214,0.0
CICIoT2023,binary,trades,aam_trans,11,transfer_mlp,0.1,0.8952823791533469,0.8936248122354227,0.8778057094921852,0.7594823137945312,0.9589014577359004,
CICIoT2023,binary,trades,aam_trans,11,transfer_tf,0.1,0.8961542187348639,0.8948296463198143,0.8788541147398619,0.7616384816785673,0.959171178706359,
CICIoT2023,binary,trades,aam_trans,11,gaussian,0.2,0.8921340695534244,0.872465963402977,0.8700383200702315,0.740178810379767,0.9590990031407893,
CICIoT2023,binary,trades,aam_trans,11,fgsm,0.2,0.8392424682747264,0.8010453024716646,0.8034638244575101,0.607070707034571,0.9287482873594609,
CICIoT2023,binary,trades,aam_trans,11,pgd,0.2,0.8021892860602537,0.7575141676908371,0.7588562908682225,0.5177686436856302,0.9063974236424053,0.0
CICIoT2023,binary,trades,aam_trans,11,transfer_mlp,0.2,0.8042235784171268,0.7582592858118258,0.760493585115057,0.5211431021702218,0.9103430800218488,
CICIoT2023,binary,trades,aam_trans,11,transfer_tf,0.2,0.8126513610384578,0.7726608971732897,0.7727413778566531,0.5454829378529323,0.914502822158496,
CICIoT2023,binary,trades,aam_trans,11,pgd_constrained,0.1,0.8929090380703284,0.8899842277755019,0.8748701187924111,0.7533242517626535,0.9568600300423324,1.0
CICIoT2023,binary,trades,aam_trans,11,square,0.1,0.8865,0.8830029981593579,0.8697614482985939,0.7426891029739285,0.9579000550295071,
CICIoT2023,binary,trades,aam_trans,11,square_clean_subset,0,0.9065,0.9062529649518967,0.8926225058059929,0.7883398153341793,0.9642758875879998,
CICIoT2023,binary,trades,aam_g2,11,clean,0,0.9081177952145694,0.9076894715280622,0.8925018517583028,0.7884121617361465,0.9679968193818562,
CICIoT2023,binary,trades,aam_g2,11,gaussian,0.05,0.9075365688268914,0.9072306090400108,0.8918685215825629,0.7872282628062587,0.9678073364741226,
CICIoT2023,binary,trades,aam_g2,11,fgsm,0.05,0.8995447059963189,0.8987444012016933,0.8827693658009396,0.7694171593231586,0.9627655161818927,
CICIoT2023,binary,trades,aam_g2,11,pgd,0.05,0.8994478349317059,0.8986761231735627,0.8826663519453175,0.7692286031536983,0.9626825071691929,0.0
CICIoT2023,binary,trades,aam_g2,11,transfer_mlp,0.05,0.9010946430301269,0.9005255701215349,0.8845583796131598,0.7729683797651766,0.9642387455050299,
CICIoT2023,binary,trades,aam_g2,11,transfer_tf,0.05,0.9014336917562724,0.9009121261777959,0.8849491911442307,0.773743013851258,0.9643129352724292,
CICIoT2023,binary,trades,aam_g2,11,gaussian,0.1,0.9051147922115664,0.900358254813601,0.888257538883748,0.7787479565190424,0.9658698051800263,
CICIoT2023,binary,trades,aam_g2,11,fgsm,0.1,0.8915044076334399,0.8891909736446811,0.8734296721162735,0.7507613093714701,0.957520961354636,
CICIoT2023,binary,trades,aam_g2,11,pgd,0.1,0.8909231812457619,0.8886337225180937,0.8727842011471498,0.7495208865819766,0.957012915926988,0.0
CICIoT2023,binary,trades,aam_g2,11,transfer_mlp,0.1,0.8954276857502664,0.894219172470299,0.8780637860292536,0.7601534464920612,0.9603567982156676,
CICIoT2023,binary,trades,aam_g2,11,transfer_tf,0.1,0.8963479608640899,0.8956057285265602,0.8791934734523426,0.7625199296833655,0.9606911102007374,
CICIoT2023,binary,trades,aam_g2,11,gaussian,0.2,0.8906325680519229,0.8688495493650144,0.8677626849332973,0.7355462340491469,0.9589530759251673,
CICIoT2023,binary,trades,aam_g2,11,fgsm,0.2,0.8591979075850044,0.8289341799808821,0.8291445944105376,0.6582901218192865,0.9401503140789295,
CICIoT2023,binary,trades,aam_g2,11,pgd,0.2,0.8074687590816623,0.7637934248258911,0.7652335217999431,0.5305291928097663,0.9028921207155537,0.0
CICIoT2023,binary,trades,aam_g2,11,transfer_mlp,0.2,0.8121670057153928,0.7714340092858119,0.7718613137055519,0.5437278125641631,0.9087836553780327,
CICIoT2023,binary,trades,aam_g2,11,transfer_tf,0.2,0.8205947883367238,0.7839170421958215,0.7830792670473576,0.5661769453941949,0.9124105444034776,
CICIoT2023,binary,trades,aam_g2,11,pgd_constrained,0.1,0.8922309406180374,0.8898998361327325,0.8742396297865426,0.7523229036843184,0.9580783490372797,1.0
CICIoT2023,binary,trades,aam_g2,11,square,0.1,0.885,0.8823981479724473,0.8683101559207753,0.7402032009868554,0.9573829674187366,
CICIoT2023,binary,trades,aam_g2,11,square_clean_subset,0,0.904,0.9030531888650639,0.8897058823529411,0.7824132474986227,0.9634587468452912,
CICIoT2023,binary,trades,transformer,12,clean,0,0.8948464593625884,0.9016805953844054,0.8790610619940252,0.76571255640865,0.9603733556374892,
CICIoT2023,binary,trades,transformer,12,gaussian,0.05,0.8948948948948949,0.901173596886522,0.8790045804412282,0.765319057686019,0.960405685283809,
CICIoT2023,binary,trades,transformer,12,fgsm,0.05,0.8803157996706383,0.884748463744367,0.8625037673073281,0.7327733865803155,0.951894777868815,
CICIoT2023,binary,trades,transformer,12,pgd,0.05,0.8801704930737189,0.8845968523829032,0.8623423489580513,0.7324611469918036,0.9517977206518276,0.0
CICIoT2023,binary,trades,transformer,12,transfer_mlp,0.05,0.8856437082243533,0.8914554144476308,0.8686771695301339,0.7453085034968202,0.9549307433201328,
CICIoT2023,binary,trades,transformer,12,transfer_tf,0.05,0.8853046594982079,0.8905769151986891,0.8681875487060366,0.744089101397412,0.9547878601665984,
CICIoT2023,binary,trades,transformer,12,gaussian,0.1,0.8952823791533469,0.9007087942100231,0.8792647633348574,0.7653899489261492,0.9602130843461241,
CICIoT2023,binary,trades,transformer,12,fgsm,0.1,0.8676256902063354,0.8695071691929537,0.8479615738551125,0.7036102946683409,0.9422668646729483,
CICIoT2023,binary,trades,transformer,12,pgd,0.1,0.8665601084955924,0.8685101392871774,0.846811196302858,0.7014429951534014,0.9416402373799444,0.0
CICIoT2023,binary,trades,transformer,12,transfer_mlp,0.1,0.8770221834737963,0.8814923187218353,0.858889202362593,0.7258771663812903,0.9490413878647185,
CICIoT2023,binary,trades,transformer,12,transfer_tf,0.1,0.8767315702799574,0.8809431244025673,0.8585106121006036,0.7250163382389405,0.9485434305157268,
CICIoT2023,binary,trades,transformer,12,gaussian,0.2,0.892666860408796,0.8954216851017343,0.8758122124368848,0.7574850317586682,0.9588190632254538,
CICIoT2023,binary,trades,transformer,12,fgsm,0.2,0.8372081759178533,0.8308006622968729,0.812467510236511,0.6314207015406204,0.9201549854340206,
CICIoT2023,binary,trades,transformer,12,pgd,0.2,0.8322677516225904,0.824858766898812,0.8067919138793533,0.6200382113371191,0.9159474543675178,0.0
CICIoT2023,binary,trades,transformer,12,transfer_mlp,0.2,0.8590041654557784,0.8599868223405708,0.8383045568940899,0.6846548817996205,0.9360166484591925,
CICIoT2023,binary,trades,transformer,12,transfer_tf,0.2,0.8595369563111499,0.8613954321999181,0.8391133945124526,0.6866664450271623,0.9343563259593063,
CICIoT2023,binary,trades,transformer,12,pgd_constrained,0.1,0.8686912719170784,0.8707993650143384,0.8491854470256897,0.7060708755675951,0.9430236981655971,1.0
CICIoT2023,binary,trades,transformer,12,square,0.1,0.8625,0.8636288889762738,0.8441056782097436,0.6952664344307736,0.9498450307972245,
CICIoT2023,binary,trades,transformer,12,square_clean_subset,0,0.891,0.8954395798851047,0.8759807758824707,0.7582513074850313,0.9590061475287744,
CICIoT2023,binary,trades,aam_noGate,12,clean,0,0.9101036520391359,0.9096795029359552,0.8947478429323374,0.7927704308079674,0.9676370112431153,
CICIoT2023,binary,trades,aam_noGate,12,gaussian,0.05,0.9092318124576189,0.9089174177249761,0.8937822546603303,0.7909361499814103,0.967352217897947,
CICIoT2023,binary,trades,aam_noGate,12,fgsm,0.05,0.8999321902547709,0.8987223473986071,0.8831214655826867,0.7699452291696272,0.9616528801948201,
CICIoT2023,binary,trades,aam_noGate,12,pgd,0.05,0.8995931415286254,0.8984341799808822,0.8827506068590474,0.7692457909877519,0.9615735240566251,0.0
CICIoT2023,binary,trades,aam_noGate,12,transfer_mlp,0.05,0.9011430785624334,0.9004613204970641,0.8845902115809393,0.7729874644278206,0.9630676464563703,
CICIoT2023,binary,trades,aam_noGate,12,transfer_tf,0.05,0.901772740482418,0.9011510992762528,0.8853105666092039,0.7744050367990858,0.9631229573489918,
CICIoT2023,binary,trades,aam_noGate,12,gaussian,0.1,0.9057928896638574,0.9015249214802676,0.8891248264375582,0.7805834604373805,0.9661216429969504,
CICIoT2023,binary,trades,aam_noGate,12,fgsm,0.1,0.8910200523103748,0.8886528062269562,0.8728754824525065,0.7496679652136895,0.9558060335017524,
CICIoT2023,binary,trades,aam_noGate,12,pgd,0.1,0.8905356969873099,0.8881146388092311,0.8723213846332476,0.7485748177989779,0.9553376234694343,0.0
CICIoT2023,binary,trades,aam_noGate,12,transfer_mlp,0.1,0.8951855080887339,0.8940484773999726,0.8778074296501609,0.7596850756114889,0.9588133221812555,
CICIoT2023,binary,trades,aam_noGate,12,transfer_tf,0.1,0.8956214278794924,0.8944541171650964,0.8782896984219739,0.7606064787947927,0.9590180140197552,
CICIoT2023,binary,trades,aam_noGate,12,gaussian,0.2,0.8944589751041364,0.8739570531203058,0.8725070960588998,0.7450505381103495,0.9594912376530567,
CICIoT2023,binary,trades,aam_noGate,12,fgsm,0.2,0.8560980335173883,0.8218298511538986,0.8241950822121525,0.648513358412388,0.9380646934316538,
CICIoT2023,binary,trades,aam_noGate,12,pgd,0.2,0.8063547418386128,0.7635985593336064,0.7644283501196553,0.528877249562368,0.9084526719468342,0.0
CICIoT2023,binary,trades,aam_noGate,12,transfer_mlp,0.2,0.8067422260970648,0.7628385907414994,0.764312179745534,0.5286898322008665,0.9111247211980518,
CICIoT2023,binary,trades,aam_noGate,12,transfer_tf,0.2,0.8162355904291388,0.7784340092858119,0.7777218578135875,0.5554574373149241,0.9157961331876735,
CICIoT2023,binary,trades,aam_noGate,12,pgd_constrained,0.1,0.892666860408796,0.8901578929400519,0.8746893454592652,0.7531272633604454,0.9564768537484637,1.0
CICIoT2023,binary,trades,aam_noGate,12,square,0.1,0.8785,0.8764828127774222,0.8608100340499898,0.7260165024921321,0.9592587693741295,
CICIoT2023,binary,trades,aam_noGate,12,square_clean_subset,0,0.903,0.9035270537738963,0.8884645944078218,0.7806364667590058,0.9663095404069835,
CICIoT2023,binary,trades,aam_trans,12,clean,0,0.909813038845297,0.9078512563157176,0.8941313577059162,0.7910514089245743,0.9673739189312215,
CICIoT2023,binary,trades,aam_trans,12,gaussian,0.05,0.9097161677806839,0.9075370066912467,0.8939805042105704,0.7906874790638136,0.9670551572670582,
CICIoT2023,binary,trades,aam_trans,12,fgsm,0.05,0.9003196745132229,0.8973228526560153,0.8831912623661013,0.769445067340196,0.9615614843643315,
CICIoT2023,binary,trades,aam_trans,12,pgd,0.05,0.8999806257870774,0.8970346852382903,0.8828194143654653,0.7687401883330561,0.9614687286631161,0.0
CICIoT2023,binary,trades,aam_trans,12,transfer_mlp,0.05,0.9022570958054829,0.8998198825617916,0.8854914515845982,0.7741033634675859,0.9629197505576039,
CICIoT2023,binary,trades,aam_trans,12,transfer_tf,0.05,0.9020633536762569,0.8994373549091903,0.8852345638990557,0.7735399572205769,0.9629806716282033,
CICIoT2023,binary,trades,aam_trans,12,gaussian,0.1,0.9049694856146469,0.8982388706814147,0.8876913487166143,0.7770978277671081,0.9656214154035231,
CICIoT2023,binary,trades,aam_trans,12,fgsm,0.1,0.8908263101811489,0.8858597569302198,0.8720777406159312,0.7471888259638579,0.9558984933315124,
CICIoT2023,binary,trades,aam_trans,12,pgd,0.1,0.8900997771965514,0.8851508944421684,0.8712655801283749,0.745617004054519,0.9554896217397241,0.0
CICIoT2023,binary,trades,aam_trans,12,transfer_mlp,0.1,0.8948948948948949,0.89133473303291,0.8769624894082189,0.7571565990244794,0.9588394555965223,
CICIoT2023,binary,trades,aam_trans,12,transfer_tf,0.1,0.8961057832025574,0.8929261231735628,0.8784062841163749,0.7600916958886815,0.9590731371477991,
CICIoT2023,binary,trades,aam_trans,12,gaussian,0.2,0.8916981497626659,0.8665013655605627,0.8680919664560761,0.7362294529067239,0.9584303165824569,
CICIoT2023,binary,trades,aam_trans,12,fgsm,0.2,0.8437954083115373,0.8044511470708726,0.808192483107449,0.6167239480220342,0.930088351768401,
CICIoT2023,binary,trades,aam_trans,12,pgd,0.2,0.8056766443863218,0.7591850675952478,0.7618604198654406,0.5239440170424008,0.9069774568710456,0.0
CICIoT2023,binary,trades,aam_trans,12,transfer_mlp,0.2,0.8035454809648358,0.7555675952478492,0.7587314929523237,0.5177839181590859,0.9095701386043971,
CICIoT2023,binary,trades,aam_trans,12,transfer_tf,0.2,0.8136685072168943,0.7720987641676909,0.7731563179181058,0.5463444337492953,0.914738637398152,
CICIoT2023,binary,trades,aam_trans,12,pgd_constrained,0.1,0.8925699893441829,0.8875807046292503,0.8740331950199252,0.7509814931369847,0.9566391733806727,1.0
CICIoT2023,binary,trades,aam_trans,12,square,0.1,0.879,0.8749283542997548,0.860868205395324,0.7253113342738228,0.9589000940182246,
CICIoT2023,binary,trades,aam_trans,12,square_clean_subset,0,0.8995,0.897206145383872,0.8840040754389018,0.7709304714530093,0.9655868274390222,
CICIoT2023,binary,trades,aam_g2,12,clean,0,0.9099583454422164,0.9078060904001093,0.8942602569605764,0.7912403162999158,0.9674191929537075,
CICIoT2023,binary,trades,aam_g2,12,gaussian,0.05,0.9096192967160709,0.9074687286631162,0.8938760499293086,0.7904935528073278,0.9671286756338477,
CICIoT2023,binary,trades,aam_g2,12,fgsm,0.05,0.9003196745132229,0.8977164072101598,0.8832723649762206,0.769737597455794,0.9618375836405845,
CICIoT2023,binary,trades,aam_g2,12,pgd,0.05,0.9001743679163035,0.8975647958486959,0.8831072751724114,0.7694149281648044,0.9617408393645592,0.0
CICIoT2023,binary,trades,aam_g2,12,transfer_mlp,0.05,0.9025961445316284,0.9005999931721972,0.8859628667488249,0.7751712612880669,0.9632318835632027,
CICIoT2023,binary,trades,aam_g2,12,transfer_tf,0.05,0.9026445800639349,0.9006341321862625,0.8860146359342664,0.7752667421570545,0.9633577711775683,
CICIoT2023,binary,trades,aam_g2,12,gaussian,0.1,0.9054538409377119,0.8987770380991398,0.8882537309663494,0.7782116397464972,0.9656852098411398,
CICIoT2023,binary,trades,aam_g2,12,fgsm,0.1,0.8919403274241984,0.8878256179161546,0.8735202548584153,0.7502818709939743,0.9561629568938049,
CICIoT2023,binary,trades,aam_g2,12,pgd,0.1,0.8907778746488424,0.8866127270244435,0.8722038634283241,0.7477092385192169,0.955698808548409,0.0
CICIoT2023,binary,trades,aam_g2,12,transfer_mlp,0.1,0.8962510897994769,0.8935204834084391,0.8786654710050916,0.7607534595658785,0.959157995357094,
CICIoT2023,binary,trades,aam_g2,12,transfer_tf,0.1,0.8966870095902354,0.8942212890891711,0.87921173107463,0.7619079147645829,0.9594858550685056,
CICIoT2023,binary,trades,aam_g2,12,gaussian,0.2,0.8938293131841519,0.8711027242933225,0.8712122803158696,0.7424247715435842,0.9592540625426736,
CICIoT2023,binary,trades,aam_g2,12,fgsm,0.2,0.8528044173205463,0.8149825208247986,0.8191064101097244,0.6386037932688476,0.9337103873640129,
CICIoT2023,binary,trades,aam_g2,12,pgd,0.2,0.8063063063063063,0.7617934248258911,0.7635313372906716,0.5271545431073099,0.910024756475033,0.0
CICIoT2023,binary,trades,aam_g2,12,transfer_mlp,0.2,0.8035939164971423,0.7561428717738632,0.7590501101078393,0.5183695222940928,0.9120591629113752,
CICIoT2023,binary,trades,aam_g2,12,transfer_tf,0.2,0.8124091833769254,0.7701780690973645,0.7714407684146994,0.5429274567835874,0.9170391688288042,
CICIoT2023,binary,trades,aam_g2,12,pgd_constrained,0.1,0.8928121670057154,0.8884401201693295,0.874442806885894,0.7519846450693397,0.9568884052528565,1.0
CICIoT2023,binary,trades,aam_g2,12,square,0.1,0.881,0.8777894158596471,0.86328125,0.7303252353737394,0.958718968921555,
CICIoT2023,binary,trades,aam_g2,12,square_clean_subset,0,0.9025,0.9026923292329948,0.8878430815429685,0.7793010419991585,0.9654897110220579,
CICIoT2023,binary,trades,transformer,13,clean,0,0.8936840065872323,0.9048951932268197,0.8786309618063426,0.7673171761489954,0.960382339888024,
CICIoT2023,binary,trades,transformer,13,gaussian,0.05,0.8934418289256999,0.904429332240885,0.8783213065882594,0.7665961633145616,0.9603466361691475,
CICIoT2023,binary,trades,transformer,13,fgsm,0.05,0.8796377022183474,0.8889931721971869,0.8628408173562119,0.7361699028851527,0.9515344690245346,
CICIoT2023,binary,trades,transformer,13,pgd,0.05,0.8795892666860409,0.8889590331831216,0.8627909226036523,0.7360835334570571,0.9514301231280441,0.0
CICIoT2023,binary,trades,transformer,13,transfer_mlp,0.05,0.8859343214181924,0.8963829031817561,0.869965879225874,0.7503772705671937,0.9552523157631208,
CICIoT2023,binary,trades,transformer,13,transfer_tf,0.05,0.8870483386612419,0.8980535982520825,0.8713005402790236,0.7532499852949219,0.9550856490964541,
CICIoT2023,binary,trades,transformer,13,gaussian,0.1,0.8929090380703284,0.9026271678273932,0.877487657456713,0.7642745528699304,0.9600769664072101,
CICIoT2023,binary,trades,transformer,13,fgsm,0.1,0.8665601084955924,0.8733803768947153,0.8479968889240892,0.7064141845200398,0.9417330215303382,
CICIoT2023,binary,trades,transformer,13,pgd,0.1,0.8658820110433013,0.872508876143657,0.8472126740716114,0.7048068838209025,0.9411077142792116,0.0
CICIoT2023,binary,trades,transformer,13,transfer_mlp,0.1,0.8787174271045238,0.8881969479721425,0.8618614256676116,0.7343814384146442,0.9499107833765761,
CICIoT2023,binary,trades,transformer,13,transfer_tf,0.1,0.8796861377506539,0.8893716714461286,0.8629647689130779,0.7366037513902404,0.9493506759524786,
CICIoT2023,binary,trades,transformer,13,gaussian,0.2,0.892666860408796,0.9003903113478082,0.8768259475804987,0.7619074598911895,0.9589660771996905,
CICIoT2023,binary,trades,transformer,13,fgsm,0.2,0.8381284510316769,0.8359751809367746,0.8147529292042393,0.6379314531027902,0.9204679605352998,
CICIoT2023,binary,trades,transformer,13,pgd,0.2,0.8336723820594788,0.8303254813600983,0.8095783290088621,0.6273982187153936,0.9164039897127771,0.0
CICIoT2023,binary,trades,transformer,13,transfer_mlp,0.2,0.8622977816526204,0.8677688447357641,0.8430325271583532,0.696167772871743,0.9402677807364922,
CICIoT2023,binary,trades,transformer,13,transfer_tf,0.2,0.8672382059478834,0.8742518776457736,0.8487809795724338,0.7080213271140838,0.9392542104784014,
CICIoT2023,binary,trades,transformer,13,pgd_constrained,0.1,0.8681584810617069,0.8752448791478902,0.8498002361527727,0.7100044794759779,0.9427718717283444,1.0
CICIoT2023,binary,trades,transformer,13,square,0.1,0.866,0.8729656323911261,0.8446122786449727,0.7008030593301351,0.9553705065374722,
CICIoT2023,binary,trades,transformer,13,square_clean_subset,0,0.894,0.9039441319513133,0.8763294583230274,0.76260795424458,0.964340946387625,
CICIoT2023,binary,trades,aam_noGate,13,clean,0,0.9117020246052504,0.9112980335927898,0.8965609416057465,0.7962961874242563,0.9684133381127953,
CICIoT2023,binary,trades,aam_noGate,13,gaussian,0.05,0.9105880073622009,0.9102176703536802,0.8953058621231813,0.793872123308601,0.9681696936592472,
CICIoT2023,binary,trades,aam_noGate,13,fgsm,0.05,0.9024508379347089,0.9014322681960945,0.8859946802143335,0.7755830441774176,0.9629087862442532,
CICIoT2023,binary,trades,aam_noGate,13,pgd,0.05,0.9022570958054829,0.9011973235012973,0.8857682545543817,0.7751291217201548,0.962828502662843,0.0
CICIoT2023,binary,trades,aam_noGate,13,transfer_mlp,0.05,0.9042429526300494,0.9035809094633347,0.8880843034590697,0.7797634650904087,0.9643046907005325,
CICIoT2023,binary,trades,aam_noGate,13,transfer_tf,0.05,0.9040007749685169,0.9032134371159362,0.8877867741692504,0.7791409396368772,0.9643199565296553,
CICIoT2023,binary,trades,aam_noGate,13,gaussian,0.1,0.9079724886176499,0.9034055373480814,0.8915411473379149,0.7852077573573606,0.966730995948837,
CICIoT2023,binary,trades,aam_noGate,13,fgsm,0.1,0.8943621040395234,0.8912051754745323,0.8764509698741016,0.7563059545141471,0.9571636510537576,
CICIoT2023,binary,trades,aam_noGate,13,pgd,0.1,0.8938293131841519,0.890583674723474,0.875833199086443,0.7550760235457272,0.9567295052118896,0.0
CICIoT2023,binary,trades,aam_noGate,13,transfer_mlp,0.1,0.8986244308824954,0.8970626792298239,0.881578764009602,0.766825985678888,0.9601660521644136,
CICIoT2023,binary,trades,aam_noGate,13,transfer_tf,0.1,0.8980916400271239,0.895900040966817,0.8808488199861755,0.7651811313283322,0.9600456324821338,
CICIoT2023,binary,trades,aam_noGate,13,gaussian,0.2,0.8953792502179599,0.875294414857299,0.8736739597877448,0.7473930544710684,0.9601110542127543,
CICIoT2023,binary,trades,aam_noGate,13,fgsm,0.2,0.8570667441635184,0.8231521575856889,0.8254313423170765,0.6509763024406244,0.9366950475670262,
CICIoT2023,binary,trades,aam_noGate,13,pgd,0.2,0.8130872808292163,0.7708527925713506,0.7721986348275156,0.5444492641792731,0.9085093484000182,0.0
CICIoT2023,binary,trades,aam_noGate,13,transfer_mlp,0.2,0.8123123123123123,0.7686339614911921,0.7706558416034702,0.5414312522765033,0.9131655969775593,
CICIoT2023,binary,trades,aam_noGate,13,transfer_tf,0.2,0.8268914075365689,0.7923398538850198,0.7910177112457462,0.58207913056753,0.9193905048022213,
CICIoT2023,binary,trades,aam_noGate,13,pgd_constrained,0.1,0.8959604766056379,0.8923317629386864,0.8781465226554731,0.7594317350721513,0.9579560915380764,1.0
CICIoT2023,binary,trades,aam_noGate,13,square,0.1,0.8915,0.8895348186191993,0.8710172489167975,0.746812280516277,0.9614383061420764,
CICIoT2023,binary,trades,aam_noGate,13,square_clean_subset,0,0.9065,0.9070949833965992,0.8886374132436319,0.7817521969723936,0.9674140374319906,
CICIoT2023,binary,trades,aam_trans,13,clean,0,0.9105395718298944,0.9112166120442442,0.8954434539650489,0.7945164966716279,0.967570491374209,
CICIoT2023,binary,trades,aam_trans,13,gaussian,0.05,0.9106848784268139,0.9114666120442442,0.8956267483808109,0.7949103680023629,0.9672604465383041,
CICIoT2023,binary,trades,aam_trans,13,fgsm,0.05,0.9011915140947399,0.9007414311074695,0.8846911794763339,0.7732706280428575,0.9621789453320588,
CICIoT2023,binary,trades,aam_trans,13,pgd,0.05,0.9011915140947399,0.9007906254267377,0.8847010394838379,0.7733084452110242,0.9621109859347262,0.0
CICIoT2023,binary,trades,aam_trans,13,transfer_mlp,0.05,0.9037585973069844,0.9041742113887751,0.8877492995502292,0.7795210012583208,0.9637069507032637,
CICIoT2023,binary,trades,aam_trans,13,transfer_tf,0.05,0.9039039039039038,0.9042274341117029,0.8878948524458423,0.7797671021903958,0.9638043720697347,
CICIoT2023,binary,trades,aam_trans,13,gaussian,0.1,0.9077303109561174,0.9039727570667759,0.8914242291771717,0.7852179042363903,0.9659012870408302,
CICIoT2023,binary,trades,aam_trans,13,fgsm,0.1,0.8936840065872323,0.8913667554281033,0.875871538543552,0.7554887580176377,0.9566462230870773,
CICIoT2023,binary,trades,aam_trans,13,pgd,0.1,0.8929574736026349,0.8906086986207838,0.8750500386863604,0.7538857462615164,0.95626259729619,0.0
CICIoT2023,binary,trades,aam_trans,13,transfer_mlp,0.1,0.8979947689625108,0.8971108152396559,0.8810114515755461,0.7659825223318155,0.9597518264372525,
CICIoT2023,binary,trades,aam_trans,13,transfer_tf,0.1,0.8980432044948174,0.896948176976649,0.8810222115508639,0.7659228792638075,0.95986349515226,
CICIoT2023,binary,trades,aam_trans,13,gaussian,0.2,0.8932480867964739,0.8721196913833129,0.8709502742365066,0.7419243836776163,0.9582971175292458,
CICIoT2023,binary,trades,aam_trans,13,fgsm,0.2,0.8469437179114598,0.8081460125631572,0.8120101871065903,0.6243753413704207,0.9346856593381583,
CICIoT2023,binary,trades,aam_trans,13,pgd,0.2,0.8125544899738448,0.7714119554827257,0.7721062786980587,0.5442262786238161,0.9089205016159134,0.0
CICIoT2023,binary,trades,aam_trans,13,transfer_mlp,0.2,0.8140559914753464,0.7727654308343574,0.7737182277892326,0.547462144680457,0.9136131253129409,
CICIoT2023,binary,trades,aam_trans,13,transfer_tf,0.2,0.8292163130872808,0.7962414652464838,0.794261901495404,0.5886194399857259,0.9212593654695251,
CICIoT2023,binary,trades,aam_trans,13,pgd_constrained,0.1,0.8951855080887339,0.8925234535026628,0.8774826333512906,0.7584843763617954,0.9576159702307797,1.0
CICIoT2023,binary,trades,aam_trans,13,square,0.1,0.8905,0.8882906522044762,0.8698284678008232,0.7444269770386196,0.9602463947167715,
CICIoT2023,binary,trades,aam_trans,13,square_clean_subset,0,0.904,0.9053624816640975,0.885931016782399,0.7768430241586526,0.966061628539187,
CICIoT2023,binary,trades,aam_g2,13,clean,0,0.9112176692821854,0.9113010036870135,0.8961016299476822,0.7955766025107338,0.9682379659975421,
CICIoT2023,binary,trades,aam_g2,13,gaussian,0.05,0.9107333139591204,0.9105660589922163,0.8955076883684564,0.7943353717112501,0.9679529109199326,
CICIoT2023,binary,trades,aam_g2,13,fgsm,0.05,0.9024024024024024,0.9013981291820292,0.8859429793938564,0.7754880945855843,0.9625772338294869,
CICIoT2023,binary,trades,aam_g2,13,pgd,0.05,0.902353966870096,0.901363990167964,0.8858912823946392,0.7753931614091847,0.9624985035732168,0.0
CICIoT2023,binary,trades,aam_g2,13,transfer_mlp,0.05,0.9040976460331299,0.9035768810596749,0.8879482052056182,0.7795518001555516,0.9639382652828986,
CICIoT2023,binary,trades,aam_g2,13,transfer_tf,0.05,0.9044366947592754,0.9038158541581319,0.8883107388592537,0.780217404523677,0.9639949075970686,
CICIoT2023,binary,trades,aam_g2,13,gaussian,0.1,0.908747457134554,0.9046404820428786,0.8925117597971044,0.78723414994319,0.9666051254039782,
CICIoT2023,binary,trades,aam_g2,13,fgsm,0.1,0.8944105395718299,0.8918788406390823,0.8766404419603853,0.756899324522435,0.956809766033957,
CICIoT2023,binary,trades,aam_g2,13,pgd,0.1,0.8938293131841519,0.8911740065546907,0.875961398521635,0.7555379638490534,0.9563915403523146,0.0
CICIoT2023,binary,trades,aam_g2,13,transfer_mlp,0.1,0.8979463334302044,0.8964863443943739,0.8808377749587493,0.7654283264156585,0.9597020915835952,
CICIoT2023,binary,trades,aam_g2,13,transfer_tf,0.1,0.8985275598178823,0.8969944012016933,0.8814757803804156,0.7666370376195277,0.9596284992489417,
CICIoT2023,binary,trades,aam_g2,13,gaussian,0.2,0.8918434563595854,0.8689159156083572,0.8688614745832133,0.7377230016791043,0.9590801185761757,
CICIoT2023,binary,trades,aam_g2,13,fgsm,0.2,0.8563402111789209,0.8205739109654513,0.8239297247577779,0.6481102248439005,0.9366964074377533,
CICIoT2023,binary,trades,aam_g2,13,pgd,0.2,0.8131357163615228,0.7708869315854159,0.7722462733603048,0.5445455846886593,0.9087287427739086,0.0
CICIoT2023,binary,trades,aam_g2,13,transfer_mlp,0.2,0.8132325874261358,0.7700205175474533,0.7719068637778249,0.5439168292618409,0.9138752901816196,
CICIoT2023,binary,trades,aam_g2,13,transfer_tf,0.2,0.8289741354257484,0.79498849515226,0.7935820406331007,0.5872128418868034,0.9206083117119577,
CICIoT2023,binary,trades,aam_g2,13,pgd_constrained,0.1,0.8960089121379444,0.8932022053803086,0.8783769978540561,0.7601667562206924,0.9576974885065319,1.0
CICIoT2023,binary,trades,aam_g2,13,square,0.1,0.894,0.8918184860734233,0.8738095238095238,0.752108108330424,0.961386051152658,
CICIoT2023,binary,trades,aam_g2,13,square_clean_subset,0,0.906,0.9061973173283766,0.8879884270596128,0.7803493384182315,0.967421502430479,
CICIoT2023,binary,trades,transformer,14,clean,0,0.8955729923471859,0.9017499317219719,0.8797365615218196,0.7666697240568141,0.961305407619828,
CICIoT2023,binary,trades,transformer,14,gaussian,0.05,0.8949917659595079,0.9006515430834358,0.8789887249209659,0.7649766124239855,0.9611786210114254,
CICIoT2023,binary,trades,transformer,14,fgsm,0.05,0.8838515935290129,0.8878801379216168,0.8663133025882772,0.739862392932276,0.9529500204834085,
CICIoT2023,binary,trades,transformer,14,pgd,0.05,0.8836094158674804,0.8875126655742183,0.8660183205978644,0.7392339188101171,0.952840451317766,0.0
CICIoT2023,binary,trades,transformer,14,transfer_mlp,0.05,0.8875326939843069,0.8921965041649598,0.8705188584076805,0.7482424162330282,0.9558199849788338,
CICIoT2023,binary,trades,transformer,14,transfer_tf,0.05,0.8870483386612419,0.8913631708316263,0.8699086034893313,0.7468974625177961,0.9554464472666029,
CICIoT2023,binary,trades,transformer,14,gaussian,0.1,0.8951855080887339,0.9001977673084801,0.8790742813100918,0.7648210350513075,0.9608593814010651,
CICIoT2023,binary,trades,transformer,14,fgsm,0.1,0.8694178049016759,0.8702291752014202,0.8496635840943612,0.7063325900940599,0.9437186376257454,
CICIoT2023,binary,trades,transformer,14,pgd,0.1,0.8684975297878523,0.8692361736993035,0.8486346776030986,0.7043229480790716,0.9430643065228277,0.0
CICIoT2023,binary,trades,transformer,14,transfer_mlp,0.1,0.8785721205076044,0.8822404069370476,0.8604110280006386,0.7283714951072798,0.9500497576130001,
CICIoT2023,binary,trades,transformer,14,transfer_tf,0.1,0.8774096677322484,0.880584767171924,0.8590180489371946,0.7254511433225012,0.9492140459283536,
CICIoT2023,binary,trades,transformer,14,gaussian,0.2,0.8930059091349414,0.8948735490919022,0.8760043122221607,0.7574541861188847,0.9600102303245482,
CICIoT2023,binary,trades,transformer,14,fgsm,0.2,0.8406470987116148,0.8325358118257544,0.8156845800513368,0.6368440452407893,0.9231826778642633,
CICIoT2023,binary,trades,transformer,14,pgd,0.2,0.8353191901578998,0.8262224156766352,0.8095691535602743,0.6246252330785605,0.9188554440347763,0.0
CICIoT2023,binary,trades,transformer,14,transfer_mlp,0.2,0.8588104233265523,0.857636521917247,0.8375237381545518,0.6820629013165197,0.9382054770358232,
CICIoT2023,binary,trades,transformer,14,transfer_tf,0.2,0.8636055410248958,0.8663292707906596,0.8437735582576091,0.6960409448231867,0.9379228628977195,
CICIoT2023,binary,trades,transformer,14,pgd_constrained,0.1,0.8712099195970163,0.8721318448723201,0.8516607918426445,0.7102187576216485,0.9445434020665484,1.0
CICIoT2023,binary,trades,transformer,14,square,0.1,0.861,0.8591114491521632,0.8369585616695443,0.6814865148423902,0.9499376115411191,
CICIoT2023,binary,trades,transformer,14,square_clean_subset,0,0.89,0.892955323898011,0.8705053587237008,0.7479246951127693,0.9588459875024236,
CICIoT2023,binary,trades,aam_noGate,14,clean,0,0.9092802479899255,0.910230609040011,0.8940717382523671,0.7919620258337138,0.9672230074195457,
CICIoT2023,binary,trades,aam_noGate,14,gaussian,0.05,0.9090865058606994,0.9098480813874095,0.8938182011476061,0.7913999287289153,0.9669717442760253,
CICIoT2023,binary,trades,aam_noGate,14,fgsm,0.05,0.9000290613193839,0.9004632322818518,0.8835629785231129,0.7714328313425924,0.9614443135782239,
CICIoT2023,binary,trades,aam_noGate,14,pgd,0.05,0.8996900125932384,0.9002242591833948,0.8832027588732247,0.7707767113007004,0.9613491396968455,0.0
CICIoT2023,binary,trades,aam_noGate,14,transfer_mlp,0.05,0.9014821272885789,0.9023729004506349,0.8852845692517932,0.7749427821097197,0.9628297145978424,
CICIoT2023,binary,trades,aam_noGate,14,transfer_tf,0.05,0.9011430785624334,0.9019371500751059,0.8848848972204973,0.7741316215301015,0.9627520654103511,
CICIoT2023,binary,trades,aam_noGate,14,gaussian,0.1,0.9060350673253899,0.9014496449542537,0.8893364057950917,0.7809019212542451,0.9653363148072283,
CICIoT2023,binary,trades,aam_noGate,14,fgsm,0.1,0.8907778746488424,0.8893184145841868,0.8728042281467213,0.7498823162429865,0.9551740975920615,
CICIoT2023,binary,trades,aam_noGate,14,pgd,0.1,0.8904388259226969,0.8890302471664618,0.8724364246467198,0.7491914463824255,0.9547328166962538,0.0
CICIoT2023,binary,trades,aam_noGate,14,transfer_mlp,0.1,0.8953792502179599,0.8957100573535436,0.8783327114560405,0.7612868183810713,0.9582872229050026,
CICIoT2023,binary,trades,aam_noGate,14,transfer_tf,0.1,0.8952823791533469,0.8952482247712685,0.8781480561497437,0.7607810743763592,0.9580032830351859,
CICIoT2023,binary,trades,aam_noGate,14,gaussian,0.2,0.8929574736026349,0.8730463266420866,0.8709246885264036,0.7419273109677916,0.9600286995311575,
CICIoT2023,binary,trades,aam_noGate,14,fgsm,0.2,0.8412767606315994,0.7962806568346306,0.8029750177542355,0.607105802949086,0.9291998497883381,
CICIoT2023,binary,trades,aam_noGate,14,pgd,0.2,0.7996706383803158,0.7506227297555647,0.7538464639289623,0.5080373332832417,0.9050269015430834,0.0
CICIoT2023,binary,trades,aam_noGate,14,transfer_mlp,0.2,0.8036907875617553,0.7556208179707771,0.7588481056527601,0.5180302217559146,0.9100867756839183,
CICIoT2023,binary,trades,aam_noGate,14,transfer_tf,0.2,0.8212728857890148,0.7840506281578588,0.7836035438875235,0.5672123416535679,0.9176388775092176,
CICIoT2023,binary,trades,aam_noGate,14,pgd_constrained,0.1,0.8924731182795699,0.891103611907688,0.8747199601833884,0.7536222143843159,0.9560359939004961,1.0
CICIoT2023,binary,trades,aam_noGate,14,square,0.1,0.8895,0.8843688326149961,0.8681374413591987,0.7400486077883748,0.9600117320129847,
CICIoT2023,binary,trades,aam_noGate,14,square_clean_subset,0,0.911,0.9113636476617999,0.8938449133822204,0.791692886028999,0.9667340263174901,
CICIoT2023,binary,trades,aam_trans,14,clean,0,0.9092318124576189,0.9100488870681415,0.8939924587374073,0.7917582354533368,0.9669060039146069,
CICIoT2023,binary,trades,aam_trans,14,gaussian,0.05,0.9090865058606994,0.9099956643452137,0.8938455166576043,0.791508458322294,0.9665744571896763,
CICIoT2023,binary,trades,aam_trans,14,fgsm,0.05,0.8995447059963189,0.9003186194182712,0.8830880300379406,0.7706518243824062,0.9609884268742319,
CICIoT2023,binary,trades,aam_trans,14,pgd,0.05,0.8993993993993994,0.9002162023760754,0.8829337713769285,0.7703712957311514,0.96088209522509,0.0
CICIoT2023,binary,trades,aam_trans,14,transfer_mlp,0.05,0.9012399496270465,0.9024481769766489,0.8850755704562143,0.7746675964677895,0.9623668123264602,
CICIoT2023,binary,trades,aam_trans,14,transfer_tf,0.05,0.9011915140947399,0.9021680663662432,0.8849754164128049,0.774380034855569,0.9623828462833992,
CICIoT2023,binary,trades,aam_trans,14,gaussian,0.1,0.9059381962607769,0.9025128362692885,0.8894567658724485,0.7814883007960621,0.9650885338431426,
CICIoT2023,binary,trades,aam_trans,14,fgsm,0.1,0.8908263101811489,0.8892049706404479,0.8728228647941476,0.7498544954887642,0.9553006622968729,
CICIoT2023,binary,trades,aam_trans,14,pgd,0.1,0.8902450837934709,0.8885985251945925,0.872167494832061,0.748577238510207,0.9548457940734673,0.0
CICIoT2023,binary,trades,aam_trans,14,transfer_mlp,0.1,0.8951855080887339,0.8953275297009422,0.8780765422007749,0.7607146992014355,0.9583802289589878,
CICIoT2023,binary,trades,aam_trans,14,transfer_tf,0.1,0.8950402014918144,0.8950283353816741,0.8778817349175322,0.7602756736071976,0.9583318767353999,
CICIoT2023,binary,trades,aam_trans,14,gaussian,0.2,0.8929574736026349,0.8749649050935409,0.8714065445481566,0.7430297120727151,0.9597059948108698,
CICIoT2023,binary,trades,aam_trans,14,fgsm,0.2,0.8458781362007168,0.8048860439710501,0.8099179497336872,0.6204524290611467,0.932313595293368,
CICIoT2023,binary,trades,aam_trans,14,pgd,0.2,0.8044173205463528,0.7605603919158814,0.7617392545132978,0.5235208889942932,0.9063035356638901,0.0
CICIoT2023,binary,trades,aam_trans,14,transfer_mlp,0.2,0.8023830281894798,0.7555353680185717,0.7579965443903526,0.5161860202930314,0.9092520881696937,
CICIoT2023,binary,trades,aam_trans,14,transfer_tf,0.2,0.8197713842875133,0.7849108971732897,0.7829360626511089,0.5659730877466714,0.9171322545404889,
CICIoT2023,binary,trades,aam_trans,14,pgd_constrained,0.1,0.8924731182795699,0.8909560289498839,0.8746880030894135,0.7535027073729805,0.9560643804906914,1.0
CICIoT2023,binary,trades,aam_trans,14,square,0.1,0.892,0.8872011692243449,0.8710587864482784,0.7458141905800412,0.9593549132775565,
CICIoT2023,binary,trades,aam_trans,14,square_clean_subset,0,0.91,0.9090222162567919,0.89244536224402,0.7885089810896799,0.9657534587067942,
CICIoT2023,binary,trades,aam_g2,14,clean,0,0.9083599728761019,0.9076633893213164,0.8927248985992398,0.7887493732363451,0.9670631116573354,
CICIoT2023,binary,trades,aam_g2,14,gaussian,0.05,0.9075850043591979,0.9065268332650553,0.8917802100945719,0.7867892354096531,0.9667814022031044,
CICIoT2023,binary,trades,aam_g2,14,fgsm,0.05,0.8992540928024799,0.8980476239246211,0.8823597284632791,0.7684709441127926,0.9614605466794118,
CICIoT2023,binary,trades,aam_g2,14,pgd,0.05,0.8990119151409474,0.8978277345350266,0.8820920992543536,0.7679609391964608,0.9613832559515683,0.0
CICIoT2023,binary,trades,aam_g2,14,transfer_mlp,0.05,0.9007555943039814,0.9000898197460057,0.8841576868081222,0.7721559981056666,0.9628501411079248,
CICIoT2023,binary,trades,aam_g2,14,transfer_tf,0.05,0.9008040298362879,0.8999763758022669,0.8841795071083085,0.7721372833846187,0.9628059822932313,
CICIoT2023,binary,trades,aam_g2,14,gaussian,0.1,0.9049210500823404,0.8999265328417315,0.8879896517369616,0.7781561690019718,0.9651923050662297,
CICIoT2023,binary,trades,aam_g2,14,fgsm,0.1,0.8900513416642449,0.8867893622832173,0.871591718961534,0.7468467117741263,0.955361873549092,
CICIoT2023,binary,trades,aam_g2,14,pgd,0.1,0.8895185508088734,0.886266250170695,0.8709971355865719,0.7456981396688994,0.9549402453457144,0.0
CICIoT2023,binary,trades,aam_g2,14,transfer_mlp,0.1,0.8938293131841519,0.8921578929400519,0.8761736096423413,0.7563176187904357,0.9584495766762255,
CICIoT2023,binary,trades,aam_g2,14,transfer_tf,0.1,0.8937324421195388,0.8918928376348491,0.876028884206743,0.7559732877686208,0.9582768446447266,
CICIoT2023,binary,trades,aam_g2,14,gaussian,0.2,0.8922793761503439,0.8725683804451727,0.8701946479379228,0.7404869560395726,0.9599980939050481,
CICIoT2023,binary,trades,aam_g2,14,fgsm,0.2,0.8472827666376054,0.8077454595111293,0.8121080113222228,0.6246707133251999,0.9312446060357776,
CICIoT2023,binary,trades,aam_g2,14,pgd,0.2,0.8117310859246343,0.7710283695206882,0.7713883660727171,0.5427804191274983,0.9095196299330874,0.0
CICIoT2023,binary,trades,aam_g2,14,transfer_mlp,0.2,0.8033517388356098,0.7551358732759799,0.7583944081705312,0.5171305058303656,0.9111976648914379,
CICIoT2023,binary,trades,aam_g2,14,transfer_tf,0.2,0.8209822725951759,0.7839933770312713,0.7833787963462926,0.566767512086352,0.9190396695343438,
CICIoT2023,binary,trades,aam_g2,14,pgd_constrained,0.1,0.8917465852949724,0.8884269766489143,0.8734792201472033,0.7504843716446046,0.9562073945104466,1.0
CICIoT2023,binary,trades,aam_g2,14,square,0.1,0.888,0.8816806605719854,0.866154228570336,0.7358002005942499,0.9598290407090907,
CICIoT2023,binary,trades,aam_g2,14,square_clean_subset,0,0.909,0.904483518013114,0.8906118523861041,0.7838099165836913,0.9665090798820833,
CICIoT2023,binary,trades,transformer,15,clean,0,0.8958636055410248,0.9033322067458691,0.8803127052718979,0.7684387213392995,0.9608852758432336,
CICIoT2023,binary,trades,transformer,15,gaussian,0.05,0.8953792502179599,0.90264645637034,0.8797367092540096,0.7672311292525307,0.9607750182074741,
CICIoT2023,binary,trades,transformer,15,fgsm,0.05,0.8842875133197714,0.8902043561381947,0.8672046282633363,0.7425480574590004,0.9529649733715689,
CICIoT2023,binary,trades,transformer,15,pgd,0.05,0.8841422067228519,0.8900035504574628,0.8670325674847273,0.7421894998142906,0.9528650712367426,0.0
CICIoT2023,binary,trades,transformer,15,transfer_mlp,0.05,0.8877748716458393,0.8945317492830807,0.871227365842508,0.750687691895236,0.9556467294824524,
CICIoT2023,binary,trades,transformer,15,transfer_tf,0.05,0.8878233071781458,0.8944674996586098,0.8712572852402294,0.7506845410027864,0.9555498543402067,
CICIoT2023,binary,trades,transformer,15,gaussian,0.1,0.8955729923471859,0.9019959033183121,0.8797851960512848,0.7668877720490554,0.9606510082388819,
CICIoT2023,binary,trades,transformer,15,fgsm,0.1,0.8715005327908554,0.8748455892393827,0.8525651364020794,0.7131850264750123,0.9443428922572716,
CICIoT2023,binary,trades,transformer,15,pgd,0.1,0.8709193064031774,0.8741407551549911,0.8518982617834684,0.7118440019850154,0.9437662217215167,0.0
CICIoT2023,binary,trades,transformer,15,transfer_mlp,0.1,0.8782815073137654,0.8834622081114298,0.8604341906553968,0.7292105503106225,0.9501466612044245,
CICIoT2023,binary,trades,transformer,15,transfer_tf,0.1,0.8790080402983629,0.8839250990031409,0.8611734034708343,0.7304829382544892,0.9498817538349493,
CICIoT2023,binary,trades,transformer,15,gaussian,0.2,0.8947011527656689,0.8984789362283216,0.8782863791915382,0.7627167723498088,0.9597065922436161,
CICIoT2023,binary,trades,transformer,15,fgsm,0.2,0.8480577351545093,0.8447446743138058,0.8251922064484822,0.6573479227168112,0.9254739291729255,
CICIoT2023,binary,trades,transformer,15,pgd,0.2,0.8436501017146179,0.8394242796668032,0.8201285255682236,0.64718212485825,0.9216826437252492,0.0
CICIoT2023,binary,trades,transformer,15,transfer_mlp,0.2,0.8636055410248958,0.8655913560016386,0.8435876774313519,0.695292162351263,0.9395883233192227,
CICIoT2023,binary,trades,transformer,15,transfer_tf,0.2,0.8708224353385644,0.8779588283490373,0.8527156235333938,0.7155844035544523,0.9411892211752924,
CICIoT2023,binary,trades,transformer,15,pgd_constrained,0.1,0.8723239368400659,0.8760654786289772,0.8535623394113594,0.715302394570408,0.9450016785015249,1.0
CICIoT2023,binary,trades,transformer,15,square,0.1,0.866,0.8649885583524027,0.8447456841617426,0.6962134970866651,0.9493516399694889,
CICIoT2023,binary,trades,transformer,15,square_clean_subset,0,0.89,0.8922044241037377,0.8721114629983584,0.7502561808837361,0.9582584286803966,
CICIoT2023,binary,trades,aam_noGate,15,clean,0,0.9108301850237334,0.9114214461286358,0.8957561893045569,0.7950908708535976,0.9686331250853475,
CICIoT2023,binary,trades,aam_noGate,15,gaussian,0.05,0.9102489586360554,0.9100770858937594,0.8949589018497168,0.7932691905149664,0.9682320314989303,
CICIoT2023,binary,trades,aam_noGate,15,fgsm,0.05,0.9006102877070619,0.8998890140652738,0.8839831128436253,0.7717970154142902,0.9627215337521052,
CICIoT2023,binary,trades,aam_noGate,15,pgd,0.05,0.9004649811101424,0.8996882083845419,0.8838085232968038,0.7714380153822246,0.962649597159634,0.0
CICIoT2023,binary,trades,aam_noGate,15,transfer_mlp,0.05,0.9026930155962414,0.902586849651782,0.886448276962321,0.7768028597273989,0.9640502412490326,
CICIoT2023,binary,trades,aam_noGate,15,transfer_tf,0.05,0.9029351932577739,0.9027575447221083,0.8867066565841195,0.777275834568022,0.9642356616140925,
CICIoT2023,binary,trades,aam_noGate,15,gaussian,0.1,0.9082146662791825,0.9047568960808412,0.8920323174095224,0.7864936377270478,0.9671331421548548,
CICIoT2023,binary,trades,aam_noGate,15,fgsm,0.1,0.8916981497626659,0.8890323637853339,0.8735692133197248,0.7508989851124152,0.9569703445764486,
CICIoT2023,binary,trades,aam_noGate,15,pgd,0.1,0.8909716167780684,0.8882743069780145,0.8727483014242045,0.7492971361398947,0.9564948677682188,0.0
CICIoT2023,binary,trades,aam_noGate,15,transfer_mlp,0.1,0.8947495882979754,0.8929049228458281,0.877168243466427,0.7581773114127385,0.9597093745732623,
CICIoT2023,binary,trades,aam_noGate,15,transfer_tf,0.1,0.8960573476702509,0.8944662023760754,0.878689265951043,0.7612181990072137,0.960102678774637,
CICIoT2023,binary,trades,aam_noGate,15,gaussian,0.2,0.8962995253317834,0.8765333879557559,0.8748154999208206,0.7496814657881835,0.9608419306750422,
CICIoT2023,binary,trades,aam_noGate,15,fgsm,0.2,0.8440375859730699,0.8033919841594974,0.8079468580902252,0.616401449527004,0.9319247860621785,
CICIoT2023,binary,trades,aam_noGate,15,pgd,0.2,0.8046594982078853,0.7604851153898675,0.7618557127298671,0.5237688376904052,0.9060873788065,0.0
CICIoT2023,binary,trades,aam_noGate,15,transfer_mlp,0.2,0.8061125641770803,0.7620012290045064,0.7635087054406291,0.5270863024419313,0.9110474873685648,
CICIoT2023,binary,trades,aam_noGate,15,transfer_tf,0.2,0.8124576189092318,0.7706057626655742,0.7716707780866039,0.5433740891167005,0.9148578166962539,
CICIoT2023,binary,trades,aam_noGate,15,pgd_constrained,0.1,0.8928121670057154,0.8898667554281032,0.8747569302974245,0.7530973329236234,0.9576181551276799,1.0
CICIoT2023,binary,trades,aam_noGate,15,square,0.1,0.884,0.875026697177727,0.862811350231979,0.7280379927699676,0.9589919145690313,
CICIoT2023,binary,trades,aam_noGate,15,square_clean_subset,0,0.905,0.900655987795576,0.8876472264830861,0.7777920434494431,0.965926468344775,
CICIoT2023,binary,trades,aam_trans,15,clean,0,0.9091833769253124,0.9089816673494469,0.8937485356071785,0.7909110805752958,0.9680238859301744,
CICIoT2023,binary,trades,aam_trans,15,gaussian,0.05,0.9089896347960864,0.9085007510583094,0.8934758219986385,0.7902796866625078,0.9676582343301926,
CICIoT2023,binary,trades,aam_trans,15,fgsm,0.05,0.9009977719655139,0.900162126177796,0.8843958100860301,0.7725532032324542,0.9623361782511721,
CICIoT2023,binary,trades,aam_trans,15,pgd,0.05,0.9008040298362879,0.8999763758022669,0.8841795071083085,0.7721372833846187,0.9622571066047612,0.0
CICIoT2023,binary,trades,aam_trans,15,transfer_mlp,0.05,0.9027898866608544,0.9026551276799126,0.886551617412388,0.7769920008121134,0.9637088966270654,
CICIoT2023,binary,trades,aam_trans,15,transfer_tf,0.05,0.9032258064516129,0.9032083504028403,0.8870651846047624,0.7780307952848385,0.9638416973917794,
CICIoT2023,binary,trades,aam_trans,15,gaussian,0.1,0.9065194226484549,0.9028241157995357,0.890062433361001,0.7825838676485946,0.9665039544357958,
CICIoT2023,binary,trades,aam_trans,15,fgsm,0.1,0.8918918918918919,0.8897592516728117,0.8739032435846941,0.7517468593856642,0.9566930447448677,
CICIoT2023,binary,trades,aam_trans,15,pgd,0.1,0.8914075365688269,0.8893194728936229,0.8733707059235964,0.7507331410357241,0.9562160373708408,0.0
CICIoT2023,binary,trades,aam_trans,15,transfer_mlp,0.1,0.8957182989441054,0.894669978151031,0.8784233782518436,0.7609111326446957,0.9594793572761618,
CICIoT2023,binary,trades,aam_trans,15,transfer_tf,0.1,0.8971229293809939,0.8963979243479449,0.8800660723553335,0.7642145685157432,0.9598174530019573,
CICIoT2023,binary,trades,aam_trans,15,gaussian,0.2,0.8960089121379444,0.8765745254677045,0.874561817412498,0.7491928353063453,0.9601200157039463,
CICIoT2023,binary,trades,aam_trans,15,fgsm,0.2,0.8591979075850044,0.8245558855660249,0.8276163152152793,0.6554369007780758,0.9360654729391416,
CICIoT2023,binary,trades,aam_trans,15,pgd,0.2,0.8111498595369563,0.7704711183941008,0.7707505379322217,0.541503302819167,0.9072577211070145,0.0
CICIoT2023,binary,trades,aam_trans,15,transfer_mlp,0.2,0.8091155671800833,0.7665775638399563,0.7676134777528607,0.5352584698865064,0.9111164481769767,
CICIoT2023,binary,trades,aam_trans,15,transfer_tf,0.2,0.8142497336045723,0.7744270107879285,0.7746025179100142,0.549205893934731,0.9149930527106378,
CICIoT2023,binary,trades,aam_trans,15,pgd_constrained,0.1,0.8932965223287804,0.8909460603577768,0.8754298070126454,0.7546207048134108,0.9574347262051071,1.0
CICIoT2023,binary,trades,aam_trans,15,square,0.1,0.8825,0.872418001525553,0.8608429541678868,0.7238794911855838,0.9586892448512585,
CICIoT2023,binary,trades,aam_trans,15,square_clean_subset,0,0.9005,0.8933485888634629,0.8819394325558244,0.7658564226903495,0.9653223493516401,
CICIoT2023,binary,trades,aam_g2,15,clean,0,0.9102973941683619,0.910357196504165,0.895056419797595,0.7935412205574583,0.9679801367836496,
CICIoT2023,binary,trades,aam_g2,15,gaussian,0.05,0.9086505860699409,0.9082125836405845,0.893102098340119,0.7895728459671525,0.9676127611634575,
CICIoT2023,binary,trades,aam_g2,15,fgsm,0.05,0.8999321902547709,0.8985255701215349,0.8830813090680845,0.7697946541945809,0.9622189676362147,
CICIoT2023,binary,trades,aam_g2,15,pgd,0.05,0.8998353191901579,0.8984572920934044,0.8829781807220535,0.7696053574739966,0.9621486754062544,0.0
CICIoT2023,binary,trades,aam_g2,15,transfer_mlp,0.05,0.9019664826116439,0.9013368496517821,0.8855269665431139,0.7748211249655997,0.9635611543538622,
CICIoT2023,binary,trades,aam_g2,15,transfer_tf,0.05,0.9020149181439504,0.9013217943465792,0.8855688058326063,0.7748783991190933,0.9637286062178524,
CICIoT2023,binary,trades,aam_g2,15,gaussian,0.1,0.9068100358422939,0.9028813669261231,0.8903461648791104,0.7830655738791632,0.9665541330966362,
CICIoT2023,binary,trades,aam_g2,15,fgsm,0.1,0.8914559721011334,0.888418919841595,0.8732158586312703,0.750076900735564,0.9564895648413674,
CICIoT2023,binary,trades,aam_g2,15,pgd,0.1,0.8907294391165359,0.8878084459920798,0.8724274202870497,0.7485920929016264,0.9560339398698164,0.0
CICIoT2023,binary,trades,aam_g2,15,transfer_mlp,0.1,0.8952339436210404,0.8937874504984296,0.877796180456268,0.7595441726632131,0.9592761220355956,
CICIoT2023,binary,trades,aam_g2,15,transfer_tf,0.1,0.8957667344764119,0.8944089512494879,0.8784124614390194,0.7607709276968586,0.9596238335836861,
CICIoT2023,binary,trades,aam_g2,15,gaussian,0.2,0.8950402014918144,0.8747602758432337,0.8732338297118456,0.7465078048703002,0.9599532807592516,
CICIoT2023,binary,trades,aam_g2,15,fgsm,0.2,0.8544512254189673,0.8222925372115253,0.8230700961249608,0.6461533716322849,0.9374421685101735,
CICIoT2023,binary,trades,aam_g2,15,pgd,0.2,0.8098421001646808,0.7695985593336064,0.7694924573800956,0.5389852364908041,0.9085143497655788,0.0
CICIoT2023,binary,trades,aam_g2,15,transfer_mlp,0.2,0.8088249539862443,0.7676517820565343,0.767928282436132,0.5358587817049907,0.9113838021757932,
CICIoT2023,binary,trades,aam_g2,15,transfer_tf,0.2,0.8156059285091544,0.7773506759524785,0.7768186119958868,0.5536449399015951,0.9143861122490783,
CICIoT2023,binary,trades,aam_g2,15,pgd_constrained,0.1,0.892666860408796,0.8895183667895672,0.8745493910571389,0.7526212154166265,0.9572280201647776,1.0
CICIoT2023,binary,trades,aam_g2,15,square,0.1,0.8815,0.8701601830663616,0.8593952035966351,0.7207082004405305,0.9587075514874142,
CICIoT2023,binary,trades,aam_g2,15,square_clean_subset,0,0.901,0.8936994660564455,0.8824773768950522,0.766866510479559,0.9652637681159421,
CICIoT2023,binary,trades,transformer,16,clean,0,0.8924731182795699,0.895088351768401,0.8755674893847407,0.7569503314826617,0.9588565364832263,
CICIoT2023,binary,trades,transformer,16,gaussian,0.05,0.8929574736026349,0.8957249078246621,0.8761382307645023,0.7581178823333599,0.958801276799126,
CICIoT2023,binary,trades,transformer,16,fgsm,0.05,0.8800251864767994,0.880804861395603,0.8613511103743033,0.7287636795171695,0.9508505792252719,
CICIoT2023,binary,trades,transformer,16,pgd,0.05,0.8798798798798799,0.8806040557148709,0.8611774829307297,0.7284040888012673,0.9507486628886157,0.0
CICIoT2023,binary,trades,transformer,16,transfer_mlp,0.05,0.8838515935290129,0.8850760617233374,0.8656902441875111,0.7373136033832054,0.9536459329054576,
CICIoT2023,binary,trades,transformer,16,transfer_tf,0.05,0.8838515935290129,0.8850268674040693,0.8656791769509454,0.7372697020795792,0.9532965200964997,
CICIoT2023,binary,trades,transformer,16,gaussian,0.1,0.8927152959411024,0.8944719377304383,0.8756571806796815,0.7567364558873103,0.9586850448359051,
CICIoT2023,binary,trades,transformer,16,fgsm,0.1,0.8677225612709484,0.8658366789567117,0.8471210182473744,0.7001658777828618,0.9421954572351949,
CICIoT2023,binary,trades,transformer,16,pgd,0.1,0.8669475927540443,0.8648477058582549,0.8462127095988292,0.6983205102801011,0.9416399813373391,0.0
CICIoT2023,binary,trades,transformer,16,transfer_mlp,0.1,0.8765378281507313,0.8767726341663253,0.8573678002663405,0.7208517684089715,0.9482987505120851,
CICIoT2023,binary,trades,transformer,16,transfer_tf,0.1,0.8761019083599729,0.8765637716782739,0.8569404323030474,0.7201364165783221,0.947465838226592,
CICIoT2023,binary,trades,transformer,16,gaussian,0.2,0.8910684878426814,0.8903103577768674,0.8732821476892384,0.7510873262678737,0.9580315216896537,
CICIoT2023,binary,trades,transformer,16,fgsm,0.2,0.8437954083115373,0.834558070462925,0.8187779517645092,0.6423391591271516,0.9236675884200465,
CICIoT2023,binary,trades,transformer,16,pgd,0.2,0.8400658723239368,0.8298632049706405,0.814396823623984,0.6334810667076628,0.9201347922072012,0.0
CICIoT2023,binary,trades,transformer,16,transfer_mlp,0.2,0.8615712486680228,0.8586477536528745,0.8400839137462849,0.6861515585939207,0.9384400632709726,
CICIoT2023,binary,trades,transformer,16,transfer_tf,0.2,0.8623946527172334,0.8611466953434385,0.8414303148890947,0.6895259893267593,0.9368060107424097,
CICIoT2023,binary,trades,transformer,16,pgd_constrained,0.1,0.8692240627724499,0.8677804861395603,0.8488874137199673,0.7037667912280969,0.9430150837543811,1.0
CICIoT2023,binary,trades,transformer,16,square,0.1,0.8595,0.8532228961916462,0.8381089745528625,0.6805265444201415,0.9440684025644963,
CICIoT2023,binary,trades,transformer,16,square_clean_subset,0,0.89,0.8920166615479115,0.8737256333520449,0.7528986338247101,0.9534777142199016,
CICIoT2023,binary,trades,aam_noGate,16,clean,0,0.9118473312021699,0.9118431995083982,0.896798312419016,0.7968969216918356,0.9673457030360963,
CICIoT2023,binary,trades,aam_noGate,16,gaussian,0.05,0.9107333139591204,0.9104676703536803,0.8954895889697086,0.7942654697182345,0.9670523692475761,
CICIoT2023,binary,trades,aam_noGate,16,fgsm,0.05,0.9015789983531919,0.9003750170695071,0.8849757647445509,0.7735403931197349,0.9615158860212117,
CICIoT2023,binary,trades,aam_noGate,16,pgd,0.05,0.9014821272885789,0.9002575447221084,0.884862551914575,0.7733134318911035,0.9614392837634849,0.0
CICIoT2023,binary,trades,aam_noGate,16,transfer_mlp,0.05,0.9032742419839194,0.9023569916700805,0.8869423977208719,0.7774568984277411,0.9628733783968317,
CICIoT2023,binary,trades,aam_noGate,16,transfer_tf,0.05,0.9035648551777584,0.9025618257544722,0.8872529566664737,0.7780275944332262,0.9628563942373345,
CICIoT2023,binary,trades,aam_noGate,16,gaussian,0.1,0.9073912622299719,0.9031434521371022,0.8909432772628214,0.7841343307517185,0.9653114616049888,
CICIoT2023,binary,trades,aam_noGate,16,fgsm,0.1,0.8929574736026349,0.8895756179161546,0.8748243775234483,0.7530706270797609,0.9556384450817059,
CICIoT2023,binary,trades,aam_noGate,16,pgd,0.1,0.8924246827472634,0.8890033114843643,0.8742175978523986,0.7518796036970944,0.9552393201784333,0.0
CICIoT2023,binary,trades,aam_noGate,16,transfer_mlp,0.1,0.8970260583163809,0.8950505940188447,0.8796961374347609,0.7630254475526522,0.9585352940507078,
CICIoT2023,binary,trades,aam_noGate,16,transfer_tf,0.1,0.8970260583163809,0.895247371295917,0.8797374425163971,0.7631781749302028,0.9586120726933406,
CICIoT2023,binary,trades,aam_noGate,16,gaussian,0.2,0.8928606025380219,0.8731748258910284,0.8708701607814512,0.7418321825726868,0.9593690313623742,
CICIoT2023,binary,trades,aam_noGate,16,fgsm,0.2,0.8568245665019859,0.8208169124675679,0.8243980263248379,0.6490816215705847,0.9332587566571077,
CICIoT2023,binary,trades,aam_noGate,16,pgd,0.2,0.8081952920662598,0.7637151782056535,0.7656605262954239,0.5314350176899149,0.9072199007692658,0.0
CICIoT2023,binary,trades,aam_noGate,16,transfer_mlp,0.2,0.8109076818754238,0.7670535982520825,0.7689977108981789,0.5381069531619673,0.9120284491783878,
CICIoT2023,binary,trades,aam_noGate,16,transfer_tf,0.2,0.8191901578998353,0.7807624607401338,0.7807486488777148,0.561497302876753,0.9163348866584733,
CICIoT2023,binary,trades,aam_noGate,16,pgd_constrained,0.1,0.8938777487164584,0.8905686194182711,0.8758737806905084,0.7551321522446045,0.9563869827939369,1.0
CICIoT2023,binary,trades,aam_noGate,16,square,0.1,0.888,0.8837434735872236,0.8701236955838578,0.743392455872174,0.9545238597972973,
CICIoT2023,binary,trades,aam_noGate,16,square_clean_subset,0,0.907,0.9080063728501229,0.8924328225627359,0.7886339134079943,0.9615541500307125,
CICIoT2023,binary,trades,aam_trans,16,clean,0,0.9112176692821854,0.9099235627475079,0.8958485336806432,0.7946097027273906,0.9667932029222995,
CICIoT2023,binary,trades,aam_trans,16,gaussian,0.05,0.9100552165068294,0.908858254813601,0.8945492384783325,0.7921179020017085,0.9664464188174245,
CICIoT2023,binary,trades,aam_trans,16,fgsm,0.05,0.9007555943039814,0.8983680185716236,0.8838080129131487,0.7708523331907672,0.961059817242478,
CICIoT2023,binary,trades,aam_trans,16,pgd,0.05,0.9003681100455294,0.8980457121398333,0.8833846545243211,0.7700535185119425,0.9609769846146843,0.0
CICIoT2023,binary,trades,aam_trans,16,transfer_mlp,0.05,0.9026445800639349,0.9007325208247986,0.8860343795901013,0.7753394906572079,0.9624255428103236,
CICIoT2023,binary,trades,aam_trans,16,transfer_tf,0.05,0.9026930155962414,0.900914242796668,0.8861157225127259,0.7755442276324306,0.9624654740771087,
CICIoT2023,binary,trades,aam_trans,16,gaussian,0.1,0.9055022764700184,0.899598286221494,0.8884659915086743,0.7788309775172323,0.9644167804633802,
CICIoT2023,binary,trades,aam_trans,16,fgsm,0.1,0.8912137944396009,0.8871659497473713,0.8727194141104626,0.7487509075297027,0.9547920990941783,
CICIoT2023,binary,trades,aam_trans,16,pgd,0.1,0.8903419548580839,0.8864038645363922,0.8717657876529805,0.7469394571687269,0.9543581068778733,0.0
CICIoT2023,binary,trades,aam_trans,16,transfer_mlp,0.1,0.8950402014918144,0.892421036460467,0.8773286219503309,0.7582013420101653,0.9576455004779462,
CICIoT2023,binary,trades,aam_trans,16,transfer_tf,0.1,0.8951855080887339,0.8927694250990031,0.8775353111439179,0.7586760460064981,0.9578713414356593,
CICIoT2023,binary,trades,aam_trans,16,gaussian,0.2,0.8889857599535019,0.8676888228867949,0.8659930052454712,0.7320369384695792,0.9579402908643999,
CICIoT2023,binary,trades,aam_trans,16,fgsm,0.2,0.8459750072653298,0.8051019049569849,0.8100768917147836,0.6207555481544021,0.9311505416723564,
CICIoT2023,binary,trades,aam_trans,16,pgd,0.2,0.8046110626755788,0.7581880376894715,0.7607006967972565,0.521599200983081,0.9049641369657244,0.0
CICIoT2023,binary,trades,aam_trans,16,transfer_mlp,0.2,0.8037876586263683,0.7574600914925578,0.7598264291473136,0.5198288696376766,0.9074288315353453,
CICIoT2023,binary,trades,aam_trans,16,transfer_tf,0.2,0.8101327133585198,0.7678356206472756,0.7688632906538054,0.5377573625388983,0.912181061950931,
CICIoT2023,binary,trades,aam_trans,16,pgd_constrained,0.1,0.8918434563595854,0.8879049228458282,0.8734506550046331,0.7502083459879789,0.9556007499203423,1.0
CICIoT2023,binary,trades,aam_trans,16,square,0.1,0.8825,0.875921375921376,0.8634511246543062,0.7296224353708338,0.9527926808200244,
CICIoT2023,binary,trades,aam_trans,16,square_clean_subset,0,0.9065,0.9066722972972974,0.8917159518327076,0.7869274210585347,0.9599501401259213,
CICIoT2023,binary,trades,aam_g2,16,clean,0,0.9106848784268139,0.9082197869725522,0.895025927514135,0.7926305355545288,0.9669871864900541,
CICIoT2023,binary,trades,aam_g2,16,gaussian,0.05,0.909813038845297,0.9075560904001092,0.8940756859374512,0.7908475873240283,0.9666549683645136,
CICIoT2023,binary,trades,aam_g2,16,fgsm,0.05,0.9007555943039814,0.8979744640174792,0.8837273511064593,0.7705597918653557,0.9612284355227819,
CICIoT2023,binary,trades,aam_g2,16,pgd,0.05,0.9006587232393684,0.8979061859893487,0.8836239666666956,0.7703688152556241,0.9611418020847557,0.0
CICIoT2023,binary,trades,aam_g2,16,transfer_mlp,0.05,0.9024024024024024,0.8999222996039875,0.8856467822021735,0.77439031991329,0.9625634644271474,
CICIoT2023,binary,trades,aam_g2,16,transfer_tf,0.05,0.9024992734670154,0.8998921889935818,0.8857304848694217,0.7745096438223802,0.9626260583094362,
CICIoT2023,binary,trades,aam_g2,16,gaussian,0.1,0.9055991475346314,0.8987810665027993,0.8883903630612322,0.7784427252717039,0.964877753880468,
CICIoT2023,binary,trades,aam_g2,16,fgsm,0.1,0.8911653589072944,0.8861479243479449,0.8724472923505169,0.7478898052551816,0.9552151838954891,
CICIoT2023,binary,trades,aam_g2,16,pgd,0.1,0.8906325680519229,0.8855264235968865,0.8718284427641229,0.7466575156531418,0.9548423744822249,0.0
CICIoT2023,binary,trades,aam_g2,16,transfer_mlp,0.1,0.8957182989441054,0.8925546224225045,0.8779738954544574,0.7592582165336059,0.9580431687832857,
CICIoT2023,binary,trades,aam_g2,16,transfer_tf,0.1,0.8962510897994769,0.8931269288542947,0.8785815969065794,0.7604513749461531,0.9582804292412037,
CICIoT2023,binary,trades,aam_g2,16,gaussian,0.2,0.8875811295166134,0.8623696913833129,0.8633158721708675,0.7266480922208685,0.9566979664527288,
CICIoT2023,binary,trades,aam_g2,16,fgsm,0.2,0.8411798895669863,0.7983769288542948,0.8037863992933785,0.6083125233007713,0.927897395193227,
CICIoT2023,binary,trades,aam_g2,16,pgd,0.2,0.8035454809648358,0.7560103441212618,0.758953733134468,0.5181838393775059,0.9052903978333107,0.0
CICIoT2023,binary,trades,aam_g2,16,transfer_mlp,0.2,0.8049016758694179,0.756671070599481,0.7601261407149185,0.5206333384273619,0.9091869111020073,
CICIoT2023,binary,trades,aam_g2,16,transfer_tf,0.2,0.8151215731860894,0.7731229345896491,0.7745877044652367,0.5492362427997244,0.9148607811006418,
CICIoT2023,binary,trades,aam_g2,16,pgd_constrained,0.1,0.892666860408796,0.887698176976649,0.8741467809576888,0.7512091091090856,0.9560568585279258,1.0
CICIoT2023,binary,trades,aam_g2,16,square,0.1,0.883,0.8767659705159705,0.8640911356056831,0.7309821894957572,0.9531945830773956,
CICIoT2023,binary,trades,aam_g2,16,square_clean_subset,0,0.903,0.901739097051597,0.8875178434967339,0.778253793309593,0.9603544417997544,
CICIoT2023,binary,trades,transformer,17,clean,0,0.8970260583163809,0.9048402635531886,0.8816677401385875,0.7712126193424449,0.961280190268105,
CICIoT2023,binary,trades,transformer,17,gaussian,0.05,0.8970260583163809,0.9045450976375802,0.8816107192522619,0.7709484842562195,0.9611465815467248,
CICIoT2023,binary,trades,transformer,17,fgsm,0.05,0.8858858858858859,0.8925116072647822,0.8691171743752515,0.746584061894652,0.9535500933133051,
CICIoT2023,binary,trades,transformer,17,pgd,0.05,0.8858374503535794,0.8924774682507169,0.8690668281368297,0.7464955665889152,0.9534484956074469,0.0
CICIoT2023,binary,trades,transformer,17,transfer_mlp,0.05,0.8897607284704059,0.8971121125221904,0.8735412908901217,0.7554299946174634,0.9560441986435432,
CICIoT2023,binary,trades,transformer,17,transfer_tf,0.05,0.8896638574057929,0.8966994742591834,0.8733696441179802,0.7549320615970343,0.956127486458191,
CICIoT2023,binary,trades,transformer,17,gaussian,0.1,0.8962510897994769,0.9037037074969274,0.8807389033435595,0.7692456905703363,0.9607198381810733,
CICIoT2023,binary,trades,transformer,17,fgsm,0.1,0.8739707449384869,0.8786036460467022,0.8555773110797903,0.7196323591565417,0.945013393873185,
CICIoT2023,binary,trades,transformer,17,pgd,0.1,0.8730020342923569,0.8775273112112523,0.8544902730922835,0.717496752880275,0.9444300207110019,0.0
CICIoT2023,binary,trades,transformer,17,transfer_mlp,0.1,0.8813329458490748,0.8874823501297282,0.8640032171174428,0.7365547117632382,0.9503884906003914,
CICIoT2023,binary,trades,transformer,17,transfer_tf,0.1,0.8806064128644774,0.8864291274068005,0.863132597332176,0.7347139604936194,0.9504697983522237,
CICIoT2023,binary,trades,transformer,17,gaussian,0.2,0.8949433304272014,0.8991415744913287,0.8786410902089133,0.7635970347451482,0.9603775547362193,
CICIoT2023,binary,trades,transformer,17,fgsm,0.2,0.8482030417514288,0.8450930629523419,0.8254086183603278,0.657862647663824,0.9262962754335655,
CICIoT2023,binary,trades,transformer,17,pgd,0.2,0.8437954083115373,0.8393299194319268,0.820215934316526,0.6472340926101938,0.9225792138923028,0.0
CICIoT2023,binary,trades,transformer,17,transfer_mlp,0.2,0.8627337014433789,0.8633042468933497,0.8422734092075219,0.6920428411644387,0.9389437844235059,
CICIoT2023,binary,trades,transformer,17,transfer_tf,0.2,0.8653492201879298,0.8683453844052984,0.8457463723419453,0.6999589249906347,0.9397242193545451,
CICIoT2023,binary,trades,transformer,17,pgd_constrained,0.1,0.8751816332461494,0.8800474532295508,0.8569592562845378,0.7223992946139458,0.9457460171150258,1.0
CICIoT2023,binary,trades,transformer,17,square,0.1,0.8675,0.867725481971928,0.8442308545759831,0.6965459266171607,0.9512435649694664,
CICIoT2023,binary,trades,transformer,17,square_clean_subset,0,0.896,0.9007969201731654,0.8772309439405798,0.7617388946671425,0.9609354324889774,
CICIoT2023,binary,trades,aam_noGate,17,clean,0,0.91087862055604,0.9106192817151441,0.8956551891139553,0.7945889958626077,0.9680425542810324,
CICIoT2023,binary,trades,aam_noGate,17,gaussian,0.05,0.910394265232975,0.9100811142974191,0.8950971857006482,0.7934873709646071,0.967859278984023,
CICIoT2023,binary,trades,aam_noGate,17,fgsm,0.05,0.9019664826116439,0.9015828212481223,0.8855759844941407,0.7750087530928402,0.9626681858527927,
CICIoT2023,binary,trades,aam_noGate,17,pgd,0.05,0.901772740482418,0.9014462651918612,0.8853694666558849,0.7746306758262806,0.9625924370704173,0.0
CICIoT2023,binary,trades,aam_noGate,17,transfer_mlp,0.05,0.903419548580839,0.9033941007783695,0.8872816385397855,0.7784467440683048,0.9639754028403659,
CICIoT2023,binary,trades,aam_noGate,17,transfer_tf,0.05,0.9035648551777584,0.9035949064591015,0.8874560389975408,0.7788054648506073,0.9640878396831899,
CICIoT2023,binary,trades,aam_noGate,17,gaussian,0.1,0.9068100358422939,0.9021434521371023,0.8902004048821137,0.7825634384676292,0.9661608630342756,
CICIoT2023,binary,trades,aam_noGate,17,fgsm,0.1,0.8936355710549259,0.8911850334562338,0.8757883706750349,0.7552781184280537,0.9574035231462515,
CICIoT2023,binary,trades,aam_noGate,17,pgd,0.1,0.8930543446672479,0.8905293936911102,0.8751203271379424,0.753956245020662,0.9569874425326597,0.0
CICIoT2023,binary,trades,aam_noGate,17,transfer_mlp,0.1,0.897510413639446,0.8966218421411989,0.8804668604029171,0.7649268129211506,0.9600517661249944,
CICIoT2023,binary,trades,aam_noGate,17,transfer_tf,0.1,0.8977041557686719,0.8966600095589239,0.8806520673460243,0.7652256933250963,0.9601748258910283,
CICIoT2023,binary,trades,aam_noGate,17,gaussian,0.2,0.8939746197810714,0.873566468660385,0.8719717079422773,0.743987431495331,0.9603289066411763,
CICIoT2023,binary,trades,aam_noGate,17,fgsm,0.2,0.8474765087668313,0.806750546224225,0.8118599244704497,0.6243495599004765,0.9339398811962311,
CICIoT2023,binary,trades,aam_noGate,17,pgd,0.2,0.8077593722755013,0.7627684009285811,0.7649262383403769,0.5299937818882181,0.9085300707815558,0.0
CICIoT2023,binary,trades,aam_noGate,17,transfer_mlp,0.2,0.8082437275985663,0.7611912126177796,0.764465238641157,0.5292623168049887,0.913558212708817,
CICIoT2023,binary,trades,aam_noGate,17,transfer_tf,0.2,0.8132810229584423,0.7694151304110337,0.7716550733443359,0.5434564772112632,0.9172011868997223,
CICIoT2023,binary,trades,aam_noGate,17,pgd_constrained,0.1,0.8953308146856533,0.892822647821931,0.8776787982482003,0.7589205442742547,0.9581026218762803,1.0
CICIoT2023,binary,trades,aam_noGate,17,square,0.1,0.8955,0.8920999545615691,0.8749356352357179,0.7538980641628591,0.9613361395309354,
CICIoT2023,binary,trades,aam_noGate,17,square_clean_subset,0,0.9145,0.912477343199964,0.8970707602407821,0.7971831847474008,0.9678523101197877,
CICIoT2023,binary,trades,aam_trans,17,clean,0,0.9097161677806839,0.9089636419500204,0.8942483275420743,0.7916861481485313,0.9679363364286039,
CICIoT2023,binary,trades,aam_trans,17,gaussian,0.05,0.9097161677806839,0.9088160589922163,0.8942207751599249,0.7915815444118741,0.9677512972825345,
CICIoT2023,binary,trades,aam_trans,17,fgsm,0.05,0.9020633536762569,0.9010607674450362,0.8855615131347994,0.7747494896570009,0.962686336428604,
CICIoT2023,binary,trades,aam_trans,17,pgd,0.05,0.9019664826116439,0.9009432950976375,0.8854483197748931,0.7745225623467689,0.9626060528471937,0.0
CICIoT2023,binary,trades,aam_trans,17,transfer_mlp,0.05,0.9032258064516129,0.9025688242523556,0.8869392674480961,0.7775466280687227,0.9640032090673222,
CICIoT2023,binary,trades,aam_trans,17,transfer_tf,0.05,0.9032742419839194,0.9025537689471528,0.8869812877559677,0.7776045675388717,0.9640663377941645,
CICIoT2023,binary,trades,aam_trans,17,gaussian,0.1,0.9054054054054054,0.9001203400245801,0.8884810120375127,0.7790317686156287,0.9659371216259274,
CICIoT2023,binary,trades,aam_trans,17,fgsm,0.1,0.8945558461687494,0.8923256179161546,0.8768683411153624,0.7574521600861446,0.9572079748736858,
CICIoT2023,binary,trades,aam_trans,17,pgd,0.1,0.8939261842487649,0.8917834220947699,0.876180807567027,0.7561529955213612,0.9567444865492283,0.0
CICIoT2023,binary,trades,aam_trans,17,transfer_mlp,0.1,0.8973651070425264,0.8958798989485184,0.8801796464184275,0.7641442097986604,0.9598336405844599,
CICIoT2023,binary,trades,aam_trans,17,transfer_tf,0.1,0.897510413639446,0.8961298989485185,0.8803646524254927,0.7645418177827868,0.9598677966680323,
CICIoT2023,binary,trades,aam_trans,17,gaussian,0.2,0.8944105395718299,0.875054383449406,0.8727382235549564,0.7455685446985969,0.9604379068232509,
CICIoT2023,binary,trades,aam_trans,17,fgsm,0.2,0.8356582388840453,0.7914842277755019,0.7968797653958944,0.5945241618742956,0.9314137876098139,
CICIoT2023,binary,trades,aam_trans,17,pgd,0.2,0.8128451031676838,0.7715184009285811,0.7723465814317856,0.5447126934826892,0.9114398641267241,0.0
CICIoT2023,binary,trades,aam_trans,17,transfer_mlp,0.2,0.8107623752785044,0.7657705175474532,0.7682932749761049,0.5367767635421411,0.9141532784833175,
CICIoT2023,binary,trades,aam_trans,17,transfer_tf,0.2,0.8169136878814298,0.7745336610678684,0.7764249899273348,0.5529509117504448,0.9183252025581501,
CICIoT2023,binary,trades,aam_trans,17,pgd_constrained,0.1,0.8958636055410248,0.8933457599344531,0.8782752595680567,0.760073342767571,0.9579872320087397,1.0
CICIoT2023,binary,trades,aam_trans,17,square,0.1,0.895,0.8923109187051546,0.87451958928469,0.7533564776219244,0.9613261530626003,
CICIoT2023,binary,trades,aam_trans,17,square_clean_subset,0,0.913,0.9119967444113226,0.8955229795405173,0.7945220074329649,0.9680021071448186,
CICIoT2023,binary,trades,aam_g2,17,clean,0,0.9095224256514579,0.908531919978151,0.8939845694190592,0.7910917896328793,0.9673465622012837,
CICIoT2023,binary,trades,aam_g2,17,gaussian,0.05,0.9091349413930059,0.9079636419500206,0.89351202773494,0.7901121706088685,0.9671390311347808,
CICIoT2023,binary,trades,aam_g2,17,fgsm,0.05,0.9010462074978204,0.8998027106377169,0.8843680122790962,0.7723480794396154,0.9621552756156402,
CICIoT2023,binary,trades,aam_g2,17,pgd,0.05,0.9009009009009009,0.899700293595521,0.8842131453791386,0.7720637579064346,0.9620958225226455,0.0
CICIoT2023,binary,trades,aam_g2,17,transfer_mlp,0.05,0.9030320643223869,0.90203871364195,0.8866544510024417,0.7768709876286265,0.96339868109609,
CICIoT2023,binary,trades,aam_g2,17,transfer_tf,0.05,0.9031289353869999,0.9021069916700806,0.8867579337240248,0.7770611356345378,0.9634737357185124,
CICIoT2023,binary,trades,aam_g2,17,gaussian,0.1,0.9055022764700184,0.9006805612453912,0.8886842581556686,0.7795611368633223,0.9655965622012835,
CICIoT2023,binary,trades,aam_g2,17,fgsm,0.1,0.8935871355226194,0.8909541171650963,0.8756944789914456,0.7550288454000503,0.9571351335973417,
CICIoT2023,binary,trades,aam_g2,17,pgd,0.1,0.8930543446672479,0.8901850334562338,0.8750452712595984,0.75368401784042,0.9568233306022121,0.0
CICIoT2023,binary,trades,aam_g2,17,transfer_mlp,0.1,0.8971713649133004,0.8953497883381127,0.8798916857983876,0.7634611209568498,0.9597085040284037,
CICIoT2023,binary,trades,aam_g2,17,transfer_tf,0.1,0.8972198004456069,0.8952363443943738,0.8799121673971322,0.7634411638013907,0.9597889924438983,
CICIoT2023,binary,trades,aam_g2,17,gaussian,0.2,0.8936840065872323,0.8740995493650143,0.8718440418498623,0.7437757634567559,0.9598992102508082,
CICIoT2023,binary,trades,aam_g2,17,fgsm,0.2,0.8475249442991378,0.8084572920934043,0.8125701222503279,0.6255422949429098,0.936168106195093,
CICIoT2023,binary,trades,aam_g2,17,pgd,0.2,0.8088733895185508,0.7649802335108562,0.7667005288186364,0.5334893210945431,0.9123636829168374,0.0
CICIoT2023,binary,trades,aam_g2,17,transfer_mlp,0.2,0.8129419742322969,0.769274545951113,0.771367567711713,0.5428628513745402,0.9157139662706542,
CICIoT2023,binary,trades,aam_g2,17,transfer_tf,0.2,0.8170589944783493,0.776161102007374,0.7772617604742542,0.5545571759625145,0.9193653727980335,
CICIoT2023,binary,trades,aam_g2,17,pgd_constrained,0.1,0.8946042817010559,0.891671036460467,0.8767714031796188,0.7570074659640676,0.9579190677773226,1.0
CICIoT2023,binary,trades,aam_g2,17,square,0.1,0.8965,0.8927915174937959,0.8760119328032594,0.7558663517340656,0.9607631659101916,
CICIoT2023,binary,trades,aam_g2,17,square_clean_subset,0,0.915,0.9117096334466797,0.8974178256440953,0.7974652994833933,0.9669759975233558,
CICIoT2023,binary,trades,transformer,18,clean,0,0.8930543446672479,0.9022868359961764,0.8775526412487349,0.7641242224177351,0.9605155161818927,
CICIoT2023,binary,trades,transformer,18,gaussian,0.05,0.8926184248764893,0.9015368359961764,0.8770098258284471,0.7629130310732081,0.9603763655605626,
CICIoT2023,binary,trades,transformer,18,fgsm,0.05,0.8797830088152668,0.8870786221493923,0.8625524251280807,0.7344219243053041,0.9517512631435205,
CICIoT2023,binary,trades,transformer,18,pgd,0.05,0.8795408311537344,0.8868095384405299,0.8622809365950567,0.7338889330010664,0.9516430822977833,0.0
CICIoT2023,binary,trades,transformer,18,transfer_mlp,0.05,0.8847234331105299,0.8929713232281852,0.8681802729629187,0.7456937284563827,0.9551875312940963,
CICIoT2023,binary,trades,transformer,18,transfer_tf,0.05,0.8850140463043689,0.8930285743547726,0.8684505934505935,0.7460772834415864,0.9549147605717145,
CICIoT2023,binary,trades,transformer,18,gaussian,0.1,0.8931996512641673,0.901356172333743,0.8775008026455099,0.7634311363980966,0.9603466646183259,
CICIoT2023,binary,trades,transformer,18,fgsm,0.1,0.8655913978494624,0.8694507715417179,0.8462241110745548,0.7013416668220593,0.9419842050161591,
CICIoT2023,binary,trades,transformer,18,pgd,0.1,0.8647195582679453,0.8683443260958623,0.8452144681524412,0.6992843498161314,0.9413117802357869,0.0
CICIoT2023,binary,trades,transformer,18,transfer_mlp,0.1,0.8754238109076818,0.8825302813054758,0.8577354492451026,0.7251303134572865,0.9494890925850061,
CICIoT2023,binary,trades,transformer,18,transfer_tf,0.1,0.8769253124091834,0.8836377850607674,0.8592906553631037,0.7278712047077032,0.949078753015613,
CICIoT2023,binary,trades,transformer,18,gaussian,0.2,0.8913106655042139,0.8954004847739998,0.8745833591811558,0.7557539042618359,0.9591928342209477,
CICIoT2023,binary,trades,transformer,18,fgsm,0.2,0.8377409667732248,0.8336359074149938,0.8137491691917291,0.6350007715354467,0.920355239200692,
CICIoT2023,binary,trades,transformer,18,pgd,0.2,0.8318318318318318,0.8261257339888024,0.8068582891583627,0.6209841158681145,0.9159163366561973,0.0
CICIoT2023,binary,trades,transformer,18,transfer_mlp,0.2,0.8569698730989054,0.859094121261778,0.8363860222928803,0.6815973607085148,0.9379598695889663,
CICIoT2023,binary,trades,transformer,18,transfer_tf,0.2,0.8659304465756079,0.8724446265191861,0.8472383771407964,0.7047892813446811,0.9390008079566663,
CICIoT2023,binary,trades,transformer,18,pgd_constrained,0.1,0.8668507216894313,0.8710763006964359,0.8476888504175848,0.7043407624927088,0.9428776059447403,1.0
CICIoT2023,binary,trades,transformer,18,square,0.1,0.867,0.8707646473948569,0.8468149605346964,0.702674229170427,0.9478041901938554,
CICIoT2023,binary,trades,transformer,18,square_clean_subset,0,0.8925,0.9043007517693546,0.8766463056572587,0.7640113537914394,0.9564617064809684,
CICIoT2023,binary,trades,aam_noGate,18,clean,0,0.9105395718298944,0.9101343370203469,0.8952446080754215,0.7937410071301336,0.968366778187446,
CICIoT2023,binary,trades,aam_noGate,18,gaussian,0.05,0.9102973941683619,0.9101604192270927,0.8950201295382751,0.7934003800216288,0.9681208805589696,
CICIoT2023,binary,trades,aam_noGate,18,fgsm,0.05,0.9007555943039814,0.8994994879147891,0.8840383868863184,0.7717046777240898,0.9629831694660659,
CICIoT2023,binary,trades,aam_noGate,18,pgd,0.05,0.9006587232393684,0.8994312098866585,0.8839351731465079,0.7715152129376276,0.9629068232509447,0.0
CICIoT2023,binary,trades,aam_noGate,18,transfer_mlp,0.05,0.9025477089993219,0.9017465178205654,0.8861470501028876,0.7759583739497774,0.9642621876280213,
CICIoT2023,binary,trades,aam_noGate,18,transfer_tf,0.05,0.9030320643223869,0.9023830738768265,0.8867226498507368,0.777129928064444,0.9643643884564614,
CICIoT2023,binary,trades,aam_noGate,18,gaussian,0.1,0.9074881332945849,0.9033101188037689,0.8910670040579439,0.784396135707374,0.9665608186535573,
CICIoT2023,binary,trades,aam_noGate,18,fgsm,0.1,0.8924731182795699,0.8896769766489143,0.8744093192611637,0.7524783374836339,0.9577766284309708,
CICIoT2023,binary,trades,aam_noGate,18,pgd,0.1,0.8918918918918919,0.8890705312030589,0.873752114456593,0.7511955560941128,0.9573535436296601,0.0
CICIoT2023,binary,trades,aam_noGate,18,transfer_mlp,0.1,0.8957667344764119,0.8939662023760754,0.8783188493130805,0.7604221372595732,0.9603825731712868,
CICIoT2023,binary,trades,aam_noGate,18,transfer_tf,0.1,0.896444831928703,0.8948868974464017,0.8791311535812611,0.7620863886843043,0.9606152646911557,
CICIoT2023,binary,trades,aam_noGate,18,gaussian,0.2,0.8922309406180374,0.8677623924621056,0.8689042357404477,0.7378317732983314,0.9586036972552233,
CICIoT2023,binary,trades,aam_noGate,18,fgsm,0.2,0.8512060447544318,0.8136099617643042,0.8173576830037111,0.635039844094823,0.9374371386954345,
CICIoT2023,binary,trades,aam_noGate,18,pgd,0.2,0.8070812748232103,0.7624872320087396,0.7643588555974689,0.5288239316332516,0.9047301652328281,0.0
CICIoT2023,binary,trades,aam_noGate,18,transfer_mlp,0.2,0.8051438535309503,0.7588587327597979,0.7613653505143143,0.5229267127205861,0.9091836223769858,
CICIoT2023,binary,trades,aam_noGate,18,transfer_tf,0.2,0.8098905356969873,0.7655495698484227,0.7676262014939261,0.5353809685370179,0.9123292764804953,
CICIoT2023,binary,trades,aam_noGate,18,pgd_constrained,0.1,0.8939261842487649,0.8909471186672129,0.8759999374278072,0.7554949759586557,0.958628704083026,1.0
CICIoT2023,binary,trades,aam_noGate,18,square,0.1,0.8905,0.886710547396202,0.8711527854384997,0.7459961166259993,0.9583842401161347,
CICIoT2023,binary,trades,aam_noGate,18,square_clean_subset,0,0.9065,0.9062783197643062,0.8899797756940614,0.7837439419592229,0.9644526955217929,
CICIoT2023,binary,trades,aam_trans,18,clean,0,0.9100067809745229,0.9087257271609996,0.8944786638174125,0.7919523681151346,0.9683532875870545,
CICIoT2023,binary,trades,aam_trans,18,gaussian,0.05,0.9094739901191514,0.9083993923255497,0.8939139836567536,0.7909258455219048,0.9680745994355683,
CICIoT2023,binary,trades,aam_trans,18,fgsm,0.05,0.9014821272885789,0.9003559333606446,0.884882352975362,0.7733879257956089,0.9626529769220263,
CICIoT2023,binary,trades,aam_trans,18,pgd,0.05,0.9013852562239659,0.9001892666939779,0.8847592514660145,0.773123718782071,0.9625812963721607,0.0
CICIoT2023,binary,trades,aam_trans,18,transfer_mlp,0.05,0.9027414511285479,0.9017846852382903,0.8863343187042609,0.7762639278633118,0.963973849515226,
CICIoT2023,binary,trades,aam_trans,18,transfer_tf,0.05,0.9031289353869999,0.9022545746278847,0.8867871700241643,0.7771717727778374,0.9640452341936364,
CICIoT2023,binary,trades,aam_trans,18,gaussian,0.1,0.9059381962607769,0.9005942578178343,0.8890745669301028,0.780173814865203,0.966474008830625,
CICIoT2023,binary,trades,aam_trans,18,fgsm,0.1,0.8921340695534244,0.8891428376348491,0.8739862676220288,0.7515868195231659,0.9568566047612544,
CICIoT2023,binary,trades,aam_trans,18,pgd,0.1,0.8914075365688269,0.8883355865082616,0.8731538395576166,0.749943890575372,0.9564253891847604,0.0
CICIoT2023,binary,trades,aam_trans,18,transfer_mlp,0.1,0.8952339436210404,0.8931971186672129,0.8776706726320715,0.7590783812557821,0.9595453991988712,
CICIoT2023,binary,trades,aam_trans,18,transfer_tf,0.1,0.8962026542671704,0.894421036460467,0.8788121672432038,0.7613846982112632,0.9597080260822068,
CICIoT2023,binary,trades,aam_trans,18,gaussian,0.2,0.8933449578610869,0.8718928034958351,0.8709793819553016,0.741973330861038,0.9598054929673632,
CICIoT2023,binary,trades,aam_trans,18,fgsm,0.2,0.8443281991669088,0.8015798511538987,0.8074240836466187,0.615698953689808,0.9337981416996678,
CICIoT2023,binary,trades,aam_trans,18,pgd,0.2,0.8025283347863993,0.755293424825891,0.7579652455901609,0.5161586772604149,0.9057031043743458,0.0
CICIoT2023,binary,trades,aam_trans,18,transfer_mlp,0.2,0.7997190739126223,0.7513947835586509,0.7542713599298603,0.5088145829772392,0.9087104556420411,
CICIoT2023,binary,trades,aam_trans,18,transfer_tf,0.2,0.8056282088540153,0.7599872320087395,0.76222400361719,0.5246025986116866,0.9126974828166963,
CICIoT2023,binary,trades,aam_trans,18,pgd_constrained,0.1,0.8935871355226194,0.8904129796531477,0.8755767953542187,0.7546042610786596,0.9577417155992535,1.0
CICIoT2023,binary,trades,aam_trans,18,square,0.1,0.889,0.8846149612741555,0.869328134712098,0.7422479351157756,0.9587743725777239,
CICIoT2023,binary,trades,aam_trans,18,square_clean_subset,0,0.9085,0.9071576465350979,0.8920366402864391,0.787329089074708,0.9654714426707074,
CICIoT2023,binary,trades,aam_g2,18,clean,0,0.9097161677806839,0.9083733101188038,0.894137906004121,0.7912695201988321,0.9685235104010196,
CICIoT2023,binary,trades,aam_g2,18,gaussian,0.05,0.909813038845297,0.9085891711047385,0.8942699150421132,0.7915662080205188,0.9682723496745413,
CICIoT2023,binary,trades,aam_g2,18,fgsm,0.05,0.9011915140947399,0.8987736583367472,0.8842933063904227,0.7717837940102571,0.9632976808229778,
CICIoT2023,binary,trades,aam_g2,18,pgd,0.05,0.9009977719655139,0.8985879079612181,0.8840764800540535,0.7713656716578998,0.9632224384359779,0.0
CICIoT2023,binary,trades,aam_g2,18,transfer_mlp,0.05,0.9027414511285479,0.9009483818107333,0.8861674853941754,0.7756396187306183,0.9646332900905822,
CICIoT2023,binary,trades,aam_g2,18,transfer_tf,0.05,0.9031289353869999,0.9014182712003278,0.8866210013886209,0.7765486255841804,0.9647034002458009,
CICIoT2023,binary,trades,aam_g2,18,gaussian,0.1,0.9053085343407924,0.8988713983340161,0.8881372249311887,0.7780461446540238,0.9663762915926988,
CICIoT2023,binary,trades,aam_g2,18,fgsm,0.1,0.8929090380703284,0.8895414789020892,0.874773135847547,0.7529763428470106,0.957758893213164,
CICIoT2023,binary,trades,aam_g2,18,pgd,0.1,0.8922309406180374,0.8888667554281032,0.8740127763186525,0.7515028935139015,0.9573312565433111,0.0
CICIoT2023,binary,trades,aam_g2,18,transfer_mlp,0.1,0.8960089121379444,0.8933497883381127,0.8784084568163439,0.7602806306235872,0.9604987994446721,
CICIoT2023,binary,trades,aam_g2,18,transfer_tf,0.1,0.8971713649133004,0.8949562337839683,0.8798090687838813,0.7631567361557521,0.9605913730711457,
CICIoT2023,binary,trades,aam_g2,18,gaussian,0.2,0.8908747457134554,0.8656750307251126,0.8671354901637529,0.7343094696714725,0.9590315444489963,
CICIoT2023,binary,trades,aam_g2,18,fgsm,0.2,0.8552261939358714,0.8159515567390414,0.821344940446064,0.643359959739581,0.9380182302335108,
CICIoT2023,binary,trades,aam_g2,18,pgd,0.2,0.8019955439310278,0.7541307865628841,0.7570519874392765,0.5143794760996304,0.8993875233283264,0.0
CICIoT2023,binary,trades,aam_g2,18,transfer_mlp,0.2,0.7934708902450838,0.7403496176430424,0.7447511418165305,0.4902004900542897,0.8998903910055077,
CICIoT2023,binary,trades,aam_g2,18,transfer_tf,0.2,0.8054829022570958,0.7596880376894715,0.7619859786041436,0.5241355175050235,0.9055110496608858,
CICIoT2023,binary,trades,aam_g2,18,pgd_constrained,0.1,0.8943136685072169,0.8908758705448587,0.8763356005556601,0.7559827067295221,0.9586993490827986,1.0
CICIoT2023,binary,trades,aam_g2,18,square,0.1,0.886,0.8819904338052835,0.8660405826529605,0.7360206310975912,0.9583230908274845,
CICIoT2023,binary,trades,aam_g2,18,square_clean_subset,0,0.9045,0.9033101332932194,0.8875236987861099,0.7786366906967863,0.9647511040504064,
CICIoT2023,binary,trades,transformer,19,clean,0,0.8935871355226194,0.9000058719104193,0.8775831148809048,0.7626685891551751,0.9594127065410352,
CICIoT2023,binary,trades,transformer,19,gaussian,0.05,0.8931512157318608,0.8993542605489553,0.8770568573443198,0.7615500394924938,0.9593228071373299,
CICIoT2023,binary,trades,transformer,19,fgsm,0.05,0.8785236849752979,0.8822062679229824,0.8603609568560444,0.7282829437749546,0.950969826801402,
CICIoT2023,binary,trades,transformer,19,pgd,0.05,0.8784268139106849,0.8820887955755838,0.8602496019572055,0.7280591036285318,0.9508672618234785,0.0
CICIoT2023,binary,trades,transformer,19,transfer_mlp,0.05,0.8849656107720624,0.8896492216304793,0.8676862710526849,0.7428256649959611,0.9544145045291093,
CICIoT2023,binary,trades,transformer,19,transfer_tf,0.05,0.8835609803351738,0.8881180527106377,0.8661083715138476,0.739738851116429,0.9539942760253084,
CICIoT2023,binary,trades,transformer,19,gaussian,0.1,0.8935386999903129,0.899184623788065,0.8773739046924708,0.761874406052847,0.9591532045154536,
CICIoT2023,binary,trades,transformer,19,fgsm,0.1,0.8645742516710259,0.8653394442168509,0.8443383525662989,0.6960988064296227,0.9416470139742364,
CICIoT2023,binary,trades,transformer,19,pgd,0.1,0.8634602344279764,0.863914720742865,0.8430389660685282,0.6934513055881169,0.9409748907551548,0.0
CICIoT2023,binary,trades,transformer,19,transfer_mlp,0.1,0.8769253124091834,0.8808829031817561,0.8586652637763956,0.7251790525837675,0.9491717761391051,
CICIoT2023,binary,trades,transformer,19,transfer_tf,0.1,0.8746972779230844,0.8781318448723201,0.856095155921431,0.7199872186440313,0.9480805111748373,
CICIoT2023,binary,trades,transformer,19,gaussian,0.2,0.8922793761503439,0.8952469616277482,0.875425558606715,0.7568396761811769,0.9582278665392145,
CICIoT2023,binary,trades,transformer,19,fgsm,0.2,0.8350285769640609,0.8266571077427284,0.8094836953632838,0.6247795837730137,0.9212495675724885,
CICIoT2023,binary,trades,transformer,19,pgd,0.2,0.8279085537150054,0.8179982930492967,0.8012530351960618,0.6082388260646426,0.9165494446720379,0.0
CICIoT2023,binary,trades,transformer,19,transfer_mlp,0.2,0.8600213116342149,0.8595230779735081,0.8390274807968309,0.6852822366797783,0.9388303803086167,
CICIoT2023,binary,trades,transformer,19,transfer_tf,0.2,0.8606025380218929,0.8632779598525195,0.8404850125111177,0.6897299031673496,0.9374391642769356,
CICIoT2023,binary,trades,transformer,19,pgd_constrained,0.1,0.8668507216894313,0.8683214188174246,0.8470102268114803,0.7015772980597093,0.9427338636260185,1.0
CICIoT2023,binary,trades,transformer,19,square,0.1,0.871,0.8723346990041568,0.8529914529914531,0.712575209674281,0.9539842698645293,
CICIoT2023,binary,trades,transformer,19,square_clean_subset,0,0.899,0.9053440593319177,0.8848082627831464,0.776252125826324,0.9621926493017136,
CICIoT2023,binary,trades,aam_noGate,19,clean,0,0.9102005231037489,0.9118139423733442,0.8952315023009134,0.7944602480194588,0.9671442600937685,
CICIoT2023,binary,trades,aam_noGate,19,gaussian,0.05,0.9098614743776035,0.9114273863170832,0.8948404283764481,0.7936852667486497,0.9669527459146979,
CICIoT2023,binary,trades,aam_noGate,19,fgsm,0.05,0.9003196745132229,0.9017995357094086,0.884097655535447,0.7728912918848213,0.961383346988939,
CICIoT2023,binary,trades,aam_noGate,19,pgd,0.05,0.8999806257870774,0.9014621739724157,0.8837181269897139,0.7721594604335654,0.9612956267922983,0.0
CICIoT2023,binary,trades,aam_noGate,19,transfer_mlp,0.05,0.902353966870096,0.9042664550047794,0.8864630095041113,0.7776365946333881,0.9629102200828441,
CICIoT2023,binary,trades,aam_noGate,19,transfer_tf,0.05,0.9023055313377895,0.9042323159907142,0.8864114777379425,0.7775430935241254,0.9628952159861623,
CICIoT2023,binary,trades,aam_noGate,19,gaussian,0.1,0.9065678581807614,0.90364536392189,0.8902690429195685,0.7832284732285864,0.9651190199827028,
CICIoT2023,binary,trades,aam_noGate,19,fgsm,0.1,0.8923278116826504,0.892477024443534,0.8748842003569324,0.7545545435817266,0.9553566161409259,
CICIoT2023,binary,trades,aam_noGate,19,pgd,0.1,0.891601278698053,0.8918173562747508,0.8740875658801177,0.7530453526411068,0.9548800753334242,0.0
CICIoT2023,binary,trades,aam_noGate,19,transfer_mlp,0.1,0.8959604766056379,0.8973003891847604,0.8791916058879135,0.7633669229378195,0.9584389309936729,
CICIoT2023,binary,trades,aam_noGate,19,transfer_tf,0.1,0.8963963963963963,0.8978536119076881,0.8797028273876388,0.7644028339896882,0.9583862544949702,
CICIoT2023,binary,trades,aam_noGate,19,gaussian,0.2,0.8910200523103748,0.8684339410077837,0.8679992413696592,0.7360018330652754,0.9581400780645455,
CICIoT2023,binary,trades,aam_noGate,19,fgsm,0.2,0.8451516032161194,0.8094901679639492,0.8111827847029982,0.6224323790513127,0.9310629238927579,
CICIoT2023,binary,trades,aam_noGate,19,pgd,0.2,0.8043204494817398,0.7615743889116482,0.7621662232778084,0.5243430067980094,0.9061930219855251,0.0
CICIoT2023,binary,trades,aam_noGate,19,transfer_mlp,0.2,0.8049985469340308,0.7609700600846647,0.7623047520384174,0.5246637677712881,0.9105635782238608,
CICIoT2023,binary,trades,aam_noGate,19,transfer_tf,0.2,0.8142981691368788,0.7750022873139424,0.7748940605184123,0.54978844556808,0.9146454606490965,
CICIoT2023,binary,trades,aam_noGate,19,pgd_constrained,0.1,0.8940230553133779,0.8941638331284992,0.8767763218229143,0.7582034500440196,0.9561701602257726,1.0
CICIoT2023,binary,trades,aam_noGate,19,square,0.1,0.892,0.8926104249528993,0.8759191176470589,0.7564501366927298,0.9600586141930083,
CICIoT2023,binary,trades,aam_noGate,19,square_clean_subset,0,0.911,0.9138849845988217,0.8974927179517893,0.7991347488555833,0.9664260294865277,
CICIoT2023,binary,trades,aam_trans,19,clean,0,0.9102005231037489,0.9109776389457873,0.8950787739652606,0.7938471535402295,0.9672329248031317,
CICIoT2023,binary,trades,aam_trans,19,gaussian,0.05,0.9097646033129904,0.9100800559879831,0.8945013853689807,0.7925580099091866,0.9670189414629705,
CICIoT2023,binary,trades,aam_trans,19,fgsm,0.05,0.9004649811101424,0.9007212890891712,0.8840165282815999,0.772239075927149,0.9614486776821884,
CICIoT2023,binary,trades,aam_trans,19,pgd,0.05,0.9003196745132229,0.9006188720469752,0.883862017142979,0.7719572826329439,0.9613763143520415,0.0
CICIoT2023,binary,trades,aam_trans,19,transfer_mlp,0.05,0.9023055313377895,0.9030024580090127,0.886170911043697,0.7765785400152142,0.9628181130228961,
CICIoT2023,binary,trades,aam_trans,19,transfer_tf,0.05,0.9026930155962414,0.9036691246756794,0.8866609000766694,0.7776367595845888,0.9628188242523557,
CICIoT2023,binary,trades,aam_trans,19,gaussian,0.1,0.906616293713068,0.9024496449542537,0.8900793355406704,0.7824741405762009,0.9651976079930812,
CICIoT2023,binary,trades,aam_trans,19,fgsm,0.1,0.8915044076334399,0.8900272770722382,0.873612784888594,0.7514387768342274,0.9554697073148527,
CICIoT2023,binary,trades,aam_trans,19,pgd,0.1,0.8906325680519229,0.8890192202649188,0.8726079895381447,0.749442112211653,0.954979334516819,0.0
CICIoT2023,binary,trades,aam_trans,19,transfer_mlp,0.1,0.8953308146856533,0.8947412262733851,0.8780857168072089,0.7604378668304342,0.9582748304428967,
CICIoT2023,binary,trades,aam_trans,19,transfer_tf,0.1,0.8957667344764119,0.8954420319541172,0.878629495098259,0.7615944017662301,0.9582184498611679,
CICIoT2023,binary,trades,aam_trans,19,gaussian,0.2,0.8925699893441829,0.8718877167827392,0.8702818716709342,0.740608667656855,0.9600052061996449,
CICIoT2023,binary,trades,aam_trans,19,fgsm,0.2,0.8518841422067228,0.8152193773043834,0.8184868304956424,0.6372176774179679,0.9355240395557376,
CICIoT2023,binary,trades,aam_trans,19,pgd,0.2,0.8031579967063838,0.7595743889116482,0.7604679980219742,0.5209604329137463,0.9061400439255314,0.0
CICIoT2023,binary,trades,aam_trans,19,transfer_mlp,0.2,0.7997190739126223,0.753165779052301,0.7551687336280373,0.510466634600454,0.9089906003914606,
CICIoT2023,binary,trades,aam_trans,19,transfer_tf,0.2,0.8079531144047273,0.7637904547316674,0.7655418235452645,0.5311758182338769,0.9130282841731531,
CICIoT2023,binary,trades,aam_trans,19,pgd_constrained,0.1,0.8929574736026349,0.8910514474941964,0.8751461327608306,0.7542391777752036,0.956131879011334,1.0
CICIoT2023,binary,trades,aam_trans,19,square,0.1,0.8875,0.8865007924878137,0.8705881710111176,0.7454647923615436,0.9601447411704895,
CICIoT2023,binary,trades,aam_trans,19,square_clean_subset,0,0.911,0.9138849845988217,0.8974927179517893,0.7991347488555833,0.9668865695744491,
CICIoT2023,binary,trades,aam_g2,19,clean,0,0.9099583454422164,0.9079044790386454,0.8942787882670925,0.7913081703366873,0.9670799478811052,
CICIoT2023,binary,trades,aam_g2,19,gaussian,0.05,0.9086990216022474,0.9065741157995357,0.8928377028132422,0.7884826447969964,0.9668716714461285,
CICIoT2023,binary,trades,aam_g2,19,fgsm,0.05,0.8998837547224644,0.8975075447221084,0.8828278737848703,0.7689541773299493,0.9616594462651918,
CICIoT2023,binary,trades,aam_g2,19,pgd,0.05,0.8997384481255449,0.8974051276799127,0.8826730347635452,0.768668851081866,0.9615855523692475,0.0
CICIoT2023,binary,trades,aam_g2,19,transfer_mlp,0.05,0.9013368206916594,0.8991220469752834,0.8844984975061232,0.7722528122562142,0.9630091094269198,
CICIoT2023,binary,trades,aam_g2,19,transfer_tf,0.05,0.9018696115470309,0.8996451590878055,0.8850973329694287,0.7734117127170544,0.9629858379989985,
CICIoT2023,binary,trades,aam_g2,19,gaussian,0.1,0.9056475830669379,0.8988152055168647,0.8884426108489134,0.7785413078535369,0.96490397264327,
CICIoT2023,binary,trades,aam_g2,19,fgsm,0.1,0.8911169233749879,0.8877863921889936,0.8727706634653951,0.7491067036007857,0.9561338590741499,
CICIoT2023,binary,trades,aam_g2,19,pgd,0.1,0.8903903903903904,0.8870775297009422,0.8719602211914617,0.747542198684634,0.9556516682598205,0.0
CICIoT2023,binary,trades,aam_g2,19,transfer_mlp,0.1,0.8947980238302818,0.8922011470708726,0.8770614411513673,0.7576915089176975,0.9587885088078656,
CICIoT2023,binary,trades,aam_g2,19,transfer_tf,0.1,0.8947980238302818,0.8923487300286768,0.8770931375862185,0.7578068983046894,0.9588215439938093,
CICIoT2023,binary,trades,aam_g2,19,gaussian,0.2,0.8840453356582388,0.8516620920387818,0.857138747853621,0.7148607734908798,0.9547473883654239,
CICIoT2023,binary,trades,aam_g2,19,fgsm,0.2,0.8483483483483484,0.809873958760071,0.8137449625267006,0.6278430014888235,0.9363141244480859,
CICIoT2023,binary,trades,aam_g2,19,pgd,0.2,0.7982660079434273,0.7494851153898676,0.7524126079871605,0.5051105259220876,0.8980662808958078,0.0
CICIoT2023,binary,trades,aam_g2,19,transfer_mlp,0.2,0.8098905356969873,0.7661890959989075,0.7679304446141564,0.5359506826414576,0.9071410794756247,
CICIoT2023,binary,trades,aam_g2,19,transfer_tf,0.2,0.8173980432044948,0.7753178000819336,0.777106181866766,0.5543021239919629,0.9123381071054668,
CICIoT2023,binary,trades,aam_g2,19,pgd_constrained,0.1,0.8929090380703284,0.8893938959442851,0.8747407252883223,0.7528609214772055,0.956902772087942,1.0
CICIoT2023,binary,trades,aam_g2,19,square,0.1,0.8915,0.888378839080116,0.8745583166535396,0.7523483590198637,0.9593887377014862,
CICIoT2023,binary,trades,aam_g2,19,square_clean_subset,0,0.91,0.9063907413499208,0.8951811270125223,0.7923737089545884,0.9652968091151051,
CICIoT2023,binary,trades,transformer,20,clean,0,0.8952339436210404,0.9029375938822887,0.8796613835078106,0.7673171572127748,0.9597396444990669,
CICIoT2023,binary,trades,transformer,20,gaussian,0.05,0.8952339436210404,0.9028883995630206,0.8796517477861663,0.7672726346568228,0.9596371819381857,
CICIoT2023,binary,trades,transformer,20,fgsm,0.05,0.8823016564952049,0.8880175474532295,0.8649740214476129,0.7381760140525134,0.9510534275570122,
CICIoT2023,binary,trades,transformer,20,pgd,0.05,0.8822047854305919,0.8878508807865628,0.8648521267821374,0.7379056552108388,0.9509551470253539,0.0
CICIoT2023,binary,trades,transformer,20,transfer_mlp,0.05,0.8872905163227743,0.8940919705038919,0.8707024919209918,0.7497084581812307,0.9544744924666575,
CICIoT2023,binary,trades,transformer,20,transfer_tf,0.05,0.8867577254674028,0.8935196640721016,0.8701067951787994,0.7485487313072697,0.9541045336610678,
CICIoT2023,binary,trades,transformer,20,gaussian,0.1,0.8947980238302818,0.9012037074969275,0.8789224107974707,0.7652264877904272,0.9594988677227002,
CICIoT2023,binary,trades,transformer,20,fgsm,0.1,0.8694178049016759,0.8721969479721425,0.8501456474174298,0.7082579752095209,0.941465872365606,
CICIoT2023,binary,trades,transformer,20,pgd,0.1,0.8683037876586264,0.8708706131366926,0.8488732408816497,0.7057116820838298,0.9408503345623378,0.0
CICIoT2023,binary,trades,transformer,20,transfer_mlp,0.1,0.8787658626368304,0.8840003755291548,0.8609785204709866,0.7302799525979979,0.9491379443761665,
CICIoT2023,binary,trades,transformer,20,transfer_tf,0.1,0.8784752494429914,0.8838939300832992,0.8607005810047128,0.7298479851652548,0.9480438174245527,
CICIoT2023,binary,trades,transformer,20,gaussian,0.2,0.8940714908456844,0.897051242660112,0.8774222264125625,0.7606849305128092,0.9586259957212435,
CICIoT2023,binary,trades,transformer,20,fgsm,0.2,0.8389518550808873,0.8320296668032228,0.8142044297471234,0.6345232733287731,0.9209056283854522,
CICIoT2023,binary,trades,transformer,20,pgd,0.2,0.8339629952533179,0.8260044380718286,0.8084567698890295,0.6229880096620419,0.916925059174291,0.0
CICIoT2023,binary,trades,transformer,20,transfer_mlp,0.2,0.8619102973941684,0.8625271063771678,0.8413844680447378,0.6903631552412685,0.9397936125904685,
CICIoT2023,binary,trades,transformer,20,transfer_tf,0.2,0.8641867674125738,0.8681163798989484,0.8447086086928932,0.6984867480651966,0.9377075652055169,
CICIoT2023,binary,trades,transformer,20,pgd_constrained,0.1,0.8705318221447254,0.8734248941690563,0.8513944464223628,0.7107075362032406,0.9423599333151258,1.0
CICIoT2023,binary,trades,transformer,20,square,0.1,0.878,0.8753129700813753,0.8548999225736471,0.7157100106547473,0.9568949860909145,
CICIoT2023,binary,trades,transformer,20,square_clean_subset,0,0.9,0.9062423675380356,0.8817339226137749,0.7710858517423304,0.9658353780503233,
CICIoT2023,binary,trades,aam_noGate,20,clean,0,0.9107333139591204,0.9080571487095452,0.8950412927900528,0.7925944755015679,0.9685650575811373,
CICIoT2023,binary,trades,aam_noGate,20,gaussian,0.05,0.9101520875714424,0.9071063430288133,0.8943113186251526,0.7910589091150078,0.9683653386590196,
CICIoT2023,binary,trades,aam_noGate,20,fgsm,0.05,0.9016758694178049,0.8976884132186262,0.8845186049694017,0.7716997230783806,0.9634058218398652,
CICIoT2023,binary,trades,aam_noGate,20,pgd,0.05,0.9014821272885789,0.8975518571623651,0.8843113441868563,0.7713146795893158,0.9632669841594975,0.0
CICIoT2023,binary,trades,aam_noGate,20,transfer_mlp,0.05,0.9033226775162259,0.8998822204014748,0.886492578575242,0.7757153838522931,0.9645848866584734,
CICIoT2023,binary,trades,aam_noGate,20,transfer_tf,0.05,0.9041945170977429,0.9008902772087942,0.8875063380279595,0.7777312888683031,0.9648650200282215,
CICIoT2023,binary,trades,aam_noGate,20,gaussian,0.1,0.9060350673253899,0.8979568482862215,0.8886293422534468,0.7786052367103552,0.9665278119167918,
CICIoT2023,binary,trades,aam_noGate,20,fgsm,0.1,0.8934902644580064,0.8875406254267377,0.8748552152461689,0.7522723218895994,0.9576737163730711,
CICIoT2023,binary,trades,aam_noGate,20,pgd,0.1,0.8921825050857309,0.8862253174928307,0.8733797815061288,0.7493976646037442,0.9569879090991852,0.0
CICIoT2023,binary,trades,aam_noGate,20,transfer_mlp,0.1,0.8958636055410248,0.8907384610132458,0.877713564405969,0.7580955928890701,0.9599236424052072,
CICIoT2023,binary,trades,aam_noGate,20,transfer_tf,0.1,0.8967354451225419,0.8919924894169057,0.878779835998396,0.7602924013088163,0.9603980950430151,
CICIoT2023,binary,trades,aam_noGate,20,gaussian,0.2,0.8902935193257774,0.8659540830260821,0.8666930533320519,0.7333959251720463,0.9588320815694844,
CICIoT2023,binary,trades,aam_noGate,20,fgsm,0.2,0.8581323258742614,0.8222306090400109,0.8259397371788539,0.65218391026377,0.9375199770130639,
CICIoT2023,binary,trades,aam_noGate,20,pgd,0.2,0.7979269592172819,0.7466880376894716,0.7507527497345687,0.5020728155622299,0.8979615765396695,0.0
CICIoT2023,binary,trades,aam_noGate,20,transfer_mlp,0.2,0.8019471083987213,0.7532603441212617,0.7565811393217967,0.5135217569730237,0.9014894738039965,
CICIoT2023,binary,trades,aam_noGate,20,transfer_tf,0.2,0.8112951661338758,0.7672283217260686,0.769331454570148,0.5387934703525087,0.9069083310573991,
CICIoT2023,binary,trades,aam_noGate,20,pgd_constrained,0.1,0.8946042817010559,0.8883750170695071,0.8760496657997607,0.7545129773402064,0.9583989200691884,1.0
CICIoT2023,binary,trades,aam_noGate,20,square,0.1,0.899,0.8909304746123179,0.8776167003523669,0.7576542204804979,0.9703381392010761,
CICIoT2023,binary,trades,aam_noGate,20,square_clean_subset,0,0.924,0.9216807636282109,0.9078161028287114,0.8179976377789788,0.976774770509482,
CICIoT2023,binary,trades,aam_trans,20,clean,0,0.9102005231037489,0.9086655059401885,0.8946507098081928,0.792201602085066,0.9674975192316446,
CICIoT2023,binary,trades,aam_trans,20,gaussian,0.05,0.909328683522232,0.9078050320906732,0.8936650243925497,0.7902899421727876,0.9672927875642952,
CICIoT2023,binary,trades,aam_trans,20,fgsm,0.05,0.8999806257870774,0.8978217943465793,0.8829817205487058,0.7693295087826425,0.9616782284127634,
CICIoT2023,binary,trades,aam_trans,20,pgd,0.05,0.8998353191901579,0.8976701829851154,0.8828167797739883,0.7690073064969714,0.9615834528198826,0.0
CICIoT2023,binary,trades,aam_trans,20,transfer_mlp,0.05,0.901772740482418,0.9001672128908917,0.8851131395302076,0.7736611186288689,0.9629820827074514,
CICIoT2023,binary,trades,aam_trans,20,transfer_tf,0.05,0.9026445800639349,0.901076881059675,0.8861033497803272,0.775595116753954,0.9633022383813556,
CICIoT2023,binary,trades,aam_trans,20,gaussian,0.1,0.9056475830669379,0.8995531203058855,0.8885926650097138,0.7790271792349855,0.9657364411215803,
CICIoT2023,binary,trades,aam_trans,20,fgsm,0.1,0.8928606025380219,0.8888186194182712,0.8745702566323426,0.7523454588560502,0.9560337350357323,
CICIoT2023,binary,trades,aam_trans,20,pgd,0.1,0.8924731182795699,0.8884963129864809,0.8741493115413692,0.7515509371112229,0.9555667247029906,0.0
CICIoT2023,binary,trades,aam_trans,20,transfer_mlp,0.1,0.8962995253317834,0.8934070394647002,0.8786854738881619,0.7607346321016103,0.9588751024170422,
CICIoT2023,binary,trades,aam_trans,20,transfer_tf,0.1,0.8971229293809939,0.8941841799808821,0.8796019196216502,0.7624964856060102,0.95938230574901,
CICIoT2023,binary,trades,aam_trans,20,gaussian,0.2,0.8907294391165359,0.8661137511948656,0.8671239488335963,0.7342662513055817,0.9586360496608858,
CICIoT2023,binary,trades,aam_trans,20,fgsm,0.2,0.8474280732345248,0.8067164072101598,0.8118099620479127,0.6242457947676507,0.9326528062269562,
CICIoT2023,binary,trades,aam_trans,20,pgd,0.2,0.8024798992540928,0.752947152806227,0.756747288993186,0.5139685622817304,0.9054221118394101,0.0
CICIoT2023,binary,trades,aam_trans,20,transfer_mlp,0.2,0.8033033033033034,0.7550525399426464,0.7583224909313868,0.516989294955697,0.9094848877964403,
CICIoT2023,binary,trades,aam_trans,20,transfer_tf,0.2,0.8146372178630243,0.7718960467021712,0.7737020324609652,0.5474974643358255,0.9168699644954255,
CICIoT2023,binary,trades,aam_trans,20,pgd_constrained,0.1,0.8944589751041364,0.8902403727980336,0.87632887441528,0.7557004371421903,0.9567745573307843,1.0
CICIoT2023,binary,trades,aam_trans,20,square,0.1,0.9015,0.8971548060556188,0.8813029561287893,0.7659462574042213,0.9694638896090801,
CICIoT2023,binary,trades,aam_trans,20,square_clean_subset,0,0.922,0.9214252522861377,0.9057714958775029,0.8145511844005138,0.9757903003385525,
CICIoT2023,binary,trades,aam_g2,20,clean,0,0.9112661048144919,0.9094657585688926,0.8958097124707896,0.7943678115031032,0.9674325526878783,
CICIoT2023,binary,trades,aam_g2,20,gaussian,0.05,0.9106364428945074,0.9085792025126314,0.8950473738655282,0.792802032624974,0.9672520426510082,
CICIoT2023,binary,trades,aam_g2,20,fgsm,0.05,0.9014821272885789,0.8984865492284583,0.8845032262060463,0.7719942402465068,0.9622989212071555,
CICIoT2023,binary,trades,aam_g2,20,pgd,0.05,0.9012399496270465,0.898315854158132,0.8842445046055678,0.7715156737066882,0.9621845555100369,0.0
CICIoT2023,binary,trades,aam_g2,20,transfer_mlp,0.05,0.9032742419839194,0.9003400245800901,0.8865399220709584,0.7759728100381306,0.9636048352223587,
CICIoT2023,binary,trades,aam_g2,20,transfer_tf,0.05,0.9036132907100649,0.9008741635941554,0.8869622855454988,0.7768585344355177,0.9637971914971095,
CICIoT2023,binary,trades,aam_g2,20,gaussian,0.1,0.9060835028576965,0.899024068004916,0.8888929992762415,0.7793656185607026,0.9656422686512812,
CICIoT2023,binary,trades,aam_g2,20,fgsm,0.1,0.8922309406180374,0.8876368974464017,0.8737400469555255,0.7505441530100602,0.9564993513587328,
CICIoT2023,binary,trades,aam_g2,20,pgd,0.1,0.8915528431657463,0.8869621739724156,0.8729786906217226,0.7490664062340567,0.9560581615002959,0.0
CICIoT2023,binary,trades,aam_g2,20,transfer_mlp,0.1,0.8954276857502664,0.891759456506896,0.8775384400923615,0.7582373821370564,0.9593185397605716,
CICIoT2023,binary,trades,aam_g2,20,transfer_tf,0.1,0.8964932674610094,0.8931008466475487,0.878796820496576,0.7607757599341267,0.9595967784150394,
CICIoT2023,binary,trades,aam_g2,20,gaussian,0.2,0.8909231812457619,0.8657091697391779,0.8671878407263414,0.7344151336126686,0.9584030110610405,
CICIoT2023,binary,trades,aam_g2,20,fgsm,0.2,0.8513513513513513,0.8089897241567663,0.8156759582563383,0.6324275447231272,0.9354835108562065,
CICIoT2023,binary,trades,aam_g2,20,pgd,0.2,0.8093577448416158,0.7641901543083436,0.766632649638548,0.5334452153397578,0.909738899130593,0.0
CICIoT2023,binary,trades,aam_g2,20,transfer_mlp,0.2,0.8073718880170493,0.760871876280213,0.7637573079445312,0.5277719643690776,0.9129736788201557,
CICIoT2023,binary,trades,aam_g2,20,transfer_tf,0.2,0.8168652523491233,0.7753850198006282,0.7767807347590834,0.5536159528914474,0.9183668123264599,
CICIoT2023,binary,trades,aam_g2,20,pgd_constrained,0.1,0.8938777487164584,0.8890435955209613,0.8755394812566714,0.7539609560044918,0.9574095486822342,1.0
CICIoT2023,binary,trades,aam_g2,20,square,0.1,0.898,0.8919274698490354,0.8769013907729144,0.7568638429134875,0.9686735579578631,
CICIoT2023,binary,trades,aam_g2,20,square_clean_subset,0,0.921,0.9173608684379615,0.9040796503156872,0.8103628140658603,0.9755510715820034,
CICIoMT2024,binary,trades,transformer,11,clean,0,0.995553324248727,0.9963664153712344,0.9944551825922139,0.9889469769042863,0.9990474236745177,
CICIoMT2024,binary,trades,transformer,11,gaussian,0.05,0.9954816036720935,0.9963169006158373,0.9943661984658272,0.9887705399184975,0.999009563237361,
CICIoMT2024,binary,trades,transformer,11,fgsm,0.05,0.9951947213655598,0.9961188415942489,0.9940104027865491,0.9880653829121141,0.9987618864387778,
CICIoMT2024,binary,trades,transformer,11,pgd,0.05,0.9951947213655598,0.9961188415942489,0.9940104027865491,0.9880653829121141,0.998759452553532,0.0
CICIoMT2024,binary,trades,transformer,11,transfer_mlp,0.05,0.9952664419421933,0.996168356349646,0.994099330595994,0.988241583599401,0.9989873620830555,
CICIoMT2024,binary,trades,transformer,11,transfer_tf,0.05,0.9952664419421933,0.996168356349646,0.994099330595994,0.988241583599401,0.998888126529066,
CICIoMT2024,binary,trades,transformer,11,gaussian,0.1,0.9954816036720935,0.9963169006158373,0.9943661984658272,0.9887705399184975,0.9990262913692882,
CICIoMT2024,binary,trades,transformer,11,fgsm,0.1,0.994907839059026,0.9959207825726605,0.9936548321039179,0.9873611695776292,0.9984408711403281,
CICIoMT2024,binary,trades,transformer,11,pgd,0.1,0.994907839059026,0.9959207825726605,0.9936548321039179,0.9873611695776292,0.9984075307757707,0.0
CICIoMT2024,binary,trades,transformer,11,transfer_mlp,0.1,0.9951947213655598,0.9961188415942489,0.9940104027865491,0.9880653829121141,0.9988725573901128,
CICIoMT2024,binary,trades,transformer,11,transfer_tf,0.1,0.9950512802122929,0.9960198120834547,0.9938325893477453,0.9877131584378929,0.9987386035576964,
CICIoMT2024,binary,trades,transformer,11,gaussian,0.2,0.9954816036720935,0.9963974248721438,0.9943670948599017,0.9887754969832728,0.9989990807897946,
CICIoMT2024,binary,trades,transformer,11,fgsm,0.2,0.9934734275263574,0.9945278661831862,0.9918739099931906,0.9838187185225343,0.9977150195959955,
CICIoMT2024,binary,trades,transformer,11,pgd,0.2,0.9911783690740874,0.9924602484726404,0.9890337342593831,0.9781862313295233,0.997341514793515,0.0
CICIoMT2024,binary,trades,transformer,11,transfer_mlp,0.2,0.9948361184823926,0.9958712678172634,0.9935659745382057,0.9871852634079156,0.9984486492709547,
CICIoMT2024,binary,trades,transformer,11,transfer_tf,0.2,0.9948361184823926,0.9958712678172634,0.9935659745382057,0.9871852634079156,0.9983189579571438,
CICIoMT2024,binary,trades,transformer,11,pgd_constrained,0.1,0.994907839059026,0.9959207825726605,0.9936548321039179,0.9873611695776292,0.9986596375030552,1.0
CICIoMT2024,binary,trades,transformer,11,square,0.1,0.9935,0.9954703832752614,0.9920380970929561,0.9842017940722805,0.9974407202984797,
CICIoMT2024,binary,trades,transformer,11,square_clean_subset,0,0.994,0.9958188153310105,0.9926466893557152,0.9854005874360487,0.9979328420338566,
CICIoMT2024,binary,trades,aam_noGate,11,clean,0,0.9963422505916948,0.9969110776806027,0.9954349398276968,0.9908916973878052,0.9993846777523057,
CICIoMT2024,binary,trades,aam_noGate,11,gaussian,0.05,0.9962705300150613,0.9967810386688991,0.9953450572998204,0.9907107699686566,0.9993813295503804,
CICIoMT2024,binary,trades,aam_noGate,11,fgsm,0.05,0.9959119271318941,0.9964529406356072,0.9948986880725983,0.9898215929576842,0.9992337511116675,
CICIoMT2024,binary,trades,aam_noGate,11,pgd,0.05,0.9959119271318941,0.9964529406356072,0.9948986880725983,0.9898215929576842,0.9992314846365179,0.0
CICIoMT2024,binary,trades,aam_noGate,11,transfer_mlp,0.05,0.9959836477085275,0.9965024553910042,0.9949877849050472,0.98999856676885,0.9992949845738036,
CICIoMT2024,binary,trades,aam_noGate,11,transfer_tf,0.05,0.9959836477085275,0.9965024553910042,0.9949877849050472,0.98999856676885,0.9993017067330539,
CICIoMT2024,binary,trades,aam_noGate,11,gaussian,0.1,0.9964856917449616,0.9969295829350905,0.9956125606862147,0.9912424914833396,0.9993774018519678,
CICIoMT2024,binary,trades,aam_noGate,11,fgsm,0.1,0.9956967654019938,0.996143347856803,0.994629769541122,0.989282526112223,0.9990693286417298,
CICIoMT2024,binary,trades,aam_noGate,11,pgd,0.1,0.9956967654019938,0.996143347856803,0.994629769541122,0.989282526112223,0.9990609967700155,0.0
CICIoMT2024,binary,trades,aam_noGate,11,transfer_mlp,0.1,0.9959119271318941,0.9964529406356072,0.9948986880725983,0.9898215929576842,0.9992285742763827,
CICIoMT2024,binary,trades,aam_noGate,11,transfer_tf,0.1,0.9959836477085275,0.9965024553910042,0.9949877849050472,0.98999856676885,0.9992394816880397,
CICIoMT2024,binary,trades,aam_noGate,11,gaussian,0.2,0.9954816036720935,0.995028512514935,0.9943517777472006,0.9887081699239068,0.9993402883213945,
CICIoMT2024,binary,trades,aam_noGate,11,fgsm,0.2,0.9951230007889263,0.9953446085320942,0.9939127672382267,0.9878461541800724,0.998708778805161,
CICIoMT2024,binary,trades,aam_noGate,11,pgd,0.2,0.9917521336871549,0.989393823494642,0.9896698323290243,0.979340445603995,0.9983113086035139,0.0
CICIoMT2024,binary,trades,aam_noGate,11,transfer_mlp,0.2,0.9920390159936886,0.9897529310288432,0.9900291425088843,0.9800590663051167,0.9988787901967741,
CICIoMT2024,binary,trades,aam_noGate,11,transfer_tf,0.2,0.994405795022592,0.9938026456461398,0.9930086445505235,0.9860236624405149,0.9990590651150585,
CICIoMT2024,binary,trades,aam_noGate,11,pgd_constrained,0.1,0.9957684859786272,0.9962733868685065,0.9947196946716368,0.9894636009281768,0.9991422679329053,1.0
CICIoMT2024,binary,trades,aam_noGate,11,square,0.1,0.995,0.9965156794425087,0.9938657833394675,0.987806280753323,0.9977638679041656,
CICIoMT2024,binary,trades,aam_noGate,11,square_clean_subset,0,0.995,0.9965156794425087,0.9938657833394675,0.987806280753323,0.9980056119145261,
CICIoMT2024,binary,trades,aam_trans,11,clean,0,0.9967008534748619,0.9972391757138946,0.9958815084095368,0.9917814586641477,0.9994231563190487,
CICIoMT2024,binary,trades,aam_trans,11,gaussian,0.05,0.9967008534748619,0.9972391757138946,0.9958815084095368,0.9917814586641477,0.9994196535847267,
CICIoMT2024,binary,trades,aam_trans,11,fgsm,0.05,0.9961988094384279,0.996731523913502,0.9952559178601555,0.9905336487448062,0.9992644129146844,
CICIoMT2024,binary,trades,aam_trans,11,pgd,0.05,0.9961988094384279,0.996731523913502,0.9952559178601555,0.9905336487448062,0.9992639879505939,0.0
CICIoMT2024,binary,trades,aam_trans,11,transfer_mlp,0.05,0.9962705300150613,0.9968615629252056,0.9953458002689725,0.9907146074254771,0.9993312481761958,
CICIoMT2024,binary,trades,aam_trans,11,transfer_tf,0.05,0.9964139711683282,0.9969605924359998,0.9955240935575196,0.9910688469422296,0.9994006332222503,
CICIoMT2024,binary,trades,aam_trans,11,gaussian,0.1,0.9966291328982285,0.9971896609584976,0.9957923120177072,0.9916041614473757,0.9994446234444706,
CICIoMT2024,binary,trades,aam_trans,11,fgsm,0.1,0.9961270888617945,0.9966820091581049,0.9951667925870098,0.9903565870971636,0.9990978398688947,
CICIoMT2024,binary,trades,aam_trans,11,pgd,0.1,0.9961270888617945,0.9966820091581049,0.9951667925870098,0.9903565870971636,0.9990914654075367,0.0
CICIoMT2024,binary,trades,aam_trans,11,transfer_mlp,0.1,0.9961988094384279,0.996731523913502,0.9952559178601555,0.9905336487448062,0.9992404990263173,
CICIoMT2024,binary,trades,aam_trans,11,transfer_tf,0.1,0.9963422505916948,0.9968305534242963,0.9954342109128314,0.9908879508072861,0.9993546083234754,
CICIoMT2024,binary,trades,aam_trans,11,gaussian,0.2,0.9961988094384279,0.99632890263197,0.9952521255003873,0.9905158849620661,0.9993797584710152,
CICIoMT2024,binary,trades,aam_trans,11,fgsm,0.2,0.9953381625188267,0.9954931527982855,0.994179927440897,0.9883771949975914,0.9987473603935012,
CICIoMT2024,binary,trades,aam_trans,11,pgd,0.2,0.994907839059026,0.9947934429843708,0.9936406571907832,0.987294705381576,0.9986747172894193,0.0
CICIoMT2024,binary,trades,aam_trans,11,transfer_mlp,0.2,0.9954816036720935,0.995833755077999,0.9943608080224491,0.9887434055298112,0.9990244241028298,
CICIoMT2024,binary,trades,aam_trans,11,transfer_tf,0.2,0.9959119271318941,0.996211367866688,0.9948962440635558,0.9898098432404655,0.9992029218985541,
CICIoMT2024,binary,trades,aam_trans,11,pgd_constrained,0.1,0.9961988094384279,0.996731523913502,0.9952559178601555,0.9905336487448062,0.9991730585129193,1.0
CICIoMT2024,binary,trades,aam_trans,11,square,0.1,0.9945,0.9961672473867595,0.9932559173960238,0.9866020790612863,0.9980019117511024,
CICIoMT2024,binary,trades,aam_trans,11,square_clean_subset,0,0.9955,0.9968641114982578,0.9944762893184631,0.9890132043884745,0.9983694613178749,
CICIoMT2024,binary,trades,aam_g2,11,clean,0,0.9964856917449616,0.9969295829350905,0.9956125606862147,0.9912424914833396,0.9993728431462692,
CICIoMT2024,binary,trades,aam_g2,11,gaussian,0.05,0.9964856917449616,0.9968490586787842,0.995611859457751,0.9912390522171316,0.999363970411167,
CICIoMT2024,binary,trades,aam_g2,11,fgsm,0.05,0.9962705300150613,0.9967005144125928,0.995344313854259,0.9907070576168768,0.9991719896638432,
CICIoMT2024,binary,trades,aam_g2,11,pgd,0.05,0.9962705300150613,0.9967005144125928,0.995344313854259,0.9907070576168768,0.9991700837642854,0.0
CICIoMT2024,binary,trades,aam_g2,11,transfer_mlp,0.05,0.9962705300150613,0.9967005144125928,0.995344313854259,0.9907070576168768,0.9992565832732588,
CICIoMT2024,binary,trades,aam_g2,11,transfer_tf,0.05,0.9963422505916948,0.9967500291679898,0.99543348153055,0.9908843294226211,0.9992774580244939,
CICIoMT2024,binary,trades,aam_g2,11,gaussian,0.1,0.9965574123215951,0.9968985734341812,0.9957010697223408,0.9914165032833318,0.9994230790528502,
CICIoMT2024,binary,trades,aam_g2,11,fgsm,0.1,0.9959836477085275,0.9964219311346979,0.9949869847844219,0.9899946160215105,0.9989899247452984,
CICIoMT2024,binary,trades,aam_g2,11,pgd,0.1,0.9959836477085275,0.9964219311346979,0.9949869847844219,0.9899946160215105,0.9989815156073857,0.0
CICIoMT2024,binary,trades,aam_g2,11,transfer_mlp,0.1,0.9961270888617945,0.9965209606454921,0.9951652490024998,0.9903489239344533,0.9991443541202587,
CICIoMT2024,binary,trades,aam_g2,11,transfer_tf,0.1,0.9961988094384279,0.9965704754008893,0.9952544023748853,0.9905261673619026,0.9991764711033431,
CICIoMT2024,binary,trades,aam_g2,11,gaussian,0.2,0.9960553682851611,0.9960688246085629,0.9950721718162594,0.9901543188885719,0.9993715296208986,
CICIoMT2024,binary,trades,aam_g2,11,fgsm,0.2,0.9949795596356594,0.9951650547649935,0.9937337309805275,0.9874880772064993,0.998555405401577,
CICIoMT2024,binary,trades,aam_g2,11,pgd,0.2,0.994907839059026,0.9951155400095965,0.9936447201522839,0.9873112109578153,0.9984849515064462,0.0
CICIoMT2024,binary,trades,aam_g2,11,transfer_mlp,0.2,0.995553324248727,0.995883269833396,0.9944498760113244,0.9889203851007915,0.998854438466616,
CICIoMT2024,binary,trades,aam_g2,11,transfer_tf,0.2,0.9958402065552607,0.9960813288549845,0.9948062895394774,0.9896288991233839,0.9990057514382459,
CICIoMT2024,binary,trades,aam_g2,11,pgd_constrained,0.1,0.9959836477085275,0.9964219311346979,0.9949869847844219,0.9899946160215105,0.9990624648277827,1.0
CICIoMT2024,binary,trades,aam_g2,11,square,0.1,0.995,0.9965156794425087,0.9938657833394675,0.987806280753323,0.9980278128950695,
CICIoMT2024,binary,trades,aam_g2,11,square_clean_subset,0,0.9955,0.9968641114982578,0.9944762893184631,0.9890132043884745,0.9983706947056827,
CICIoMT2024,binary,trades,transformer,12,clean,0,0.9956250448253604,0.9966575028955508,0.9945467846265597,0.9891381754374302,0.9992210536997504,
CICIoMT2024,binary,trades,transformer,12,gaussian,0.05,0.9956250448253604,0.9966575028955508,0.9945467846265597,0.9891381754374302,0.9992368417595987,
CICIoMT2024,binary,trades,transformer,12,fgsm,0.05,0.9954098830954601,0.9962673858604403,0.9942772284288519,0.9885941620645061,0.9987886720541811,
CICIoMT2024,binary,trades,transformer,12,pgd,0.05,0.9954098830954601,0.9962673858604403,0.9942772284288519,0.9885941620645061,0.9987835982404943,0.0
CICIoMT2024,binary,trades,transformer,12,transfer_mlp,0.05,0.9954816036720935,0.9963974248721438,0.9943670948599017,0.9887754969832728,0.9990662895045974,
CICIoMT2024,binary,trades,transformer,12,transfer_tf,0.05,0.9954816036720935,0.9963974248721438,0.9943670948599017,0.9887754969832728,0.9990680408717584,
CICIoMT2024,binary,trades,transformer,12,gaussian,0.1,0.995553324248727,0.9965274638838473,0.9944569469235096,0.9889568347711855,0.9992345237736502,
CICIoMT2024,binary,trades,transformer,12,fgsm,0.1,0.9949795596356594,0.9958092488154449,0.9937417142684786,0.9875263324276163,0.9985460819469847,
CICIoMT2024,binary,trades,transformer,12,pgd,0.1,0.9949795596356594,0.9958092488154449,0.9937417142684786,0.9875263324276163,0.9985141581293956,0.0
CICIoMT2024,binary,trades,transformer,12,transfer_mlp,0.1,0.9952664419421933,0.9960878320933396,0.9940983918172535,0.9882364802764423,0.9989236045917756,
CICIoMT2024,binary,trades,transformer,12,transfer_tf,0.1,0.9953381625188267,0.9962178711050431,0.9941882724745017,0.9884178433041751,0.9988935351629453,
CICIoMT2024,binary,trades,transformer,12,gaussian,0.2,0.9953381625188267,0.9962178711050431,0.9941882724745017,0.9884178433041751,0.9991665295191648,
CICIoMT2024,binary,trades,transformer,12,fgsm,0.2,0.9926845011833895,0.9935805825922861,0.9908923569741435,0.9818576466097858,0.9978860483258862,
CICIoMT2024,binary,trades,transformer,12,pgd,0.2,0.9914652513806211,0.9922556862126968,0.9893786217467713,0.97884107645529,0.9976166726032865,0.0
CICIoMT2024,binary,trades,transformer,12,transfer_mlp,0.2,0.994907839059026,0.9956792098037412,0.9936518053183019,0.9873448822668821,0.9985257223037382,
CICIoMT2024,binary,trades,transformer,12,transfer_tf,0.2,0.9947643979057592,0.9954996560366407,0.9934729829329019,0.9869872285877844,0.9984832645277839,
CICIoMT2024,binary,trades,transformer,12,pgd_constrained,0.1,0.9951947213655598,0.9960383173379426,0.9940094500891018,0.9880601896250775,0.9986450985800791,1.0
CICIoMT2024,binary,trades,transformer,12,square,0.1,0.996,0.9966770433558987,0.9950178361465952,0.9900634309824475,0.9987390510515614,
CICIoMT2024,binary,trades,transformer,12,square_clean_subset,0,0.996,0.9966770433558987,0.9950178361465952,0.9900634309824475,0.9990814692992048,
CICIoMT2024,binary,trades,aam_noGate,12,clean,0,0.9959119271318941,0.9965334648919135,0.9948995016984686,0.9898257592262839,0.9993566043669311,
CICIoMT2024,binary,trades,aam_noGate,12,gaussian,0.05,0.9958402065552607,0.9965644743928228,0.9948112601277099,0.9896533169293456,0.9993447053723961,
CICIoMT2024,binary,trades,aam_noGate,12,fgsm,0.05,0.9956967654019938,0.9962238721131095,0.9946306262639125,0.9892867148832447,0.9992161344184599,
CICIoMT2024,binary,trades,aam_noGate,12,pgd,0.05,0.9956967654019938,0.9962238721131095,0.9946306262639125,0.9892867148832447,0.9992157738428679,0.0
CICIoMT2024,binary,trades,aam_noGate,12,transfer_mlp,0.05,0.9956967654019938,0.9962238721131095,0.9946306262639125,0.9892867148832447,0.9992551023377918,
CICIoMT2024,binary,trades,aam_noGate,12,transfer_tf,0.05,0.9956967654019938,0.9962238721131095,0.9946306262639125,0.9892867148832447,0.9993012302581644,
CICIoMT2024,binary,trades,aam_noGate,12,gaussian,0.1,0.9956250448253604,0.9962548816140188,0.9945424421576594,0.9891142921615781,0.999367653433285,
CICIoMT2024,binary,trades,aam_noGate,12,fgsm,0.1,0.9951230007889263,0.9956667055573198,0.9939166498049015,0.9878640630626089,0.9990814079240607,
CICIoMT2024,binary,trades,aam_noGate,12,pgd,0.1,0.9951230007889263,0.9956667055573198,0.9939166498049015,0.9878640630626089,0.9990772613047529,0.0
CICIoMT2024,binary,trades,aam_noGate,12,transfer_mlp,0.1,0.9952664419421933,0.9959267835807268,0.9940965124544201,0.9882266452788182,0.999202561322962,
CICIoMT2024,binary,trades,aam_noGate,12,transfer_tf,0.1,0.9954816036720935,0.9960753278469181,0.9943635058349598,0.9887564131686842,0.9992458303939985,
CICIoMT2024,binary,trades,aam_noGate,12,gaussian,0.2,0.9950512802122929,0.9955366665456162,0.9938266968668608,0.9876827761900028,0.9992945596097129,
CICIoMT2024,binary,trades,aam_noGate,12,fgsm,0.2,0.9939037509861579,0.9941807606651177,0.9923964180328628,0.9848249496291878,0.9986632561366748,
CICIoMT2024,binary,trades,aam_noGate,12,pgd,0.2,0.9936168686796242,0.9939827016435293,0.992041137515216,0.984120311052097,0.9985940127453171,0.0
CICIoMT2024,binary,trades,aam_noGate,12,transfer_mlp,0.2,0.9942623538693252,0.9946699072110226,0.9928442575205093,0.9857220846067871,0.9989542792724923,
CICIoMT2024,binary,trades,aam_noGate,12,transfer_tf,0.2,0.9947643979057592,0.9950970347551087,0.9934677828769861,0.9869622753903092,0.9990587302948658,
CICIoMT2024,binary,trades,aam_noGate,12,pgd_constrained,0.1,0.9952664419421933,0.9959267835807268,0.9940965124544201,0.9882266452788182,0.9991402590117499,1.0
CICIoMT2024,binary,trades,aam_noGate,12,square,0.1,0.9955,0.9957728842238915,0.994391962560742,0.9888032086311084,0.9990927166139083,
CICIoMT2024,binary,trades,aam_noGate,12,square_clean_subset,0,0.9955,0.9957728842238915,0.994391962560742,0.9888032086311084,0.9992989173834748,
CICIoMT2024,binary,trades,aam_trans,12,clean,0,0.9956967654019938,0.9967070176509478,0.9946357550872673,0.9893144603570778,0.9993761012042968,
CICIoMT2024,binary,trades,aam_trans,12,gaussian,0.05,0.995553324248727,0.9965274638838473,0.9944569469235096,0.9889568347711855,0.9993650263825434,
CICIoMT2024,binary,trades,aam_trans,12,fgsm,0.05,0.9954098830954601,0.9963479101167467,0.9942781387597518,0.9885992091852932,0.999209167582915,
CICIoMT2024,binary,trades,aam_trans,12,pgd,0.05,0.9954098830954601,0.9963479101167467,0.9942781387597518,0.9885992091852932,0.9992086911080258,0.0
CICIoMT2024,binary,trades,aam_trans,12,transfer_mlp,0.05,0.9954816036720935,0.9963974248721438,0.9943670948599017,0.9887754969832728,0.9992850687450243,
CICIoMT2024,binary,trades,aam_trans,12,transfer_tf,0.05,0.995553324248727,0.9964469396275408,0.9944560650404501,0.9889518438525701,0.9993168895410157,
CICIoMT2024,binary,trades,aam_trans,12,gaussian,0.1,0.9956250448253604,0.9965769786392444,0.9945459172453016,0.9891331506623705,0.9993918892641451,
CICIoMT2024,binary,trades,aam_trans,12,fgsm,0.1,0.9951230007889263,0.9960693268388519,0.9939214890393906,0.9878892412042788,0.9990916585730323,
CICIoMT2024,binary,trades,aam_trans,12,pgd,0.1,0.9951230007889263,0.9960693268388519,0.9939214890393906,0.9878892412042788,0.9990871771335321,0.0
CICIoMT2024,binary,trades,aam_trans,12,transfer_mlp,0.1,0.9952664419421933,0.9962488806059524,0.9941002687735261,0.9882468106510066,0.999198749523847,
CICIoMT2024,binary,trades,aam_trans,12,transfer_tf,0.1,0.9954098830954601,0.9963479101167467,0.9942781387597518,0.9885992091852932,0.9992608200364645,
CICIoMT2024,binary,trades,aam_trans,12,gaussian,0.2,0.9952664419421933,0.9963294048622588,0.9941012063502808,0.988252161315984,0.9993441902644075,
CICIoMT2024,binary,trades,aam_trans,12,fgsm,0.2,0.9935451481029908,0.994094235400745,0.9919549119638993,0.983955977290273,0.9986712660658961,
CICIoMT2024,binary,trades,aam_trans,12,pgd,0.2,0.9926845011833895,0.9935000583359797,0.9908909135487818,0.981850554069012,0.9985659136045428,0.0
CICIoMT2024,binary,trades,aam_trans,12,transfer_mlp,0.2,0.9937603098328911,0.9944843524358555,0.9922249351132515,0.9845012867299398,0.9989822753916687,
CICIoMT2024,binary,trades,aam_trans,12,transfer_tf,0.2,0.9944775155992254,0.995060024246133,0.9931142425693442,0.9862665705288972,0.9990838804424057,
CICIoMT2024,binary,trades,aam_trans,12,pgd_constrained,0.1,0.9952664419421933,0.9962488806059524,0.9941002687735261,0.9882468106510066,0.9991357775722496,1.0
CICIoMT2024,binary,trades,aam_trans,12,square,0.1,0.996,0.9966770433558987,0.9950178361465952,0.9900634309824475,0.9991039639286121,
CICIoMT2024,binary,trades,aam_trans,12,square_clean_subset,0,0.996,0.9966770433558987,0.9950178361465952,0.9900634309824475,0.9992001909544096,
CICIoMT2024,binary,trades,aam_g2,12,clean,0,0.9957684859786272,0.9965954838937322,0.9947230601323487,0.989481239269662,0.9993435463794218,
CICIoMT2024,binary,trades,aam_g2,12,gaussian,0.05,0.9956967654019938,0.9964654448820287,0.994633193140382,0.9893000284239744,0.9993323041475722,
CICIoMT2024,binary,trades,aam_g2,12,fgsm,0.05,0.9954816036720935,0.996236376359531,0.9943653014972538,0.9887657068504253,0.9991282054848183,
CICIoMT2024,binary,trades,aam_g2,12,pgd,0.05,0.9954816036720935,0.996236376359531,0.9943653014972538,0.9887657068504253,0.9991257715995726,0.0
CICIoMT2024,binary,trades,aam_g2,12,transfer_mlp,0.05,0.9954816036720935,0.996236376359531,0.9943653014972538,0.9887657068504253,0.9992368675149981,
CICIoMT2024,binary,trades,aam_g2,12,transfer_tf,0.05,0.995553324248727,0.996285891114928,0.9944542995783947,0.9889422340422556,0.9992825060827816,
CICIoMT2024,binary,trades,aam_g2,12,gaussian,0.1,0.9956967654019938,0.9964654448820287,0.994633193140382,0.9893000284239744,0.9993380089685452,
CICIoMT2024,binary,trades,aam_g2,12,fgsm,0.1,0.9951947213655598,0.9957967445690232,0.9940065883317861,0.9880453527558158,0.9989452520049936,
CICIoMT2024,binary,trades,aam_g2,12,pgd,0.1,0.9951947213655598,0.9957967445690232,0.9940065883317861,0.9880453527558158,0.9989427537312492,0.0
CICIoMT2024,binary,trades,aam_g2,12,transfer_mlp,0.1,0.9954098830954601,0.9961063373478274,0.9942754060164074,0.9885844396605369,0.9991034803013692,
CICIoMT2024,binary,trades,aam_g2,12,transfer_tf,0.1,0.9954098830954601,0.9961063373478274,0.9942754060164074,0.9885844396605369,0.9992172161452357,
CICIoMT2024,binary,trades,aam_g2,12,gaussian,0.2,0.9954098830954601,0.9958647645789083,0.9942726680148399,0.9885707873901014,0.999289176731233,
CICIoMT2024,binary,trades,aam_g2,12,fgsm,0.2,0.9937603098328911,0.99416225541063,0.9922199883575709,0.984478020964897,0.9986045080705831,
CICIoMT2024,binary,trades,aam_g2,12,pgd,0.2,0.9934734275263574,0.9938836721327351,0.9918635814643024,0.9837683454759053,0.9985520700773513,0.0
CICIoMT2024,binary,trades,aam_g2,12,transfer_mlp,0.2,0.9939037509861579,0.9942612849214241,0.9923976290042313,0.9848302785446233,0.9988732656635968,
CICIoMT2024,binary,trades,aam_g2,12,transfer_tf,0.2,0.9945492361758589,0.9947874419763045,0.9931987932676225,0.9864230049106717,0.9990218356851878,
CICIoMT2024,binary,trades,aam_g2,12,pgd_constrained,0.1,0.9954098830954601,0.9961063373478274,0.9942754060164074,0.9885844396605369,0.9989968915808433,1.0
CICIoMT2024,binary,trades,aam_g2,12,square,0.1,0.9955,0.9957728842238915,0.994391962560742,0.9888032086311084,0.999043978250193,
CICIoMT2024,binary,trades,aam_g2,12,square_clean_subset,0,0.9955,0.9957728842238915,0.994391962560742,0.9888032086311084,0.9992726736491663,
CICIoMT2024,binary,trades,transformer,13,clean,0,0.9938320304095245,0.9951780612417038,0.9923234385357549,0.9847287327895973,0.9991304848376675,
CICIoMT2024,binary,trades,transformer,13,gaussian,0.05,0.9938320304095245,0.9951780612417038,0.9923234385357549,0.9847287327895973,0.99913127037735,
CICIoMT2024,binary,trades,transformer,13,fgsm,0.05,0.9934017069497239,0.994639399940402,0.9917878644801099,0.9836575317365788,0.9987944412636526,
CICIoMT2024,binary,trades,transformer,13,pgd,0.05,0.9934017069497239,0.994639399940402,0.9917878644801099,0.9836575317365788,0.9987868820539211,0.0
CICIoMT2024,binary,trades,transformer,13,transfer_mlp,0.05,0.9936168686796242,0.9949489927192061,0.9920562801299382,0.9841966652557745,0.9990259050382969,
CICIoMT2024,binary,trades,transformer,13,transfer_tf,0.05,0.9935451481029908,0.9948189537075026,0.991966389165325,0.9840145987542516,0.9989464753864663,
CICIoMT2024,binary,trades,transformer,13,gaussian,0.1,0.9939754715627913,0.9953576150088045,0.99250196322097,0.9850857998072701,0.9991078329638721,
CICIoMT2024,binary,trades,transformer,13,fgsm,0.1,0.9931148246431901,0.9943608166625071,0.9914321710210683,0.9829506884359587,0.9983379010534215,
CICIoMT2024,binary,trades,transformer,13,pgd,0.1,0.9931148246431901,0.9943608166625071,0.9914321710210683,0.9829506884359587,0.9982961644286513,0.0
CICIoMT2024,binary,trades,transformer,13,transfer_mlp,0.1,0.9933299863730904,0.9945093609286985,0.991697945052544,0.9834754401429768,0.9988929170333591,
CICIoMT2024,binary,trades,transformer,13,transfer_tf,0.1,0.993258265796457,0.9945403704296079,0.9916106674581293,0.9833076999405806,0.998795548745828,
CICIoMT2024,binary,trades,transformer,13,gaussian,0.2,0.9938320304095245,0.9950975369853974,0.9923222230873333,0.9847218415842962,0.9989849797086087,
CICIoMT2024,binary,trades,transformer,13,fgsm,0.2,0.9916804131105215,0.9929679002730329,0.9896553829043592,0.9794216142857534,0.9971196062720579,
CICIoMT2024,binary,trades,transformer,13,pgd,0.2,0.9898873986946856,0.9913274101065732,0.9874407876453202,0.9750347783697807,0.9967549613269803,0.0
CICIoMT2024,binary,trades,transformer,13,transfer_mlp,0.2,0.9926127806067561,0.9940142133747274,0.9908125178947087,0.9817283004670776,0.9985150595683756,
CICIoMT2024,binary,trades,transformer,13,transfer_tf,0.2,0.9923976188768557,0.9936240963396169,0.9905426802667556,0.9811811310913416,0.9981526553430479,
CICIoMT2024,binary,trades,transformer,13,pgd_constrained,0.1,0.9931865452198235,0.9944103314179042,0.9915207484533048,0.9831255474956777,0.9986125437552045,1.0
CICIoMT2024,binary,trades,transformer,13,square,0.1,0.9925,0.9931913687057421,0.9909531490731049,0.981964604944075,0.9987325452333522,
CICIoMT2024,binary,trades,transformer,13,square_clean_subset,0,0.993,0.9935439780146278,0.9915520562295137,0.9831502601918697,0.9991905738201523,
CICIoMT2024,binary,trades,aam_noGate,13,clean,0,0.994405795022592,0.9954936550285743,0.9930320182947625,0.9861248807299642,0.9993881032204294,
CICIoMT2024,binary,trades,aam_noGate,13,gaussian,0.05,0.9943340744459586,0.9953636160168708,0.9929421252372829,0.985943150576556,0.9993847807739034,
CICIoMT2024,binary,trades,aam_noGate,13,fgsm,0.05,0.9941189127160582,0.9952955960069859,0.9926770089313737,0.9854228933774888,0.9991848544858566,
CICIoMT2024,binary,trades,aam_noGate,13,pgd,0.05,0.9941189127160582,0.9952955960069859,0.9926770089313737,0.9854228933774888,0.9991833477949901,0.0
CICIoMT2024,binary,trades,aam_noGate,13,transfer_mlp,0.05,0.9941189127160582,0.9952955960069859,0.9926770089313737,0.9854228933774888,0.9992869617668823,
CICIoMT2024,binary,trades,aam_noGate,13,transfer_tf,0.05,0.9941189127160582,0.9952955960069859,0.9926770089313737,0.9854228933774888,0.999305376877472,
CICIoMT2024,binary,trades,aam_noGate,13,gaussian,0.1,0.994405795022592,0.9955741792848807,0.9930331235050627,0.9861310596519338,0.9993637386125721,
CICIoMT2024,binary,trades,aam_noGate,13,fgsm,0.1,0.9937603098328911,0.9948869737173875,0.9922311007627207,0.9845331306684796,0.9989732352464702,
CICIoMT2024,binary,trades,aam_noGate,13,pgd,0.1,0.9937603098328911,0.9948869737173875,0.9922311007627207,0.9845331306684796,0.9989678910010892,0.0
CICIoMT2024,binary,trades,aam_noGate,13,transfer_mlp,0.1,0.9938320304095245,0.995017012729091,0.9923210068605524,0.9847150724555016,0.9991539351288452,
CICIoMT2024,binary,trades,aam_noGate,13,transfer_tf,0.1,0.9939754715627913,0.9951160422398853,0.9924983993931145,0.985065659446641,0.9991871209610059,
CICIoMT2024,binary,trades,aam_noGate,13,gaussian,0.2,0.9934734275263574,0.9937226236201223,0.9918609910515888,0.9837569799157682,0.9992504148550962,
CICIoMT2024,binary,trades,aam_noGate,13,fgsm,0.2,0.9929713834899233,0.9941007386391001,0.9912522904244649,0.9825863306835603,0.9983591106248494,
CICIoMT2024,binary,trades,aam_noGate,13,pgd,0.2,0.9928279423366564,0.994001709128306,0.9910751781469461,0.9822366654267147,0.9982819603258677,0.0
CICIoMT2024,binary,trades,aam_noGate,13,transfer_mlp,0.2,0.9931865452198235,0.9942492829052915,0.9915180631601266,0.9831112649350155,0.9989014935813683,
CICIoMT2024,binary,trades,aam_noGate,13,transfer_tf,0.2,0.9934017069497239,0.9944783514277892,0.9917852631531491,0.9836435377633582,0.9989525150276318,
CICIoMT2024,binary,trades,aam_noGate,13,pgd_constrained,0.1,0.9937603098328911,0.9948869737173875,0.9922311007627207,0.9845331306684796,0.9990514028837291,1.0
CICIoMT2024,binary,trades,aam_noGate,13,square,0.1,0.993,0.9935439780146278,0.9915520562295137,0.9831502601918697,0.9992935696663903,
CICIoMT2024,binary,trades,aam_noGate,13,square_clean_subset,0,0.993,0.9935439780146278,0.9915520562295137,0.9831502601918697,0.9995843814675333,
CICIoMT2024,binary,trades,aam_trans,13,clean,0,0.9946209567524923,0.9956421992947657,0.9932984222612464,0.9866519866539809,0.99934228436485,
CICIoMT2024,binary,trades,aam_trans,13,gaussian,0.05,0.9947643979057592,0.9957412288055598,0.9934760949800846,0.9870036842216681,0.9993474096893358,
CICIoMT2024,binary,trades,aam_trans,13,fgsm,0.05,0.9942623538693252,0.9953141012614737,0.9928533520971923,0.9857675352112683,0.9991633616050353,
CICIoMT2024,binary,trades,aam_trans,13,pgd,0.05,0.9942623538693252,0.9953141012614737,0.9928533520971923,0.9857675352112683,0.9991622927559591,0.0
CICIoMT2024,binary,trades,aam_trans,13,transfer_mlp,0.05,0.9942623538693252,0.9953141012614737,0.9928533520971923,0.9857675352112683,0.9992553856471856,
CICIoMT2024,binary,trades,aam_trans,13,transfer_tf,0.05,0.9942623538693252,0.9953141012614737,0.9928533520971923,0.9857675352112683,0.9992784624850716,
CICIoMT2024,binary,trades,aam_trans,13,gaussian,0.1,0.9946209567524923,0.9956421992947657,0.9932984222612464,0.9866519866539809,0.9993335790398439,
CICIoMT2024,binary,trades,aam_trans,13,fgsm,0.1,0.9940471921394248,0.995085032738976,0.9925859409235305,0.9852346608550351,0.9989404743784,
CICIoMT2024,binary,trades,aam_trans,13,pgd,0.1,0.9940471921394248,0.995085032738976,0.9925859409235305,0.9852346608550351,0.9989327992693708,0.0
CICIoMT2024,binary,trades,aam_trans,13,transfer_mlp,0.1,0.9941189127160582,0.9952150717506796,0.9926758477873735,0.9854164802649652,0.9991514110997015,
CICIoMT2024,binary,trades,aam_trans,13,transfer_tf,0.1,0.9941906332926916,0.9952645865060766,0.9927645929494695,0.9855919784532988,0.9992023939128658,
CICIoMT2024,binary,trades,aam_trans,13,gaussian,0.2,0.9933299863730904,0.9931404485714896,0.9916754785093296,0.9833726758848264,0.9991749772901766,
CICIoMT2024,binary,trades,aam_trans,13,fgsm,0.2,0.9929713834899233,0.9939396901264873,0.9912495194457458,0.9825720030712147,0.9983692968853224,
CICIoMT2024,binary,trades,aam_trans,13,pgd,0.2,0.9926845011833895,0.9935805825922861,0.9908923569741435,0.9818576466097858,0.9983102011213386,0.0
CICIoMT2024,binary,trades,aam_trans,13,transfer_mlp,0.2,0.993258265796457,0.994379321916995,0.9916080112815039,0.983293351212243,0.998822978246217,
CICIoMT2024,binary,trades,aam_trans,13,transfer_tf,0.2,0.9935451481029908,0.9946579051948898,0.9919638443889501,0.9840007159940727,0.9989795195639302,
CICIoMT2024,binary,trades,aam_trans,13,pgd_constrained,0.1,0.9941189127160582,0.9952150717506796,0.9926758477873735,0.9854164802649652,0.9990107093526354,1.0
CICIoMT2024,binary,trades,aam_trans,13,square,0.1,0.9935,0.9938965873235136,0.9921515570556143,0.9843385060340288,0.9994474575778285,
CICIoMT2024,binary,trades,aam_trans,13,square_clean_subset,0,0.994,0.9947556938527232,0.9927589053395831,0.9855640243032145,0.9995964986259143,
CICIoMT2024,binary,trades,aam_g2,13,clean,0,0.9946209567524923,0.9958837720636848,0.9933016113893072,0.9866700878260123,0.9992623911158295,
CICIoMT2024,binary,trades,aam_g2,13,gaussian,0.05,0.9946926773291257,0.9958527625627756,0.993389350689903,0.986839571767356,0.9992652628428655,
CICIoMT2024,binary,trades,aam_g2,13,fgsm,0.05,0.9942623538693252,0.9954751497740866,0.9928556184696328,0.9857801273083364,0.9990750334627028,
CICIoMT2024,binary,trades,aam_g2,13,pgd,0.05,0.9942623538693252,0.9954751497740866,0.9928556184696328,0.9857801273083364,0.9990736555488334,0.0
CICIoMT2024,binary,trades,aam_g2,13,transfer_mlp,0.05,0.9942623538693252,0.9954751497740866,0.9928556184696328,0.9857801273083364,0.9991660659219751,
CICIoMT2024,binary,trades,aam_g2,13,transfer_tf,0.05,0.9942623538693252,0.9954751497740866,0.9928556184696328,0.9857801273083364,0.9991714101673561,
CICIoMT2024,binary,trades,aam_g2,13,gaussian,0.1,0.9947643979057592,0.9959828015744792,0.9934792010532256,0.9870212488463539,0.9992483930562414,
CICIoMT2024,binary,trades,aam_g2,13,fgsm,0.1,0.9940471921394248,0.9952460812515888,0.9925882915322507,0.9852475428144248,0.9988756351603442,
CICIoMT2024,binary,trades,aam_g2,13,pgd,0.1,0.9940471921394248,0.9952460812515888,0.9925882915322507,0.9852475428144248,0.9988658738639614,0.0
CICIoMT2024,binary,trades,aam_g2,13,transfer_mlp,0.1,0.9941906332926916,0.9954256350186894,0.9927668869170158,0.9856047488873975,0.9990626193601793,
CICIoMT2024,binary,trades,aam_g2,13,transfer_tf,0.1,0.9941906332926916,0.9954256350186894,0.9927668869170158,0.9856047488873975,0.99908816871641,
CICIoMT2024,binary,trades,aam_g2,13,gaussian,0.2,0.9943340744459586,0.995202567504258,0.9929398836085848,0.9859312281537844,0.9992285871540825,
CICIoMT2024,binary,trades,aam_g2,13,fgsm,0.2,0.9931148246431901,0.994119243893588,0.9914281006815469,0.9829291813019292,0.9984263579727511,
CICIoMT2024,binary,trades,aam_g2,13,pgd,0.2,0.9929713834899233,0.9940202143827938,0.9912509053785892,0.9825791060262165,0.9982641504671643,0.0
CICIoMT2024,binary,trades,aam_g2,13,transfer_mlp,0.2,0.9933299863730904,0.9944288366723921,0.9916966302514925,0.9834684153390799,0.9988122768777553,
CICIoMT2024,binary,trades,aam_g2,13,transfer_tf,0.2,0.9935451481029908,0.9946579051948898,0.9919638443889501,0.9840007159940727,0.998919767037261,
CICIoMT2024,binary,trades,aam_g2,13,pgd_constrained,0.1,0.9941906332926916,0.9954256350186894,0.9927668869170158,0.9856047488873975,0.9989470935160524,1.0
CICIoMT2024,binary,trades,aam_g2,13,square,0.1,0.994,0.9947556938527232,0.9927589053395831,0.9855640243032145,0.9992317721586476,
CICIoMT2024,binary,trades,aam_g2,13,square_clean_subset,0,0.994,0.9947556938527232,0.9927589053395831,0.9855640243032145,0.9994244349769048,
CICIoMT2024,binary,trades,transformer,14,clean,0,0.9950512802122929,0.9961003363397611,0.9938335692277512,0.9877186549335903,0.9989811936648929,
CICIoMT2024,binary,trades,transformer,14,gaussian,0.05,0.9950512802122929,0.9961003363397611,0.9938335692277512,0.9877186549335903,0.9989467586958599,
CICIoMT2024,binary,trades,transformer,14,fgsm,0.05,0.9946209567524923,0.9956421992947657,0.9932984222612464,0.9866519866539809,0.9986573452725064,
CICIoMT2024,binary,trades,transformer,14,pgd,0.05,0.9946209567524923,0.9956421992947657,0.9932984222612464,0.9866519866539809,0.9986542288691757,0.0
CICIoMT2024,binary,trades,transformer,14,transfer_mlp,0.05,0.994907839059026,0.9959207825726605,0.9936548321039179,0.9873611695776292,0.9988588040068189,
CICIoMT2024,binary,trades,transformer,14,transfer_tf,0.05,0.9948361184823926,0.9958712678172634,0.9935659745382057,0.9871852634079156,0.9988795242256574,
CICIoMT2024,binary,trades,transformer,14,gaussian,0.1,0.9950512802122929,0.9961003363397611,0.9938335692277512,0.9877186549335903,0.9990578546112853,
CICIoMT2024,binary,trades,transformer,14,fgsm,0.1,0.9944775155992254,0.9953821212713587,0.9931186207324181,0.9862887135097457,0.9983593166680448,
CICIoMT2024,binary,trades,transformer,14,pgd,0.1,0.9944775155992254,0.9953821212713587,0.9931186207324181,0.9862887135097457,0.9983296722033048,0.0
CICIoMT2024,binary,trades,transformer,14,transfer_mlp,0.1,0.9947643979057592,0.9958217530618663,0.9934771310009465,0.9870094160279791,0.9987523955740893,
CICIoMT2024,binary,trades,transformer,14,transfer_tf,0.1,0.9946209567524923,0.9956421992947657,0.9932984222612464,0.9866519866539809,0.9987061775098186,
CICIoMT2024,binary,trades,transformer,14,gaussian,0.2,0.9948361184823926,0.9958712678172634,0.9935659745382057,0.9871852634079156,0.9989212737281277,
CICIoMT2024,binary,trades,transformer,14,fgsm,0.2,0.9928279423366564,0.9932769908215483,0.9910624338640619,0.9821744340175167,0.9976605984370077,
CICIoMT2024,binary,trades,transformer,14,pgd,0.2,0.9917521336871549,0.9917290269275276,0.989717712839503,0.9794765013267333,0.9974086076090207,0.0
CICIoMT2024,binary,trades,transformer,14,transfer_mlp,0.2,0.9946209567524923,0.9955616750384593,0.9932973578562513,0.9866461988657068,0.9984997222280172,
CICIoMT2024,binary,trades,transformer,14,transfer_tf,0.2,0.9940471921394248,0.994682411457444,0.9925800512131877,0.9852046028446048,0.9982652193162405,
CICIoMT2024,binary,trades,transformer,14,pgd_constrained,0.1,0.9945492361758589,0.9955121602830621,0.9932085286792172,0.9864703486936537,0.9984881451759751,1.0
CICIoMT2024,binary,trades,transformer,14,square,0.1,0.993,0.9940504997944057,0.9915520562295137,0.9831762195597206,0.9977148097069645,
CICIoMT2024,binary,trades,transformer,14,square_clean_subset,0,0.993,0.9940504997944057,0.9915520562295137,0.9831762195597206,0.9981951363290674,
CICIoMT2024,binary,trades,aam_noGate,14,clean,0,0.9959119271318941,0.9965334648919135,0.9948995016984686,0.9898257592262839,0.999179948082266,
CICIoMT2024,binary,trades,aam_noGate,14,gaussian,0.05,0.9958402065552607,0.9964034258802101,0.9948096053884488,0.9896446786298163,0.9991761105277513,
CICIoMT2024,binary,trades,aam_noGate,14,fgsm,0.05,0.9954816036720935,0.9959948035906117,0.9943626071404126,0.9887519527877934,0.9990324984205502,
CICIoMT2024,binary,trades,aam_noGate,14,pgd,0.05,0.9954816036720935,0.9959948035906117,0.9943626071404126,0.9887519527877934,0.9990317643916666,0.0
CICIoMT2024,binary,trades,aam_noGate,14,transfer_mlp,0.05,0.995553324248727,0.9961248426023153,0.9944525318523828,0.9889331210418972,0.999094053825179,
CICIoMT2024,binary,trades,aam_noGate,14,transfer_tf,0.05,0.9956967654019938,0.9963043963694158,0.9946314824377898,0.9892910282701712,0.9991312961327495,
CICIoMT2024,binary,trades,aam_noGate,14,gaussian,0.1,0.9957684859786272,0.9961928626122001,0.9947188519575316,0.9894595028158092,0.9991970239120856,
CICIoMT2024,binary,trades,aam_noGate,14,fgsm,0.1,0.9951947213655598,0.9956356960564106,0.994004677435042,0.9880360818287998,0.9989108299136603,
CICIoMT2024,binary,trades,aam_noGate,14,pgd,0.1,0.9951947213655598,0.9956356960564106,0.994004677435042,0.9880360818287998,0.9989094391220913,0.0
CICIoMT2024,binary,trades,aam_noGate,14,transfer_mlp,0.1,0.9952664419421933,0.9957657350681139,0.9940946306815688,0.9882173065853493,0.9990132076263798,
CICIoMT2024,binary,trades,aam_noGate,14,transfer_tf,0.1,0.9954098830954601,0.9958647645789083,0.9942726680148399,0.9885707873901014,0.9990614990003043,
CICIoMT2024,binary,trades,aam_noGate,14,gaussian,0.2,0.9948361184823926,0.9947439282289737,0.9935516045835113,0.987117535789021,0.9990336316581248,
CICIoMT2024,binary,trades,aam_noGate,14,fgsm,0.2,0.9941189127160582,0.9943293049313091,0.9926630259983127,0.9853540487591578,0.9985983911632195,
CICIoMT2024,binary,trades,aam_noGate,14,pgd,0.2,0.9936885892562576,0.9938711678863137,0.9921274291592842,0.9842855553291354,0.9985443305798235,0.0
CICIoMT2024,binary,trades,aam_noGate,14,transfer_mlp,0.2,0.9943340744459586,0.9946388977101133,0.9929320152533623,0.9858933812255336,0.9988019103294864,
CICIoMT2024,binary,trades,aam_noGate,14,transfer_tf,0.2,0.9947643979057592,0.9950970347551087,0.9934677828769861,0.9869622753903092,0.9988914618532917,
CICIoMT2024,binary,trades,aam_noGate,14,pgd_constrained,0.1,0.9952664419421933,0.9957657350681139,0.9940946306815688,0.9882173065853493,0.9989426893427504,1.0
CICIoMT2024,binary,trades,aam_noGate,14,square,0.1,0.9925,0.9926816902160136,0.990935019500284,0.9819054506785253,0.9986499910848468,
CICIoMT2024,binary,trades,aam_noGate,14,square_clean_subset,0,0.994,0.9942469970489023,0.9927443696308336,0.9855148377755659,0.9988671084216054,
CICIoMT2024,binary,trades,aam_trans,14,clean,0,0.9959119271318941,0.99661398914822,0.9949003148030588,0.9898300501473657,0.999197178444482,
CICIoMT2024,binary,trades,aam_trans,14,gaussian,0.05,0.9958402065552607,0.9964839501365165,0.9948104330231968,0.9896489354984451,0.9991811328306395,
CICIoMT2024,binary,trades,aam_trans,14,fgsm,0.05,0.9956250448253604,0.9962548816140188,0.9945424421576594,0.9891142921615781,0.9989994799984857,
CICIoMT2024,binary,trades,aam_trans,14,pgd,0.05,0.9956250448253604,0.9962548816140188,0.9945424421576594,0.9891142921615781,0.9989980119407184,0.0
CICIoMT2024,binary,trades,aam_trans,14,transfer_mlp,0.05,0.9956250448253604,0.9962548816140188,0.9945424421576594,0.9891142921615781,0.9991200925339991,
CICIoMT2024,binary,trades,aam_trans,14,transfer_tf,0.05,0.9956250448253604,0.9962548816140188,0.9945424421576594,0.9891142921615781,0.999157128798374,
CICIoMT2024,binary,trades,aam_trans,14,gaussian,0.1,0.9958402065552607,0.9964839501365165,0.9948104330231968,0.9896489354984451,0.9991826008884068,
CICIoMT2024,binary,trades,aam_trans,14,fgsm,0.1,0.9951230007889263,0.9956667055573198,0.9939166498049015,0.9878640630626089,0.9988315934273251,
CICIoMT2024,binary,trades,aam_trans,14,pgd,0.1,0.9950512802122929,0.9956171908019227,0.9938276805207946,0.9876875301861905,0.9988268930669298,0.0
CICIoMT2024,binary,trades,aam_trans,14,transfer_mlp,0.1,0.9954098830954601,0.996025813091521,0.9942744939340249,0.9885797646093035,0.9990185261163612,
CICIoMT2024,binary,trades,aam_trans,14,transfer_tf,0.1,0.9954098830954601,0.9959452888352146,0.9942735812669758,0.9885752138136233,0.9990812405139645,
CICIoMT2024,binary,trades,aam_trans,14,gaussian,0.2,0.9952664419421933,0.9955241622991948,0.994091803495926,0.9882042311536454,0.9991753764988677,
CICIoMT2024,binary,trades,aam_trans,14,fgsm,0.2,0.9941189127160582,0.9943293049313091,0.9926630259983127,0.9853540487591578,0.9984726790586197,
CICIoMT2024,binary,trades,aam_trans,14,pgd,0.2,0.9935451481029908,0.9937721383755194,0.9919497897105729,0.9839331126981935,0.998405045379726,0.0
CICIoMT2024,binary,trades,aam_trans,14,transfer_mlp,0.2,0.994405795022592,0.9947689367218167,0.9930220394820928,0.9860748091958722,0.9987796834197813,
CICIoMT2024,binary,trades,aam_trans,14,transfer_tf,0.2,0.9947643979057592,0.9950165104988022,0.9934667408649065,0.9869576567216245,0.9989430756737417,
CICIoMT2024,binary,trades,aam_trans,14,pgd_constrained,0.1,0.9952664419421933,0.9957657350681139,0.9940946306815688,0.9882173065853493,0.9989015064590677,1.0
CICIoMT2024,binary,trades,aam_trans,14,square,0.1,0.992,0.991821105018079,0.9903258261744448,0.9806776761832996,0.9983989112596566,
CICIoMT2024,binary,trades,aam_trans,14,square_clean_subset,0,0.9935,0.9938946362314252,0.9921436835669126,0.9843228295411117,0.9988149517429428,
CICIoMT2024,binary,trades,aam_g2,14,clean,0,0.9959836477085275,0.9967440281599236,0.9949901821922718,0.9900111677026929,0.9992341374426589,
CICIoMT2024,binary,trades,aam_g2,14,gaussian,0.05,0.9959836477085275,0.9967440281599236,0.9949901821922718,0.9900111677026929,0.9992226762899141,
CICIoMT2024,binary,trades,aam_g2,14,fgsm,0.05,0.9956967654019938,0.9962238721131095,0.9946306262639125,0.9892867148832447,0.999046921444229,
CICIoMT2024,binary,trades,aam_g2,14,pgd,0.05,0.9956967654019938,0.9962238721131095,0.9946306262639125,0.9892867148832447,0.9990456336742576,0.0
CICIoMT2024,binary,trades,aam_g2,14,transfer_mlp,0.05,0.9957684859786272,0.996353911124813,0.9947205368457832,0.9894678237467871,0.9991733031892139,
CICIoMT2024,binary,trades,aam_g2,14,transfer_tf,0.05,0.9957684859786272,0.996353911124813,0.9947205368457832,0.9894678237467871,0.9991756726859611,
CICIoMT2024,binary,trades,aam_g2,14,gaussian,0.1,0.9959119271318941,0.99661398914822,0.9949003148030588,0.9898300501473657,0.9992399324075297,
CICIoMT2024,binary,trades,aam_g2,14,fgsm,0.1,0.9951947213655598,0.9955551718001041,0.994003721067791,0.9880316328101468,0.9989249696279453,
CICIoMT2024,binary,trades,aam_g2,14,pgd,0.1,0.9951947213655598,0.9955551718001041,0.994003721067791,0.9880316328101468,0.9989145386911775,0.0
CICIoMT2024,binary,trades,aam_g2,14,transfer_mlp,0.1,0.9954816036720935,0.9959948035906117,0.9943626071404126,0.9887519527877934,0.9991044074957485,
CICIoMT2024,binary,trades,aam_g2,14,transfer_tf,0.1,0.9954816036720935,0.9959948035906117,0.9943626071404126,0.9887519527877934,0.9991161519578869,
CICIoMT2024,binary,trades,aam_g2,14,gaussian,0.2,0.9956250448253604,0.9962548816140188,0.9945424421576594,0.9891142921615781,0.9992006039126058,
CICIoMT2024,binary,trades,aam_g2,14,fgsm,0.2,0.9937603098328911,0.9935985856164851,0.9922113009689475,0.984442055046479,0.9986684200942595,
CICIoMT2024,binary,trades,aam_g2,14,pgd,0.2,0.9934734275263574,0.9932394780822839,0.9918531998640716,0.9837258444063893,0.9986344744778158,0.0
CICIoMT2024,binary,trades,aam_g2,14,transfer_mlp,0.2,0.9939754715627913,0.9939887026515957,0.9924816773575709,0.9849862821724606,0.9989112162446515,
CICIoMT2024,binary,trades,aam_g2,14,transfer_tf,0.2,0.9944775155992254,0.9944963544519883,0.9931065537311374,0.9862325816467031,0.9989666418642171,
CICIoMT2024,binary,trades,aam_g2,14,pgd_constrained,0.1,0.9954098830954601,0.9958647645789083,0.9942726680148399,0.9885707873901014,0.9989543951717899,1.0
CICIoMT2024,binary,trades,aam_g2,14,square,0.1,0.993,0.9935422754139481,0.9915435957838785,0.9831334309933698,0.9984547067763655,
CICIoMT2024,binary,trades,aam_g2,14,square_clean_subset,0,0.9935,0.9938946362314252,0.9921436835669126,0.9843228295411117,0.9988392106632511,
CICIoMT2024,binary,trades,transformer,15,clean,0,0.9943340744459586,0.9952830917605644,0.9929410047818463,0.9859371279059844,0.9985745674187501,
CICIoMT2024,binary,trades,transformer,15,gaussian,0.05,0.994405795022592,0.995413130772268,0.9930309123764851,0.9861188245868778,0.9985750310159398,
CICIoMT2024,binary,trades,transformer,15,fgsm,0.05,0.9937603098328911,0.9947259252047747,0.9922286368716524,0.9845200256585076,0.9979154738697309,
CICIoMT2024,binary,trades,transformer,15,pgd,0.05,0.9937603098328911,0.9947259252047747,0.9922286368716524,0.9845200256585076,0.997893826456513,0.0
CICIoMT2024,binary,trades,transformer,15,transfer_mlp,0.05,0.9941189127160582,0.9949734989817602,0.9926723598907343,0.985397976622261,0.9982937434211053,
CICIoMT2024,binary,trades,transformer,15,transfer_tf,0.05,0.9940471921394248,0.9949239842263632,0.992583587302446,0.9852222691579879,0.9983734821377291,
CICIoMT2024,binary,trades,transformer,15,gaussian,0.1,0.9940471921394248,0.9949239842263632,0.992583587302446,0.9852222691579879,0.9985317490672039,
CICIoMT2024,binary,trades,transformer,15,fgsm,0.1,0.9934734275263574,0.9942862934142671,0.9918700429948448,0.9837989098478177,0.9973868829296046,
CICIoMT2024,binary,trades,transformer,15,pgd,0.1,0.9934734275263574,0.9942862934142671,0.9918700429948448,0.9837989098478177,0.9973032293922678,0.0
CICIoMT2024,binary,trades,transformer,15,transfer_mlp,0.1,0.9939754715627913,0.9947939452146597,0.99249363696124,0.9850405192651301,0.9980582489264506,
CICIoMT2024,binary,trades,transformer,15,transfer_tf,0.1,0.9937603098328911,0.9946454009484684,0.9922274037423242,0.9845136567573971,0.9981020331054754,
CICIoMT2024,binary,trades,transformer,15,gaussian,0.2,0.9939037509861579,0.994824954715569,0.9924060841160638,0.9848710302121868,0.9986363159888748,
CICIoMT2024,binary,trades,transformer,15,fgsm,0.2,0.9918238542637883,0.9922616872207632,0.9898160267384992,0.9796926613934379,0.9964658440907199,
CICIoMT2024,binary,trades,transformer,15,pgd,0.2,0.9875206196657821,0.9851840648253102,0.9844038993819371,0.968814105746313,0.9960326640277684,0.0
CICIoMT2024,binary,trades,transformer,15,transfer_mlp,0.2,0.9936168686796242,0.9943853229250613,0.9920474610833457,0.9841499810359933,0.9976436385064857,
CICIoMT2024,binary,trades,transformer,15,transfer_tf,0.2,0.9929713834899233,0.9936981173575681,0.9912453563190606,0.9825514255430051,0.9975219699995956,
CICIoMT2024,binary,trades,transformer,15,pgd_constrained,0.1,0.9936885892562576,0.9945958861930713,0.9921386873069116,0.9843381531364847,0.9976637663511374,1.0
CICIoMT2024,binary,trades,transformer,15,square,0.1,0.994,0.9941911622149643,0.9925676253191276,0.9851626264130611,0.9978002475653588,
CICIoMT2024,binary,trades,transformer,15,square_clean_subset,0,0.995,0.9954339602006372,0.9938063544326063,0.987640125448412,0.998232741264373,
CICIoMT2024,binary,trades,aam_noGate,15,clean,0,0.9946209567524923,0.9954006265258464,0.9932952269998684,0.9866349928783594,0.9991752348441708,
CICIoMT2024,binary,trades,aam_noGate,15,gaussian,0.05,0.9945492361758589,0.9953511117704493,0.9932063701028483,0.9864589634173676,0.9991793299526797,
CICIoMT2024,binary,trades,aam_noGate,15,fgsm,0.05,0.994405795022592,0.9951715580033487,0.9930275903687127,0.9861013939706398,0.9989238363903706,
CICIoMT2024,binary,trades,aam_noGate,15,pgd,0.05,0.994405795022592,0.9951715580033487,0.9930275903687127,0.9861013939706398,0.9989227417858949,0.0
CICIoMT2024,binary,trades,aam_noGate,15,transfer_mlp,0.05,0.9944775155992254,0.9953015970150523,0.9931175272431361,0.9862829928348905,0.9990318674132642,
CICIoMT2024,binary,trades,aam_noGate,15,transfer_tf,0.05,0.994405795022592,0.9951715580033487,0.9930275903687127,0.9861013939706398,0.9990772999378522,
CICIoMT2024,binary,trades,aam_noGate,15,gaussian,0.1,0.9944775155992254,0.9952210727587458,0.9931164330531983,0.9862773953699208,0.9991702898074811,
CICIoMT2024,binary,trades,aam_noGate,15,fgsm,0.1,0.9941906332926916,0.9950230137371574,0.9927611464847514,0.9855737427978233,0.9987146252808304,
CICIoMT2024,binary,trades,aam_noGate,15,pgd,0.1,0.9941906332926916,0.9950230137371574,0.9927611464847514,0.9855737427978233,0.9987109165033131,0.0
CICIoMT2024,binary,trades,aam_noGate,15,transfer_mlp,0.1,0.9942623538693252,0.9950725284925546,0.9928499470912494,0.9857495677224974,0.998885203291231,
CICIoMT2024,binary,trades,aam_noGate,15,transfer_tf,0.1,0.9942623538693252,0.9950725284925546,0.9928499470912494,0.9857495677224974,0.9989609241655444,
CICIoMT2024,binary,trades,aam_noGate,15,gaussian,0.2,0.9946926773291257,0.9953696170249371,0.9933830453708599,0.9868057531241866,0.9991303174275713,
CICIoMT2024,binary,trades,aam_noGate,15,fgsm,0.2,0.9935451481029908,0.9940137111444386,0.9919536326309009,0.9839500765686935,0.9981157993664685,
CICIoMT2024,binary,trades,aam_noGate,15,pgd,0.2,0.993258265796457,0.9937351278665438,0.9915973524956281,0.9832408383968174,0.9980461310110206,0.0
CICIoMT2024,binary,trades,aam_noGate,15,transfer_mlp,0.2,0.9939754715627913,0.9946328967020468,0.992491251166306,0.9850286856304564,0.9985850112332174,
CICIoMT2024,binary,trades,aam_noGate,15,transfer_tf,0.2,0.9939037509861579,0.9945028576903434,0.9924012572665175,0.9848470053361661,0.9987090878699538,
CICIoMT2024,binary,trades,aam_noGate,15,pgd_constrained,0.1,0.9942623538693252,0.9950725284925546,0.9928499470912494,0.9857495677224974,0.9987919429899084,1.0
CICIoMT2024,binary,trades,aam_noGate,15,square,0.1,0.995,0.9954339602006372,0.9938063544326063,0.987640125448412,0.9995215227755159,
CICIoMT2024,binary,trades,aam_noGate,15,square_clean_subset,0,0.995,0.9954339602006372,0.9938063544326063,0.987640125448412,0.9995824198768138,
CICIoMT2024,binary,trades,aam_trans,15,clean,0,0.9946926773291257,0.99553066553755,0.9933851498369839,0.9868165328640954,0.9991060815967111,
CICIoMT2024,binary,trades,aam_trans,15,gaussian,0.05,0.9946209567524923,0.9954811507821528,0.9932962927692883,0.9866405342356411,0.9991255269232782,
CICIoMT2024,binary,trades,aam_trans,15,fgsm,0.05,0.994405795022592,0.9952520822596551,0.9930286984139682,0.9861070810929956,0.9988396162342463,
CICIoMT2024,binary,trades,aam_trans,15,pgd,0.05,0.994405795022592,0.9952520822596551,0.9930286984139682,0.9861070810929956,0.9988211238574584,0.0
CICIoMT2024,binary,trades,aam_trans,15,transfer_mlp,0.05,0.994405795022592,0.9952520822596551,0.9930286984139682,0.9861070810929956,0.9990245400021275,
CICIoMT2024,binary,trades,aam_trans,15,transfer_tf,0.05,0.9944775155992254,0.9953015970150523,0.9931175272431361,0.9862829928348905,0.9990871385004331,
CICIoMT2024,binary,trades,aam_trans,15,gaussian,0.1,0.9944775155992254,0.9952210727587458,0.9931164330531983,0.9862773953699208,0.9990975308041015,
CICIoMT2024,binary,trades,aam_trans,15,fgsm,0.1,0.9941906332926916,0.9950230137371574,0.9927611464847514,0.9855737427978233,0.9986916514645421,
CICIoMT2024,binary,trades,aam_trans,15,pgd,0.1,0.9941189127160582,0.9948929747254539,0.9926711957685307,0.9853920543519994,0.9986305081463043,0.0
CICIoMT2024,binary,trades,aam_trans,15,transfer_mlp,0.1,0.9941906332926916,0.9950230137371574,0.9927611464847514,0.9855737427978233,0.9989848122985123,
CICIoMT2024,binary,trades,aam_trans,15,transfer_tf,0.1,0.9943340744459586,0.995202567504258,0.9929398836085848,0.9859312281537844,0.9990691225985343,
CICIoMT2024,binary,trades,aam_trans,15,gaussian,0.2,0.9941189127160582,0.9948929747254539,0.9926711957685307,0.9853920543519994,0.9991036477114653,
CICIoMT2024,binary,trades,aam_trans,15,fgsm,0.2,0.992756221760023,0.9934690488350704,0.9909780726900792,0.9820188024706613,0.9983080119123875,
CICIoMT2024,binary,trades,aam_trans,15,pgd,0.2,0.9924693394534893,0.9930294170445628,0.9906192803786671,0.9812972956642897,0.9981501441916037,0.0
CICIoMT2024,binary,trades,aam_trans,15,transfer_mlp,0.2,0.9930431040665567,0.9937476321129652,0.9913340018736259,0.9827267894834485,0.998689372111693,
CICIoMT2024,binary,trades,aam_trans,15,transfer_tf,0.2,0.9936885892562576,0.9944348376804584,0.9921361911022515,0.9843256045508684,0.9989777553190696,
CICIoMT2024,binary,trades,aam_trans,15,pgd_constrained,0.1,0.9942623538693252,0.9949920042362481,0.9928488106345772,0.985743824523912,0.9986801130455993,1.0
CICIoMT2024,binary,trades,aam_trans,15,square,0.1,0.995,0.9954339602006372,0.9938063544326063,0.987640125448412,0.9992866339562237,
CICIoMT2024,binary,trades,aam_trans,15,square_clean_subset,0,0.995,0.9954339602006372,0.9938063544326063,0.987640125448412,0.9994096709568052,
CICIoMT2024,binary,trades,aam_g2,15,clean,0,0.9948361184823926,0.9957102193046505,0.9935639295711194,0.9871741023108233,0.9991457577895274,
CICIoMT2024,binary,trades,aam_g2,15,gaussian,0.05,0.9947643979057592,0.9955801802929471,0.9934740209465386,0.9869925903867981,0.9991309484348572,
CICIoMT2024,binary,trades,aam_g2,15,fgsm,0.05,0.9944775155992254,0.9953015970150523,0.9931175272431361,0.9862829928348905,0.9988929814218577,
CICIoMT2024,binary,trades,aam_g2,15,pgd,0.05,0.9944775155992254,0.9953015970150523,0.9931175272431361,0.9862829928348905,0.9988913201985947,0.0
CICIoMT2024,binary,trades,aam_g2,15,transfer_mlp,0.05,0.9945492361758589,0.9954316360267558,0.993207449736687,0.9864645944634937,0.9991104085038149,
CICIoMT2024,binary,trades,aam_g2,15,transfer_tf,0.05,0.9946209567524923,0.9955616750384593,0.9932973578562513,0.9866461988657068,0.9990872672774301,
CICIoMT2024,binary,trades,aam_g2,15,gaussian,0.1,0.994907839059026,0.9957597340600477,0.9936528148932088,0.9873501878952368,0.9991594982951214,
CICIoMT2024,binary,trades,aam_g2,15,fgsm,0.1,0.9943340744459586,0.9950415189916453,0.9929376391065281,0.9859197978614821,0.9986353501613963,
CICIoMT2024,binary,trades,aam_g2,15,pgd,0.1,0.9943340744459586,0.9950415189916453,0.9929376391065281,0.9859197978614821,0.9986102515246553,0.0
CICIoMT2024,binary,trades,aam_g2,15,transfer_mlp,0.1,0.994405795022592,0.9951715580033487,0.9930275903687127,0.9861013939706398,0.999037984320628,
CICIoMT2024,binary,trades,aam_g2,15,transfer_tf,0.1,0.9945492361758589,0.995270587514143,0.9932052897772052,0.9864534556699395,0.9990090610070722,
CICIoMT2024,binary,trades,aam_g2,15,gaussian,0.2,0.9946209567524923,0.9951590537569273,0.9932920255919688,0.9866191095927151,0.9990738744697287,
CICIoMT2024,binary,trades,aam_g2,15,fgsm,0.2,0.9931865452198235,0.9936856131111467,0.9915086375077652,0.983065120228135,0.9980503806519258,
CICIoMT2024,binary,trades,aam_g2,15,pgd,0.2,0.9931148246431901,0.9935555740994431,0.9914185727614926,0.9828832689500896,0.9978949210609888,0.0
CICIoMT2024,binary,trades,aam_g2,15,transfer_mlp,0.2,0.9936168686796242,0.9943853229250613,0.9920474610833457,0.9841499810359933,0.9986759020377929,
CICIoMT2024,binary,trades,aam_g2,15,transfer_tf,0.2,0.9939037509861579,0.9945833819466497,0.9924024651385268,0.984852827231888,0.9988063788912867,
CICIoMT2024,binary,trades,aam_g2,15,pgd_constrained,0.1,0.9944775155992254,0.9952210727587458,0.9931164330531983,0.9862773953699208,0.998743561472086,1.0
CICIoMT2024,binary,trades,aam_g2,15,square,0.1,0.995,0.9954339602006372,0.9938063544326063,0.987640125448412,0.9994519260883181,
CICIoMT2024,binary,trades,aam_g2,15,square_clean_subset,0,0.995,0.9954339602006372,0.9938063544326063,0.987640125448412,0.999532707957387,
CICIoMT2024,binary,trades,transformer,16,clean,0,0.9950512802122929,0.9961003363397611,0.9938335692277512,0.9877186549335903,0.9994564709282064,
CICIoMT2024,binary,trades,transformer,16,gaussian,0.05,0.9951230007889263,0.9961498510951583,0.993922455027562,0.987894647945486,0.9994618151735876,
CICIoMT2024,binary,trades,transformer,16,fgsm,0.05,0.994907839059026,0.9959207825726605,0.9936548321039179,0.9873611695776292,0.9992793510463516,
CICIoMT2024,binary,trades,transformer,16,pgd,0.05,0.994907839059026,0.9959207825726605,0.9936548321039179,0.9873611695776292,0.9992781791756778,0.0
CICIoMT2024,binary,trades,transformer,16,transfer_mlp,0.05,0.9949795596356594,0.9959702973280575,0.9937437037048433,0.9875371345749879,0.9994174386203759,
CICIoMT2024,binary,trades,transformer,16,transfer_tf,0.05,0.9949795596356594,0.9959702973280575,0.9937437037048433,0.9875371345749879,0.9993416919906631,
CICIoMT2024,binary,trades,transformer,16,gaussian,0.1,0.9950512802122929,0.9960198120834547,0.9938325893477453,0.9877131584378929,0.9994895537387697,
CICIoMT2024,binary,trades,transformer,16,fgsm,0.1,0.9945492361758589,0.9955121602830621,0.9932085286792172,0.9864703486936537,0.9990942083575756,
CICIoMT2024,binary,trades,transformer,16,pgd,0.1,0.9945492361758589,0.9955121602830621,0.9932085286792172,0.9864703486936537,0.99907605080098,0.0
CICIoMT2024,binary,trades,transformer,16,transfer_mlp,0.1,0.9948361184823926,0.995790743560957,0.9935649523821246,0.9871796212044898,0.9993442804083055,
CICIoMT2024,binary,trades,transformer,16,transfer_tf,0.1,0.9946926773291257,0.9956111897938564,0.9933862010594058,0.9868221078339917,0.9992221225488264,
CICIoMT2024,binary,trades,transformer,16,gaussian,0.2,0.994907839059026,0.9959207825726605,0.9936548321039179,0.9873611695776292,0.9995164810088699,
CICIoMT2024,binary,trades,transformer,16,fgsm,0.2,0.9938320304095245,0.9947754399601718,0.9923173535044818,0.9846954986551806,0.9985421027377732,
CICIoMT2024,binary,trades,transformer,16,pgd,0.2,0.9916804131105215,0.9912768908905984,0.9896208660463937,0.9792696258785005,0.9982528052137171,0.0
CICIoMT2024,binary,trades,transformer,16,transfer_mlp,0.2,0.9943340744459586,0.9952830917605644,0.9929410047818463,0.9859371279059844,0.9990521369126127,
CICIoMT2024,binary,trades,transformer,16,transfer_tf,0.2,0.9941906332926916,0.9950230137371574,0.9927611464847514,0.9855737427978233,0.9989015322144674,
CICIoMT2024,binary,trades,transformer,16,pgd_constrained,0.1,0.9946209567524923,0.9955616750384593,0.9932973578562513,0.9866461988657068,0.9992028446323559,1.0
CICIoMT2024,binary,trades,transformer,16,square,0.1,0.9955,0.995273659583386,0.9944936868590308,0.9889940675321546,0.9995777974138407,
CICIoMT2024,binary,trades,transformer,16,square_clean_subset,0,0.996,0.996149316325943,0.995108056907974,0.9902280102592314,0.9994742382889336,
CICIoMT2024,binary,trades,aam_noGate,16,clean,0,0.9963422505916948,0.9969110776806027,0.9954349398276968,0.9908916973878052,0.9997141150663678,
CICIoMT2024,binary,trades,aam_noGate,16,gaussian,0.05,0.9962705300150613,0.9967810386688991,0.9953450572998204,0.9907107699686566,0.999716845138707,
CICIoMT2024,binary,trades,aam_noGate,16,fgsm,0.05,0.9961270888617945,0.9966014849017986,0.9951660210421212,0.9903526929950836,0.9996084406625215,
CICIoMT2024,binary,trades,aam_noGate,16,pgd,0.05,0.9961270888617945,0.9966014849017986,0.9951660210421212,0.9903526929950836,0.9996079384322328,0.0
CICIoMT2024,binary,trades,aam_noGate,16,transfer_mlp,0.05,0.9961270888617945,0.9966014849017986,0.9951660210421212,0.9903526929950836,0.9996610074327507,
CICIoMT2024,binary,trades,aam_noGate,16,transfer_tf,0.05,0.9961270888617945,0.9966014849017986,0.9951660210421212,0.9903526929950836,0.9996705369305384,
CICIoMT2024,binary,trades,aam_noGate,16,gaussian,0.1,0.9964139711683282,0.9968800681796934,0.9955233787060183,0.9910651912993005,0.9996876127603581,
CICIoMT2024,binary,trades,aam_noGate,16,fgsm,0.1,0.9958402065552607,0.9962423773675972,0.9948079485267227,0.9896365390479376,0.9994456794158469,
CICIoMT2024,binary,trades,aam_noGate,16,pgd,0.1,0.9957684859786272,0.9961123383558937,0.9947180087030794,0.9894555295271067,0.9994403351704659,0.0
CICIoMT2024,binary,trades,aam_noGate,16,transfer_mlp,0.1,0.9959119271318941,0.9963724163793009,0.9948978739250729,0.9898175514588082,0.9995867803716042,
CICIoMT2024,binary,trades,aam_noGate,16,transfer_tf,0.1,0.9959119271318941,0.9963724163793009,0.9948978739250729,0.9898175514588082,0.9996207002326487,
CICIoMT2024,binary,trades,aam_noGate,16,gaussian,0.2,0.995553324248727,0.9952390757829448,0.9944427687452879,0.9888919218895484,0.9996212797291356,
CICIoMT2024,binary,trades,aam_noGate,16,fgsm,0.2,0.994405795022592,0.9941247426713655,0.9930131209835311,0.9860387178873293,0.9990516346823239,
CICIoMT2024,binary,trades,aam_noGate,16,pgd,0.2,0.9934017069497239,0.9925457692764355,0.9917537858801047,0.9835139354226103,0.9989651995618491,0.0
CICIoMT2024,binary,trades,aam_noGate,16,transfer_mlp,0.2,0.9947643979057592,0.9946944134735767,0.9934625661309351,0.986940425836006,0.9993355106948009,
CICIoMT2024,binary,trades,aam_noGate,16,transfer_tf,0.2,0.9952664419421933,0.9956046865555013,0.9940927464952343,0.9882084651272823,0.9994746799956009,
CICIoMT2024,binary,trades,aam_noGate,16,pgd_constrained,0.1,0.9958402065552607,0.9962423773675972,0.9948079485267227,0.9896365390479376,0.9995118965477721,1.0
CICIoMT2024,binary,trades,aam_noGate,16,square,0.1,0.9965,0.995973449646367,0.9957128215115918,0.9914263894167588,0.9998590615459846,
CICIoMT2024,binary,trades,aam_noGate,16,square_clean_subset,0,0.9965,0.995973449646367,0.9957128215115918,0.9914263894167588,0.9998798959261433,
CICIoMT2024,binary,trades,aam_trans,16,clean,0,0.9967008534748619,0.9972391757138946,0.9958815084095368,0.9917814586641477,0.9997587491735735,
CICIoMT2024,binary,trades,aam_trans,16,gaussian,0.05,0.9967008534748619,0.9972391757138946,0.9958815084095368,0.9917814586641477,0.9997584658641798,
CICIoMT2024,binary,trades,aam_trans,16,fgsm,0.05,0.9961988094384279,0.996731523913502,0.9952559178601555,0.9905336487448062,0.9996848569326195,
CICIoMT2024,binary,trades,aam_trans,16,pgd,0.05,0.9961988094384279,0.996731523913502,0.9952559178601555,0.9905336487448062,0.9996844706016281,0.0
CICIoMT2024,binary,trades,aam_trans,16,transfer_mlp,0.05,0.9961988094384279,0.996731523913502,0.9952559178601555,0.9905336487448062,0.9997093245620746,
CICIoMT2024,binary,trades,aam_trans,16,transfer_tf,0.05,0.9961988094384279,0.996731523913502,0.9952559178601555,0.9905336487448062,0.9997173087358966,
CICIoMT2024,binary,trades,aam_trans,16,gaussian,0.1,0.9965574123215951,0.997059621946794,0.9957024435577775,0.991423324981724,0.999737269170452,
CICIoMT2024,binary,trades,aam_trans,16,fgsm,0.1,0.9956967654019938,0.9960628236004967,0.9946289122690236,0.9892784620743645,0.9995931934660613,
CICIoMT2024,binary,trades,aam_trans,16,pgd,0.1,0.9956250448253604,0.9960133088450995,0.9945398299899904,0.9891014541728103,0.999587900731479,0.0
CICIoMT2024,binary,trades,aam_trans,16,transfer_mlp,0.1,0.9958402065552607,0.9963229016239037,0.9948087772230847,0.9896405464405365,0.9996571441228368,
CICIoMT2024,binary,trades,aam_trans,16,transfer_tf,0.1,0.9957684859786272,0.9961928626122001,0.9947188519575316,0.9894595028158092,0.9996708846284307,
CICIoMT2024,binary,trades,aam_trans,16,gaussian,0.2,0.9958402065552607,0.9958397560860652,0.994803797066562,0.9896183781596344,0.9996170429659301,
CICIoMT2024,binary,trades,aam_trans,16,fgsm,0.2,0.9948361184823926,0.9949049767415865,0.9935536653366663,0.9871257207926408,0.9992658294616531,
CICIoMT2024,binary,trades,aam_trans,16,pgd,0.2,0.9936885892562576,0.9929048768106368,0.9921123169287958,0.9842310002848688,0.9991907911054244,0.0
CICIoMT2024,binary,trades,aam_trans,16,transfer_mlp,0.2,0.9951947213655598,0.9953135990311849,0.9940008482852323,0.9880190329368728,0.9994034019276886,
CICIoMT2024,binary,trades,aam_trans,16,transfer_tf,0.2,0.9951947213655598,0.9953135990311849,0.9940008482852323,0.9880190329368728,0.999466013303694,
CICIoMT2024,binary,trades,aam_trans,16,pgd_constrained,0.1,0.9957684859786272,0.9961928626122001,0.9947188519575316,0.9894595028158092,0.9996321356299938,1.0
CICIoMT2024,binary,trades,aam_trans,16,square,0.1,0.9965,0.995973449646367,0.9957128215115918,0.9914263894167588,0.9998835725814654,
CICIoMT2024,binary,trades,aam_trans,16,square_clean_subset,0,0.997,0.996849106388924,0.9963272022095552,0.992657389052763,0.9999080836169464,
CICIoMT2024,binary,trades,aam_g2,16,clean,0,0.9962705300150613,0.9968615629252056,0.9953458002689725,0.9907146074254771,0.9996784438381624,
CICIoMT2024,binary,trades,aam_g2,16,gaussian,0.05,0.9962705300150613,0.9968615629252056,0.9953458002689725,0.9907146074254771,0.9996879218251513,
CICIoMT2024,binary,trades,aam_g2,16,fgsm,0.05,0.9959836477085275,0.9965829796473107,0.994988584512985,0.9900026423763879,0.9995642701525056,
CICIoMT2024,binary,trades,aam_g2,16,pgd,0.05,0.9959836477085275,0.9965829796473107,0.994988584512985,0.9900026423763879,0.9995630982818317,0.0
CICIoMT2024,binary,trades,aam_g2,16,transfer_mlp,0.05,0.9960553682851611,0.9966324944027078,0.9950776814735598,0.9901795849871916,0.9996023881436564,
CICIoMT2024,binary,trades,aam_g2,16,transfer_tf,0.05,0.9960553682851611,0.9966324944027078,0.9950776814735598,0.9901795849871916,0.9996324189393876,
CICIoMT2024,binary,trades,aam_g2,16,gaussian,0.1,0.9964139711683282,0.9968800681796934,0.9955233787060183,0.9910651912993005,0.9996499326109974,
CICIoMT2024,binary,trades,aam_g2,16,fgsm,0.1,0.9956250448253604,0.996093833101406,0.9945407012706753,0.9891056088986693,0.9994462331569345,
CICIoMT2024,binary,trades,aam_g2,16,pgd,0.1,0.9956250448253604,0.996093833101406,0.9945407012706753,0.9891056088986693,0.999443258408301,0.0
CICIoMT2024,binary,trades,aam_g2,16,transfer_mlp,0.1,0.9957684859786272,0.9962733868685065,0.9947196946716368,0.9894636009281768,0.9995385018753795,
CICIoMT2024,binary,trades,aam_g2,16,transfer_tf,0.1,0.9957684859786272,0.996353911124813,0.9947205368457832,0.9894678237467871,0.9995778174926038,
CICIoMT2024,binary,trades,aam_g2,16,gaussian,0.2,0.9956250448253604,0.9954496390509547,0.9945337153600611,0.9890758709786243,0.9995460997182103,
CICIoMT2024,binary,trades,aam_g2,16,fgsm,0.2,0.9915369719572545,0.9891647549721443,0.9894012045235366,0.978802982523559,0.9990410492131597,
CICIoMT2024,binary,trades,aam_g2,16,pgd,0.2,0.9913935308039876,0.9889046769487373,0.9892198250070061,0.9784406696305213,0.9989682386989815,0.0
CICIoMT2024,binary,trades,aam_g2,16,transfer_mlp,0.2,0.9916804131105215,0.9893443087392448,0.9895808451248327,0.9791622638515268,0.9992518957905631,
CICIoMT2024,binary,trades,aam_g2,16,transfer_tf,0.2,0.9916804131105215,0.9893443087392448,0.9895808451248327,0.9791622638515268,0.9992891380981338,
CICIoMT2024,binary,trades,aam_g2,16,pgd_constrained,0.1,0.9957684859786272,0.996353911124813,0.9947205368457832,0.9894678237467871,0.9995020708628908,1.0
CICIoMT2024,binary,trades,aam_g2,16,square,0.1,0.9965,0.995973449646367,0.9957128215115918,0.9914263894167588,0.9995477713953764,
CICIoMT2024,binary,trades,aam_g2,16,square_clean_subset,0,0.997,0.996849106388924,0.9963272022095552,0.992657389052763,0.9997561151969645,
CICIoMT2024,binary,trades,transformer,17,clean,0,0.9961988094384279,0.9969730966824213,0.9952581874484582,0.9905458081331534,0.9991788019669914,
CICIoMT2024,binary,trades,transformer,17,gaussian,0.05,0.9961988094384279,0.9969730966824213,0.9952581874484582,0.9905458081331534,0.9992064117551764,
CICIoMT2024,binary,trades,transformer,17,fgsm,0.05,0.9957684859786272,0.9964344353811194,0.994721378480359,0.989472171154472,0.9989779484845651,
CICIoMT2024,binary,trades,transformer,17,pgd,0.05,0.9957684859786272,0.9964344353811194,0.994721378480359,0.989472171154472,0.9989746775488382,0.0
CICIoMT2024,binary,trades,transformer,17,transfer_mlp,0.05,0.9959836477085275,0.9966635039036171,0.9949893836086039,0.9900068427267191,0.9991583521798468,
CICIoMT2024,binary,trades,transformer,17,transfer_tf,0.05,0.9959119271318941,0.99661398914822,0.9949003148030588,0.9898300501473657,0.9990924827458141,
CICIoMT2024,binary,trades,transformer,17,gaussian,0.1,0.9961988094384279,0.9968925724261148,0.9952574314038392,0.9905416301852775,0.9991901600981383,
CICIoMT2024,binary,trades,transformer,17,fgsm,0.1,0.9954816036720935,0.9959948035906117,0.9943626071404126,0.9887519527877934,0.9987962956524112,
CICIoMT2024,binary,trades,transformer,17,pgd,0.1,0.9954816036720935,0.9959948035906117,0.9943626071404126,0.9887519527877934,0.998770540252985,0.0
CICIoMT2024,binary,trades,transformer,17,transfer_mlp,0.1,0.995553324248727,0.9961248426023153,0.9944525318523828,0.9889331210418972,0.9991084639711583,
CICIoMT2024,binary,trades,transformer,17,transfer_tf,0.1,0.9956250448253604,0.9961743573577124,0.994541571993098,0.9891098882672902,0.9990160793534159,
CICIoMT2024,binary,trades,transformer,17,gaussian,0.2,0.9958402065552607,0.9964839501365165,0.9948104330231968,0.9896489354984451,0.9991636577921288,
CICIoMT2024,binary,trades,transformer,17,fgsm,0.2,0.9936885892562576,0.9937101193737008,0.9921249185204051,0.9842752224312421,0.9982444862197023,
CICIoMT2024,binary,trades,transformer,17,pgd,0.2,0.9912500896507208,0.9909798023582159,0.9890892302620982,0.9782148353048313,0.9978462691114722,0.0
CICIoMT2024,binary,trades,transformer,17,transfer_mlp,0.2,0.9951230007889263,0.995505657044707,0.9939147097657675,0.9878548598969582,0.9988741284694777,
CICIoMT2024,binary,trades,transformer,17,transfer_tf,0.2,0.9949795596356594,0.9953261032776064,0.9937357306412313,0.9874968961503866,0.9986584785100812,
CICIoMT2024,binary,trades,transformer,17,pgd_constrained,0.1,0.995553324248727,0.9961248426023153,0.9944525318523828,0.9889331210418972,0.9988870061691909,1.0
CICIoMT2024,binary,trades,transformer,17,square,0.1,0.9975,0.9976907879765821,0.9967735680369001,0.9935546015887565,0.9996457311901363,
CICIoMT2024,binary,trades,transformer,17,square_clean_subset,0,0.998,0.9986449864498645,0.997420433264029,0.9948541329422654,0.9997194294462028,
CICIoMT2024,binary,trades,aam_noGate,17,clean,0,0.9965574123215951,0.9972206704594069,0.9957038156328977,0.9914306480821041,0.9995135448933354,
CICIoMT2024,binary,trades,aam_noGate,17,gaussian,0.05,0.9963422505916948,0.9969110776806027,0.9954349398276968,0.9908916973878052,0.9995165196419691,
CICIoMT2024,binary,trades,aam_noGate,17,fgsm,0.05,0.9959836477085275,0.9965829796473107,0.994988584512985,0.9900026423763879,0.9994117209217034,
CICIoMT2024,binary,trades,aam_noGate,17,pgd,0.05,0.9959836477085275,0.9965829796473107,0.994988584512985,0.9900026423763879,0.9994096347343498,0.0
CICIoMT2024,binary,trades,aam_noGate,17,transfer_mlp,0.05,0.9960553682851611,0.9966324944027078,0.9950776814735598,0.9901795849871916,0.9994502638769447,
CICIoMT2024,binary,trades,aam_noGate,17,transfer_tf,0.05,0.9960553682851611,0.9966324944027078,0.9950776814735598,0.9901795849871916,0.9994814407879504,
CICIoMT2024,binary,trades,aam_noGate,17,gaussian,0.1,0.9967008534748619,0.997319699970201,0.995882166072918,0.9917850008893757,0.9995124245334603,
CICIoMT2024,binary,trades,aam_noGate,17,fgsm,0.1,0.9958402065552607,0.9964034258802101,0.9948096053884488,0.9896446786298163,0.9992836393203561,
CICIoMT2024,binary,trades,aam_noGate,17,pgd,0.1,0.9958402065552607,0.9964034258802101,0.9948096053884488,0.9896446786298163,0.9992701434910567,0.0
CICIoMT2024,binary,trades,aam_noGate,17,transfer_mlp,0.1,0.9959836477085275,0.9965829796473107,0.994988584512985,0.9900026423763879,0.99937774954986,
CICIoMT2024,binary,trades,aam_noGate,17,transfer_tf,0.1,0.9959836477085275,0.9965829796473107,0.994988584512985,0.9900026423763879,0.9994464134447305,
CICIoMT2024,binary,trades,aam_noGate,17,gaussian,0.2,0.9957684859786272,0.9960318140995874,0.9947171649078912,0.9894516811797469,0.999480603737469,
CICIoMT2024,binary,trades,aam_noGate,17,fgsm,0.2,0.9948361184823926,0.9950660252541994,0.9935557234493464,0.9871344041423418,0.9989176808499076,
CICIoMT2024,binary,trades,aam_noGate,17,pgd,0.2,0.9943340744459586,0.9945583734538068,0.9929308883189302,0.9858884689518187,0.9988087870211331,0.0
CICIoMT2024,binary,trades,aam_noGate,17,transfer_mlp,0.2,0.9951947213655598,0.9955551718001041,0.994003721067791,0.9880316328101468,0.9991928129042794,
CICIoMT2024,binary,trades,aam_noGate,17,transfer_tf,0.2,0.9954816036720935,0.9957532308216925,0.9943599075982034,0.988739318887017,0.9993158464473387,
CICIoMT2024,binary,trades,aam_noGate,17,pgd_constrained,0.1,0.9958402065552607,0.9964034258802101,0.9948096053884488,0.9896446786298163,0.9993297543630291,1.0
CICIoMT2024,binary,trades,aam_noGate,17,square,0.1,0.9975,0.9976907879765821,0.9967735680369001,0.9935546015887565,0.9997672686650529,
CICIoMT2024,binary,trades,aam_noGate,17,square_clean_subset,0,0.998,0.9986449864498645,0.997420433264029,0.9948541329422654,0.9998047642690167,
CICIoMT2024,binary,trades,aam_trans,17,clean,0,0.9963422505916948,0.996991601936909,0.9954356682754827,0.9908955690462066,0.9994219200598762,
CICIoMT2024,binary,trades,aam_trans,17,gaussian,0.05,0.9962705300150613,0.996942087181512,0.9953465427620576,0.9907185698695311,0.9994293891257099,
CICIoMT2024,binary,trades,aam_trans,17,fgsm,0.05,0.9961270888617945,0.9967625334144112,0.9951675636375212,0.9903606061229595,0.999315035152257,
CICIoMT2024,binary,trades,aam_trans,17,pgd,0.05,0.9961270888617945,0.9967625334144112,0.9951675636375212,0.9903606061229595,0.9993145586773676,0.0
CICIoMT2024,binary,trades,aam_trans,17,transfer_mlp,0.05,0.9962705300150613,0.996942087181512,0.9953465427620576,0.9907185698695311,0.9993431729261303,
CICIoMT2024,binary,trades,aam_trans,17,transfer_tf,0.05,0.9961988094384279,0.9968925724261148,0.9952574314038392,0.9905416301852775,0.9993593601946695,
CICIoMT2024,binary,trades,aam_trans,17,gaussian,0.1,0.9964856917449616,0.9971711557040097,0.9956146616764441,0.991253561075714,0.9993936277536063,
CICIoMT2024,binary,trades,aam_trans,17,fgsm,0.1,0.9961270888617945,0.9967625334144112,0.9951675636375212,0.9903606061229595,0.9992025484452625,
CICIoMT2024,binary,trades,aam_trans,17,pgd,0.1,0.9961270888617945,0.9967625334144112,0.9951675636375212,0.9903606061229595,0.9991982472935583,0.0
CICIoMT2024,binary,trades,aam_trans,17,transfer_mlp,0.1,0.9961988094384279,0.9968120481698084,0.9952566748745212,0.9905375770166991,0.9992931945735435,
CICIoMT2024,binary,trades,aam_trans,17,transfer_tf,0.1,0.9961270888617945,0.9967625334144112,0.9951675636375212,0.9903606061229595,0.9993273204777833,
CICIoMT2024,binary,trades,aam_trans,17,gaussian,0.2,0.9960553682851611,0.9965519701464014,0.9950768958926143,0.9901756001018072,0.999435441644575,
CICIoMT2024,binary,trades,aam_trans,17,fgsm,0.2,0.9948361184823926,0.9951465495105057,0.993556751516695,0.987138932403815,0.9988009187466083,
CICIoMT2024,binary,trades,aam_trans,17,pgd,0.2,0.9946926773291257,0.9950475199997115,0.9933788283399407,0.9867856776722536,0.9987390413994865,0.0
CICIoMT2024,binary,trades,aam_trans,17,transfer_mlp,0.2,0.9951947213655598,0.9955551718001041,0.994003721067791,0.9880316328101468,0.9991065967046995,
CICIoMT2024,binary,trades,aam_trans,17,transfer_tf,0.2,0.9952664419421933,0.9956852108118076,0.9940936888903038,0.9882128236435298,0.9992370735581934,
CICIoMT2024,binary,trades,aam_trans,17,pgd_constrained,0.1,0.9961270888617945,0.9967625334144112,0.9951675636375212,0.9903606061229595,0.999245804638599,1.0
CICIoMT2024,binary,trades,aam_trans,17,square,0.1,0.998,0.9986449864498645,0.997420433264029,0.9948541329422654,0.9997711475206356,
CICIoMT2024,binary,trades,aam_trans,17,square_clean_subset,0,0.998,0.9986449864498645,0.997420433264029,0.9948541329422654,0.9998021783652952,
CICIoMT2024,binary,trades,aam_g2,17,clean,0,0.9968442946281288,0.9972576809683824,0.9960593139121457,0.992132997865717,0.9994817498527434,
CICIoMT2024,binary,trades,aam_g2,17,gaussian,0.05,0.9967008534748619,0.9971586514575882,0.9958808503244131,0.9917780418530171,0.9994856002849577,
CICIoMT2024,binary,trades,aam_g2,17,fgsm,0.05,0.9964856917449616,0.9968490586787842,0.995611859457751,0.9912390522171316,0.9993620773893089,
CICIoMT2024,binary,trades,aam_g2,17,pgd,0.05,0.9964856917449616,0.9968490586787842,0.995611859457751,0.9912390522171316,0.9993614850151222,0.0
CICIoMT2024,binary,trades,aam_g2,17,transfer_mlp,0.05,0.9966291328982285,0.9970286124458847,0.9957909672349856,0.9915972710822254,0.9994037238701815,
CICIoMT2024,binary,trades,aam_g2,17,transfer_tf,0.05,0.9967008534748619,0.9971586514575882,0.9958808503244131,0.9917780418530171,0.9994493753156646,
CICIoMT2024,binary,trades,aam_g2,17,gaussian,0.1,0.9968442946281288,0.9973382052246889,0.9960599437885691,0.992136232307956,0.9994864630908386,
CICIoMT2024,binary,trades,aam_g2,17,fgsm,0.1,0.9958402065552607,0.9960813288549845,0.9948062895394774,0.9896288991233839,0.9992156064327716,
CICIoMT2024,binary,trades,aam_g2,17,pgd,0.1,0.9957684859786272,0.9960318140995874,0.9947171649078912,0.9894516811797469,0.9992133785907212,0.0
CICIoMT2024,binary,trades,aam_g2,17,transfer_mlp,0.1,0.9961270888617945,0.9965209606454921,0.9951652490024998,0.9903489239344533,0.999307669108021,
CICIoMT2024,binary,trades,aam_g2,17,transfer_tf,0.1,0.9959836477085275,0.9963414068783915,0.9949861841507405,0.9899907902520296,0.999421842793678,
CICIoMT2024,binary,trades,aam_g2,17,gaussian,0.2,0.9959836477085275,0.9962608826220851,0.9949853830036334,0.9899870895783228,0.999484737479077,
CICIoMT2024,binary,trades,aam_g2,17,fgsm,0.2,0.9941189127160582,0.9939266836497771,0.9926571679696059,0.9853306136641176,0.9988744375342709,
CICIoMT2024,binary,trades,aam_g2,17,pgd,0.2,0.9940471921394248,0.9937966446380735,0.9925670272447619,0.9851493315105371,0.9988288633549859,0.0
CICIoMT2024,binary,trades,aam_g2,17,transfer_mlp,0.2,0.9946926773291257,0.994725422974486,0.9933746004849071,0.9867675871102172,0.9991164223895808,
CICIoMT2024,binary,trades,aam_g2,17,transfer_tf,0.2,0.9947643979057592,0.9948554619861893,0.9934646548360134,0.9869487922867929,0.9993092659427855,
CICIoMT2024,binary,trades,aam_g2,17,pgd_constrained,0.1,0.9959119271318941,0.996211367866688,0.9948962440635558,0.9898098432404655,0.99928078047102,1.0
CICIoMT2024,binary,trades,aam_g2,17,square,0.1,0.9975,0.9976907879765821,0.9967735680369001,0.9935546015887565,0.9998060572208776,
CICIoMT2024,binary,trades,aam_g2,17,square_clean_subset,0,0.998,0.9986449864498645,0.997420433264029,0.9948541329422654,0.9998370880655372,
CICIoMT2024,binary,trades,transformer,18,clean,0,0.9963422505916948,0.9973136989621347,0.9954385774025387,0.9909123041081355,0.9996404159909094,
CICIoMT2024,binary,trades,transformer,18,gaussian,0.05,0.9964139711683282,0.9974437379738381,0.9955283730582369,0.9910934052241773,0.9996481039776381,
CICIoMT2024,binary,trades,transformer,18,fgsm,0.05,0.9961988094384279,0.997134145195034,0.9952596980849913,0.9905545378985171,0.9994010066755421,
CICIoMT2024,binary,trades,transformer,18,pgd,0.05,0.9961988094384279,0.997134145195034,0.9952596980849913,0.9905545378985171,0.9993975039412201,0.0
CICIoMT2024,binary,trades,transformer,18,transfer_mlp,0.05,0.9962705300150613,0.9971836599504311,0.995348767388331,0.9907312059508492,0.9994915369045254,
CICIoMT2024,binary,trades,transformer,18,transfer_tf,0.05,0.9962705300150613,0.9971836599504311,0.995348767388331,0.9907312059508492,0.9995905921707192,
CICIoMT2024,binary,trades,transformer,18,gaussian,0.1,0.9963422505916948,0.9973136989621347,0.9954385774025387,0.9909123041081355,0.9996268557731115,
CICIoMT2024,binary,trades,transformer,18,fgsm,0.1,0.9956967654019938,0.9964654448820287,0.994633193140382,0.9893000284239744,0.9991513338335031,
CICIoMT2024,binary,trades,transformer,18,pgd,0.1,0.9956967654019938,0.9964654448820287,0.994633193140382,0.9893000284239744,0.9991396923929625,0.0
CICIoMT2024,binary,trades,transformer,18,transfer_mlp,0.1,0.9961988094384279,0.997134145195034,0.9952596980849913,0.9905545378985171,0.9993802993344034,
CICIoMT2024,binary,trades,transformer,18,transfer_tf,0.1,0.9961270888617945,0.9970041061833306,0.9951698738263438,0.9903734115691305,0.999514330433018,
CICIoMT2024,binary,trades,transformer,18,gaussian,0.2,0.9962705300150613,0.9971031356941247,0.9953480263213952,0.9907268692493876,0.9995255340317682,
CICIoMT2024,binary,trades,transformer,18,fgsm,0.2,0.994907839059026,0.9958402583163541,0.993653823821593,0.9873556170371423,0.9986669391587926,
CICIoMT2024,binary,trades,transformer,18,pgd,0.2,0.9926845011833895,0.9935805825922861,0.9908923569741435,0.9818576466097858,0.9984931159680643,0.0
CICIoMT2024,binary,trades,transformer,18,transfer_mlp,0.2,0.9956967654019938,0.9964654448820287,0.994633193140382,0.9893000284239744,0.9991005184304351,
CICIoMT2024,binary,trades,transformer,18,transfer_tf,0.2,0.9954098830954601,0.9962673858604403,0.9942772284288519,0.9885941620645061,0.9992628804684186,
CICIoMT2024,binary,trades,transformer,18,pgd_constrained,0.1,0.9960553682851611,0.996874067171627,0.9950800351977348,0.9901922881735679,0.9992327337733903,1.0
CICIoMT2024,binary,trades,transformer,18,square,0.1,0.995,0.9954637431669233,0.9939777610761018,0.9879814511568421,0.9987641569267012,
CICIoMT2024,binary,trades,transformer,18,square_clean_subset,0,0.995,0.9954637431669233,0.9939777610761018,0.9879814511568421,0.9995663072694875,
CICIoMT2024,binary,trades,aam_noGate,18,clean,0,0.9967008534748619,0.9974002242265074,0.9958828233148602,0.9917886684104177,0.9996281950538817,
CICIoMT2024,binary,trades,aam_noGate,18,gaussian,0.05,0.9965574123215951,0.9973011947157132,0.9957045010111301,0.9914344973626744,0.9996327795149796,
CICIoMT2024,binary,trades,aam_noGate,18,fgsm,0.05,0.9965574123215951,0.9973011947157132,0.9957045010111301,0.9914344973626744,0.9995288307228949,
CICIoMT2024,binary,trades,aam_noGate,18,pgd,0.05,0.9965574123215951,0.9973011947157132,0.9957045010111301,0.9914344973626744,0.9995285989243,0.0
CICIoMT2024,binary,trades,aam_noGate,18,transfer_mlp,0.05,0.9966291328982285,0.9973507094711103,0.9957936550774056,0.9916115531052215,0.999572099793931,
CICIoMT2024,binary,trades,aam_noGate,18,transfer_tf,0.05,0.9966291328982285,0.9973507094711103,0.9957936550774056,0.9916115531052215,0.9995795173489658,
CICIoMT2024,binary,trades,aam_noGate,18,gaussian,0.1,0.9966291328982285,0.9973507094711103,0.9957936550774056,0.9916115531052215,0.9996366170694939,
CICIoMT2024,binary,trades,aam_noGate,18,fgsm,0.1,0.9963422505916948,0.996991601936909,0.9954356682754827,0.9908955690462066,0.9994579261082741,
CICIoMT2024,binary,trades,aam_noGate,18,pgd,0.1,0.9963422505916948,0.996991601936909,0.9954356682754827,0.9908955690462066,0.9994543976185527,0.0
CICIoMT2024,binary,trades,aam_noGate,18,transfer_mlp,0.1,0.9964856917449616,0.9971711557040097,0.9956146616764441,0.991253561075714,0.9995247742474852,
CICIoMT2024,binary,trades,aam_noGate,18,transfer_tf,0.1,0.9964139711683282,0.9970411166923062,0.995524807950935,0.9910726277537906,0.9995560413023888,
CICIoMT2024,binary,trades,aam_noGate,18,gaussian,0.2,0.9961988094384279,0.9966509996571957,0.9952551603603933,0.9905298454872412,0.9995893301561473,
CICIoMT2024,binary,trades,aam_noGate,18,fgsm,0.2,0.9954098830954601,0.9956231918099889,0.9942699247437035,0.9885582555223352,0.999220796145756,
CICIoMT2024,binary,trades,aam_noGate,18,pgd,0.2,0.9953381625188267,0.9955736770545919,0.9941808570457654,0.9883812135669722,0.9991896063570506,0.0
CICIoMT2024,binary,trades,aam_noGate,18,transfer_mlp,0.2,0.9956250448253604,0.9960133088450995,0.9945398299899904,0.9891014541728103,0.9994041359565723,
CICIoMT2024,binary,trades,aam_noGate,18,transfer_tf,0.2,0.9958402065552607,0.9961618531112908,0.9948071192989811,0.9896326565696061,0.9994950396388476,
CICIoMT2024,binary,trades,aam_noGate,18,pgd_constrained,0.1,0.9964139711683282,0.9970411166923062,0.995524807950935,0.9910726277537906,0.9994762639526658,1.0
CICIoMT2024,binary,trades,aam_noGate,18,square,0.1,0.995,0.9954637431669233,0.9939777610761018,0.9879814511568421,0.9990323457461268,
CICIoMT2024,binary,trades,aam_noGate,18,square_clean_subset,0,0.995,0.9954637431669233,0.9939777610761018,0.9879814511568421,0.9991434870586814,
CICIoMT2024,binary,trades,aam_trans,18,clean,0,0.9968442946281288,0.9974992537373016,0.9960612023306172,0.9921430778629488,0.9996063029643694,
CICIoMT2024,binary,trades,aam_trans,18,gaussian,0.05,0.9968442946281288,0.9974992537373016,0.9960612023306172,0.9921430778629488,0.999618304980502,
CICIoMT2024,binary,trades,aam_trans,18,fgsm,0.05,0.9963422505916948,0.9968305534242963,0.9954342109128314,0.9908879508072861,0.9994692069732228,
CICIoMT2024,binary,trades,aam_trans,18,pgd,0.05,0.9963422505916948,0.9968305534242963,0.9954342109128314,0.9908879508072861,0.9994684214335403,0.0
CICIoMT2024,binary,trades,aam_trans,18,transfer_mlp,0.05,0.9964856917449616,0.9970101071913968,0.9956132614652693,0.9912460561273309,0.9995264869815472,
CICIoMT2024,binary,trades,aam_trans,18,transfer_tf,0.05,0.9964139711683282,0.9969605924359998,0.9955240935575196,0.9910688469422296,0.9995550239641114,
CICIoMT2024,binary,trades,aam_trans,18,gaussian,0.1,0.9966291328982285,0.9971896609584976,0.9957923120177072,0.9916041614473757,0.9996077710221364,
CICIoMT2024,binary,trades,aam_trans,18,fgsm,0.1,0.9961270888617945,0.9966014849017986,0.9951660210421212,0.9903526929950836,0.9993542091147845,
CICIoMT2024,binary,trades,aam_trans,18,pgd,0.1,0.9961270888617945,0.9966014849017986,0.9951660210421212,0.9903526929950836,0.9993516078194422,0.0
CICIoMT2024,binary,trades,aam_trans,18,transfer_mlp,0.1,0.9961988094384279,0.9966509996571957,0.9952551603603933,0.9905298454872412,0.9994422797031226,
CICIoMT2024,binary,trades,aam_trans,18,transfer_tf,0.1,0.9961988094384279,0.9966509996571957,0.9952551603603933,0.9905298454872412,0.9995117548930752,
CICIoMT2024,binary,trades,aam_trans,18,gaussian,0.2,0.9962705300150613,0.9966199901562864,0.9953435699319453,0.9907034704882005,0.9995859819542218,
CICIoMT2024,binary,trades,aam_trans,18,fgsm,0.2,0.9951947213655598,0.9953135990311849,0.9940008482852323,0.9880190329368728,0.999121354548571,
CICIoMT2024,binary,trades,aam_trans,18,pgd,0.2,0.9950512802122929,0.9952145695203907,0.9938227559408894,0.9876650029268825,0.999062992813471,0.0
CICIoMT2024,binary,trades,aam_trans,18,transfer_mlp,0.2,0.9954816036720935,0.9957532308216925,0.9943599075982034,0.988739318887017,0.9992890479542356,
CICIoMT2024,binary,trades,aam_trans,18,transfer_tf,0.2,0.9956250448253604,0.9958522603324867,0.9945380857522265,0.9890935191190284,0.9993916832209496,
CICIoMT2024,binary,trades,aam_trans,18,pgd_constrained,0.1,0.9961988094384279,0.996731523913502,0.9952559178601555,0.9905336487448062,0.9993992424306812,1.0
CICIoMT2024,binary,trades,aam_trans,18,square,0.1,0.995,0.9954637431669233,0.9939777610761018,0.9879814511568421,0.998965902570143,
CICIoMT2024,binary,trades,aam_trans,18,square_clean_subset,0,0.995,0.9954637431669233,0.9939777610761018,0.9879814511568421,0.9992993265078072,
CICIoMT2024,binary,trades,aam_g2,18,clean,0,0.9966291328982285,0.9971091367021911,0.9957916398418794,0.9916006535440581,0.999597340085369,
CICIoMT2024,binary,trades,aam_g2,18,gaussian,0.05,0.9966291328982285,0.9971091367021911,0.9957916398418794,0.9916006535440581,0.9996082603747256,
CICIoMT2024,binary,trades,aam_g2,18,fgsm,0.05,0.9963422505916948,0.9967500291679898,0.99543348153055,0.9908843294226211,0.9994830376227147,
CICIoMT2024,binary,trades,aam_g2,18,pgd,0.05,0.9962705300150613,0.9966199901562864,0.9953435699319453,0.9907034704882005,0.9994817627304432,0.0
CICIoMT2024,binary,trades,aam_g2,18,transfer_mlp,0.05,0.9964856917449616,0.9968490586787842,0.995611859457751,0.9912390522171316,0.9995413220916166,
CICIoMT2024,binary,trades,aam_g2,18,transfer_tf,0.05,0.9964856917449616,0.9968490586787842,0.995611859457751,0.9912390522171316,0.9995352438173519,
CICIoMT2024,binary,trades,aam_g2,18,gaussian,0.1,0.9965574123215951,0.9969790976904875,0.9957017568602571,0.9914198513980782,0.9995869091486013,
CICIoMT2024,binary,trades,aam_g2,18,fgsm,0.1,0.9961270888617945,0.9964404363891857,0.9951644764677894,0.9903452800332616,0.9993920824296407,
CICIoMT2024,binary,trades,aam_g2,18,pgd,0.1,0.9961270888617945,0.9964404363891857,0.9951644764677894,0.9903452800332616,0.9993890046594093,0.0
CICIoMT2024,binary,trades,aam_g2,18,transfer_mlp,0.1,0.9961988094384279,0.9965704754008893,0.9952544023748853,0.9905261673619026,0.9994845829466804,
CICIoMT2024,binary,trades,aam_g2,18,transfer_tf,0.1,0.9961270888617945,0.9964404363891857,0.9951644764677894,0.9903452800332616,0.9994784789170162,
CICIoMT2024,binary,trades,aam_g2,18,gaussian,0.2,0.9954816036720935,0.9953506095401605,0.9943553968077152,0.9887207602439005,0.999545481588624,
CICIoMT2024,binary,trades,aam_g2,18,fgsm,0.2,0.9947643979057592,0.994774937729883,0.9934636108182382,0.9869445467547171,0.9991774755639209,
CICIoMT2024,binary,trades,aam_g2,18,pgd,0.2,0.9945492361758589,0.994465344951079,0.9931944483620738,0.9864051850289342,0.9991452169261393,0.0
CICIoMT2024,binary,trades,aam_g2,18,transfer_mlp,0.2,0.9952664419421933,0.9952825895302756,0.9940889708682186,0.9881922776625987,0.9993894940119984,
CICIoMT2024,binary,trades,aam_g2,18,transfer_tf,0.2,0.994907839059026,0.9949544914969837,0.9936426899739029,0.9873027088154357,0.9994137298428586,
CICIoMT2024,binary,trades,aam_g2,18,pgd_constrained,0.1,0.9961270888617945,0.9964404363891857,0.9951644764677894,0.9903452800332616,0.9994162796274018,1.0
CICIoMT2024,binary,trades,aam_g2,18,square,0.1,0.995,0.9954637431669233,0.9939777610761018,0.9879814511568421,0.9988281839871946,
CICIoMT2024,binary,trades,aam_g2,18,square_clean_subset,0,0.995,0.9954637431669233,0.9939777610761018,0.9879814511568421,0.9991374467699556,
CICIoMT2024,binary,trades,transformer,19,clean,0,0.9951947213655598,0.996521462875781,0.9940151571310427,0.9880932016411451,0.9992312399602232,
CICIoMT2024,binary,trades,transformer,19,gaussian,0.05,0.9951947213655598,0.996521462875781,0.9940151571310427,0.9880932016411451,0.9992591845686009,
CICIoMT2024,binary,trades,transformer,19,fgsm,0.05,0.9948361184823926,0.9960323163298762,0.9935680168874732,0.9871969172860519,0.9988870576799896,
CICIoMT2024,binary,trades,transformer,19,pgd,0.05,0.9948361184823926,0.9960323163298762,0.9935680168874732,0.9871969172860519,0.998880811995629,0.0
CICIoMT2024,binary,trades,transformer,19,transfer_mlp,0.05,0.9951230007889263,0.9963914238640774,0.9939253492826134,0.9879116083234437,0.9991040726755559,
CICIoMT2024,binary,trades,transformer,19,transfer_tf,0.05,0.9950512802122929,0.9962613848523739,0.9938355271059812,0.9877300178505045,0.9991146967778192,
CICIoMT2024,binary,trades,transformer,19,gaussian,0.1,0.9951230007889263,0.9963914238640774,0.9939253492826134,0.9879116083234437,0.9992622108280335,
CICIoMT2024,binary,trades,transformer,19,fgsm,0.1,0.9945492361758589,0.995673208795675,0.9932106844923327,0.9864822262486601,0.9984529633003587,
CICIoMT2024,binary,trades,transformer,19,pgd,0.1,0.9945492361758589,0.995673208795675,0.9932106844923327,0.9864822262486601,0.9983998814221411,0.0
CICIoMT2024,binary,trades,transformer,19,transfer_mlp,0.1,0.9947643979057592,0.9959022773181727,0.9934781663585018,0.9870152709409251,0.9989165476123328,
CICIoMT2024,binary,trades,transformer,19,transfer_tf,0.1,0.9946926773291257,0.9957722383064691,0.9933883014853833,0.9868336273999861,0.9989400107812102,
CICIoMT2024,binary,trades,transformer,19,gaussian,0.2,0.9947643979057592,0.9960633258307855,0.9934802350855924,0.9870273496303609,0.9992412588106002,
CICIoMT2024,binary,trades,transformer,19,fgsm,0.2,0.9930431040665567,0.9940697291381908,0.9913394960687609,0.9827541145309512,0.997856287961849,
CICIoMT2024,binary,trades,transformer,19,pgd,0.2,0.9911783690740874,0.9921381514474148,0.9890268074127022,0.9781516613511265,0.9975419433118509,0.0
CICIoMT2024,binary,trades,transformer,19,transfer_mlp,0.2,0.9939754715627913,0.9949549937272725,0.992496019702052,0.9850528441738765,0.9983430263779076,
CICIoMT2024,binary,trades,transformer,19,transfer_tf,0.2,0.9934734275263574,0.9944473419268799,0.991872621819026,0.9838119933912235,0.9983660903380936,
CICIoMT2024,binary,trades,transformer,19,pgd_constrained,0.1,0.9947643979057592,0.9959022773181727,0.9934781663585018,0.9870152709409251,0.9986969570768242,1.0
CICIoMT2024,binary,trades,transformer,19,square,0.1,0.9915,0.9935758141800328,0.9894187501614418,0.9790096502845272,0.9993911616760754,
CICIoMT2024,binary,trades,transformer,19,square_clean_subset,0,0.9925,0.9948311509303929,0.9906636030836251,0.9814996158737062,0.9994740139015991,
CICIoMT2024,binary,trades,aam_noGate,19,clean,0,0.9952664419421933,0.9963294048622588,0.9941012063502808,0.988252161315984,0.9994531098485815,
CICIoMT2024,binary,trades,aam_noGate,19,gaussian,0.05,0.9951947213655598,0.9962798901068617,0.9940123063515844,0.9880761402895516,0.9994603213604208,
CICIoMT2024,binary,trades,aam_noGate,19,fgsm,0.05,0.9949795596356594,0.996050821584364,0.9937446974677,0.9875427207650465,0.9992853134213189,
CICIoMT2024,binary,trades,aam_noGate,19,pgd,0.05,0.9949795596356594,0.996050821584364,0.9937446974677,0.9875427207650465,0.9992846952917327,0.0
CICIoMT2024,binary,trades,aam_noGate,19,transfer_mlp,0.05,0.9950512802122929,0.9961808605960676,0.9938345484803467,0.9877242747759756,0.9993706410596184,
CICIoMT2024,binary,trades,aam_noGate,19,transfer_tf,0.05,0.9951230007889263,0.9962303753514646,0.9939234203971943,0.9879001781221773,0.9994331236586266,
CICIoMT2024,binary,trades,aam_noGate,19,gaussian,0.1,0.9952664419421933,0.9963294048622588,0.9941012063502808,0.988252161315984,0.9994732248155334,
CICIoMT2024,binary,trades,aam_noGate,19,fgsm,0.1,0.9948361184823926,0.9958712678172634,0.9935659745382057,0.9871852634079156,0.9991851764283495,
CICIoMT2024,binary,trades,aam_noGate,19,pgd,0.1,0.9948361184823926,0.9958712678172634,0.9935659745382057,0.9871852634079156,0.9991820857804181,0.0
CICIoMT2024,binary,trades,aam_noGate,19,transfer_mlp,0.1,0.9948361184823926,0.9958712678172634,0.9935659745382057,0.9871852634079156,0.9992821712625889,
CICIoMT2024,binary,trades,aam_noGate,19,transfer_tf,0.1,0.9949795596356594,0.996050821584364,0.9937446974677,0.9875427207650465,0.9994074841584977,
CICIoMT2024,binary,trades,aam_noGate,19,gaussian,0.2,0.9948361184823926,0.9955491707920378,0.9935618819824583,0.9871634349122506,0.9994037882586801,
CICIoMT2024,binary,trades,aam_noGate,19,fgsm,0.2,0.9940471921394248,0.9948434599700569,0.9925824093609181,0.9852162574418621,0.9988660541517576,
CICIoMT2024,binary,trades,aam_noGate,19,pgd,0.2,0.9938320304095245,0.9946143914475591,0.9923149140317458,0.9846830619079993,0.9988040995384375,0.0
CICIoMT2024,binary,trades,aam_noGate,19,transfer_mlp,0.2,0.9941189127160582,0.9949734989817602,0.9926723598907343,0.985397976622261,0.9991156368498982,
CICIoMT2024,binary,trades,aam_noGate,19,transfer_tf,0.2,0.9945492361758589,0.9955121602830621,0.9932085286792172,0.9864703486936537,0.9993354076732032,
CICIoMT2024,binary,trades,aam_noGate,19,pgd_constrained,0.1,0.9948361184823926,0.9958712678172634,0.9935659745382057,0.9871852634079156,0.9992113439141665,1.0
CICIoMT2024,binary,trades,aam_noGate,19,square,0.1,0.9925,0.9948311509303929,0.9906636030836251,0.9814996158737062,0.9996673357611546,
CICIoMT2024,binary,trades,aam_noGate,19,square_clean_subset,0,0.993,0.9951757408683666,0.9912812132565416,0.9827128900583306,0.9997225705781705,
CICIoMT2024,binary,trades,aam_trans,19,clean,0,0.9957684859786272,0.996756532406345,0.9947247396307015,0.9894908043414682,0.9994755041683827,
CICIoMT2024,binary,trades,aam_trans,19,gaussian,0.05,0.9957684859786272,0.996756532406345,0.9947247396307015,0.9894908043414682,0.9994958895670286,
CICIoMT2024,binary,trades,aam_trans,19,fgsm,0.05,0.9954816036720935,0.9964779491284501,0.9943679906798895,0.9887805779289915,0.9992887517671423,
CICIoMT2024,binary,trades,aam_trans,19,pgd,0.05,0.9954816036720935,0.9964779491284501,0.9943679906798895,0.9887805779289915,0.9992872193208766,0.0
CICIoMT2024,binary,trades,aam_trans,19,transfer_mlp,0.05,0.9956250448253604,0.9966575028955508,0.9945467846265597,0.9891381754374302,0.9993458128545715,
CICIoMT2024,binary,trades,aam_trans,19,transfer_tf,0.05,0.9956967654019938,0.9967070176509478,0.9946357550872673,0.9893144603570778,0.9994579261082741,
CICIoMT2024,binary,trades,aam_trans,19,gaussian,0.1,0.9956250448253604,0.9965769786392444,0.9945459172453016,0.9891331506623705,0.999435840853266,
CICIoMT2024,binary,trades,aam_trans,19,fgsm,0.1,0.9950512802122929,0.9960198120834547,0.9938325893477453,0.9877131584378929,0.9991401302347528,
CICIoMT2024,binary,trades,aam_trans,19,pgd,0.1,0.9950512802122929,0.9960198120834547,0.9938325893477453,0.9877131584378929,0.9991345928238762,0.0
CICIoMT2024,binary,trades,aam_trans,19,transfer_mlp,0.1,0.9952664419421933,0.9962488806059524,0.9941002687735261,0.9882468106510066,0.9992298491686544,
CICIoMT2024,binary,trades,aam_trans,19,transfer_tf,0.1,0.9953381625188267,0.9962983953613496,0.9941891967332193,0.9884229804205528,0.9993471392576418,
CICIoMT2024,binary,trades,aam_trans,19,gaussian,0.2,0.9944775155992254,0.9944158301956818,0.9931054525069087,0.98622822263328,0.9993460446531661,
CICIoMT2024,binary,trades,aam_trans,19,fgsm,0.2,0.9936885892562576,0.9940322163989264,0.992129936582497,0.9842963822111892,0.9988040351499389,
CICIoMT2024,binary,trades,aam_trans,19,pgd,0.2,0.9934017069497239,0.9935925846084188,0.9917708961485857,0.9835753183164748,0.998732370751035,0.0
CICIoMT2024,binary,trades,aam_trans,19,transfer_mlp,0.2,0.9939037509861579,0.9943418091777305,0.9923988391999256,0.984835730877697,0.9990232651098558,
CICIoMT2024,binary,trades,aam_trans,19,transfer_tf,0.2,0.9938320304095245,0.994211770166027,0.9923088016601675,0.9846541202645044,0.9993206111962327,
CICIoMT2024,binary,trades,aam_trans,19,pgd_constrained,0.1,0.9951230007889263,0.9961498510951583,0.993922455027562,0.987894647945486,0.99917886635549,1.0
CICIoMT2024,binary,trades,aam_trans,19,square,0.1,0.9925,0.9948311509303929,0.9906636030836251,0.9814996158737062,0.999654782393651,
CICIoMT2024,binary,trades,aam_trans,19,square_clean_subset,0,0.9935,0.9955203308063405,0.9918995014766274,0.9839289778724302,0.9997301025986726,
CICIoMT2024,binary,trades,aam_g2,19,clean,0,0.9954816036720935,0.9965584733847566,0.9943688859262022,0.9887857826401447,0.9994062865324245,
CICIoMT2024,binary,trades,aam_g2,19,gaussian,0.05,0.995553324248727,0.9965274638838473,0.9944569469235096,0.9889568347711855,0.9994259121467872,
CICIoMT2024,binary,trades,aam_g2,19,fgsm,0.05,0.9952664419421933,0.9963294048622588,0.9941012063502808,0.988252161315984,0.9992427397460671,
CICIoMT2024,binary,trades,aam_g2,19,pgd,0.05,0.9952664419421933,0.9963294048622588,0.9941012063502808,0.988252161315984,0.9992413489544981,0.0
CICIoMT2024,binary,trades,aam_g2,19,transfer_mlp,0.05,0.9952664419421933,0.9963294048622588,0.9941012063502808,0.988252161315984,0.9993017196107535,
CICIoMT2024,binary,trades,aam_g2,19,transfer_tf,0.05,0.9954816036720935,0.9965584733847566,0.9943688859262022,0.9887857826401447,0.9993692245126499,
CICIoMT2024,binary,trades,aam_g2,19,gaussian,0.1,0.9952664419421933,0.9964099291185653,0.9941021433266886,0.9882576354793082,0.9994471088405151,
CICIoMT2024,binary,trades,aam_g2,19,fgsm,0.1,0.9951947213655598,0.9961993658505554,0.9940113548738976,0.9880706998386435,0.9991027849055847,
CICIoMT2024,binary,trades,aam_g2,19,pgd,0.1,0.9951947213655598,0.9961993658505554,0.9940113548738976,0.9880706998386435,0.999095985480136,0.0
CICIoMT2024,binary,trades,aam_g2,19,transfer_mlp,0.1,0.9952664419421933,0.9963294048622588,0.9941012063502808,0.988252161315984,0.9992059739133861,
CICIoMT2024,binary,trades,aam_g2,19,transfer_tf,0.1,0.9954098830954601,0.9964284343730531,0.9942790485076618,0.9886043800977344,0.9992789518376605,
CICIoMT2024,binary,trades,aam_g2,19,gaussian,0.2,0.994405795022592,0.9945273639528975,0.9930187004034587,0.9860603431574012,0.9993662755194155,
CICIoMT2024,binary,trades,aam_g2,19,fgsm,0.2,0.9947643979057592,0.9956607045492535,0.9934750582954406,0.9869980756363916,0.9987721370877494,
CICIoMT2024,binary,trades,aam_g2,19,pgd,0.2,0.9945492361758589,0.9955121602830621,0.9932085286792172,0.9864703486936537,0.9985580582077178,0.0
CICIoMT2024,binary,trades,aam_g2,19,transfer_mlp,0.2,0.994907839059026,0.9957597340600477,0.9936528148932088,0.9873501878952368,0.998862628683634,
CICIoMT2024,binary,trades,aam_g2,19,transfer_tf,0.2,0.9949795596356594,0.9958897730717512,0.993742709305255,0.987531671757551,0.9992883268030518,
CICIoMT2024,binary,trades,aam_g2,19,pgd_constrained,0.1,0.9951947213655598,0.9961993658505554,0.9940113548738976,0.9880706998386435,0.9991504066391238,1.0
CICIoMT2024,binary,trades,aam_g2,19,square,0.1,0.992,0.9939204041180066,0.9900356722931904,0.9802215814094472,0.9996773784551575,
CICIoMT2024,binary,trades,aam_g2,19,square_clean_subset,0,0.9925,0.9948311509303929,0.9906636030836251,0.9814996158737062,0.9997275919251719,
CICIoMT2024,binary,trades,transformer,20,clean,0,0.9948361184823926,0.995790743560957,0.9935649523821246,0.9871796212044898,0.9991494794447444,
CICIoMT2024,binary,trades,transformer,20,gaussian,0.05,0.9947643979057592,0.9957412288055598,0.9934760949800846,0.9870036842216681,0.9991742690166923,
CICIoMT2024,binary,trades,transformer,20,fgsm,0.05,0.994405795022592,0.9952520822596551,0.9930286984139682,0.9861070810929956,0.9988174794684395,
CICIoMT2024,binary,trades,transformer,20,pgd,0.05,0.994405795022592,0.9952520822596551,0.9930286984139682,0.9861070810929956,0.9988102550789003,0.0
CICIoMT2024,binary,trades,transformer,20,transfer_mlp,0.05,0.9945492361758589,0.9954316360267558,0.993207449736687,0.9864645944634937,0.999097337638606,
CICIoMT2024,binary,trades,transformer,20,transfer_tf,0.05,0.9945492361758589,0.9954316360267558,0.993207449736687,0.9864645944634937,0.9990545965532578,
CICIoMT2024,binary,trades,transformer,20,gaussian,0.1,0.9947643979057592,0.9955801802929471,0.9934740209465386,0.9869925903867981,0.9991952210341256,
CICIoMT2024,binary,trades,transformer,20,fgsm,0.1,0.9941906332926916,0.9950230137371574,0.9927611464847514,0.9855737427978233,0.9985065602865648,
CICIoMT2024,binary,trades,transformer,20,pgd,0.1,0.9940471921394248,0.9949239842263632,0.992583587302446,0.9852222691579879,0.998478898987581,0.0
CICIoMT2024,binary,trades,transformer,20,transfer_mlp,0.1,0.9943340744459586,0.995202567504258,0.9929398836085848,0.9859312281537844,0.9990354860468836,
CICIoMT2024,binary,trades,transformer,20,transfer_tf,0.1,0.9943340744459586,0.995202567504258,0.9929398836085848,0.9859312281537844,0.9988957887603951,
CICIoMT2024,binary,trades,transformer,20,gaussian,0.2,0.9942623538693252,0.9948309557236352,0.9928465355360647,0.9857327077599949,0.9992087812519237,
CICIoMT2024,binary,trades,transformer,20,fgsm,0.2,0.9916804131105215,0.9923237062225818,0.9896422883235358,0.9793573989947844,0.997643483974089,
CICIoMT2024,binary,trades,transformer,20,pgd,0.2,0.9892419135049846,0.9884660496188072,0.9865851191747109,0.9732065025584189,0.9972533540612788,0.0
CICIoMT2024,binary,trades,transformer,20,transfer_mlp,0.2,0.9936168686796242,0.994304798668755,0.9920461979894182,0.9841438013739785,0.9988510645092914,
CICIoMT2024,binary,trades,transformer,20,transfer_tf,0.2,0.9923258983002223,0.9922861934833174,0.9904299565112087,0.9808948502388213,0.9984441549537549,
CICIoMT2024,binary,trades,transformer,20,pgd_constrained,0.1,0.9943340744459586,0.995202567504258,0.9929398836085848,0.9859312281537844,0.9986921923279302,1.0
CICIoMT2024,binary,trades,transformer,20,square,0.1,0.992,0.9927659314784961,0.9898881503025339,0.9798552110345382,0.9979874287399753,
CICIoMT2024,binary,trades,transformer,20,square_clean_subset,0,0.994,0.9947212913003016,0.9924073314807222,0.9848654373338607,0.9981571560066925,
CICIoMT2024,binary,trades,aam_noGate,20,clean,0,0.9956967654019938,0.9964654448820287,0.994633193140382,0.9893000284239744,0.9993313511977935,
CICIoMT2024,binary,trades,aam_noGate,20,gaussian,0.05,0.9956967654019938,0.9964654448820287,0.994633193140382,0.9893000284239744,0.9993305141473121,
CICIoMT2024,binary,trades,aam_noGate,20,fgsm,0.05,0.9954098830954601,0.9961868616041338,0.9942763175145433,0.9885892388509712,0.9991611337629849,
CICIoMT2024,binary,trades,aam_noGate,20,pgd,0.05,0.9954098830954601,0.9961868616041338,0.9942763175145433,0.9885892388509712,0.9991579014603568,0.0
CICIoMT2024,binary,trades,aam_noGate,20,transfer_mlp,0.05,0.9954816036720935,0.9963169006158373,0.9943661984658272,0.9887705399184975,0.9992345495290497,
CICIoMT2024,binary,trades,aam_noGate,20,transfer_tf,0.05,0.9954098830954601,0.9961868616041338,0.9942763175145433,0.9885892388509712,0.9992427139906678,
CICIoMT2024,binary,trades,aam_noGate,20,gaussian,0.1,0.995553324248727,0.996285891114928,0.9944542995783947,0.9889422340422556,0.9992959375235825,
CICIoMT2024,binary,trades,aam_noGate,20,fgsm,0.1,0.9951230007889263,0.995908278326239,0.993919555205655,0.9878787984883783,0.9990315325930716,
CICIoMT2024,binary,trades,aam_noGate,20,pgd,0.1,0.9951230007889263,0.995908278326239,0.993919555205655,0.9878787984883783,0.9990251066209147,0.0
CICIoMT2024,binary,trades,aam_noGate,20,transfer_mlp,0.1,0.9952664419421933,0.9960878320933396,0.9940983918172535,0.9882364802764423,0.999149852898036,
CICIoMT2024,binary,trades,aam_noGate,20,transfer_tf,0.1,0.9953381625188267,0.9961373468487367,0.9941873476234724,0.9884128300056975,0.9991809010320445,
CICIoMT2024,binary,trades,aam_noGate,20,gaussian,0.2,0.9949795596356594,0.9955676760465255,0.9937387253304457,0.9875110565153807,0.9993218860885043,
CICIoMT2024,binary,trades,aam_noGate,20,fgsm,0.2,0.9937603098328911,0.9943233039232428,0.9922224633198473,0.9844894078277274,0.9985985714510154,
CICIoMT2024,binary,trades,aam_noGate,20,pgd,0.2,0.9936168686796242,0.9941437501561421,0.9920436693731771,0.9841318103192886,0.9984764908577346,0.0
CICIoMT2024,binary,trades,aam_noGate,20,transfer_mlp,0.2,0.9939754715627913,0.9944718481894341,0.992488862312868,0.9850173441838671,0.9989103663164707,
CICIoMT2024,binary,trades,aam_noGate,20,transfer_tf,0.2,0.9941189127160582,0.9946514019565347,0.9926676989244664,0.985375025971931,0.9989943804293993,
CICIoMT2024,binary,trades,aam_noGate,20,pgd_constrained,0.1,0.9951947213655598,0.9960383173379426,0.9940094500891018,0.9880601896250775,0.9990708997210948,1.0
CICIoMT2024,binary,trades,aam_noGate,20,square,0.1,0.9945,0.9956506593300414,0.9930440831232067,0.9861524039025099,0.9986180259256812,
CICIoMT2024,binary,trades,aam_noGate,20,square_clean_subset,0,0.9945,0.9956506593300414,0.9930440831232067,0.9861524039025099,0.9989193395003025,
CICIoMT2024,binary,trades,aam_trans,20,clean,0,0.9959836477085275,0.9967440281599236,0.9949901821922718,0.9900111677026929,0.9992272865064115,
CICIoMT2024,binary,trades,aam_trans,20,gaussian,0.05,0.9959119271318941,0.9966945134045264,0.9949011273867434,0.9898344656039426,0.9992333647806763,
CICIoMT2024,binary,trades,aam_trans,20,fgsm,0.05,0.9954098830954601,0.9961063373478274,0.9942754060164074,0.9885844396605369,0.9990731661962442,
CICIoMT2024,binary,trades,aam_trans,20,pgd,0.05,0.9954098830954601,0.9961063373478274,0.9942754060164074,0.9885844396605369,0.9990711701527888,0.0
CICIoMT2024,binary,trades,aam_trans,20,transfer_mlp,0.05,0.9954098830954601,0.9961063373478274,0.9942754060164074,0.9885844396605369,0.9991305105930671,
CICIoMT2024,binary,trades,aam_trans,20,transfer_tf,0.05,0.9954098830954601,0.9961063373478274,0.9942754060164074,0.9885844396605369,0.9991627563531487,
CICIoMT2024,binary,trades,aam_trans,20,gaussian,0.1,0.9956250448253604,0.9962548816140188,0.9945424421576594,0.9891142921615781,0.9991738311749022,
CICIoMT2024,binary,trades,aam_trans,20,fgsm,0.1,0.9948361184823926,0.9954686465357314,0.9935608572038612,0.9871582866377105,0.9989261157432197,
CICIoMT2024,binary,trades,aam_trans,20,pgd,0.1,0.9947643979057592,0.9954191317803343,0.9934719442540536,0.9869819903544973,0.9989225099873,0.0
CICIoMT2024,binary,trades,aam_trans,20,transfer_mlp,0.1,0.9949795596356594,0.9957287245591384,0.9937407185940567,0.9875211167003144,0.9990152423029345,
CICIoMT2024,binary,trades,aam_trans,20,transfer_tf,0.1,0.9949795596356594,0.995648200302832,0.9937397222815318,0.9875160246910257,0.9990955090052466,
CICIoMT2024,binary,trades,aam_trans,20,gaussian,0.2,0.9951230007889263,0.9955861813010134,0.9939156800961618,0.9878593993570753,0.9992059224025874,
CICIoMT2024,binary,trades,aam_trans,20,fgsm,0.2,0.9934734275263574,0.9938836721327351,0.9918635814643024,0.9837683454759053,0.9985896214497151,
CICIoMT2024,binary,trades,aam_trans,20,pgd,0.2,0.9934017069497239,0.9938341573773379,0.9917748244671432,0.9835924509828012,0.9985565257614522,0.0
CICIoMT2024,binary,trades,aam_trans,20,transfer_mlp,0.2,0.9937603098328911,0.9942427796669364,0.9922212262351023,0.9844836528341007,0.998758512481453,
CICIoMT2024,binary,trades,aam_trans,20,transfer_tf,0.2,0.9939754715627913,0.9944718481894341,0.992488862312868,0.9850173441838671,0.9989390578314314,
CICIoMT2024,binary,trades,aam_trans,20,pgd_constrained,0.1,0.9950512802122929,0.9957782393145356,0.9938296459387631,0.9876974101800974,0.9989672857492029,1.0
CICIoMT2024,binary,trades,aam_trans,20,square,0.1,0.9935,0.9943792940362797,0.9917793709637897,0.9836228805031545,0.9986892223821318,
CICIoMT2024,binary,trades,aam_trans,20,square_clean_subset,0,0.9945,0.9956506593300414,0.9930440831232067,0.9861524039025099,0.998960023189703,
CICIoMT2024,binary,trades,aam_g2,20,clean,0,0.9956967654019938,0.9964654448820287,0.994633193140382,0.9893000284239744,0.9993270886791885,
CICIoMT2024,binary,trades,aam_g2,20,gaussian,0.05,0.9956967654019938,0.9964654448820287,0.994633193140382,0.9893000284239744,0.9993199286781481,
CICIoMT2024,binary,trades,aam_g2,20,fgsm,0.05,0.9951947213655598,0.9960383173379426,0.9940094500891018,0.9880601896250775,0.999183180384894,
CICIoMT2024,binary,trades,aam_g2,20,pgd,0.05,0.9951947213655598,0.9960383173379426,0.9940094500891018,0.9880601896250775,0.9991817638379255,0.0
CICIoMT2024,binary,trades,aam_g2,20,transfer_mlp,0.05,0.9953381625188267,0.9961373468487367,0.9941873476234724,0.9884128300056975,0.9992326951402909,
CICIoMT2024,binary,trades,aam_g2,20,transfer_tf,0.05,0.9954098830954601,0.9961868616041338,0.9942763175145433,0.9885892388509712,0.9992609359357619,
CICIoMT2024,binary,trades,aam_g2,20,gaussian,0.1,0.9954098830954601,0.9961063373478274,0.9942754060164074,0.9885844396605369,0.9992757710458315,
CICIoMT2024,binary,trades,aam_g2,20,fgsm,0.1,0.9946926773291257,0.9954501412812435,0.9933840979409629,0.9868110812558318,0.999040225040378,
CICIoMT2024,binary,trades,aam_g2,20,pgd,0.1,0.9946926773291257,0.9954501412812435,0.9933840979409629,0.9868110812558318,0.9990365291405604,0.0
CICIoMT2024,binary,trades,aam_g2,20,transfer_mlp,0.1,0.9948361184823926,0.9955491707920378,0.9935618819824583,0.9871634349122506,0.9991296091540873,
CICIoMT2024,binary,trades,aam_g2,20,transfer_tf,0.1,0.9950512802122929,0.9957782393145356,0.9938296459387631,0.9876974101800974,0.9991953498111227,
CICIoMT2024,binary,trades,aam_g2,20,gaussian,0.2,0.994907839059026,0.9955181612911285,0.9936497842270637,0.9873346420119519,0.9993507707689611,
CICIoMT2024,binary,trades,aam_g2,20,fgsm,0.2,0.9934017069497239,0.9939146816336444,0.9917761322297638,0.9835984078435452,0.9986187894395651,
CICIoMT2024,binary,trades,aam_g2,20,pgd,0.2,0.9931865452198235,0.9936856131111467,0.9915086375077652,0.983065120228135,0.9985682831012901,0.0
CICIoMT2024,binary,trades,aam_g2,20,transfer_mlp,0.2,0.9939037509861579,0.9945028576903434,0.9924012572665175,0.9848470053361661,0.9988891181119437,
CICIoMT2024,binary,trades,aam_g2,20,transfer_tf,0.2,0.9941189127160582,0.9947319262128411,0.9926688652859319,0.9853805789122626,0.9990303736000974,
CICIoMT2024,binary,trades,aam_g2,20,pgd_constrained,0.1,0.9947643979057592,0.9954996560366407,0.9934729829329019,0.9869872285877844,0.9990867006586428,1.0
CICIoMT2024,binary,trades,aam_g2,20,square,0.1,0.9935,0.9943792940362797,0.9917793709637897,0.9836228805031545,0.9988570426009084,
CICIoMT2024,binary,trades,aam_g2,20,square_clean_subset,0,0.994,0.9953086620660194,0.9924161127269004,0.9849113800131162,0.9990312196461536,
TON_IoT,binary,trades,transformer,11,clean,0,0.9752865862736341,0.9728184506884099,0.9746541945639298,0.9496601457745346,0.9973010566122482,
TON_IoT,binary,trades,transformer,11,gaussian,0.05,0.9752865862736341,0.9728184506884099,0.9746541945639298,0.9496601457745346,0.9973123761641028,
TON_IoT,binary,trades,transformer,11,fgsm,0.05,0.974542206342117,0.9720360885424402,0.9738895066394834,0.9481385561157822,0.996231449518421,
TON_IoT,binary,trades,transformer,11,pgd,0.05,0.974542206342117,0.9720360885424402,0.9738895066394834,0.9481385561157822,0.9962051428799112,0.0
TON_IoT,binary,trades,transformer,11,transfer_mlp,0.05,0.9749888343010272,0.9725143169691854,0.9743488234140976,0.9490492904415562,0.9969314958833053,
TON_IoT,binary,trades,transformer,11,transfer_tf,0.05,0.9746910823284204,0.972210183249961,0.9740434522642655,0.9484384351085778,0.9967217672265467,
TON_IoT,binary,trades,transformer,11,gaussian,0.1,0.9752865862736341,0.9728184506884099,0.9746541945639298,0.9496601457745346,0.9971819296485324,
TON_IoT,binary,trades,transformer,11,fgsm,0.1,0.9740955783832068,0.9716019158115123,0.9734327099646012,0.9472167244426211,0.9947478637741741,
TON_IoT,binary,trades,transformer,11,pgd,0.1,0.9740955783832068,0.9716019158115123,0.9734327099646012,0.9472167244426211,0.994647798935781,0.0
TON_IoT,binary,trades,transformer,11,transfer_mlp,0.1,0.9748399583147238,0.972384277957482,0.9741973818584414,0.9487383718606094,0.9964089400914982,
TON_IoT,binary,trades,transformer,11,transfer_tf,0.1,0.9746910823284204,0.972210183249961,0.9740434522642655,0.9484384351085778,0.9959855435739359,
TON_IoT,binary,trades,transformer,11,gaussian,0.2,0.9751377102873307,0.9726884116767063,0.9745027382861522,0.9493491951734692,0.9970236823136077,
TON_IoT,binary,trades,transformer,11,fgsm,0.2,0.9730534464790829,0.9705154199463182,0.9723625772031959,0.9450841190461299,0.9915971797110165,
TON_IoT,binary,trades,transformer,11,pgd,0.2,0.9726068185201727,0.9700371915195729,0.9719031411208299,0.9441732174862646,0.9905450047270448,0.0
TON_IoT,binary,trades,transformer,11,transfer_mlp,0.2,0.9736489504242966,0.971123687384767,0.9729733489777108,0.9463058938739908,0.9952465126724646,
TON_IoT,binary,trades,transformer,11,transfer_tf,0.2,0.9736489504242966,0.9710796316889496,0.9729707363887409,0.9463170676450549,0.9937209540299415,
TON_IoT,binary,trades,transformer,11,pgd_constrained,0.1,0.9746910823284204,0.9722542389457784,0.9740459537244326,0.9484275750798553,0.9963506670385517,1.0
TON_IoT,binary,trades,transformer,11,square,0.1,0.973,0.9707260036791451,0.9723528068556847,0.9449990882103594,0.9964657352831646,
TON_IoT,binary,trades,transformer,11,square_clean_subset,0,0.9755,0.9732047843170064,0.9749087947490764,0.9501369902497944,0.9974594921637067,
TON_IoT,binary,trades,aam_noGate,11,clean,0,0.9863034092600863,0.9861420160031296,0.9860135346173868,0.9720287095538981,0.9982095185658763,
TON_IoT,binary,trades,aam_noGate,11,gaussian,0.05,0.9863034092600863,0.9861420160031296,0.9860135346173868,0.9720287095538981,0.9981595314248871,
TON_IoT,binary,trades,aam_noGate,11,fgsm,0.05,0.9861545332737829,0.9859679212956087,0.9858608885956008,0.9717229162204135,0.9978299513530939,
TON_IoT,binary,trades,aam_noGate,11,pgd,0.05,0.9861545332737829,0.9859679212956087,0.9858608885956008,0.9717229162204135,0.9978278232773454,0.0
TON_IoT,binary,trades,aam_noGate,11,transfer_mlp,0.05,0.9863034092600863,0.9861420160031296,0.9860135346173868,0.9720287095538981,0.9980110189045573,
TON_IoT,binary,trades,aam_noGate,11,transfer_tf,0.05,0.9861545332737829,0.9859679212956087,0.9858608885956008,0.9717229162204135,0.998001691593829,
TON_IoT,binary,trades,aam_noGate,11,gaussian,0.1,0.9861545332737829,0.9859679212956087,0.9858608885956008,0.9717229162204135,0.9980908443842345,
TON_IoT,binary,trades,aam_noGate,11,fgsm,0.1,0.9861545332737829,0.9859679212956087,0.9858608885956008,0.9717229162204135,0.9974112184908954,
TON_IoT,binary,trades,aam_noGate,11,pgd,0.1,0.9860056572874796,0.9857938265880879,0.9857082285553486,0.9714171860374347,0.9973937411028323,0.0
TON_IoT,binary,trades,aam_noGate,11,transfer_mlp,0.1,0.9863034092600863,0.9861420160031296,0.9860135346173868,0.9720287095538981,0.9978222087796255,
TON_IoT,binary,trades,aam_noGate,11,transfer_tf,0.1,0.9861545332737829,0.9859679212956087,0.9858608885956008,0.9717229162204135,0.9978098931072079,
TON_IoT,binary,trades,aam_noGate,11,gaussian,0.2,0.9812416257257704,0.9808395756888626,0.9808395756888626,0.9616791513777253,0.9973805651444736,
TON_IoT,binary,trades,aam_noGate,11,fgsm,0.2,0.9867500372189966,0.9864440216466054,0.9864654529142146,0.9729309514419947,0.996734445124624,
TON_IoT,binary,trades,aam_noGate,11,pgd,0.2,0.9751377102873307,0.9737457483763234,0.9745602485783479,0.9491892545323315,0.9952228774481927,0.0
TON_IoT,binary,trades,aam_noGate,11,transfer_mlp,0.2,0.9758820902188478,0.9743078320432063,0.9753116732396083,0.9507276693197296,0.996334004658222,
TON_IoT,binary,trades,aam_noGate,11,transfer_tf,0.2,0.9760309662051511,0.9744819267507272,0.9754652064449205,0.9510304409608641,0.9965274784385176,
TON_IoT,binary,trades,aam_noGate,11,pgd_constrained,0.1,0.9861545332737829,0.9859679212956087,0.9858608885956008,0.9717229162204135,0.9977470922335195,1.0
TON_IoT,binary,trades,aam_noGate,11,square,0.1,0.9875,0.9873183766461011,0.9872482778161604,0.9744970692067801,0.9984981415521993,
TON_IoT,binary,trades,aam_noGate,11,square_clean_subset,0,0.9875,0.9873183766461011,0.9872482778161604,0.9744970692067801,0.998717502670594,
TON_IoT,binary,trades,aam_trans,11,clean,0,0.9860056572874796,0.9858819379797226,0.9857107306823132,0.9714243760688993,0.9982669313328819,
TON_IoT,binary,trades,aam_trans,11,gaussian,0.05,0.9861545332737829,0.9860119769914262,0.9858621263497219,0.9717264848127404,0.9982502689525521,
TON_IoT,binary,trades,aam_trans,11,fgsm,0.05,0.9858567813011762,0.9857078432722017,0.9855580860561677,0.971118403522801,0.9979117690738977,
TON_IoT,binary,trades,aam_trans,11,pgd,0.05,0.9858567813011762,0.9857078432722017,0.9855580860561677,0.971118403522801,0.9979084637647563,0.0
TON_IoT,binary,trades,aam_trans,11,transfer_mlp,0.05,0.9860056572874796,0.9858819379797226,0.9857107306823132,0.9714243760688993,0.9981234899717826,
TON_IoT,binary,trades,aam_trans,11,transfer_tf,0.05,0.9860056572874796,0.9858819379797226,0.9857107306823132,0.9714243760688993,0.9981327267260959,
TON_IoT,binary,trades,aam_trans,11,gaussian,0.1,0.9858567813011762,0.9857078432722017,0.9855580860561677,0.971118403522801,0.9981800877310547,
TON_IoT,binary,trades,aam_trans,11,fgsm,0.1,0.9855590293285693,0.9854037095529773,0.9852540457626132,0.9705103222328615,0.9975250026261361,
TON_IoT,binary,trades,aam_trans,11,pgd,0.1,0.9855590293285693,0.9854037095529773,0.9852540457626132,0.9705103222328615,0.9975137736306964,0.0
TON_IoT,binary,trades,aam_trans,11,transfer_mlp,0.1,0.9858567813011762,0.9857078432722017,0.9855580860561677,0.971118403522801,0.9979637031778058,
TON_IoT,binary,trades,aam_trans,11,transfer_tf,0.1,0.9858567813011762,0.9857078432722017,0.9855580860561677,0.971118403522801,0.9979775583092755,
TON_IoT,binary,trades,aam_trans,11,gaussian,0.2,0.9767753461366682,0.9757048458548707,0.9762500020398872,0.9525305806684324,0.9971914833502975,
TON_IoT,binary,trades,aam_trans,11,fgsm,0.2,0.9732023224653863,0.9704692361747521,0.9725032707885425,0.9454422342093556,0.9963652918995476,
TON_IoT,binary,trades,aam_trans,11,pgd,0.2,0.9636742593419682,0.9606047900721191,0.9627157278648606,0.9259173581172212,0.992957337061843,0.0
TON_IoT,binary,trades,aam_trans,11,transfer_mlp,0.2,0.9650141432186988,0.9614226956109116,0.964046412049467,0.9288434059890094,0.9947713178856162,
TON_IoT,binary,trades,aam_trans,11,transfer_tf,0.2,0.9675450349858568,0.9643823056387668,0.9666755300942649,0.9339174342029839,0.9947402117571205,
TON_IoT,binary,trades,aam_trans,11,pgd_constrained,0.1,0.9858567813011762,0.9857078432722017,0.9855580860561677,0.971118403522801,0.9979040265004292,1.0
TON_IoT,binary,trades,aam_trans,11,square,0.1,0.9865,0.9862980923744973,0.9862281400414533,0.9724567931160681,0.9984685533083227,
TON_IoT,binary,trades,aam_trans,11,square_clean_subset,0,0.987,0.9868801645514473,0.9867401060791514,0.9734822647957045,0.9987664763156311,
TON_IoT,binary,trades,aam_g2,11,clean,0,0.9866011612326931,0.9864020940265367,0.986316389042355,0.9726335074706774,0.9985398683671953,
TON_IoT,binary,trades,aam_g2,11,gaussian,0.05,0.9866011612326931,0.9864020940265367,0.986316389042355,0.9726335074706774,0.9985239304381843,
TON_IoT,binary,trades,aam_g2,11,fgsm,0.05,0.9861545332737829,0.9859679212956087,0.9858608885956008,0.9717229162204135,0.9982507670128337,
TON_IoT,binary,trades,aam_g2,11,pgd,0.05,0.9861545332737829,0.9859679212956087,0.9858608885956008,0.9717229162204135,0.9982493633884036,0.0
TON_IoT,binary,trades,aam_g2,11,transfer_mlp,0.05,0.9864522852463897,0.9862720550148332,0.9861649555075234,0.9723310504029699,0.9984201527867832,
TON_IoT,binary,trades,aam_g2,11,transfer_tf,0.05,0.9864522852463897,0.9862720550148332,0.9861649555075234,0.9723310504029699,0.9984164399737747,
TON_IoT,binary,trades,aam_g2,11,gaussian,0.1,0.9864522852463897,0.9862279993190157,0.9861637416540922,0.9723278935586478,0.9984727660638024,
TON_IoT,binary,trades,aam_g2,11,fgsm,0.1,0.9858567813011762,0.9856637875763843,0.9855568216836783,0.9711147820378573,0.9978910316549005,
TON_IoT,binary,trades,aam_g2,11,pgd,0.1,0.9858567813011762,0.9856637875763843,0.9855568216836783,0.9711147820378573,0.9978745956656078,0.0
TON_IoT,binary,trades,aam_g2,11,transfer_mlp,0.1,0.9863034092600863,0.9860979603073122,0.9860123087988517,0.972025346754056,0.9982841370517004,
TON_IoT,binary,trades,aam_g2,11,transfer_tf,0.1,0.9860056572874796,0.9857938265880879,0.9857082285553486,0.9714171860374347,0.9982844992773597,
TON_IoT,binary,trades,aam_g2,11,gaussian,0.2,0.9816882536846807,0.9814940268988774,0.9813031553045588,0.9626099823752192,0.9980177653574624,
TON_IoT,binary,trades,aam_g2,11,fgsm,0.2,0.9854101533422659,0.985185559149639,0.9851000680683422,0.9702008646041919,0.9971506424072069,
TON_IoT,binary,trades,aam_g2,11,pgd,0.2,0.9732023224653863,0.9719671298325431,0.9725911813725401,0.9452229299361111,0.9955738741120943,0.0
TON_IoT,binary,trades,aam_g2,11,transfer_mlp,0.2,0.9763287181777579,0.9747420047741342,0.9757677412591959,0.9516442596833123,0.996779678053834,
TON_IoT,binary,trades,aam_g2,11,transfer_tf,0.2,0.9767753461366682,0.9752642888966969,0.976228256217915,0.952552397017001,0.9969247041521928,
TON_IoT,binary,trades,aam_g2,11,pgd_constrained,0.1,0.9863034092600863,0.9860979603073122,0.9860123087988517,0.972025346754056,0.9982150877853885,1.0
TON_IoT,binary,trades,aam_g2,11,square,0.1,0.987,0.9867363044691512,0.9867363044691512,0.9734726089383023,0.9988460584888162,
TON_IoT,binary,trades,aam_g2,11,square_clean_subset,0,0.988,0.9877565887407549,0.9877565887407549,0.9755131774815099,0.9990256285206185,
TON_IoT,binary,trades,transformer,12,clean,0,0.9733511984516897,0.9709517207529947,0.9726758565499002,0.9456638268108785,0.9951445461493601,
TON_IoT,binary,trades,transformer,12,gaussian,0.05,0.9733511984516897,0.9709517207529947,0.9726758565499002,0.9456638268108785,0.9950942873391265,
TON_IoT,binary,trades,transformer,12,fgsm,0.05,0.9732023224653863,0.9708216817412911,0.9725245258136654,0.9453536111733238,0.9939089944253471,
TON_IoT,binary,trades,transformer,12,pgd,0.05,0.9732023224653863,0.9708216817412911,0.9725245258136654,0.9453536111733238,0.9939032440930051,0.0
TON_IoT,binary,trades,transformer,12,transfer_mlp,0.05,0.9733511984516897,0.9709517207529947,0.9726758565499002,0.9456638268108785,0.9946265634565021,
TON_IoT,binary,trades,transformer,12,transfer_tf,0.05,0.9733511984516897,0.9709517207529947,0.9726758565499002,0.9456638268108785,0.9945274041822575,
TON_IoT,binary,trades,transformer,12,gaussian,0.1,0.9735000744379931,0.9711258154605156,0.9728298088601803,0.9459642752971276,0.9951632460490237,
TON_IoT,binary,trades,transformer,12,fgsm,0.1,0.9730534464790829,0.9706916427295877,0.9723732083403767,0.9450435165513235,0.9922386360755024,
TON_IoT,binary,trades,transformer,12,pgd,0.1,0.9729045704927796,0.9705175480220668,0.9722192427671505,0.94474294704952,0.992147219374726,0.0
TON_IoT,binary,trades,transformer,12,transfer_mlp,0.1,0.9732023224653863,0.9708216817412911,0.9725245258136654,0.9453536111733238,0.994094680353967,
TON_IoT,binary,trades,transformer,12,transfer_tf,0.1,0.9732023224653863,0.9708216817412911,0.9725245258136654,0.9453536111733238,0.9938330175933002,
TON_IoT,binary,trades,transformer,12,gaussian,0.2,0.9733511984516897,0.9709957764488121,0.9726784767565051,0.9456541490194312,0.9947409362084391,
TON_IoT,binary,trades,transformer,12,fgsm,0.2,0.9718624385886556,0.9696072749401422,0.971160399806587,0.9425750396277951,0.988422135972268,
TON_IoT,binary,trades,transformer,12,pgd,0.2,0.971266934643442,0.968954951805876,0.9705472304369254,0.941362320014578,0.9875544696835233,0.0
TON_IoT,binary,trades,transformer,12,transfer_mlp,0.2,0.9729045704927796,0.9705616037178841,0.9722219041074973,0.9447335428248518,0.9922141405652893,
TON_IoT,binary,trades,transformer,12,transfer_tf,0.2,0.9727556945064761,0.9703875090103633,0.9720679399242482,0.9444328840832157,0.9916916300516896,
TON_IoT,binary,trades,transformer,12,pgd_constrained,0.1,0.9733511984516897,0.9709517207529947,0.9726758565499002,0.9456638268108785,0.9940115948433557,1.0
TON_IoT,binary,trades,transformer,12,square,0.1,0.9755,0.9728215193532426,0.9746936838275337,0.949662236323845,0.9922462558288097,
TON_IoT,binary,trades,transformer,12,square_clean_subset,0,0.9755,0.9728215193532426,0.9746936838275337,0.949662236323845,0.9933186642266161,
TON_IoT,binary,trades,aam_noGate,12,clean,0,0.9840702694655352,0.9843676536108465,0.9837492987590621,0.9675367527517846,0.997929155905546,
TON_IoT,binary,trades,aam_noGate,12,gaussian,0.05,0.9840702694655352,0.9843676536108465,0.9837492987590621,0.9675367527517846,0.9979364004187329,
TON_IoT,binary,trades,aam_noGate,12,fgsm,0.05,0.9837725174929284,0.9840194641958047,0.9834441323330644,0.9669213336358766,0.9974767360570288,
TON_IoT,binary,trades,aam_noGate,12,pgd,0.05,0.9837725174929284,0.9840194641958047,0.9834441323330644,0.9669213336358766,0.9974704876644053,0.0
TON_IoT,binary,trades,aam_noGate,12,transfer_mlp,0.05,0.9839213934792318,0.9841935589033256,0.9835967224377562,0.9672290114199837,0.9977801000467271,
TON_IoT,binary,trades,aam_noGate,12,transfer_tf,0.05,0.9839213934792318,0.9841935589033256,0.9835967224377562,0.9672290114199837,0.9977495825349275,
TON_IoT,binary,trades,aam_noGate,12,gaussian,0.1,0.9830281375614114,0.983457380528922,0.9826913218137745,0.9654413431838639,0.9979381209906147,
TON_IoT,binary,trades,aam_noGate,12,fgsm,0.1,0.983623641506625,0.9838894251841012,0.9832929580384553,0.9666214714162481,0.9970697302505515,
TON_IoT,binary,trades,aam_noGate,12,pgd,0.1,0.983623641506625,0.9838894251841012,0.9832929580384553,0.9666214714162481,0.9970399824682781,0.0
TON_IoT,binary,trades,aam_noGate,12,transfer_mlp,0.1,0.9837725174929284,0.9840194641958047,0.9834441323330644,0.9669213336358766,0.9975219237080316,
TON_IoT,binary,trades,aam_noGate,12,transfer_tf,0.1,0.9837725174929284,0.9840194641958047,0.9834441323330644,0.9669213336358766,0.9975441553078737,
TON_IoT,binary,trades,aam_noGate,12,gaussian,0.2,0.9773708500818818,0.9778991183427451,0.97693148203881,0.9539581534746752,0.9971249243853937,
TON_IoT,binary,trades,aam_noGate,12,fgsm,0.2,0.9819860056572874,0.9821065504888236,0.9816183156578555,0.9632605904429447,0.9962922128727755,
TON_IoT,binary,trades,aam_noGate,12,pgd,0.2,0.9693315468214977,0.9709651231023904,0.9688094978762447,0.9380993067361069,0.9946942090983841,0.0
TON_IoT,binary,trades,aam_noGate,12,transfer_mlp,0.2,0.964716391246092,0.9673744706977553,0.9641852403087451,0.9294284844380203,0.9953988285622176,
TON_IoT,binary,trades,aam_noGate,12,transfer_tf,0.2,0.9648652672323954,0.9675045097094588,0.964335043942349,0.9297147168793058,0.996272109348682,
TON_IoT,binary,trades,aam_noGate,12,pgd_constrained,0.1,0.9837725174929284,0.9840194641958047,0.9834441323330644,0.9669213336358766,0.9975227387157651,1.0
TON_IoT,binary,trades,aam_noGate,12,square,0.1,0.985,0.985943991992684,0.9846109494120869,0.9693545083903872,0.9973130640430979,
TON_IoT,binary,trades,aam_noGate,12,square_clean_subset,0,0.985,0.985943991992684,0.9846109494120869,0.9693545083903872,0.9977595151171008,
TON_IoT,binary,trades,aam_trans,12,clean,0,0.9840702694655352,0.9843676536108465,0.9837492987590621,0.9675367527517846,0.997743786924378,
TON_IoT,binary,trades,aam_trans,12,gaussian,0.05,0.9837725174929284,0.9840194641958047,0.9834441323330644,0.9669213336358766,0.9977506239336981,
TON_IoT,binary,trades,aam_trans,12,fgsm,0.05,0.983623641506625,0.9838453694882838,0.9832915284225152,0.9666137193334635,0.9973855004690821,
TON_IoT,binary,trades,aam_trans,12,pgd,0.05,0.983623641506625,0.9838453694882838,0.9832915284225152,0.9666137193334635,0.9973833271151263,0.0
TON_IoT,binary,trades,aam_trans,12,transfer_mlp,0.05,0.9837725174929284,0.9840194641958047,0.9834441323330644,0.9669213336358766,0.9975077063509024,
TON_IoT,binary,trades,aam_trans,12,transfer_tf,0.05,0.9839213934792318,0.9841935589033256,0.9835967224377562,0.9672290114199837,0.9975174411654972,
TON_IoT,binary,trades,aam_trans,12,gaussian,0.1,0.9827303855888045,0.9830651354180627,0.9823846696988792,0.9648157198442543,0.9976928942192408,
TON_IoT,binary,trades,aam_trans,12,fgsm,0.1,0.9833258895340181,0.983497180073242,0.9829862790939187,0.9659986809099002,0.9970806875767466,
TON_IoT,binary,trades,aam_trans,12,pgd,0.1,0.9833258895340181,0.983497180073242,0.9829862790939187,0.9659986809099002,0.9970557392844595,0.0
TON_IoT,binary,trades,aam_trans,12,transfer_mlp,0.1,0.983623641506625,0.9838453694882838,0.9832915284225152,0.9666137193334635,0.9973317552368777,
TON_IoT,binary,trades,aam_trans,12,transfer_tf,0.1,0.9837725174929284,0.9840194641958047,0.9834441323330644,0.9669213336358766,0.997341127825813,
TON_IoT,binary,trades,aam_trans,12,gaussian,0.2,0.977073098109275,0.9776830960151556,0.9766318560272678,0.9533761046144318,0.9967552278218285,
TON_IoT,binary,trades,aam_trans,12,fgsm,0.2,0.9819860056572874,0.9821065504888236,0.9816183156578555,0.9632605904429447,0.9962440821382906,
TON_IoT,binary,trades,aam_trans,12,pgd,0.2,0.9648652672323954,0.966711507184746,0.9642866218860522,0.9291880244818561,0.9943226561283147,0.0
TON_IoT,binary,trades,aam_trans,12,transfer_mlp,0.2,0.961441119547417,0.9639408883946521,0.9608548862285918,0.9227106135742782,0.9948645909928966,
TON_IoT,binary,trades,aam_trans,12,transfer_tf,0.2,0.9630787553967545,0.9654594289150256,0.9625076703465123,0.9259275509279391,0.9960358476623767,
TON_IoT,binary,trades,aam_trans,12,pgd_constrained,0.1,0.983623641506625,0.9838453694882838,0.9832915284225152,0.9666137193334635,0.9973576543715204,1.0
TON_IoT,binary,trades,aam_trans,12,square,0.1,0.985,0.985943991992684,0.9846109494120869,0.9693545083903872,0.9970054859990269,
TON_IoT,binary,trades,aam_trans,12,square_clean_subset,0,0.9855,0.9865442320887223,0.9851263402000918,0.9704024174822528,0.9973891870372829,
TON_IoT,binary,trades,aam_g2,12,clean,0,0.9837725174929284,0.9837551300209004,0.9834355742859358,0.9668813652973492,0.9979584961839526,
TON_IoT,binary,trades,aam_g2,12,gaussian,0.05,0.9837725174929284,0.9837551300209004,0.9834355742859358,0.9668813652973492,0.9979565492210336,
TON_IoT,binary,trades,aam_g2,12,fgsm,0.05,0.983623641506625,0.9835810353133796,0.9832828820440772,0.9665746633401042,0.9976248410734919,
TON_IoT,binary,trades,aam_g2,12,pgd,0.05,0.983623641506625,0.9835810353133796,0.9832828820440772,0.9665746633401042,0.997622984666988,0.0
TON_IoT,binary,trades,aam_g2,12,transfer_mlp,0.05,0.983623641506625,0.9835810353133796,0.9832828820440772,0.9665746633401042,0.9977537028518025,
TON_IoT,binary,trades,aam_g2,12,transfer_tf,0.05,0.983623641506625,0.9835810353133796,0.9832828820440772,0.9665746633401042,0.997761762372723,
TON_IoT,binary,trades,aam_g2,12,gaussian,0.1,0.9825815096025011,0.982670762231455,0.9822244453599871,0.9644688801592647,0.9978498284861503,
TON_IoT,binary,trades,aam_g2,12,fgsm,0.1,0.9830281375614114,0.9829287121791134,0.9826734815011655,0.9653534982096376,0.9973536698892677,
TON_IoT,binary,trades,aam_g2,12,pgd,0.1,0.9830281375614114,0.9829287121791134,0.9826734815011655,0.9653534982096376,0.9973307591163142,0.0
TON_IoT,binary,trades,aam_g2,12,transfer_mlp,0.1,0.9834747655203215,0.9834069406058586,0.9831301757929233,0.9662680243597178,0.9975934632757515,
TON_IoT,binary,trades,aam_g2,12,transfer_tf,0.1,0.983623641506625,0.9835810353133796,0.9832828820440772,0.9665746633401042,0.9976022472479905,
TON_IoT,binary,trades,aam_g2,12,gaussian,0.2,0.9773708500818818,0.9776788398636582,0.9769217624183659,0.953901872930227,0.9970767030944939,
TON_IoT,binary,trades,aam_g2,12,fgsm,0.2,0.9824326336161977,0.9824085561322993,0.9820686462948485,0.9641488994731527,0.9968636691285937,
TON_IoT,binary,trades,aam_g2,12,pgd,0.2,0.9699270507667114,0.9712209449743001,0.9693957784555288,0.93913606400294,0.9953237572943192,0.0
TON_IoT,binary,trades,aam_g2,12,transfer_mlp,0.2,0.9641208873008784,0.9664137576927674,0.9635591018639122,0.9279693935719403,0.9964248327423019,
TON_IoT,binary,trades,aam_g2,12,transfer_tf,0.2,0.9739467023969034,0.9750403881610166,0.9734725727536653,0.9471967028230474,0.9965113593966769,
TON_IoT,binary,trades,aam_g2,12,pgd_constrained,0.1,0.9834747655203215,0.9834069406058586,0.9831301757929233,0.9662680243597178,0.9975991683298863,1.0
TON_IoT,binary,trades,aam_g2,12,square,0.1,0.985,0.9856004098297417,0.9846008383303613,0.9692763637547094,0.9971124696665299,
TON_IoT,binary,trades,aam_g2,12,square_clean_subset,0,0.9855,0.98620064992578,0.9851165998923777,0.9703208723915813,0.997623728154501,
TON_IoT,binary,trades,transformer,13,clean,0,0.9733511984516897,0.9714803891028032,0.9727069387794016,0.9455712263859876,0.99730698805742,
TON_IoT,binary,trades,transformer,13,gaussian,0.05,0.9735000744379931,0.9716104281145068,0.9728581416993939,0.9458790527215962,0.9973284499277361,
TON_IoT,binary,trades,transformer,13,fgsm,0.05,0.9729045704927796,0.9710462163718754,0.9722508126636245,0.9446535979911396,0.9968390377837586,
TON_IoT,binary,trades,transformer,13,pgd,0.05,0.9729045704927796,0.9710462163718754,0.9722508126636245,0.9446535979911396,0.9968334232860387,0.0
TON_IoT,binary,trades,transformer,13,transfer_mlp,0.05,0.9732023224653863,0.9713062943952824,0.9725531769993871,0.945269071056452,0.9971098467423236,
TON_IoT,binary,trades,transformer,13,transfer_tf,0.05,0.9737978264106,0.9718264504420964,0.9731580610825126,0.9465014469392766,0.9970859851270144,
TON_IoT,binary,trades,transformer,13,gaussian,0.1,0.9729045704927796,0.9710902720676927,0.972253407502552,0.9446484609728603,0.9972961665658471,
TON_IoT,binary,trades,transformer,13,fgsm,0.1,0.9724579425338693,0.9706120436409474,0.9717947279841208,0.9437361489048816,0.9962687134831257,
TON_IoT,binary,trades,transformer,13,pgd,0.1,0.9724579425338693,0.9706120436409474,0.9717947279841208,0.9437361489048816,0.9962128401751723,0.0
TON_IoT,binary,trades,transformer,13,transfer_mlp,0.1,0.9729045704927796,0.9710462163718754,0.9722508126636245,0.9446535979911396,0.996823371523992,
TON_IoT,binary,trades,transformer,13,transfer_tf,0.1,0.9736489504242966,0.9716964114303929,0.9730068205792226,0.9461931739556878,0.9967584425745551,
TON_IoT,binary,trades,transformer,13,gaussian,0.2,0.9740955783832068,0.9721746398571383,0.9734655797516027,0.9471051053944425,0.9973604616203803,
TON_IoT,binary,trades,transformer,13,fgsm,0.2,0.9703736787256215,0.9685712189980114,0.9696659373191396,0.9394583690768428,0.9937007146712259,
TON_IoT,binary,trades,transformer,13,pgd,0.2,0.9699270507667114,0.9681811019629009,0.9692129346000005,0.9385383631904627,0.9931527578050574,0.0
TON_IoT,binary,trades,transformer,13,transfer_mlp,0.2,0.9718624385886556,0.9699156648108639,0.97117948350758,0.9425269258668677,0.995458595796009,
TON_IoT,binary,trades,transformer,13,transfer_tf,0.2,0.9730534464790829,0.9711762553835788,0.9724019883747022,0.9449612750486275,0.9952955942493054,
TON_IoT,binary,trades,transformer,13,pgd_constrained,0.1,0.9729045704927796,0.9710462163718754,0.9722508126636245,0.9446535979911396,0.9969158296235388,1.0
TON_IoT,binary,trades,transformer,13,square,0.1,0.9765,0.9747852644810404,0.975813284733474,0.9517138578173654,0.997767407851659,
TON_IoT,binary,trades,transformer,13,square_clean_subset,0,0.9775,0.975645849678975,0.9768344478966837,0.9537853151324388,0.9982059160611078,
TON_IoT,binary,trades,aam_noGate,13,clean,0,0.9877921691231204,0.9879710744699733,0.9875413821525867,0.9751009970133939,0.998492235692992,
TON_IoT,binary,trades,aam_noGate,13,gaussian,0.05,0.9877921691231204,0.9879710744699733,0.9875413821525867,0.9751009970133939,0.9984733094022915,
TON_IoT,binary,trades,aam_noGate,13,fgsm,0.05,0.9874944171505137,0.9876228850549316,0.9872364117284904,0.9744875898028486,0.9982050813015492,
TON_IoT,binary,trades,aam_noGate,13,pgd,0.05,0.9874944171505137,0.9876228850549316,0.9872364117284904,0.9744875898028486,0.9982016401577855,0.0
TON_IoT,binary,trades,aam_noGate,13,transfer_mlp,0.05,0.9877921691231204,0.9879710744699733,0.9875413821525867,0.9751009970133939,0.9983273777397843,
TON_IoT,binary,trades,aam_noGate,13,transfer_tf,0.05,0.9877921691231204,0.9879710744699733,0.9875413821525867,0.9751009970133939,0.9983462587522774,
TON_IoT,binary,trades,aam_noGate,13,gaussian,0.1,0.9863034092600863,0.9863182387863991,0.9860184104368646,0.9720457453971431,0.9982796545091661,
TON_IoT,binary,trades,aam_noGate,13,fgsm,0.1,0.9871966651779068,0.9873628070315245,0.9869336446966153,0.9738855106521861,0.9979503008284101,
TON_IoT,binary,trades,aam_noGate,13,pgd,0.1,0.9871966651779068,0.9873628070315245,0.9869336446966153,0.9738855106521861,0.9979356759674143,0.0
TON_IoT,binary,trades,aam_noGate,13,transfer_mlp,0.1,0.9877921691231204,0.9879710744699733,0.9875413821525867,0.9751009970133939,0.998249725614063,
TON_IoT,binary,trades,aam_noGate,13,transfer_tf,0.1,0.9874944171505137,0.9876228850549316,0.9872364117284904,0.9744875898028486,0.9982729986126757,
TON_IoT,binary,trades,aam_noGate,13,gaussian,0.2,0.9801994938216466,0.979929302606938,0.9797813204786346,0.959564859013952,0.997154672167667,
TON_IoT,binary,trades,aam_noGate,13,fgsm,0.2,0.9751377102873307,0.9733492471139671,0.974539024720801,0.9492251666622925,0.9939978302683005,
TON_IoT,binary,trades,aam_noGate,13,pgd,0.2,0.9615899955337204,0.9578150186002876,0.9605176175322332,0.9218425062838171,0.9913755881639144,0.0
TON_IoT,binary,trades,aam_noGate,13,transfer_mlp,0.2,0.9653118951913057,0.9618589964175883,0.9643631048139516,0.9294083958812079,0.9943503663912545,
TON_IoT,binary,trades,aam_noGate,13,transfer_tf,0.2,0.9660562751228227,0.9627735256510102,0.9651399858072107,0.930886781841743,0.993412247211768,
TON_IoT,binary,trades,aam_noGate,13,pgd_constrained,0.1,0.987643293136817,0.9878410354582698,0.9873899911528115,0.9748000790206375,0.9982361874300453,1.0
TON_IoT,binary,trades,aam_noGate,13,square,0.1,0.989,0.9893690000369703,0.9887183652706156,0.9774700014929522,0.9991691963900606,
TON_IoT,binary,trades,aam_noGate,13,square_clean_subset,0,0.99,0.9903959513471547,0.9897439684278324,0.9795212431911868,0.999326319940519,
TON_IoT,binary,trades,aam_trans,13,clean,0,0.9879410451094238,0.9881011134816768,0.987692785642988,0.9754020302751953,0.9983858319055605,
TON_IoT,binary,trades,aam_trans,13,gaussian,0.05,0.9879410451094238,0.9881011134816768,0.987692785642988,0.9754020302751953,0.9983995059242007,
TON_IoT,binary,trades,aam_trans,13,fgsm,0.05,0.9873455411642102,0.987492846043228,0.9870850219710368,0.9741864925965755,0.9980898935418787,
TON_IoT,binary,trades,aam_trans,13,pgd,0.05,0.9873455411642102,0.987492846043228,0.9870850219710368,0.9741864925965755,0.9980872674058485,0.0
TON_IoT,binary,trades,aam_trans,13,transfer_mlp,0.05,0.9873455411642102,0.987492846043228,0.9870850219710368,0.9741864925965755,0.9982313426618514,
TON_IoT,binary,trades,aam_trans,13,transfer_tf,0.05,0.987643293136817,0.9878410354582698,0.9873899911528115,0.9748000790206375,0.9982630374070438,
TON_IoT,binary,trades,aam_trans,13,gaussian,0.1,0.9871966651779068,0.9873628070315245,0.9869336446966153,0.9738855106521861,0.998312390653129,
TON_IoT,binary,trades,aam_trans,13,fgsm,0.1,0.9868989132053,0.9870146176164827,0.9866286218107996,0.9732720006904082,0.9978700678448661,
TON_IoT,binary,trades,aam_trans,13,pgd,0.1,0.9868989132053,0.9870146176164827,0.9866286218107996,0.9732720006904082,0.9978497379297354,0.0
TON_IoT,binary,trades,aam_trans,13,transfer_mlp,0.1,0.9873455411642102,0.987492846043228,0.9870850219710368,0.9741864925965755,0.9981128495930395,
TON_IoT,binary,trades,aam_trans,13,transfer_tf,0.1,0.9874944171505137,0.9876669407507489,0.987237513424601,0.97449325383279,0.9981594408684723,
TON_IoT,binary,trades,aam_trans,13,gaussian,0.2,0.981837129670984,0.98197651147712,0.9814671968701614,0.9629604752729356,0.9976106689945703,
TON_IoT,binary,trades,aam_trans,13,fgsm,0.2,0.9867500372189966,0.9869286343005965,0.9864784242481953,0.9729769262803952,0.9970340510231064,
TON_IoT,binary,trades,aam_trans,13,pgd,0.2,0.9642697632871817,0.9648256245675931,0.9635972118473904,0.9273539414003263,0.9954371792039004,0.0
TON_IoT,binary,trades,aam_trans,13,transfer_mlp,0.2,0.9678427869584636,0.970325568422616,0.9673453903018011,0.9356076483904389,0.9963365402378374,
TON_IoT,binary,trades,aam_trans,13,transfer_tf,0.2,0.9690337948488909,0.9715421032995135,0.9685548202906233,0.9380276727560638,0.9971897627784156,
TON_IoT,binary,trades,aam_trans,13,pgd_constrained,0.1,0.9873455411642102,0.9875369017390454,0.9870861355179394,0.9741923614405568,0.9980959155434652,1.0
TON_IoT,binary,trades,aam_trans,13,square,0.1,0.9885,0.9886059752135032,0.9881997999609567,0.9764126018836475,0.9990172075961535,
TON_IoT,binary,trades,aam_trans,13,square_clean_subset,0,0.99,0.9903959513471547,0.9897439684278324,0.9795212431911868,0.9991753580979219,
TON_IoT,binary,trades,aam_g2,13,clean,0,0.9880899210957272,0.9881870967975629,0.9878431500304057,0.9756979766032169,0.9982686519047637,
TON_IoT,binary,trades,aam_g2,13,gaussian,0.05,0.9879410451094238,0.9880570577858594,0.9876917220877414,0.9753966227116884,0.9982757153051209,
TON_IoT,binary,trades,aam_g2,13,fgsm,0.05,0.9874944171505137,0.9876669407507489,0.987237513424601,0.97449325383279,0.9980023254887329,
TON_IoT,binary,trades,aam_g2,13,pgd,0.05,0.9874944171505137,0.9876669407507489,0.987237513424601,0.97449325383279,0.9980006954732658,0.0
TON_IoT,binary,trades,aam_g2,13,transfer_mlp,0.05,0.9880899210957272,0.9881870967975629,0.9878431500304057,0.9756979766032169,0.9981344020197702,
TON_IoT,binary,trades,aam_g2,13,transfer_tf,0.05,0.9880899210957272,0.9881870967975629,0.9878431500304057,0.9756979766032169,0.998169175683067,
TON_IoT,binary,trades,aam_g2,13,gaussian,0.1,0.9870477891916034,0.987232768019821,0.9867822798830674,0.973584643860476,0.9982863104056565,
TON_IoT,binary,trades,aam_g2,13,fgsm,0.1,0.9873455411642102,0.9875369017390454,0.9870861355179394,0.9741923614405568,0.9977280301081969,
TON_IoT,binary,trades,aam_g2,13,pgd,0.1,0.9873455411642102,0.9875369017390454,0.9870861355179394,0.9741923614405568,0.9977105074419261,0.0
TON_IoT,binary,trades,aam_g2,13,transfer_mlp,0.1,0.9877921691231204,0.9879270187741559,0.987540306687336,0.9750953843590687,0.9979802750017207,
TON_IoT,binary,trades,aam_g2,13,transfer_tf,0.1,0.9877921691231204,0.9879270187741559,0.987540306687336,0.9750953843590687,0.998057293232538,
TON_IoT,binary,trades,aam_g2,13,gaussian,0.2,0.9819860056572874,0.9824589960553626,0.981630838842697,0.9633304753913451,0.9977180236243575,
TON_IoT,binary,trades,aam_g2,13,fgsm,0.2,0.9840702694655352,0.9846319877857508,0.9837575663344178,0.9675913229960486,0.9969443548942121,
TON_IoT,binary,trades,aam_g2,13,pgd,0.2,0.9717135626023522,0.973794694118542,0.9712521237157692,0.9431660558413546,0.9954806462830215,0.0
TON_IoT,binary,trades,aam_g2,13,transfer_mlp,0.2,0.9684382909036773,0.9709778915568821,0.9679524942071596,0.9368479769067276,0.9958197347783722,
TON_IoT,binary,trades,aam_g2,13,transfer_tf,0.2,0.9693315468214977,0.9718021813229205,0.96885485053321,0.9386028097712166,0.9969631453502904,
TON_IoT,binary,trades,aam_g2,13,pgd_constrained,0.1,0.9877921691231204,0.9879270187741559,0.987540306687336,0.9750953843590687,0.9980725067102304,1.0
TON_IoT,binary,trades,aam_g2,13,square,0.1,0.9895,0.9897992926359376,0.9892294187655837,0.9784843322285238,0.9992677837158385,
TON_IoT,binary,trades,aam_g2,13,square_clean_subset,0,0.99,0.9902295852349048,0.9897406329413914,0.9795000126133915,0.9993406972588614,
TON_IoT,binary,trades,transformer,14,clean,0,0.9757332142325443,0.9736931803775116,0.9751348356008909,0.9504856365803814,0.9972143488450435,
TON_IoT,binary,trades,transformer,14,gaussian,0.05,0.9757332142325443,0.9736931803775116,0.9751348356008909,0.9504856365803814,0.9972286114803801,
TON_IoT,binary,trades,transformer,14,fgsm,0.05,0.9751377102873307,0.9731289686348801,0.9745270564145112,0.9492575705216237,0.9964458418305436,
TON_IoT,binary,trades,transformer,14,pgd,0.05,0.9751377102873307,0.9731289686348801,0.9745270564145112,0.9492575705216237,0.99643959343792,0.0
TON_IoT,binary,trades,transformer,14,transfer_mlp,0.05,0.9755843382462409,0.9735190856699907,0.9749811038958679,0.9501844640330895,0.9968216962303177,
TON_IoT,binary,trades,transformer,14,transfer_tf,0.05,0.9754354622599375,0.9733890466582871,0.974829741559184,0.9498753792583483,0.9967708035251801,
TON_IoT,binary,trades,transformer,14,gaussian,0.1,0.9757332142325443,0.973737236073329,0.9751371867997923,0.9504779618084125,0.9972074665575159,
TON_IoT,binary,trades,transformer,14,fgsm,0.1,0.974542206342117,0.972476645500614,0.9739144594340635,0.9480446072922487,0.9957092106740657,
TON_IoT,binary,trades,transformer,14,pgd,0.1,0.974542206342117,0.972476645500614,0.9739144594340635,0.9480446072922487,0.9956637060756109,0.0
TON_IoT,binary,trades,transformer,14,transfer_mlp,0.1,0.9752865862736341,0.9732590076465837,0.9746783924062292,0.9495664147940623,0.996578054196203,
TON_IoT,binary,trades,transformer,14,transfer_tf,0.1,0.9752865862736341,0.9732590076465837,0.9746783924062292,0.9495664147940623,0.9964382803699048,
TON_IoT,binary,trades,transformer,14,gaussian,0.2,0.9752865862736341,0.9733030633424011,0.9746807843524794,0.9495590112170482,0.9970211014557849,
TON_IoT,binary,trades,transformer,14,fgsm,0.2,0.9729045704927796,0.9708699935886058,0.9722403780250075,0.9446776920611556,0.9929337018375709,
TON_IoT,binary,trades,transformer,14,pgd,0.2,0.9723090665475659,0.970261726150157,0.9716302764431395,0.9434573622721825,0.9921504794056601,0.0
TON_IoT,binary,trades,transformer,14,transfer_mlp,0.2,0.9746910823284204,0.9726066845123175,0.9740657784286435,0.9483535992776378,0.9952627675489277,
TON_IoT,binary,trades,transformer,14,transfer_tf,0.2,0.9740955783832068,0.9719543613780512,0.9734530436334259,0.9471408932343719,0.9947733554049502,
TON_IoT,binary,trades,transformer,14,pgd_constrained,0.1,0.9754354622599375,0.9733890466582871,0.974829741559184,0.9498753792583483,0.9965438691496028,1.0
TON_IoT,binary,trades,transformer,14,square,0.1,0.972,0.9688417157102105,0.9710731549580096,0.942552291168279,0.9962442496980288,
TON_IoT,binary,trades,transformer,14,square_clean_subset,0,0.9735,0.9702988872041325,0.972617736628608,0.9456718531165915,0.9970949088946569,
TON_IoT,binary,trades,aam_noGate,14,clean,0,0.9848146493970522,0.9848856815819119,0.9845013570988813,0.969017438796867,0.9981544149874488,
TON_IoT,binary,trades,aam_noGate,14,gaussian,0.05,0.9848146493970522,0.9848856815819119,0.9845013570988813,0.969017438796867,0.998147261030677,
TON_IoT,binary,trades,aam_noGate,14,fgsm,0.05,0.9845168974244455,0.9845815478626875,0.9841974621400358,0.9684096442406468,0.9977777455799416,
TON_IoT,binary,trades,aam_noGate,14,pgd,0.05,0.9845168974244455,0.9845815478626875,0.9841974621400358,0.9684096442406468,0.9977757986170225,0.0
TON_IoT,binary,trades,aam_noGate,14,transfer_mlp,0.05,0.9846657734107489,0.984711586874391,0.9843487330251526,0.968710599066768,0.9980644019111026,
TON_IoT,binary,trades,aam_noGate,14,transfer_tf,0.05,0.9846657734107489,0.984711586874391,0.9843487330251526,0.968710599066768,0.9980987680705325,
TON_IoT,binary,trades,aam_noGate,14,gaussian,0.1,0.9840702694655352,0.984191430827577,0.9837437235343471,0.9675074680596685,0.998072914214097,
TON_IoT,binary,trades,aam_noGate,14,fgsm,0.1,0.9843680214381421,0.984451508850984,0.9840462036112807,0.9681088042034766,0.9974678162501674,
TON_IoT,binary,trades,aam_noGate,14,pgd,0.1,0.9843680214381421,0.984451508850984,0.9840462036112807,0.9681088042034766,0.9974541422315274,0.0
TON_IoT,binary,trades,aam_noGate,14,transfer_mlp,0.1,0.9846657734107489,0.984711586874391,0.9843487330251526,0.968710599066768,0.9979135802021945,
TON_IoT,binary,trades,aam_noGate,14,transfer_tf,0.1,0.9846657734107489,0.984711586874391,0.9843487330251526,0.968710599066768,0.9979364909751477,
TON_IoT,binary,trades,aam_noGate,14,gaussian,0.2,0.977073098109275,0.9772865947527991,0.976614130462305,0.9532743634870404,0.997013856942598,
TON_IoT,binary,trades,aam_noGate,14,fgsm,0.2,0.9769242221229716,0.9779936139616259,0.9765004603935696,0.9532271444699629,0.9963450525408319,
TON_IoT,binary,trades,aam_noGate,14,pgd,0.2,0.9715646866160488,0.9732681538444821,0.9710817832164403,0.9426542912814521,0.995267476482499,0.0
TON_IoT,binary,trades,aam_noGate,14,transfer_mlp,0.2,0.9678427869584636,0.9700171785518943,0.967328177440537,0.9354043035945104,0.9960636484817311,
TON_IoT,binary,trades,aam_noGate,14,transfer_tf,0.2,0.9708203066845318,0.9726179587859645,0.9703305499791316,0.9411990562742877,0.996917686030043,
TON_IoT,binary,trades,aam_noGate,14,pgd_constrained,0.1,0.9845168974244455,0.9845815478626875,0.9841974621400358,0.9684096442406468,0.9978036899927917,1.0
TON_IoT,binary,trades,aam_noGate,14,square,0.1,0.9845,0.9841510112821568,0.9840689004637748,0.9681383204848377,0.997554419058878,
TON_IoT,binary,trades,aam_noGate,14,square_clean_subset,0,0.9845,0.9841510112821568,0.9840689004637748,0.9681383204848377,0.9979481380586468,
TON_IoT,binary,trades,aam_trans,14,clean,0,0.9846657734107489,0.9847996982660258,0.9843514348040913,0.96872290321983,0.9979328234403468,
TON_IoT,binary,trades,aam_trans,14,gaussian,0.05,0.9846657734107489,0.9847996982660258,0.9843514348040913,0.96872290321983,0.9978789876517273,
TON_IoT,binary,trades,aam_trans,14,fgsm,0.05,0.9845168974244455,0.9846256035585048,0.9841988261447441,0.9684158220267506,0.9976170079436087,
TON_IoT,binary,trades,aam_trans,14,pgd,0.05,0.9845168974244455,0.9846256035585048,0.9841988261447441,0.9684158220267506,0.997615740153801,0.0
TON_IoT,binary,trades,aam_trans,14,transfer_mlp,0.05,0.9846657734107489,0.9847996982660258,0.9843514348040913,0.96872290321983,0.9977454622180525,
TON_IoT,binary,trades,aam_trans,14,transfer_tf,0.05,0.9846657734107489,0.9847996982660258,0.9843514348040913,0.96872290321983,0.9977405721716515,
TON_IoT,binary,trades,aam_trans,14,gaussian,0.1,0.9831770135477148,0.9834111967573559,0.9828365775562962,0.9657062032407191,0.997820850433403,
TON_IoT,binary,trades,aam_trans,14,fgsm,0.1,0.9845168974244455,0.9846256035585048,0.9841988261447441,0.9684158220267506,0.9973686116977155,
TON_IoT,binary,trades,aam_trans,14,pgd,0.1,0.9845168974244455,0.9846256035585048,0.9841988261447441,0.9684158220267506,0.9973551187919051,0.0
TON_IoT,binary,trades,aam_trans,14,transfer_mlp,0.1,0.9846657734107489,0.9847996982660258,0.9843514348040913,0.96872290321983,0.9976770015684372,
TON_IoT,binary,trades,aam_trans,14,transfer_tf,0.1,0.9846657734107489,0.9847996982660258,0.9843514348040913,0.96872290321983,0.9976659084076198,
TON_IoT,binary,trades,aam_trans,14,gaussian,0.2,0.9732023224653863,0.9730685222279776,0.9726518144812879,0.9453215811638006,0.9964888561275904,
TON_IoT,binary,trades,aam_trans,14,fgsm,0.2,0.9830281375614114,0.9833692691372871,0.9826883822902778,0.9654231596525287,0.9963470900601658,
TON_IoT,binary,trades,aam_trans,14,pgd,0.2,0.9739467023969034,0.9753928337275556,0.9734896115068583,0.9473491206631971,0.9949556454680137,0.0
TON_IoT,binary,trades,aam_trans,14,transfer_mlp,0.2,0.9681405389310704,0.9703653679669361,0.9676331491199169,0.936037579245489,0.9953529617381035,
TON_IoT,binary,trades,aam_trans,14,transfer_tf,0.2,0.9708203066845318,0.9727060701775992,0.9703351548059441,0.9412479396601513,0.9959214296322323,
TON_IoT,binary,trades,aam_trans,14,pgd_constrained,0.1,0.9845168974244455,0.9846256035585048,0.9841988261447441,0.9684158220267506,0.9976595694585814,1.0
TON_IoT,binary,trades,aam_trans,14,square,0.1,0.985,0.9845801958315129,0.9845801958315129,0.9691603916630259,0.9972316311582843,
TON_IoT,binary,trades,aam_trans,14,square_clean_subset,0,0.985,0.9845801958315129,0.9845801958315129,0.9691603916630259,0.9977158130091748,
TON_IoT,binary,trades,aam_g2,14,clean,0,0.9857079053148727,0.9858421384354025,0.9854143010566869,0.9708467947491664,0.9982743116806908,
TON_IoT,binary,trades,aam_g2,14,gaussian,0.05,0.9857079053148727,0.9858421384354025,0.9854143010566869,0.9708467947491664,0.9982497256140631,
TON_IoT,binary,trades,aam_g2,14,fgsm,0.05,0.9855590293285693,0.9856680437278815,0.9852617309551831,0.9705398795607161,0.9979143046535129,
TON_IoT,binary,trades,aam_g2,14,pgd,0.05,0.9855590293285693,0.9856680437278815,0.9852617309551831,0.9705398795607161,0.9979135802021945,0.0
TON_IoT,binary,trades,aam_g2,14,transfer_mlp,0.05,0.9857079053148727,0.9858421384354025,0.9854143010566869,0.9708467947491664,0.9981177396394406,
TON_IoT,binary,trades,aam_g2,14,transfer_tf,0.05,0.9857079053148727,0.9858421384354025,0.9854143010566869,0.9708467947491664,0.9981716207062675,
TON_IoT,binary,trades,aam_g2,14,gaussian,0.1,0.985112401369659,0.9852338709969537,0.9848065636007155,0.9696313083879584,0.9981153398944475,
TON_IoT,binary,trades,aam_g2,14,fgsm,0.1,0.9855590293285693,0.9856680437278815,0.9852617309551831,0.9705398795607161,0.9976612900304632,
TON_IoT,binary,trades,aam_g2,14,pgd,0.1,0.9855590293285693,0.9856680437278815,0.9852617309551831,0.9705398795607161,0.9976398734383545,0.0
TON_IoT,binary,trades,aam_g2,14,transfer_mlp,0.1,0.9857079053148727,0.9858421384354025,0.9854143010566869,0.9708467947491664,0.99790769403523,
TON_IoT,binary,trades,aam_g2,14,transfer_tf,0.1,0.9857079053148727,0.9858421384354025,0.9854143010566869,0.9708467947491664,0.9980126941982317,
TON_IoT,binary,trades,aam_g2,14,gaussian,0.2,0.9784129819860057,0.9785010015539481,0.9779742526948305,0.9559767005372152,0.9970337340756544,
TON_IoT,binary,trades,aam_g2,14,fgsm,0.2,0.9877921691231204,0.9874864618159821,0.987529417582137,0.9750590178355537,0.9970434688902491,
TON_IoT,binary,trades,aam_g2,14,pgd,0.2,0.9708203066845318,0.9689172803373045,0.9701162597915957,0.9403841505037137,0.9942029405479025,0.0
TON_IoT,binary,trades,aam_g2,14,transfer_mlp,0.2,0.9730534464790829,0.9716168123417527,0.9724275748064728,0.9449237530169573,0.9962460743794169,
TON_IoT,binary,trades,aam_g2,14,transfer_tf,0.2,0.9740955783832068,0.9725270854236773,0.9734853627045974,0.9470663342299128,0.9966984489497267,
TON_IoT,binary,trades,aam_g2,14,pgd_constrained,0.1,0.9857079053148727,0.9858421384354025,0.9854143010566869,0.9708467947491664,0.9979350873507176,1.0
TON_IoT,binary,trades,aam_g2,14,square,0.1,0.9855,0.9851789982267225,0.9850967133370797,0.9701939467890287,0.9976608157076405,
TON_IoT,binary,trades,aam_g2,14,square_clean_subset,0,0.9855,0.9851789982267225,0.9850967133370797,0.9701939467890287,0.9979286063067,
TON_IoT,binary,trades,transformer,15,clean,0,0.9709691826708352,0.9681221497368431,0.9702075166680075,0.9408768282251303,0.9962979632051175,
TON_IoT,binary,trades,transformer,15,gaussian,0.05,0.9708203066845318,0.9679921107251395,0.9700561969997334,0.9405649714466195,0.9962429049048976,
TON_IoT,binary,trades,transformer,15,fgsm,0.05,0.9706714306982284,0.9678620717134361,0.9699048907403993,0.9402532368282689,0.9944403341893933,
TON_IoT,binary,trades,transformer,15,pgd,0.05,0.9706714306982284,0.9678620717134361,0.9699048907403993,0.9402532368282689,0.9944134842123947,0.0
TON_IoT,binary,trades,transformer,15,transfer_mlp,0.05,0.9708203066845318,0.9679921107251395,0.9700561969997334,0.9405649714466195,0.9958207308989354,
TON_IoT,binary,trades,transformer,15,transfer_tf,0.05,0.9706714306982284,0.9678620717134361,0.9699048907403993,0.9402532368282689,0.9955626451166547,
TON_IoT,binary,trades,transformer,15,gaussian,0.1,0.9708203066845318,0.9679921107251395,0.9700561969997334,0.9405649714466195,0.9961663394561543,
TON_IoT,binary,trades,transformer,15,fgsm,0.1,0.9702248027393181,0.9674278989825081,0.9694480786539361,0.9393304453633977,0.9917828656396362,
TON_IoT,binary,trades,transformer,15,pgd,0.1,0.969778174780408,0.9669056148599455,0.9689852609415668,0.9384317196630935,0.9915081174770259,0.0
TON_IoT,binary,trades,transformer,15,transfer_mlp,0.1,0.9706714306982284,0.9678620717134361,0.9699048907403993,0.9402532368282689,0.995335982410322,
TON_IoT,binary,trades,transformer,15,transfer_tf,0.1,0.970522554711925,0.9677320327017325,0.9697535978673968,0.9399416242479934,0.9948351148798679,
TON_IoT,binary,trades,transformer,15,gaussian,0.2,0.9702248027393181,0.9673838432866908,0.9694450989793199,0.9393424827918642,0.9959552071749659,
TON_IoT,binary,trades,transformer,15,fgsm,0.2,0.9682894149173739,0.965561169047093,0.9674701085562045,0.9353303059215586,0.9857804695168998,
TON_IoT,binary,trades,transformer,15,pgd,0.2,0.9682894149173739,0.965561169047093,0.9674701085562045,0.9353303059215586,0.9848062636061014,0.0
TON_IoT,binary,trades,transformer,15,transfer_mlp,0.2,0.969778174780408,0.9669056148599455,0.9689852609415668,0.9384317196630935,0.9934322149012391,
TON_IoT,binary,trades,transformer,15,transfer_tf,0.2,0.9699270507667114,0.9671237652632838,0.9691425594404754,0.9387192664788019,0.9923774590594449,
TON_IoT,binary,trades,transformer,15,pgd_constrained,0.1,0.9709691826708352,0.9681221497368431,0.9702075166680075,0.9408768282251303,0.9948484266728486,1.0
TON_IoT,binary,trades,transformer,15,square,0.1,0.975,0.9725188865847985,0.9744401367554922,0.9493384804801439,0.9953263274054753,
TON_IoT,binary,trades,transformer,15,square_clean_subset,0,0.976,0.9735368941200903,0.9754625312852726,0.9513837611114776,0.9971231107052655,
TON_IoT,binary,trades,aam_noGate,15,clean,0,0.983623641506625,0.9839334808799185,0.9832943843881051,0.9666295781171864,0.998350107399908,
TON_IoT,binary,trades,aam_noGate,15,gaussian,0.05,0.983623641506625,0.9839334808799185,0.9832943843881051,0.9666295781171864,0.9984013170524974,
TON_IoT,binary,trades,aam_noGate,15,fgsm,0.05,0.9834747655203215,0.9837593861723977,0.9831417959089337,0.9663217230159752,0.9979548286491519,
TON_IoT,binary,trades,aam_noGate,15,pgd,0.05,0.9834747655203215,0.9837593861723977,0.9831417959089337,0.9663217230159752,0.9979499838809582,0.0
TON_IoT,binary,trades,aam_noGate,15,transfer_mlp,0.05,0.983623641506625,0.9839334808799185,0.9832943843881051,0.9666295781171864,0.9981085481633348,
TON_IoT,binary,trades,aam_noGate,15,transfer_tf,0.05,0.983623641506625,0.9839334808799185,0.9832943843881051,0.9666295781171864,0.9981476685345436,
TON_IoT,binary,trades,aam_noGate,15,gaussian,0.1,0.982879261575108,0.9831070630381316,0.982532800167912,0.9650986380431403,0.9982247320435684,
TON_IoT,binary,trades,aam_noGate,15,fgsm,0.1,0.982879261575108,0.9831070630381316,0.982532800167912,0.9650986380431403,0.9976271955402776,
TON_IoT,binary,trades,aam_noGate,15,pgd,0.1,0.982879261575108,0.9831070630381316,0.982532800167912,0.9650986380431403,0.9975825512277638,0.0
TON_IoT,binary,trades,aam_noGate,15,transfer_mlp,0.1,0.9831770135477148,0.9834111967573559,0.9828365775562962,0.9657062032407191,0.9979353137417548,
TON_IoT,binary,trades,aam_noGate,15,transfer_tf,0.1,0.9831770135477148,0.9834111967573559,0.9828365775562962,0.9657062032407191,0.9979970279384651,
TON_IoT,binary,trades,aam_noGate,15,gaussian,0.2,0.9702248027393181,0.9697187951650119,0.9695946404725799,0.9391908933757311,0.9968058941359289,
TON_IoT,binary,trades,aam_noGate,15,fgsm,0.2,0.9824326336161977,0.9826288346113863,0.9820763668532435,0.9641833575356427,0.9970821364793839,
TON_IoT,binary,trades,aam_noGate,15,pgd,0.2,0.9703736787256215,0.9719635075759496,0.9698658215072218,0.9401852444900227,0.9949888343940507,0.0
TON_IoT,binary,trades,aam_noGate,15,transfer_mlp,0.2,0.964716391246092,0.9671541922186684,0.9641719727483291,0.9292704323605614,0.9953273342727051,
TON_IoT,binary,trades,aam_noGate,15,transfer_tf,0.2,0.9678427869584636,0.9699290671602595,0.9673232031581498,0.9353492254406621,0.995879230342919,
TON_IoT,binary,trades,aam_noGate,15,pgd_constrained,0.1,0.9830281375614114,0.9832371020498349,0.9826839476378793,0.965398538434553,0.9979487160911505,1.0
TON_IoT,binary,trades,aam_noGate,15,square,0.1,0.9855,0.9855773782437538,0.9852487830881875,0.9705103090615159,0.9979721289896988,
TON_IoT,binary,trades,aam_noGate,15,square_clean_subset,0,0.986,0.9861540795124966,0.985759332723019,0.971537020097706,0.9985289791115034,
TON_IoT,binary,trades,aam_trans,15,clean,0,0.9816882536846807,0.9817143053779644,0.9813112670875003,0.9626388846496874,0.9979685479459994,
TON_IoT,binary,trades,aam_trans,15,gaussian,0.05,0.9816882536846807,0.9817143053779644,0.9813112670875003,0.9626388846496874,0.9979954884794129,
TON_IoT,binary,trades,aam_trans,15,fgsm,0.05,0.9813905017120739,0.98141017165874,0.9810073852515246,0.9620311158103776,0.9975611799138627,
TON_IoT,binary,trades,aam_trans,15,pgd,0.05,0.9813905017120739,0.98141017165874,0.9810073852515246,0.9620311158103776,0.9975555201379356,0.0
TON_IoT,binary,trades,aam_trans,15,transfer_mlp,0.05,0.9813905017120739,0.98141017165874,0.9810073852515246,0.9620311158103776,0.9977767947375855,
TON_IoT,binary,trades,aam_trans,15,transfer_tf,0.05,0.9813905017120739,0.98141017165874,0.9810073852515246,0.9620311158103776,0.9978980044988428,
TON_IoT,binary,trades,aam_trans,15,gaussian,0.1,0.9813905017120739,0.9814542273545573,0.9810090228204991,0.9620380098389417,0.9978924805575378,
TON_IoT,binary,trades,aam_trans,15,fgsm,0.1,0.981092749739467,0.9811060379395156,0.9807035034155491,0.9614233469710677,0.9971860952436149,
TON_IoT,binary,trades,aam_trans,15,pgd,0.1,0.981092749739467,0.9811060379395156,0.9807035034155491,0.9614233469710677,0.9971587019281272,0.0
TON_IoT,binary,trades,aam_trans,15,transfer_mlp,0.1,0.9812416257257704,0.9812360769512191,0.9808546175927357,0.9617239041222249,0.9975897504627433,
TON_IoT,binary,trades,aam_trans,15,transfer_tf,0.1,0.9813905017120739,0.98141017165874,0.9810073852515246,0.9620311158103776,0.9976399187165621,
TON_IoT,binary,trades,aam_trans,15,gaussian,0.2,0.9752865862736341,0.9755939595249048,0.9747982680717037,0.9496613927069122,0.9974717554542128,
TON_IoT,binary,trades,aam_trans,15,fgsm,0.2,0.9803483698079499,0.9805880099684502,0.9799532612657261,0.9599471904264731,0.9963644316136067,
TON_IoT,binary,trades,aam_trans,15,pgd,0.2,0.9668006550543398,0.9686222928159784,0.9662499767641894,0.9330852040624811,0.9947736723524021,0.0
TON_IoT,binary,trades,aam_trans,15,transfer_mlp,0.2,0.9633765073693613,0.9656313955467977,0.962801669053533,0.9264417109783479,0.9952973600993947,
TON_IoT,binary,trades,aam_trans,15,transfer_tf,0.2,0.9663540270954295,0.968232175780868,0.965799900619694,0.9322155629654163,0.9963676010881259,
TON_IoT,binary,trades,aam_trans,15,pgd_constrained,0.1,0.9813905017120739,0.98141017165874,0.9810073852515246,0.9620311158103776,0.9975326546431895,1.0
TON_IoT,binary,trades,aam_trans,15,square,0.1,0.984,0.9839826694397191,0.9837206297267406,0.9674494041612903,0.9979100305300459,
TON_IoT,binary,trades,aam_trans,15,square_clean_subset,0,0.9845,0.9844239757062682,0.9842272537282828,0.9684590924616095,0.9983243595969097,
TON_IoT,binary,trades,aam_g2,15,clean,0,0.9821348816435909,0.9821925338047097,0.9817678763208586,0.9635538765819189,0.9983124359313365,
TON_IoT,binary,trades,aam_g2,15,gaussian,0.05,0.9819860056572874,0.9820184390971888,0.9816151489234759,0.9632466534889973,0.9983017955525935,
TON_IoT,binary,trades,aam_g2,15,fgsm,0.05,0.9819860056572874,0.9820184390971888,0.9816151489234759,0.9632466534889973,0.9978409539574964,
TON_IoT,binary,trades,aam_g2,15,pgd,0.05,0.9819860056572874,0.9820184390971888,0.9816151489234759,0.9632466534889973,0.9978372411444881,0.0
TON_IoT,binary,trades,aam_g2,15,transfer_mlp,0.05,0.9819860056572874,0.9820184390971888,0.9816151489234759,0.9632466534889973,0.9980292660221465,
TON_IoT,binary,trades,aam_g2,15,transfer_tf,0.05,0.9821348816435909,0.9821925338047097,0.9817678763208586,0.9635538765819189,0.9981184188125519,
TON_IoT,binary,trades,aam_g2,15,gaussian,0.1,0.9816882536846807,0.9817143053779644,0.9813112670875003,0.9626388846496874,0.9981815819118994,
TON_IoT,binary,trades,aam_g2,15,fgsm,0.1,0.981837129670984,0.9818884000854853,0.9814640075928729,0.9629461334013151,0.9975046274327981,
TON_IoT,binary,trades,aam_g2,15,pgd,0.1,0.981837129670984,0.9818884000854853,0.9814640075928729,0.9629461334013151,0.9974507010877637,0.0
TON_IoT,binary,trades,aam_g2,15,transfer_mlp,0.1,0.9819860056572874,0.9820184390971888,0.9816151489234759,0.9632466534889973,0.9978151906574759,
TON_IoT,binary,trades,aam_g2,15,transfer_tf,0.1,0.9821348816435909,0.9821925338047097,0.9817678763208586,0.9635538765819189,0.9979902362073525,
TON_IoT,binary,trades,aam_g2,15,gaussian,0.2,0.970522554711925,0.9698467061009668,0.9698881058690624,0.9397763910765062,0.9971570719126602,
TON_IoT,binary,trades,aam_g2,15,fgsm,0.2,0.9806461217805568,0.980936199383492,0.9802586815590888,0.9605636411863334,0.9970502153431545,
TON_IoT,binary,trades,aam_g2,15,pgd,0.2,0.9656096471639125,0.9676700921139851,0.9650553135977664,0.930822895752669,0.9945602308826352,0.0
TON_IoT,binary,trades,aam_g2,15,transfer_mlp,0.2,0.9636742593419682,0.9659795849618396,0.9631068651770882,0.9270767418996592,0.9957180399245121,
TON_IoT,binary,trades,aam_g2,15,transfer_tf,0.2,0.9669495310406432,0.9688404432193167,0.9664052121131508,0.9334265783588404,0.9961043535901996,
TON_IoT,binary,trades,aam_g2,15,pgd_constrained,0.1,0.9821348816435909,0.9821925338047097,0.9817678763208586,0.9635538765819189,0.9978412256267409,1.0
TON_IoT,binary,trades,aam_g2,15,square,0.1,0.985,0.9850006769750109,0.9847380903688193,0.9694843340165058,0.9980881818487221,
TON_IoT,binary,trades,aam_g2,15,square_clean_subset,0,0.985,0.9850006769750109,0.9847380903688193,0.9694843340165058,0.9985503572697445,
TON_IoT,binary,trades,transformer,16,clean,0,0.9748399583147238,0.9722080551742125,0.974187393475272,0.948784816376118,0.9976204490873724,
TON_IoT,binary,trades,transformer,16,gaussian,0.05,0.9748399583147238,0.9722080551742125,0.974187393475272,0.948784816376118,0.997564666335834,
TON_IoT,binary,trades,transformer,16,fgsm,0.05,0.9746910823284204,0.9720339604666915,0.9740333943614928,0.9484854700080376,0.9969865541835252,
TON_IoT,binary,trades,transformer,16,pgd,0.05,0.9746910823284204,0.9720339604666915,0.9740333943614928,0.9484854700080376,0.9969822527538206,0.0
TON_IoT,binary,trades,transformer,16,transfer_mlp,0.05,0.9746910823284204,0.9720339604666915,0.9740333943614928,0.9484854700080376,0.997355888521431,
TON_IoT,binary,trades,transformer,16,transfer_tf,0.05,0.9748399583147238,0.9722080551742125,0.974187393475272,0.948784816376118,0.9972293359316987,
TON_IoT,binary,trades,transformer,16,gaussian,0.1,0.9746910823284204,0.9720339604666915,0.9740333943614928,0.9484854700080376,0.9975354166138423,
TON_IoT,binary,trades,transformer,16,fgsm,0.1,0.9739467023969034,0.9712075426249045,0.9732657658861416,0.9469765641578449,0.9962441726947053,
TON_IoT,binary,trades,transformer,16,pgd,0.1,0.9739467023969034,0.9712075426249045,0.9732657658861416,0.9469765641578449,0.996168558088318,0.0
TON_IoT,binary,trades,transformer,16,transfer_mlp,0.1,0.974542206342117,0.9718598657591706,0.9738793790916551,0.9481861811522927,0.99702381814823,
TON_IoT,binary,trades,transformer,16,transfer_tf,0.1,0.9742444543695102,0.9715557320399463,0.9735738747535458,0.9475750348974039,0.9967857000554206,
TON_IoT,binary,trades,transformer,16,gaussian,0.2,0.9751377102873307,0.9725562445892542,0.9744953433281041,0.9493836818940128,0.9973876285448309,
TON_IoT,binary,trades,transformer,16,fgsm,0.2,0.9721601905612625,0.9695589630928275,0.9714436593485567,0.9432623088528252,0.992845273498484,
TON_IoT,binary,trades,transformer,16,pgd,0.2,0.9706714306982284,0.968214517279975,0.9699281773202812,0.9401675642493634,0.9915565651589627,0.0
TON_IoT,binary,trades,transformer,16,transfer_mlp,0.2,0.9724579425338693,0.9699071525078693,0.9717518054286809,0.9438623442182689,0.9953125282988796,
TON_IoT,binary,trades,transformer,16,transfer_tf,0.2,0.9733511984516897,0.9706873865780905,0.9726600203081283,0.9457294104826114,0.9946816217567219,
TON_IoT,binary,trades,transformer,16,pgd_constrained,0.1,0.9746910823284204,0.9720339604666915,0.9740333943614928,0.9484854700080376,0.9971106164718496,1.0
TON_IoT,binary,trades,transformer,16,square,0.1,0.97,0.9663938618925831,0.9691179785864064,0.9389770333478444,0.9951631713554987,
TON_IoT,binary,trades,transformer,16,square_clean_subset,0,0.9715,0.9680051150895141,0.9706671751022982,0.9420378360598757,0.9959979539641943,
TON_IoT,binary,trades,aam_noGate,16,clean,0,0.9867500372189966,0.9864880773424227,0.9864666454094844,0.9729333364246069,0.9984370415581499,
TON_IoT,binary,trades,aam_noGate,16,gaussian,0.05,0.9867500372189966,0.9864880773424227,0.9864666454094844,0.9729333364246069,0.998438128235128,
TON_IoT,binary,trades,aam_noGate,16,fgsm,0.05,0.9867500372189966,0.9864880773424227,0.9864666454094844,0.9729333364246069,0.9981258444385682,
TON_IoT,binary,trades,aam_noGate,16,pgd,0.05,0.9867500372189966,0.9864880773424227,0.9864666454094844,0.9729333364246069,0.9981222221819749,0.0
TON_IoT,binary,trades,aam_noGate,16,transfer_mlp,0.05,0.9867500372189966,0.9864880773424227,0.9864666454094844,0.9729333364246069,0.9982546156604641,
TON_IoT,binary,trades,aam_noGate,16,transfer_tf,0.05,0.9867500372189966,0.9864880773424227,0.9864666454094844,0.9729333364246069,0.9983070931028614,
TON_IoT,binary,trades,aam_noGate,16,gaussian,0.1,0.9857079053148727,0.9854896928688635,0.9854041483118454,0.9708090253208133,0.9983925330802583,
TON_IoT,binary,trades,aam_noGate,16,fgsm,0.1,0.9866011612326931,0.9863139826349019,0.9863139826349019,0.9726279652698038,0.9978611480380046,
TON_IoT,binary,trades,aam_noGate,16,pgd,0.1,0.9866011612326931,0.9863139826349019,0.9863139826349019,0.9726279652698038,0.997854356306892,0.0
TON_IoT,binary,trades,aam_noGate,16,transfer_mlp,0.1,0.9866011612326931,0.9863139826349019,0.9863139826349019,0.9726279652698038,0.9980893954815971,
TON_IoT,binary,trades,aam_noGate,16,transfer_tf,0.1,0.9867500372189966,0.9864880773424227,0.9864666454094844,0.9729333364246069,0.9982020476616522,
TON_IoT,binary,trades,aam_noGate,16,gaussian,0.2,0.9787107339586125,0.978408634010816,0.9782611190108628,0.9565244525642549,0.9974722535144944,
TON_IoT,binary,trades,aam_noGate,16,fgsm,0.2,0.9848146493970522,0.9847535144944597,0.9844973255536744,0.969001198696759,0.9972689090849818,
TON_IoT,binary,trades,aam_noGate,16,pgd,0.2,0.972011314574959,0.9735701594879578,0.971528165830877,0.9434842250542105,0.9958511125761127,0.0
TON_IoT,binary,trades,aam_noGate,16,transfer_mlp,0.2,0.9678427869584636,0.9699290671602595,0.9673232031581498,0.9353492254406621,0.9969766835343082,
TON_IoT,binary,trades,aam_noGate,16,transfer_tf,0.2,0.9681405389310704,0.9701891451836665,0.9676232926659845,0.9359275788224749,0.9969669034415061,
TON_IoT,binary,trades,aam_noGate,16,pgd_constrained,0.1,0.9867500372189966,0.9864880773424227,0.9864666454094844,0.9729333364246069,0.9981228560768788,1.0
TON_IoT,binary,trades,aam_noGate,16,square,0.1,0.986,0.9849104859335038,0.9856553702707549,0.9713624628353652,0.9963846547314577,
TON_IoT,binary,trades,aam_noGate,16,square_clean_subset,0,0.986,0.9849104859335038,0.9856553702707549,0.9713624628353652,0.996816368286445,
TON_IoT,binary,trades,aam_trans,16,clean,0,0.9866011612326931,0.9864020940265367,0.986316389042355,0.9726335074706774,0.9981088198325793,
TON_IoT,binary,trades,aam_trans,16,gaussian,0.05,0.9866011612326931,0.9864020940265367,0.986316389042355,0.9726335074706774,0.998054259592641,
TON_IoT,binary,trades,aam_trans,16,fgsm,0.05,0.9866011612326931,0.9864020940265367,0.986316389042355,0.9726335074706774,0.9977915101549962,
TON_IoT,binary,trades,aam_trans,16,pgd,0.05,0.9866011612326931,0.9864020940265367,0.986316389042355,0.9726335074706774,0.9977900159741516,0.0
TON_IoT,binary,trades,aam_trans,16,transfer_mlp,0.05,0.9866011612326931,0.9864020940265367,0.986316389042355,0.9726335074706774,0.9979817239043579,
TON_IoT,binary,trades,aam_trans,16,transfer_tf,0.05,0.9866011612326931,0.9864020940265367,0.986316389042355,0.9726335074706774,0.9980689750100518,
TON_IoT,binary,trades,aam_trans,16,gaussian,0.1,0.9860056572874796,0.9858378822839052,0.9857094810221125,0.971420601846895,0.9980459736806836,
TON_IoT,binary,trades,aam_trans,16,fgsm,0.1,0.9863034092600863,0.9860539046114949,0.9860110802320793,0.9720223427847626,0.9975636249370635,
TON_IoT,binary,trades,aam_trans,16,pgd,0.1,0.9863034092600863,0.9860539046114949,0.9860110802320793,0.9720223427847626,0.9974979262581003,0.0
TON_IoT,binary,trades,aam_trans,16,transfer_mlp,0.1,0.9864522852463897,0.9862279993190157,0.9861637416540922,0.9723278935586478,0.9977995696759169,
TON_IoT,binary,trades,aam_trans,16,transfer_tf,0.1,0.9864522852463897,0.9862279993190157,0.9861637416540922,0.9723278935586478,0.9979185608050103,
TON_IoT,binary,trades,aam_trans,16,gaussian,0.2,0.9794551138901295,0.97945533033169,0.9790330577689874,0.9580841879564834,0.9973450670298583,
TON_IoT,binary,trades,aam_trans,16,fgsm,0.2,0.9866011612326931,0.9864020940265367,0.986316389042355,0.9726335074706774,0.9970174791991915,
TON_IoT,binary,trades,aam_trans,16,pgd,0.2,0.9740955783832068,0.975390705651807,0.9736337277347238,0.9475828468988879,0.9956791006661331,0.0
TON_IoT,binary,trades,aam_trans,16,transfer_mlp,0.2,0.9678427869584636,0.9699731228560768,0.9673256934320246,0.9353765965891682,0.9967306417552009,
TON_IoT,binary,trades,aam_trans,16,transfer_tf,0.2,0.9678427869584636,0.9699290671602595,0.9673232031581498,0.9353492254406621,0.9969029706126323,
TON_IoT,binary,trades,aam_trans,16,pgd_constrained,0.1,0.9866011612326931,0.9864020940265367,0.986316389042355,0.9726335074706774,0.9977867106650099,1.0
TON_IoT,binary,trades,aam_trans,16,square,0.1,0.986,0.9849104859335038,0.9856553702707549,0.9713624628353652,0.9958455242966752,
TON_IoT,binary,trades,aam_trans,16,square_clean_subset,0,0.986,0.9849104859335038,0.9856553702707549,0.9713624628353652,0.9964306905370843,
TON_IoT,binary,trades,aam_g2,16,clean,0,0.9800506178353432,0.9791824838537913,0.9796048857020885,0.9592279177909803,0.9978512773887875,
TON_IoT,binary,trades,aam_g2,16,gaussian,0.05,0.9787107339586125,0.9775275200944684,0.9782222408339282,0.9564938722612061,0.9978640458432794,
TON_IoT,binary,trades,aam_g2,16,fgsm,0.05,0.9749888343010272,0.9732632637980809,0.9743901509099624,0.9489122823120034,0.9975632174331966,
TON_IoT,binary,trades,aam_g2,16,pgd,0.05,0.9749888343010272,0.9732632637980809,0.9743901509099624,0.9489122823120034,0.99756122519207,0.0
TON_IoT,binary,trades,aam_g2,16,transfer_mlp,0.05,0.9752865862736341,0.9736114532131227,0.9746973867159681,0.9495171750039878,0.9976717040181693,
TON_IoT,binary,trades,aam_g2,16,transfer_tf,0.05,0.9764775941640613,0.9750042108732898,0.9759257142079403,0.9519391122444043,0.9977209214296322,
TON_IoT,binary,trades,aam_g2,16,gaussian,0.1,0.9813905017120739,0.9804409463507575,0.9809704142494626,0.9619692354818612,0.9978256046451819,
TON_IoT,binary,trades,aam_g2,16,fgsm,0.1,0.9737978264106,0.9718705061379138,0.9731605864154143,0.9464950628934576,0.9972534239380448,
TON_IoT,binary,trades,aam_g2,16,pgd,0.1,0.9737978264106,0.9718705061379138,0.9731605864154143,0.9464950628934576,0.9972151185745697,0.0
TON_IoT,binary,trades,aam_g2,16,transfer_mlp,0.1,0.9737978264106,0.9718705061379138,0.9731605864154143,0.9464950628934576,0.997481309155978,
TON_IoT,binary,trades,aam_g2,16,transfer_tf,0.1,0.9742444543695102,0.9723927902604765,0.9736217899934999,0.9474010803980681,0.9976017944659165,
TON_IoT,binary,trades,aam_g2,16,gaussian,0.2,0.9776686020544886,0.9767934697958134,0.9771717007120354,0.9543580600406223,0.997517939225779,
TON_IoT,binary,trades,aam_g2,16,fgsm,0.2,0.9735000744379931,0.9715663724186894,0.9728555930792258,0.9458850203924729,0.9959610027855152,
TON_IoT,binary,trades,aam_g2,16,pgd,0.2,0.9730534464790829,0.9711762553835788,0.9724019883747022,0.9449612750486275,0.9957218885721427,0.0
TON_IoT,binary,trades,aam_g2,16,transfer_mlp,0.2,0.9736489504242966,0.9716964114303929,0.9730068205792226,0.9461931739556878,0.9963627110417247,
TON_IoT,binary,trades,aam_g2,16,transfer_tf,0.2,0.9739467023969034,0.9720446008454346,0.9733143365810927,0.9467970102379407,0.9966226985087169,
TON_IoT,binary,trades,aam_g2,16,pgd_constrained,0.1,0.9754354622599375,0.9737855479206436,0.9748509814483314,0.9498197098718499,0.9975121436152294,1.0
TON_IoT,binary,trades,aam_g2,16,square,0.1,0.9705,0.9675959079283887,0.969679520237507,0.9397895237829437,0.9961872122762149,
TON_IoT,binary,trades,aam_g2,16,square_clean_subset,0,0.977,0.9752429667519181,0.9764111273840146,0.9529536471138411,0.996290537084399,
TON_IoT,binary,trades,transformer,17,clean,0,0.9743933303558137,0.9721703837056409,0.9737531875822283,0.9477681801695228,0.9963562815362715,
TON_IoT,binary,trades,transformer,17,gaussian,0.05,0.9746910823284204,0.9725185731206827,0.9740608533756395,0.948369945740214,0.9963531573399597,
TON_IoT,binary,trades,transformer,17,fgsm,0.05,0.9737978264106,0.9715621162671921,0.9731427965957685,0.946547229972116,0.9948782650115369,
TON_IoT,binary,trades,transformer,17,pgd,0.05,0.9737978264106,0.9715621162671921,0.9731427965957685,0.946547229972116,0.9948506453050121,0.0
TON_IoT,binary,trades,transformer,17,transfer_mlp,0.05,0.974542206342117,0.9723444784131619,0.9739070283964358,0.9480690338858263,0.995936461997095,
TON_IoT,binary,trades,transformer,17,transfer_tf,0.05,0.9739467023969034,0.971736210974713,0.9732966664875806,0.9468481462729305,0.9958398383024657,
TON_IoT,binary,trades,transformer,17,gaussian,0.1,0.9743933303558137,0.9722144394014582,0.9737556869447648,0.9477595331655427,0.9963489011884624,
TON_IoT,binary,trades,transformer,17,fgsm,0.1,0.9733511984516897,0.9711279435362643,0.9726863045787253,0.9456272586600346,0.9928544196963826,
TON_IoT,binary,trades,transformer,17,pgd,0.1,0.9733511984516897,0.9711279435362643,0.9726863045787253,0.9456272586600346,0.9927720586370898,0.0
TON_IoT,binary,trades,transformer,17,transfer_mlp,0.1,0.9742444543695102,0.9720403446939374,0.9736018474420082,0.9474585900793784,0.9950495977484053,
TON_IoT,binary,trades,transformer,17,transfer_tf,0.1,0.9737978264106,0.9715621162671921,0.9731427965957685,0.946547229972116,0.995142372795404,
TON_IoT,binary,trades,transformer,17,gaussian,0.2,0.9742444543695102,0.9720403446939374,0.9736018474420082,0.9474585900793784,0.9960218566962846,
TON_IoT,binary,trades,transformer,17,fgsm,0.2,0.9727556945064761,0.970475620401998,0.9720732806733541,0.9444148522719009,0.9891353582955109,
TON_IoT,binary,trades,transformer,17,pgd,0.2,0.9723090665475659,0.9700414476710701,0.9716168191296191,0.9434948544785993,0.9882355444794998,0.0
TON_IoT,binary,trades,transformer,17,transfer_mlp,0.2,0.9739467023969034,0.9716921552788956,0.9732941208624972,0.9468568780777592,0.9936730044082863,
TON_IoT,binary,trades,transformer,17,transfer_tf,0.2,0.9730534464790829,0.9707797541212224,0.9723784907206399,0.9450253587233655,0.9931086568310326,
TON_IoT,binary,trades,transformer,17,pgd_constrained,0.1,0.9739467023969034,0.9716921552788956,0.9732941208624972,0.9468568780777592,0.9953945724107204,1.0
TON_IoT,binary,trades,transformer,17,square,0.1,0.9725,0.9695607553366175,0.971646495725967,0.9436692283669681,0.993436986863711,
TON_IoT,binary,trades,transformer,17,square_clean_subset,0,0.9745,0.9714490968801313,0.9736991319940003,0.9478335715571499,0.9950779967159278,
TON_IoT,binary,trades,aam_noGate,17,clean,0,0.9842191454518386,0.9841893027518284,0.9838907772424744,0.9677904593527795,0.9979258958746119,
TON_IoT,binary,trades,aam_noGate,17,gaussian,0.05,0.9842191454518386,0.9841893027518284,0.9838907772424744,0.9677904593527795,0.9978717431385403,
TON_IoT,binary,trades,aam_noGate,17,fgsm,0.05,0.9840702694655352,0.9840592637401249,0.9837395087027074,0.9674892373537426,0.9974994657171525,
TON_IoT,binary,trades,aam_noGate,17,pgd,0.05,0.9840702694655352,0.9840592637401249,0.9837395087027074,0.9674892373537426,0.9974971565285743,0.0
TON_IoT,binary,trades,aam_noGate,17,transfer_mlp,0.05,0.9840702694655352,0.9840592637401249,0.9837395087027074,0.9674892373537426,0.9977510314375649,
TON_IoT,binary,trades,aam_noGate,17,transfer_tf,0.05,0.9842191454518386,0.9841893027518284,0.9838907772424744,0.9677904593527795,0.9978430367550376,
TON_IoT,binary,trades,aam_noGate,17,gaussian,0.1,0.9839213934792318,0.9839292247284213,0.9835882525410476,0.9671881302968538,0.9978685736640213,
TON_IoT,binary,trades,aam_noGate,17,fgsm,0.1,0.9837725174929284,0.9837991857167179,0.9834370087353557,0.9668871380726989,0.9971121106526943,
TON_IoT,binary,trades,aam_noGate,17,pgd,0.1,0.9837725174929284,0.9837991857167179,0.9834370087353557,0.9668871380726989,0.9971024211163072,0.0
TON_IoT,binary,trades,aam_noGate,17,transfer_mlp,0.1,0.9840702694655352,0.9840592637401249,0.9837395087027074,0.9674892373537426,0.9974750154851469,
TON_IoT,binary,trades,aam_noGate,17,transfer_tf,0.1,0.9840702694655352,0.9840592637401249,0.9837395087027074,0.9674892373537426,0.9976482499067268,
TON_IoT,binary,trades,aam_noGate,17,gaussian,0.2,0.9760309662051511,0.9759357647127007,0.9755375122039638,0.9510912767027994,0.9968533004190951,
TON_IoT,binary,trades,aam_noGate,17,fgsm,0.2,0.983623641506625,0.9837132024008317,0.983287219960787,0.9665925924849387,0.9962463913268689,
TON_IoT,binary,trades,aam_noGate,17,pgd,0.2,0.9729045704927796,0.9742182264707268,0.9724236950309623,0.9451775111507562,0.9945547974977451,0.0
TON_IoT,binary,trades,aam_noGate,17,transfer_mlp,0.2,0.9681405389310704,0.9701450894878492,0.9676208130272348,0.9359009191742697,0.996032723466065,
TON_IoT,binary,trades,aam_noGate,17,transfer_tf,0.2,0.9684382909036773,0.9704051675112562,0.9679209596291818,0.9364800636774492,0.9963024910258593,
TON_IoT,binary,trades,aam_noGate,17,pgd_constrained,0.1,0.9840702694655352,0.9840592637401249,0.9837395087027074,0.9674892373537426,0.9975253648517954,1.0
TON_IoT,binary,trades,aam_noGate,17,square,0.1,0.985,0.9846059113300492,0.9846059113300492,0.9692118226600985,0.9968154761904762,
TON_IoT,binary,trades,aam_noGate,17,square_clean_subset,0,0.9855,0.9850369458128079,0.9851165998923777,0.9702337185334466,0.9973409277504106,
TON_IoT,binary,trades,aam_trans,17,clean,0,0.9848146493970522,0.985017848669364,0.984505361317676,0.9690368865468646,0.9975518073249272,
TON_IoT,binary,trades,aam_trans,17,gaussian,0.05,0.9848146493970522,0.985017848669364,0.984505361317676,0.9690368865468646,0.9975056235533613,
TON_IoT,binary,trades,aam_trans,17,fgsm,0.05,0.9846657734107489,0.9848878096576605,0.984354124328052,0.9687366314843252,0.9970505775688139,
TON_IoT,binary,trades,aam_trans,17,pgd,0.05,0.9846657734107489,0.9848878096576605,0.984354124328052,0.9687366314843252,0.9970494908918358,0.0
TON_IoT,binary,trades,aam_trans,17,transfer_mlp,0.05,0.9848146493970522,0.985017848669364,0.984505361317676,0.9690368865468646,0.9973168134284297,
TON_IoT,binary,trades,aam_trans,17,transfer_tf,0.05,0.9848146493970522,0.985017848669364,0.984505361317676,0.9690368865468646,0.9973249182275575,
TON_IoT,binary,trades,aam_trans,17,gaussian,0.1,0.9840702694655352,0.984191430827577,0.9837437235343471,0.9675074680596685,0.9974795885840961,
TON_IoT,binary,trades,aam_trans,17,fgsm,0.1,0.9846657734107489,0.9848878096576605,0.984354124328052,0.9687366314843252,0.99662790550257,
TON_IoT,binary,trades,aam_trans,17,pgd,0.1,0.9846657734107489,0.9848878096576605,0.984354124328052,0.9687366314843252,0.9966213854407019,0.0
TON_IoT,binary,trades,aam_trans,17,transfer_mlp,0.1,0.9848146493970522,0.985017848669364,0.984505361317676,0.9690368865468646,0.9971529063175778,
TON_IoT,binary,trades,aam_trans,17,transfer_tf,0.1,0.9848146493970522,0.985017848669364,0.984505361317676,0.9690368865468646,0.9972290642624542,
TON_IoT,binary,trades,aam_trans,17,gaussian,0.2,0.9727556945064761,0.9723700153221454,0.9721827432580021,0.9443691234394678,0.9960749227553781,
TON_IoT,binary,trades,aam_trans,17,fgsm,0.2,0.9842191454518386,0.9841011913601936,0.9838879746697949,0.9677804941840881,0.9952845010884882,
TON_IoT,binary,trades,aam_trans,17,pgd,0.2,0.926901890725026,0.9208194631091278,0.9245822900565408,0.8509953440971402,0.9888188183474541,0.0
TON_IoT,binary,trades,aam_trans,17,transfer_mlp,0.2,0.9788596099449158,0.9781862274559805,0.9783969396491197,0.9567984061323284,0.9956471342516962,
TON_IoT,binary,trades,aam_trans,17,transfer_tf,0.2,0.981092749739467,0.9808857594604287,0.9806951278347884,0.9613939251128358,0.9954081558729457,
TON_IoT,binary,trades,aam_trans,17,pgd_constrained,0.1,0.9846657734107489,0.9848878096576605,0.984354124328052,0.9687366314843252,0.9971097109077013,1.0
TON_IoT,binary,trades,aam_trans,17,square,0.1,0.986,0.9857963875205255,0.9856368861179479,0.9712758463303693,0.9948552955665025,
TON_IoT,binary,trades,aam_trans,17,square_clean_subset,0,0.9865,0.9862274220032841,0.9861475912585145,0.972295701484186,0.995637828407225,
TON_IoT,binary,trades,aam_g2,17,clean,0,0.9848146493970522,0.9849297372777293,0.9845026948727298,0.9690235652073544,0.9978025127593987,
TON_IoT,binary,trades,aam_g2,17,gaussian,0.05,0.9846657734107489,0.9847556425702084,0.9843500854472563,0.9687165730427865,0.9977258114760333,
TON_IoT,binary,trades,aam_g2,17,fgsm,0.05,0.9840702694655352,0.9841033194359422,0.9837409168319546,0.9674949584040553,0.9972904615117124,
TON_IoT,binary,trades,aam_g2,17,pgd,0.05,0.9840702694655352,0.9841033194359422,0.9837409168319546,0.9674949584040553,0.9972948987760394,0.0
TON_IoT,binary,trades,aam_g2,17,transfer_mlp,0.05,0.9843680214381421,0.9844074531551665,0.9840448249285536,0.9681027787354117,0.9975096533138214,
TON_IoT,binary,trades,aam_g2,17,transfer_tf,0.05,0.9845168974244455,0.9845815478626875,0.9841974621400358,0.9684096442406468,0.997705617395525,
TON_IoT,binary,trades,aam_g2,17,gaussian,0.1,0.9843680214381421,0.9844955645468014,0.9840475791692193,0.9681151856397493,0.9977872992817066,
TON_IoT,binary,trades,aam_g2,17,fgsm,0.1,0.983623641506625,0.9835810353133796,0.9832828820440772,0.9665746633401042,0.996892420790304,
TON_IoT,binary,trades,aam_g2,17,pgd,0.1,0.983623641506625,0.9835810353133796,0.9832828820440772,0.9665746633401042,0.9968769809215745,0.0
TON_IoT,binary,trades,aam_g2,17,transfer_mlp,0.1,0.9842191454518386,0.9842333584476457,0.9838921737902875,0.9677959764615941,0.9973024149584708,
TON_IoT,binary,trades,aam_g2,17,transfer_tf,0.1,0.9843680214381421,0.9844074531551665,0.9840448249285536,0.9681027787354117,0.9975932821629219,
TON_IoT,binary,trades,aam_g2,17,gaussian,0.2,0.9748399583147238,0.9746751741399857,0.9743197658373863,0.9486525281320072,0.9965373038095273,
TON_IoT,binary,trades,aam_g2,17,fgsm,0.2,0.9864522852463897,0.9860958322315636,0.9861600837739618,0.9723205780122853,0.9957359700946494,
TON_IoT,binary,trades,aam_g2,17,pgd,0.2,0.9630787553967545,0.9633447555157912,0.9623650414039309,0.9248321376301172,0.9934494206200579,0.0
TON_IoT,binary,trades,aam_g2,17,transfer_mlp,0.2,0.9803483698079499,0.980103397314459,0.9799342175538865,0.9598713323733817,0.9958573609687364,
TON_IoT,binary,trades,aam_g2,17,transfer_tf,0.2,0.9825815096025011,0.9826267065356376,0.9822229125954272,0.9644621911676171,0.9964284549988952,
TON_IoT,binary,trades,aam_g2,17,pgd_constrained,0.1,0.9842191454518386,0.9842774141434631,0.9838935671811904,0.9678018496844266,0.9972959401748099,1.0
TON_IoT,binary,trades,aam_g2,17,square,0.1,0.9855,0.9850369458128079,0.9851165998923777,0.9702337185334466,0.9965055418719212,
TON_IoT,binary,trades,aam_g2,17,square_clean_subset,0,0.9865,0.9860632183908046,0.9861430412791102,0.9722866018615611,0.9969878899835797,
TON_IoT,binary,trades,transformer,18,clean,0,0.9757332142325443,0.9735610132900594,0.9751277522141464,0.9505108091116179,0.9969807132947683,
TON_IoT,binary,trades,transformer,18,gaussian,0.05,0.9757332142325443,0.9735610132900594,0.9751277522141464,0.9505108091116179,0.9970117288668495,
TON_IoT,binary,trades,transformer,18,fgsm,0.05,0.9752865862736341,0.9731268405591316,0.9746711862373891,0.9495907708895567,0.9962912167522122,
TON_IoT,binary,trades,transformer,18,pgd,0.05,0.9752865862736341,0.9731268405591316,0.9746711862373891,0.9495907708895567,0.9962842891864774,0.0
TON_IoT,binary,trades,transformer,18,transfer_mlp,0.05,0.9755843382462409,0.9733869185825386,0.9749739695551479,0.9502100805643362,0.9967262497690812,
TON_IoT,binary,trades,transformer,18,transfer_tf,0.05,0.9755843382462409,0.9734309742783559,0.974976352668264,0.950201183464228,0.9965369868620754,
TON_IoT,binary,trades,transformer,18,gaussian,0.1,0.9755843382462409,0.9734309742783559,0.974976352668264,0.950201183464228,0.9970285723600089,
TON_IoT,binary,trades,transformer,18,fgsm,0.1,0.9751377102873307,0.972996801547428,0.9745198144656322,0.949281297198143,0.9954656591963662,
TON_IoT,binary,trades,transformer,18,pgd,0.1,0.9751377102873307,0.972996801547428,0.9745198144656322,0.949281297198143,0.9953526447906518,0.0
TON_IoT,binary,trades,transformer,18,transfer_mlp,0.1,0.9754354622599375,0.973256879570835,0.9748225712597187,0.94990036530517,0.9965098199376248,
TON_IoT,binary,trades,transformer,18,transfer_tf,0.1,0.9752865862736341,0.9731708962549489,0.9746735933514292,0.9495822944041613,0.9961078852903783,
TON_IoT,binary,trades,transformer,18,gaussian,0.2,0.9763287181777579,0.9743014478159604,0.9757450236843046,0.9517061512244478,0.9966716895291429,
TON_IoT,binary,trades,transformer,18,fgsm,0.2,0.9709691826708352,0.9689592079573732,0.9702617514855842,0.9407025168738474,0.9924343737661688,
TON_IoT,binary,trades,transformer,18,pgd,0.2,0.9702248027393181,0.9681768458114036,0.9694977966846734,0.9391802040109279,0.9918126134219095,0.0
TON_IoT,binary,trades,transformer,18,transfer_mlp,0.2,0.9754354622599375,0.973256879570835,0.9748225712597187,0.94990036530517,0.9955147860514143,
TON_IoT,binary,trades,transformer,18,transfer_tf,0.2,0.9748399583147238,0.972736723524021,0.9742171105837667,0.9486627115111921,0.9941372418689395,
TON_IoT,binary,trades,transformer,18,pgd_constrained,0.1,0.9752865862736341,0.9731268405591316,0.9746711862373891,0.9495907708895567,0.9964083967530093,1.0
TON_IoT,binary,trades,transformer,18,square,0.1,0.9775,0.9753156643876505,0.976882003950095,0.9539912895789863,0.996354154400358,
TON_IoT,binary,trades,transformer,18,square_clean_subset,0,0.978,0.9757493157319697,0.977391933441852,0.9550335296503976,0.9968686993838773,
TON_IoT,binary,trades,aam_noGate,18,clean,0,0.9866011612326931,0.9863580383307193,0.9863151871835558,0.9726305567451393,0.9981503852269886,
TON_IoT,binary,trades,aam_noGate,18,gaussian,0.05,0.9866011612326931,0.9863139826349019,0.9863139826349019,0.9726279652698038,0.9981081859376753,
TON_IoT,binary,trades,aam_noGate,18,fgsm,0.05,0.9861545332737829,0.9858357542081566,0.9858571586631681,0.9717143629111747,0.9978100289418301,
TON_IoT,binary,trades,aam_noGate,18,pgd,0.05,0.9861545332737829,0.9858357542081566,0.9858571586631681,0.9717143629111747,0.9978079914224965,0.0
TON_IoT,binary,trades,aam_noGate,18,transfer_mlp,0.05,0.9864522852463897,0.9861839436231984,0.9861625250816075,0.9723250957544949,0.9980206178845298,
TON_IoT,binary,trades,aam_noGate,18,transfer_tf,0.05,0.9863034092600863,0.9860098489156774,0.9860098489156774,0.972019697831355,0.9979896475906561,
TON_IoT,binary,trades,aam_noGate,18,gaussian,0.1,0.9860056572874796,0.9856616595006358,0.9857044543014741,0.9714090909294454,0.9981390656751343,
TON_IoT,binary,trades,aam_noGate,18,fgsm,0.1,0.9861545332737829,0.9858357542081566,0.9858571586631681,0.9717143629111747,0.9975429780744808,
TON_IoT,binary,trades,aam_noGate,18,pgd,0.1,0.9861545332737829,0.9858357542081566,0.9858571586631681,0.9717143629111747,0.9975352355010124,0.0
TON_IoT,binary,trades,aam_noGate,18,transfer_mlp,0.1,0.9864522852463897,0.9861839436231984,0.9861625250816075,0.9723250957544949,0.9979808636184169,
TON_IoT,binary,trades,aam_noGate,18,transfer_tf,0.1,0.9863034092600863,0.9860098489156774,0.9860098489156774,0.972019697831355,0.9978984120027095,
TON_IoT,binary,trades,aam_noGate,18,gaussian,0.2,0.9824326336161977,0.9818358320866734,0.9820481611168741,0.9641008663312296,0.9977231853400031,
TON_IoT,binary,trades,aam_noGate,18,fgsm,0.2,0.9830281375614114,0.9821797653502179,0.9826473692568973,0.9653167693389997,0.9966178990187305,
TON_IoT,binary,trades,aam_noGate,18,pgd,0.2,0.9784129819860057,0.9772674420710614,0.9779196692782621,0.9558829020478544,0.9957261900018474,0.0
TON_IoT,binary,trades,aam_noGate,18,transfer_mlp,0.2,0.9754354622599375,0.9737414922248262,0.9748486414957691,0.9498244698026446,0.9962868700443003,
TON_IoT,binary,trades,aam_noGate,18,transfer_tf,0.2,0.9755843382462409,0.9737834198448949,0.9749952377848046,0.9501428876178297,0.9966820582386415,
TON_IoT,binary,trades,aam_noGate,18,pgd_constrained,0.1,0.9861545332737829,0.9858357542081566,0.9858571586631681,0.9717143629111747,0.9978141039804976,1.0
TON_IoT,binary,trades,aam_noGate,18,square,0.1,0.986,0.9859777532252498,0.9856733377745986,0.971354930508119,0.9969045383379531,
TON_IoT,binary,trades,aam_noGate,18,square_clean_subset,0,0.987,0.9871583907695238,0.9867007672634271,0.9734201167206782,0.997281359340809,
TON_IoT,binary,trades,aam_trans,18,clean,0,0.9867500372189966,0.9866643001256923,0.9864713887976075,0.9729464691054784,0.9980294924131836,
TON_IoT,binary,trades,aam_trans,18,gaussian,0.05,0.9867500372189966,0.9866643001256923,0.9864713887976075,0.9729464691054784,0.9979799580542686,
TON_IoT,binary,trades,aam_trans,18,fgsm,0.05,0.9863034092600863,0.9862301273947645,0.9860159780152937,0.9720365109103313,0.9976871438868987,
TON_IoT,binary,trades,aam_trans,18,pgd,0.05,0.9863034092600863,0.9862301273947645,0.9860159780152937,0.9720365109103313,0.99768501581115,0.0
TON_IoT,binary,trades,aam_trans,18,transfer_mlp,0.05,0.9867500372189966,0.9866643001256923,0.9864713887976075,0.9729464691054784,0.9979194663691587,
TON_IoT,binary,trades,aam_trans,18,transfer_tf,0.05,0.9867500372189966,0.9866643001256923,0.9864713887976075,0.9729464691054784,0.9978886319099073,
TON_IoT,binary,trades,aam_trans,18,gaussian,0.1,0.9863034092600863,0.9862741830905818,0.9860171955974318,0.9720409491026936,0.9979675518254364,
TON_IoT,binary,trades,aam_trans,18,fgsm,0.1,0.9863034092600863,0.9862301273947645,0.9860159780152937,0.9720365109103313,0.9973664383437593,
TON_IoT,binary,trades,aam_trans,18,pgd,0.1,0.9863034092600863,0.9862301273947645,0.9860159780152937,0.9720365109103313,0.9973543037841714,0.0
TON_IoT,binary,trades,aam_trans,18,transfer_mlp,0.1,0.9864522852463897,0.9863601664064678,0.9861673750627223,0.9723384404742866,0.9977817753404017,
TON_IoT,binary,trades,aam_trans,18,transfer_tf,0.1,0.9864522852463897,0.9863601664064678,0.9861673750627223,0.9723384404742866,0.997742247465326,
TON_IoT,binary,trades,aam_trans,18,gaussian,0.2,0.9797528658627364,0.9794070184843754,0.9793225434417809,0.9586458109883851,0.9971380550655446,
TON_IoT,binary,trades,aam_trans,18,fgsm,0.2,0.9852612773559625,0.9851876872253877,0.9849526318236892,0.969910768511045,0.9969055061922477,
TON_IoT,binary,trades,aam_trans,18,pgd,0.2,0.9706714306982284,0.9705494691582963,0.9700727949140291,0.9401692614100716,0.9953428646978494,0.0
TON_IoT,binary,trades,aam_trans,18,transfer_mlp,0.2,0.9754354622599375,0.9738736593122783,0.9748556463565955,0.9498112567989476,0.9967364373657502,
TON_IoT,binary,trades,aam_trans,18,transfer_tf,0.2,0.9758820902188478,0.9743078320432063,0.9753116732396083,0.9507276693197296,0.996789005364562,
TON_IoT,binary,trades,aam_trans,18,pgd_constrained,0.1,0.9866011612326931,0.9865342611139888,0.9863199784932222,0.9726445132997946,0.9977750741657038,1.0
TON_IoT,binary,trades,aam_trans,18,square,0.1,0.9875,0.9875920421138429,0.987210310331588,0.9744335356864551,0.9968282525642771,
TON_IoT,binary,trades,aam_trans,18,square_clean_subset,0,0.988,0.9881823608859799,0.9877237851662404,0.9754661722319149,0.9972567840580142,
TON_IoT,binary,trades,aam_g2,18,clean,0,0.9864522852463897,0.9864482777981027,0.9861697837581623,0.9723472645056666,0.9982101977389874,
TON_IoT,binary,trades,aam_g2,18,gaussian,0.05,0.9864522852463897,0.9864482777981027,0.9861697837581623,0.9723472645056666,0.9981670023291109,
TON_IoT,binary,trades,aam_g2,18,fgsm,0.05,0.9863034092600863,0.9863182387863991,0.9860184104368646,0.9720457453971431,0.9977970793745088,
TON_IoT,binary,trades,aam_g2,18,pgd,0.05,0.9863034092600863,0.9863182387863991,0.9860184104368646,0.9720457453971431,0.9977890651317957,0.0
TON_IoT,binary,trades,aam_g2,18,transfer_mlp,0.05,0.9863034092600863,0.9863182387863991,0.9860184104368646,0.9720457453971431,0.998076355357861,
TON_IoT,binary,trades,aam_g2,18,transfer_tf,0.05,0.9864522852463897,0.9864482777981027,0.9861697837581623,0.9723472645056666,0.998027681284887,
TON_IoT,binary,trades,aam_g2,18,gaussian,0.1,0.9855590293285693,0.9854918209446121,0.9852566190595743,0.9705187447171807,0.9981469893614324,
TON_IoT,binary,trades,aam_g2,18,fgsm,0.1,0.9860056572874796,0.9860141050671747,0.985714462837666,0.9714378473908054,0.9974431396271249,
TON_IoT,binary,trades,aam_g2,18,pgd,0.1,0.9860056572874796,0.9860141050671747,0.985714462837666,0.9714378473908054,0.997365623336026,0.0
TON_IoT,binary,trades,aam_g2,18,transfer_mlp,0.1,0.9861545332737829,0.9861881997746956,0.9858670496201103,0.9717443417484962,0.9979194210909513,
TON_IoT,binary,trades,aam_g2,18,transfer_tf,0.1,0.9863034092600863,0.9863182387863991,0.9860184104368646,0.9720457453971431,0.9977935476743302,
TON_IoT,binary,trades,aam_g2,18,gaussian,0.2,0.9821348816435909,0.9820163110214402,0.9817615594749111,0.9635296479660768,0.9974723893491165,
TON_IoT,binary,trades,aam_g2,18,fgsm,0.2,0.9857079053148727,0.9856218599563156,0.985407977059437,0.9708205061314047,0.9967869225670208,
TON_IoT,binary,trades,aam_g2,18,pgd,0.2,0.9650141432186988,0.9647268727972151,0.9642969629025383,0.9286135429345004,0.994653413433501,0.0
TON_IoT,binary,trades,aam_g2,18,transfer_mlp,0.2,0.9860056572874796,0.9860581607629921,0.9857157012857267,0.9714430534500353,0.9968765734177079,
TON_IoT,binary,trades,aam_g2,18,transfer_tf,0.2,0.9852612773559625,0.9851876872253877,0.9849526318236892,0.969910768511045,0.9966677956033049,
TON_IoT,binary,trades,aam_g2,18,pgd_constrained,0.1,0.9861545332737829,0.9861881997746956,0.9858670496201103,0.9717443417484962,0.9978616008200788,1.0
TON_IoT,binary,trades,aam_g2,18,square,0.1,0.9865,0.9868814068530224,0.986195581512407,0.9724329135835476,0.9968666514436443,
TON_IoT,binary,trades,aam_g2,18,square_clean_subset,0,0.987,0.9873150581973416,0.9867048340200798,0.9734426833752482,0.9972608799384799,
TON_IoT,binary,trades,transformer,19,clean,0,0.9736489504242966,0.9711677430805843,0.9729759561475984,0.9462950786091702,0.9959111514791484,
TON_IoT,binary,trades,transformer,19,gaussian,0.05,0.9736489504242966,0.9711677430805843,0.9729759561475984,0.9462950786091702,0.9958274320736332,
TON_IoT,binary,trades,transformer,19,fgsm,0.05,0.9735000744379931,0.9709936483730635,0.9728219676649368,0.9459950137766642,0.9938038584277233,
TON_IoT,binary,trades,transformer,19,pgd,0.05,0.9735000744379931,0.9709936483730635,0.9728219676649368,0.9459950137766642,0.9937925841540763,0.0
TON_IoT,binary,trades,transformer,19,transfer_mlp,0.05,0.9736489504242966,0.9711677430805843,0.9729759561475984,0.9462950786091702,0.9951354905078765,
TON_IoT,binary,trades,transformer,19,transfer_tf,0.05,0.9735000744379931,0.9709936483730635,0.9728219676649368,0.9459950137766642,0.9951802253768052,
TON_IoT,binary,trades,transformer,19,gaussian,0.1,0.9735000744379931,0.9709936483730635,0.9728219676649368,0.9459950137766642,0.9957721473823762,
TON_IoT,binary,trades,transformer,19,fgsm,0.1,0.9729045704927796,0.9704734923262495,0.9722165758653698,0.9447527083496947,0.9923051497621989,
TON_IoT,binary,trades,transformer,19,pgd,0.1,0.9729045704927796,0.9704734923262495,0.9722165758653698,0.9447527083496947,0.9922309840584487,0.0
TON_IoT,binary,trades,transformer,19,transfer_mlp,0.1,0.9736489504242966,0.9711677430805843,0.9729759561475984,0.9462950786091702,0.9943177660819137,
TON_IoT,binary,trades,transformer,19,transfer_tf,0.1,0.9735000744379931,0.9709936483730635,0.9728219676649368,0.9459950137766642,0.9943236975270853,
TON_IoT,binary,trades,transformer,19,gaussian,0.2,0.9733511984516897,0.97086360936136,0.9726705997198877,0.9456842552963104,0.9952061245114481,
TON_IoT,binary,trades,transformer,19,fgsm,0.2,0.972011314574959,0.9695610911685763,0.9713006388059864,0.9429205254980083,0.9894036316744605,
TON_IoT,binary,trades,transformer,19,pgd,0.2,0.9718624385886556,0.9693869964610553,0.971146595725217,0.9426200648833744,0.9889373566944736,0.0
TON_IoT,binary,trades,transformer,19,transfer_mlp,0.2,0.9727556945064761,0.9702553419229112,0.9720598868644661,0.9444626086705908,0.9932527773652431,
TON_IoT,binary,trades,transformer,19,transfer_tf,0.2,0.9723090665475659,0.9698211691919832,0.9716032199573204,0.943541244251479,0.9929512697820487,
TON_IoT,binary,trades,transformer,19,pgd_constrained,0.1,0.9735000744379931,0.9709936483730635,0.9728219676649368,0.9459950137766642,0.994369836020444,1.0
TON_IoT,binary,trades,transformer,19,square,0.1,0.9795,0.9771628245892952,0.9787111137073168,0.9575746350235605,0.9935320200715422,
TON_IoT,binary,trades,transformer,19,square_clean_subset,0,0.98,0.9777755696873345,0.9792345006312712,0.9586040261922402,0.9955995172562269,
TON_IoT,binary,trades,aam_noGate,19,clean,0,0.9873455411642102,0.9875369017390454,0.9870861355179394,0.9741923614405568,0.997845255387201,
TON_IoT,binary,trades,aam_noGate,19,gaussian,0.05,0.9873455411642102,0.9875369017390454,0.9870861355179394,0.9741923614405568,0.9978168659511503,
TON_IoT,binary,trades,aam_noGate,19,fgsm,0.05,0.9870477891916034,0.987232768019821,0.9867822798830674,0.973584643860476,0.9975130491793778,
TON_IoT,binary,trades,aam_noGate,19,pgd,0.05,0.9870477891916034,0.987232768019821,0.9867822798830674,0.973584643860476,0.9975107852690069,0.0
TON_IoT,binary,trades,aam_noGate,19,transfer_mlp,0.05,0.9871966651779068,0.9873628070315245,0.9869336446966153,0.9738855106521861,0.9976842008034165,
TON_IoT,binary,trades,aam_noGate,19,transfer_tf,0.05,0.9873455411642102,0.9875369017390454,0.9870861355179394,0.9741923614405568,0.9976669950845978,
TON_IoT,binary,trades,aam_noGate,19,gaussian,0.1,0.9868989132053,0.9872348960955697,0.9866343664307642,0.9733044114573403,0.9978609669251751,
TON_IoT,binary,trades,aam_noGate,19,fgsm,0.1,0.9866011612326931,0.9867985952888931,0.9863270849516105,0.972676200074645,0.9972967551825436,
TON_IoT,binary,trades,aam_noGate,19,pgd,0.1,0.9866011612326931,0.9867985952888931,0.9863270849516105,0.972676200074645,0.9972762894327909,0.0
TON_IoT,binary,trades,aam_noGate,19,transfer_mlp,0.1,0.9868989132053,0.9871027290081175,0.9866309275082413,0.9732838921123638,0.9975414838936361,
TON_IoT,binary,trades,aam_noGate,19,transfer_tf,0.1,0.9870477891916034,0.9872768237156384,0.9867834170432515,0.9735909218523878,0.9975509017607789,
TON_IoT,binary,trades,aam_noGate,19,gaussian,0.2,0.9813905017120739,0.9815863944420096,0.9810139132259912,0.9620608120552464,0.9967097685015811,
TON_IoT,binary,trades,aam_noGate,19,fgsm,0.2,0.9682894149173739,0.9707597411535438,0.9677977241493199,0.9365001158859381,0.9963006346193551,
TON_IoT,binary,trades,aam_noGate,19,pgd,0.2,0.9708203066845318,0.9729704043525035,0.9703488324953582,0.9414027185864675,0.9950328900898682,0.0
TON_IoT,binary,trades,aam_noGate,19,transfer_mlp,0.2,0.9685871668899807,0.9710638748727682,0.9681000929366502,0.937105140569231,0.995863518804945,
TON_IoT,binary,trades,aam_noGate,19,transfer_tf,0.2,0.9696292987941045,0.9720182036505102,0.9691526036053688,0.9391491990985279,0.9966774398614849,
TON_IoT,binary,trades,aam_noGate,19,pgd_constrained,0.1,0.9871966651779068,0.9873628070315245,0.9869336446966153,0.9738855106521861,0.9975793364750373,1.0
TON_IoT,binary,trades,aam_noGate,19,square,0.1,0.9885,0.9887635797562269,0.9881127090903405,0.9762512752005151,0.9978460767753047,
TON_IoT,binary,trades,aam_noGate,19,square_clean_subset,0,0.9895,0.9897986221515633,0.9891463865607457,0.978318658082926,0.9981348536036035,
TON_IoT,binary,trades,aam_trans,19,clean,0,0.9873455411642102,0.9874487903474106,0.9870839058945434,0.9741809820489756,0.9977841298071873,
TON_IoT,binary,trades,aam_trans,19,gaussian,0.05,0.9871966651779068,0.9872746956398897,0.9869313862826861,0.9738744381089962,0.9977593173495225,
TON_IoT,binary,trades,aam_trans,19,fgsm,0.05,0.9867500372189966,0.9867964672131444,0.9864749184536539,0.972960085861283,0.9974569947585947,
TON_IoT,binary,trades,aam_trans,19,pgd,0.05,0.9866011612326931,0.9866223725056236,0.9863223580360632,0.9726536434034807,0.9974515613737046,0.0
TON_IoT,binary,trades,aam_trans,19,transfer_mlp,0.05,0.9873455411642102,0.9874487903474106,0.9870839058945434,0.9741809820489756,0.9976502874260608,
TON_IoT,binary,trades,aam_trans,19,transfer_tf,0.05,0.9873455411642102,0.9874487903474106,0.9870839058945434,0.9741809820489756,0.9976463935002227,
TON_IoT,binary,trades,aam_trans,19,gaussian,0.1,0.9864522852463897,0.98649233349392,0.9861709840368821,0.9723522138048897,0.9977269887094262,
TON_IoT,binary,trades,aam_trans,19,fgsm,0.1,0.9863034092600863,0.9863182387863991,0.9860184104368646,0.9720457453971431,0.9971484690532508,
TON_IoT,binary,trades,aam_trans,19,pgd,0.1,0.9863034092600863,0.9863182387863991,0.9860184104368646,0.9720457453971431,0.997125286611053,0.0
TON_IoT,binary,trades,aam_trans,19,transfer_mlp,0.1,0.9867500372189966,0.9867524115173271,0.9864737445546863,0.9729551885202614,0.9974768266134436,
TON_IoT,binary,trades,aam_trans,19,transfer_tf,0.1,0.9871966651779068,0.9872746956398897,0.9869313862826861,0.9738744381089962,0.997484342795875,
TON_IoT,binary,trades,aam_trans,19,gaussian,0.2,0.981837129670984,0.9819324557813027,0.9814656040455164,0.962953127471144,0.9968108747387447,
TON_IoT,binary,trades,aam_trans,19,fgsm,0.2,0.9861545332737829,0.9860119769914262,0.9858621263497219,0.9717264848127404,0.996459968631258,
TON_IoT,binary,trades,aam_trans,19,pgd,0.2,0.9743933303558137,0.9736242216676145,0.9738329128144265,0.9476703308837017,0.9951987441636391,0.0
TON_IoT,binary,trades,aam_trans,19,transfer_mlp,0.2,0.9735000744379931,0.9720069293768632,0.972880836322667,0.9458412964403582,0.9957682081783308,
TON_IoT,binary,trades,aam_trans,19,transfer_tf,0.2,0.9779663540270954,0.977009492123403,0.9774720232457965,0.9549659586941693,0.9965032998757567,
TON_IoT,binary,trades,aam_trans,19,pgd_constrained,0.1,0.9867500372189966,0.9867964672131444,0.9864749184536539,0.972960085861283,0.9975022276878048,1.0
TON_IoT,binary,trades,aam_trans,19,square,0.1,0.9895,0.9896081743508214,0.9891423237133459,0.9782978637301185,0.9978233058426074,
TON_IoT,binary,trades,aam_trans,19,square_clean_subset,0,0.9905,0.990643216746158,0.9901763881215987,0.9803660068234613,0.9980168587705353,
TON_IoT,binary,trades,aam_g2,19,clean,0,0.987643293136817,0.9879291468499045,0.9873921584391099,0.9748127890781871,0.9979631598393166,
TON_IoT,binary,trades,aam_g2,19,gaussian,0.05,0.987643293136817,0.9879291468499045,0.9873921584391099,0.9748127890781871,0.9979145763227576,
TON_IoT,binary,trades,aam_g2,19,fgsm,0.05,0.987643293136817,0.9879291468499045,0.9873921584391099,0.9748127890781871,0.997563579658856,
TON_IoT,binary,trades,aam_g2,19,pgd,0.05,0.987643293136817,0.9879291468499045,0.9873921584391099,0.9748127890781871,0.9975612251920701,0.0
TON_IoT,binary,trades,aam_g2,19,transfer_mlp,0.05,0.987643293136817,0.9879291468499045,0.9873921584391099,0.9748127890781871,0.9977547895287806,
TON_IoT,binary,trades,aam_g2,19,transfer_tf,0.05,0.987643293136817,0.9879291468499045,0.9873921584391099,0.9748127890781871,0.9978273704952711,
TON_IoT,binary,trades,aam_g2,19,gaussian,0.1,0.9871966651779068,0.987539029814794,0.9869381308300651,0.9739119514610759,0.9978703395141104,
TON_IoT,binary,trades,aam_g2,19,fgsm,0.1,0.9874944171505137,0.9877991078382011,0.9872408035226479,0.9745123951763816,0.9972978871377292,
TON_IoT,binary,trades,aam_g2,19,pgd,0.1,0.9874944171505137,0.9877991078382011,0.9872408035226479,0.9745123951763816,0.9972847111793706,0.0
TON_IoT,binary,trades,aam_g2,19,transfer_mlp,0.1,0.9874944171505137,0.9877991078382011,0.9872408035226479,0.9745123951763816,0.9975790195275852,
TON_IoT,binary,trades,aam_g2,19,transfer_tf,0.1,0.9874944171505137,0.9877991078382011,0.9872408035226479,0.9745123951763816,0.9976639161664933,
TON_IoT,binary,trades,aam_g2,19,gaussian,0.2,0.9799017418490398,0.9803300600207918,0.9795054813534223,0.9590796085217685,0.9971075375537453,
TON_IoT,binary,trades,aam_g2,19,fgsm,0.2,0.9860056572874796,0.9863224949378964,0.9857230732328618,0.9714817914461333,0.9965260748140876,
TON_IoT,binary,trades,aam_g2,19,pgd,0.2,0.9636742593419682,0.9636446330835184,0.9629502132724821,0.9259517208067949,0.9948836531182197,0.0
TON_IoT,binary,trades,aam_g2,19,transfer_mlp,0.2,0.9717135626023522,0.9738828055101767,0.9712565212965207,0.9432187665302091,0.996690570541636,
TON_IoT,binary,trades,aam_g2,19,transfer_tf,0.2,0.9721601905612625,0.974361033936922,0.9717114443410491,0.9441401506893408,0.9968974013931198,
TON_IoT,binary,trades,aam_g2,19,pgd_constrained,0.1,0.987643293136817,0.9879291468499045,0.9873921584391099,0.9748127890781871,0.9976219432682172,1.0
TON_IoT,binary,trades,aam_g2,19,square,0.1,0.989,0.989376324854266,0.9886316659776767,0.9772971103372072,0.9978502169448862,
TON_IoT,binary,trades,aam_g2,19,square_clean_subset,0,0.989,0.989376324854266,0.9886316659776767,0.9772971103372072,0.998134336082406,
TON_IoT,binary,trades,transformer,20,clean,0,0.9711180586571386,0.9682081330527292,0.9703559475646842,0.941201756797407,0.9966945550238888,
TON_IoT,binary,trades,transformer,20,gaussian,0.05,0.971266934643442,0.9683381720644326,0.9705073061121001,0.9415140703821673,0.996702388153772,
TON_IoT,binary,trades,transformer,20,fgsm,0.05,0.9700759267530147,0.9671656928833525,0.9692878210398548,0.9390555369501038,0.9948070423912689,
TON_IoT,binary,trades,transformer,20,pgd,0.05,0.9700759267530147,0.9671656928833525,0.9692878210398548,0.9390555369501038,0.994773762908817,0.0
TON_IoT,binary,trades,transformer,20,transfer_mlp,0.05,0.9709691826708352,0.9680340383452083,0.9702016823412409,0.9409026613768641,0.995784372498379,
TON_IoT,binary,trades,transformer,20,transfer_tf,0.05,0.9708203066845318,0.9679039993335048,0.9700503387766912,0.9405903808501996,0.9960831633891282,
TON_IoT,binary,trades,transformer,20,gaussian,0.1,0.9711180586571386,0.9681640773569118,0.9703530393971422,0.941215064553631,0.9965596712439916,
TON_IoT,binary,trades,transformer,20,fgsm,0.1,0.9693315468214977,0.9664273864332003,0.9685253765576015,0.937520947196995,0.9926393482111486,
TON_IoT,binary,trades,transformer,20,pgd,0.1,0.9693315468214977,0.9664273864332003,0.9685253765576015,0.937520947196995,0.9923871938740396,0.0
TON_IoT,binary,trades,transformer,20,transfer_mlp,0.1,0.9706714306982284,0.9676858489301665,0.9698931024015938,0.9403046398924637,0.9952427998594564,
TON_IoT,binary,trades,transformer,20,transfer_tf,0.1,0.9696292987941045,0.9666874644566072,0.9688279036247195,0.9381448770613698,0.9946537303809527,
TON_IoT,binary,trades,transformer,20,gaussian,0.2,0.9708203066845318,0.9680361664209569,0.9700591170808575,0.9405528031325893,0.9961651169445542,
TON_IoT,binary,trades,transformer,20,fgsm,0.2,0.9681405389310704,0.9652108515563026,0.9673030610841102,0.9350757071376389,0.9872223087539074,
TON_IoT,binary,trades,transformer,20,pgd,0.2,0.9676939109721602,0.9647326231295572,0.966843070475863,0.9341647933469391,0.9851378811972282,0.0
TON_IoT,binary,trades,transformer,20,transfer_mlp,0.2,0.9699270507667114,0.9669475424800142,0.9691304843207357,0.9387692960547848,0.994228251065849,
TON_IoT,binary,trades,transformer,20,transfer_tf,0.2,0.9694804228078011,0.9666014811407211,0.9686796970099566,0.9378204425225842,0.9913461573290929,
TON_IoT,binary,trades,transformer,20,pgd_constrained,0.1,0.9708203066845318,0.9679039993335048,0.9700503387766912,0.9405903808501996,0.9954247276968605,1.0
TON_IoT,binary,trades,transformer,20,square,0.1,0.9665,0.9628900255754476,0.9655210654711225,0.9317417779576856,0.9941483375959079,
TON_IoT,binary,trades,transformer,20,square_clean_subset,0,0.969,0.9653708439897698,0.9680885778726198,0.9369174215177328,0.99596726342711,
TON_IoT,binary,trades,aam_noGate,20,clean,0,0.985112401369659,0.9849695368220495,0.9847986496620353,0.9696002112748703,0.9982611810005396,
TON_IoT,binary,trades,aam_noGate,20,gaussian,0.05,0.9848146493970522,0.9847094587986425,0.9844959756256517,0.9689964989630148,0.9982325198952443,
TON_IoT,binary,trades,aam_noGate,20,fgsm,0.05,0.9849635253833556,0.9848394978103459,0.9846473063882962,0.9692982973183281,0.9978226615616996,
TON_IoT,binary,trades,aam_noGate,20,pgd,0.05,0.9849635253833556,0.9848394978103459,0.9846473063882962,0.9692982973183281,0.9978141492587052,0.0
TON_IoT,binary,trades,aam_noGate,20,transfer_mlp,0.05,0.9849635253833556,0.9848394978103459,0.9846473063882962,0.9692982973183281,0.9980065363620227,
TON_IoT,binary,trades,aam_noGate,20,transfer_tf,0.05,0.9849635253833556,0.9848394978103459,0.9846473063882962,0.9692982973183281,0.9980885351956562,
TON_IoT,binary,trades,aam_noGate,20,gaussian,0.1,0.9843680214381421,0.9843193417635319,0.984042058182495,0.9680917964035024,0.9981435482176687,
TON_IoT,binary,trades,aam_noGate,20,fgsm,0.1,0.9843680214381421,0.9841871746760797,0.9840378845883957,0.9680779970731038,0.9974664126257375,
TON_IoT,binary,trades,aam_noGate,20,pgd,0.1,0.9843680214381421,0.9841871746760797,0.9840378845883957,0.9680779970731038,0.997415384085978,0.0
TON_IoT,binary,trades,aam_noGate,20,transfer_mlp,0.1,0.9846657734107489,0.9845353640911215,0.984343292653411,0.9686902686871364,0.9977343237790279,
TON_IoT,binary,trades,aam_noGate,20,transfer_tf,0.1,0.9846657734107489,0.9845353640911215,0.984343292653411,0.9686902686871364,0.9977967624270568,
TON_IoT,binary,trades,aam_noGate,20,gaussian,0.2,0.9794551138901295,0.9795434417233249,0.9790366653121498,0.9580993462537923,0.997783993972565,
TON_IoT,binary,trades,aam_noGate,20,fgsm,0.2,0.9723090665475659,0.9704820046292439,0.9716435922828279,0.9434287395443778,0.9962149229727136,
TON_IoT,binary,trades,aam_noGate,20,pgd,0.2,0.9624832514515409,0.9624280982066208,0.9617354661666617,0.9235221605740078,0.9954814160125474,0.0
TON_IoT,binary,trades,aam_noGate,20,transfer_mlp,0.2,0.9718624385886556,0.9701359432899508,0.9711929423862705,0.9425031793725865,0.9960018437286061,
TON_IoT,binary,trades,aam_noGate,20,transfer_tf,0.2,0.9724579425338693,0.9706560993367648,0.9717973627880518,0.943731279349645,0.9968714569802696,
TON_IoT,binary,trades,aam_noGate,20,pgd_constrained,0.1,0.9848146493970522,0.984665403102825,0.984494622655276,0.9689921563435272,0.9978357922418508,1.0
TON_IoT,binary,trades,aam_noGate,20,square,0.1,0.9835,0.9828900255754476,0.9831123913851703,0.9662294152541965,0.9972184143222507,
TON_IoT,binary,trades,aam_noGate,20,square_clean_subset,0,0.9835,0.9828900255754476,0.9831123913851703,0.9662294152541965,0.9976071611253197,
TON_IoT,binary,trades,aam_trans,20,clean,0,0.9849635253833556,0.9848394978103459,0.9846473063882962,0.9692982973183281,0.9982998938678819,
TON_IoT,binary,trades,aam_trans,20,gaussian,0.05,0.985112401369659,0.9849695368220495,0.9847986496620353,0.9696002112748703,0.998306640320787,
TON_IoT,binary,trades,aam_trans,20,fgsm,0.05,0.9848146493970522,0.984665403102825,0.984494622655276,0.9689921563435272,0.9979441882704088,
TON_IoT,binary,trades,aam_trans,20,pgd,0.05,0.9848146493970522,0.984665403102825,0.984494622655276,0.9689921563435272,0.9979431921498455,0.0
TON_IoT,binary,trades,aam_trans,20,transfer_mlp,0.05,0.9849635253833556,0.9847954421145285,0.9846459651755045,0.9692941596529827,0.9981642403584585,
TON_IoT,binary,trades,aam_trans,20,transfer_tf,0.05,0.9849635253833556,0.9848394978103459,0.9846473063882962,0.9692982973183281,0.9981875586352786,
TON_IoT,binary,trades,aam_trans,20,gaussian,0.1,0.9843680214381421,0.9843193417635319,0.984042058182495,0.9680917964035024,0.9981468535268101,
TON_IoT,binary,trades,aam_trans,20,fgsm,0.1,0.9845168974244455,0.9843612693836006,0.9841905956485167,0.9683841014121841,0.9976607466919742,
TON_IoT,binary,trades,aam_trans,20,pgd,0.1,0.9845168974244455,0.9843612693836006,0.9841905956485167,0.9683841014121841,0.9976313158571527,0.0
TON_IoT,binary,trades,aam_trans,20,transfer_mlp,0.1,0.9849635253833556,0.9847954421145285,0.9846459651755045,0.9692941596529827,0.9980189425908554,
TON_IoT,binary,trades,aam_trans,20,transfer_tf,0.1,0.9848146493970522,0.984665403102825,0.984494622655276,0.9689921563435272,0.9980363747007109,
TON_IoT,binary,trades,aam_trans,20,gaussian,0.2,0.9785618579723091,0.9785429291740169,0.9781214515850303,0.9562609584146716,0.9975480492337117,
TON_IoT,binary,trades,aam_trans,20,fgsm,0.2,0.9842191454518386,0.9842333584476457,0.9838921737902875,0.9677959764615941,0.9969734687815816,
TON_IoT,binary,trades,aam_trans,20,pgd,0.2,0.9736489504242966,0.9748684215292442,0.9731759036198944,0.946644998903951,0.9955741457813388,0.0
TON_IoT,binary,trades,aam_trans,20,transfer_mlp,0.2,0.9670984070269466,0.9691907607101071,0.9665680705848761,0.9338495446019125,0.9968220584559769,
TON_IoT,binary,trades,aam_trans,20,transfer_tf,0.2,0.9675450349858568,0.9695808777452177,0.9670181205662832,0.9347168016772017,0.9968106030695002,
TON_IoT,binary,trades,aam_trans,20,pgd_constrained,0.1,0.9845168974244455,0.9843612693836006,0.9841905956485167,0.9683841014121841,0.998013056423891,1.0
TON_IoT,binary,trades,aam_trans,20,square,0.1,0.984,0.9833248081841433,0.9836215932914046,0.9672514290300073,0.9975969309462915,
TON_IoT,binary,trades,aam_trans,20,square_clean_subset,0,0.984,0.9833248081841433,0.9836215932914046,0.9672514290300073,0.9979539641943734,
TON_IoT,binary,trades,aam_g2,20,clean,0,0.9846657734107489,0.9846234754827563,0.984346018979019,0.9686997204180973,0.9982180308688707,
TON_IoT,binary,trades,aam_g2,20,gaussian,0.05,0.9845168974244455,0.9844493807752354,0.9841933515449229,0.9683932486155721,0.9982303465412884,
TON_IoT,binary,trades,aam_g2,20,fgsm,0.05,0.9845168974244455,0.9844493807752354,0.9841933515449229,0.9683932486155721,0.9979746152257933,
TON_IoT,binary,trades,aam_g2,20,pgd,0.05,0.9845168974244455,0.9844493807752354,0.9841933515449229,0.9683932486155721,0.9979709929691998,0.0
TON_IoT,binary,trades,aam_g2,20,transfer_mlp,0.05,0.9845168974244455,0.9844493807752354,0.9841933515449229,0.9683932486155721,0.9981030242220299,
TON_IoT,binary,trades,aam_g2,20,transfer_tf,0.05,0.9845168974244455,0.9844493807752354,0.9841933515449229,0.9683932486155721,0.9981065559222084,
TON_IoT,binary,trades,aam_g2,20,gaussian,0.1,0.9839213934792318,0.9839292247284213,0.9835882525410476,0.9671881302968538,0.9981111290211576,
TON_IoT,binary,trades,aam_g2,20,fgsm,0.1,0.9842191454518386,0.984145247056011,0.9838893775361714,0.9677852985343852,0.9976217621553877,
TON_IoT,binary,trades,aam_g2,20,pgd,0.1,0.9842191454518386,0.984145247056011,0.9838893775361714,0.9677852985343852,0.9975958177425372,0.0
TON_IoT,binary,trades,aam_g2,20,transfer_mlp,0.1,0.9842191454518386,0.984145247056011,0.9838893775361714,0.9677852985343852,0.9979307859210131,
TON_IoT,binary,trades,aam_g2,20,transfer_tf,0.1,0.9843680214381421,0.9843193417635319,0.984042058182495,0.9680917964035024,0.9979876553495298,
TON_IoT,binary,trades,aam_g2,20,gaussian,0.2,0.9794551138901295,0.9793672189400553,0.9790294338024499,0.9580704378257506,0.9978058633467477,
TON_IoT,binary,trades,aam_g2,20,fgsm,0.2,0.9843680214381421,0.9844074531551665,0.9840448249285536,0.9681027787354117,0.9970359979860253,
TON_IoT,binary,trades,aam_g2,20,pgd,0.2,0.9672472830132499,0.9674704604974808,0.966605747967609,0.9332900205855991,0.9957017397698418,0.0
TON_IoT,binary,trades,aam_g2,20,transfer_mlp,0.2,0.9663540270954295,0.9685405656515896,0.9658181855191647,0.9324061819144286,0.9965028923718898,
TON_IoT,binary,trades,aam_g2,20,transfer_tf,0.2,0.9670984070269466,0.9691907607101071,0.9665680705848761,0.9338495446019125,0.9968264504420964,
TON_IoT,binary,trades,aam_g2,20,pgd_constrained,0.1,0.9842191454518386,0.984145247056011,0.9838893775361714,0.9677852985343852,0.9979604884250791,1.0
TON_IoT,binary,trades,aam_g2,20,square,0.1,0.983,0.9824552429667519,0.9826033387262982,0.965208734609065,0.9975176470588235,
TON_IoT,binary,trades,aam_g2,20,square_clean_subset,0,0.983,0.9824552429667519,0.9826033387262982,0.965208734609065,0.9977984654731459,
