dataset,mode,method,backbone,seed,attack,eps,acc,bal_acc,f1_macro,mcc,auroc,valid_rate
CICIoT2023,binary,trades,transformer,21,clean,0,0.8943621040395234,0.9007980677318039,0.8784452361874436,0.7643282015043263,0.9603648151941372,
CICIoT2023,binary,trades,transformer,21,gaussian,0.05,0.8944105395718299,0.9007830124266012,0.8784862627263574,0.7643742162244573,0.9602538065000683,
CICIoT2023,binary,trades,transformer,21,fgsm,0.05,0.8822532209628984,0.8868519390959989,0.8646752847116577,0.7370163641932629,0.9519116539214347,
CICIoT2023,binary,trades,transformer,21,pgd,0.05,0.8822047854305919,0.8867686057626656,0.864614185684305,0.7368813298207813,0.9518066195548274,0.0
CICIoT2023,binary,trades,transformer,21,transfer_mlp,0.05,0.8856437082243533,0.890815888297146,0.8685402621098954,0.7447123530232984,0.9551950077381764,
CICIoT2023,binary,trades,transformer,21,transfer_tf,0.05,0.8859827569504989,0.8912516386726752,0.8689352840666382,0.7455186350495141,0.9547537439118758,
CICIoT2023,binary,trades,transformer,21,gaussian,0.1,0.8951370725564274,0.901147514679776,0.8792198624818824,0.7655955635740708,0.9600738768264372,
CICIoT2023,binary,trades,transformer,21,fgsm,0.1,0.8705802576770318,0.8735082275023898,0.851455968203596,0.7108435358581693,0.9427259092357413,
CICIoT2023,binary,trades,transformer,21,pgd,0.1,0.8700474668216603,0.8728375324320634,0.8508384959787503,0.7095896610442015,0.9421236401292732,0.0
CICIoT2023,binary,trades,transformer,21,transfer_mlp,0.1,0.8783299428460719,0.8823156834630617,0.8602167653939614,0.7281633888106,0.9497977889298557,
CICIoT2023,binary,trades,transformer,21,transfer_tf,0.1,0.8786205560399108,0.8827664891437936,0.8605729795688465,0.7289285142227775,0.9487711604988849,
CICIoT2023,binary,trades,transformer,21,gaussian,0.2,0.8943136685072169,0.8966316058992216,0.877555491454363,0.7606415840321085,0.9593825959306296,
CICIoT2023,binary,trades,transformer,21,fgsm,0.2,0.8425845200038748,0.8368038372251809,0.8185062353553592,0.6433257155738862,0.9228730028676773,
CICIoT2023,binary,trades,transformer,21,pgd,0.2,0.8377409667732248,0.8305858596203741,0.8128151047631997,0.6317430152958069,0.9190582183986526,0.0
CICIoT2023,binary,trades,transformer,21,transfer_mlp,0.2,0.8611837644095709,0.8607359688652192,0.840312855067233,0.6877725392405228,0.9388644055259683,
CICIoT2023,binary,trades,transformer,21,transfer_tf,0.2,0.8648164293325583,0.8673795234193638,0.8450562602837335,0.6984074543506646,0.9379610530747872,
CICIoT2023,binary,trades,transformer,21,pgd_constrained,0.1,0.8719848881139204,0.8751377850607674,0.8530505691507515,0.7140129631890296,0.9436072192635077,1.0
CICIoT2023,binary,trades,transformer,21,square,0.1,0.8635,0.8614196293669637,0.8405336107542264,0.6879780239144256,0.9494644013443927,
CICIoT2023,binary,trades,transformer,21,square_clean_subset,0,0.8875,0.8904844130615769,0.8684548620398441,0.7438445111105977,0.9576121612037864,
CICIoT2023,binary,trades,aam_noGate,21,clean,0,0.9077303109561174,0.9069736105421276,0.8920018312439628,0.7873253025506275,0.9666867347171013,
CICIoT2023,binary,trades,aam_noGate,21,gaussian,0.05,0.9069553424392134,0.906230609040011,0.8911324264504703,0.7856502337267862,0.9663591822568165,
CICIoT2023,binary,trades,aam_noGate,21,fgsm,0.05,0.8986244308824954,0.8978989826573809,0.8817509966227317,0.7674745683324913,0.9609799831580863,
CICIoT2023,binary,trades,aam_noGate,21,pgd,0.05,0.8985275598178823,0.8977323159907142,0.881627895479363,0.7672095685928008,0.9609056283854522,0.0
CICIoT2023,binary,trades,aam_noGate,21,transfer_mlp,0.05,0.9000290613193839,0.8995777345350267,0.8833844425697659,0.7707409348246023,0.9624447744549138,
CICIoT2023,binary,trades,aam_noGate,21,transfer_tf,0.05,0.8999321902547709,0.899460262187628,0.8832714429986126,0.7705143437535172,0.9624201090172517,
CICIoT2023,binary,trades,aam_noGate,21,gaussian,0.1,0.9045335658238884,0.8996534207292093,0.8875730521387787,0.7773769641732982,0.9650306625244662,
CICIoT2023,binary,trades,aam_noGate,21,fgsm,0.1,0.8915528431657463,0.8890283353816741,0.8734375044276714,0.7506967722539509,0.9552312861304566,
CICIoT2023,binary,trades,aam_noGate,21,pgd,0.1,0.8912622299719074,0.8886267240202103,0.8730874885372453,0.7499772354297485,0.9547960990486595,0.0
CICIoT2023,binary,trades,aam_noGate,21,transfer_mlp,0.1,0.8942167974426039,0.8925785880103783,0.8766150017871738,0.7571846449628409,0.9583848604852292,
CICIoT2023,binary,trades,aam_noGate,21,transfer_tf,0.1,0.8941199263779909,0.8926086986207838,0.8765336142502149,0.757075825986399,0.9581012278665392,
CICIoT2023,binary,trades,aam_noGate,21,gaussian,0.2,0.8909716167780684,0.868055441758842,0.8678563354082625,0.7357133753163839,0.9583799558468753,
CICIoT2023,binary,trades,aam_noGate,21,fgsm,0.2,0.8390487261455003,0.795497371295917,0.8010286349112639,0.602843697074861,0.9285288076380354,
CICIoT2023,binary,trades,aam_noGate,21,pgd,0.2,0.8086312118570184,0.7628417656698074,0.7655170008694938,0.5312520964978724,0.908528039510219,0.0
CICIoT2023,binary,trades,aam_noGate,21,transfer_mlp,0.2,0.8098905356969873,0.7635817970777004,0.7666793484632906,0.5336508349901078,0.9142543470344576,
CICIoT2023,binary,trades,aam_noGate,21,transfer_tf,0.2,0.8311052988472344,0.7983108015840503,0.7964493413335643,0.5929824253481272,0.9236373128044062,
CICIoT2023,binary,trades,aam_noGate,21,pgd_constrained,0.1,0.8929574736026349,0.8901659497473713,0.8749535745105537,0.7535347685951266,0.9560473849515225,1.0
CICIoT2023,binary,trades,aam_noGate,21,square,0.1,0.8885,0.8831334217261262,0.867700972160547,0.738946181693321,0.9619684869415065,
CICIoT2023,binary,trades,aam_noGate,21,square_clean_subset,0,0.9055,0.9035644907650089,0.8877663878146365,0.7789932150720357,0.9675322993432209,
CICIoT2023,binary,trades,aam_trans,21,clean,0,0.9078271820207304,0.9071402772087942,0.8921245494981171,0.7875881126679998,0.9662488677227001,
CICIoT2023,binary,trades,aam_trans,21,gaussian,0.05,0.9067616003099874,0.9060448586644818,0.8909151632233698,0.7852317195772291,0.9659555851427011,
CICIoT2023,binary,trades,aam_trans,21,fgsm,0.05,0.8997384481255449,0.8984874027038099,0.8828951760678418,0.7694915436712897,0.9607613341526697,
CICIoT2023,binary,trades,aam_trans,21,pgd,0.05,0.8993509638670929,0.8982142905912878,0.8824829178569653,0.7687356532629183,0.9606449997724067,0.0
CICIoT2023,binary,trades,aam_trans,21,transfer_mlp,0.05,0.9008524653685944,0.899961320497064,0.8842211732949687,0.7721941987131538,0.9621361577677637,
CICIoT2023,binary,trades,aam_trans,21,transfer_tf,0.05,0.9010946430301269,0.9003287928444627,0.8845188249585771,0.7728176094089589,0.9621942168510174,
CICIoT2023,binary,trades,aam_trans,21,gaussian,0.1,0.904485130291582,0.8991273385224634,0.8874211210622027,0.7769426735032531,0.964449445810005,
CICIoT2023,binary,trades,aam_trans,21,fgsm,0.1,0.8909231812457619,0.8879941963676089,0.8726427001991752,0.7490061985570549,0.9549164732122537,
CICIoT2023,binary,trades,aam_trans,21,pgd,0.1,0.8896154218734864,0.8868756657107743,0.871220492353533,0.7463225010052467,0.9543931904046611,0.0
CICIoT2023,binary,trades,aam_trans,21,transfer_mlp,0.1,0.8934902644580064,0.892017308480131,0.8758364049295289,0.7557415211699071,0.9577559288087761,
CICIoT2023,binary,trades,aam_trans,21,transfer_tf,0.1,0.8938293131841519,0.8924038645363922,0.8762263797565402,0.7565144305785109,0.9577413742091129,
CICIoT2023,binary,trades,aam_trans,21,gaussian,0.2,0.8930543446672479,0.873016216031681,0.8710041330071177,0.742078391619144,0.9595784173153079,
CICIoT2023,binary,trades,aam_trans,21,fgsm,0.2,0.8628790080402984,0.8297085552369248,0.8323609783185331,0.664871380153378,0.9383741351449769,
CICIoT2023,binary,trades,aam_trans,21,pgd,0.2,0.8150247021214763,0.7727594906459101,0.7743565172438612,0.5487855799140766,0.9104311302289589,0.0
CICIoT2023,binary,trades,aam_trans,21,transfer_mlp,0.2,0.8126513610384578,0.7667575788611225,0.7699852874647313,0.540281951959362,0.9136651247211981,
CICIoT2023,binary,trades,aam_trans,21,transfer_tf,0.2,0.8330427201394943,0.8000207223815377,0.7985315837031739,0.5971164185398161,0.9235820303609632,
CICIoT2023,binary,trades,aam_trans,21,pgd_constrained,0.1,0.8925699893441829,0.8896960603577768,0.8745009177667005,0.7526272624616913,0.9557226262005554,1.0
CICIoT2023,binary,trades,aam_trans,21,square,0.1,0.8875,0.882436557614628,0.8666397575332978,0.736998819181624,0.9613258918935587,
CICIoT2023,binary,trades,aam_trans,21,square_clean_subset,0,0.903,0.9007492830933366,0.8848515713012128,0.7732397666487631,0.9669291727051279,
CICIoT2023,binary,trades,aam_v3b,21,clean,0,0.9079240530853434,0.9075037211525331,0.8922844866237252,0.7879935087405203,0.9664896444990668,
CICIoT2023,binary,trades,aam_v3b,21,gaussian,0.05,0.9074881332945849,0.9073440529837498,0.8918445118664989,0.7872406355155666,0.9662338294870043,
CICIoT2023,binary,trades,aam_v3b,21,fgsm,0.05,0.8985275598178823,0.8979290932677864,0.8816682951716326,0.7673634224636497,0.9610654046611135,
CICIoT2023,binary,trades,aam_v3b,21,pgd,0.05,0.8984306887532694,0.8978608152396559,0.8815654281164172,0.7671754471843996,0.9609626860576266,0.0
CICIoT2023,binary,trades,aam_v3b,21,transfer_mlp,0.05,0.8997868836578514,0.8995546224225044,0.8831567745395479,0.7703850291576342,0.9624690586735855,
CICIoT2023,binary,trades,aam_v3b,21,transfer_tf,0.05,0.8997384481255449,0.899372900450635,0.8830753820515548,0.7701759273188503,0.9625533137602985,
CICIoT2023,binary,trades,aam_v3b,21,gaussian,0.1,0.9047757434854209,0.8997749214802677,0.8878234462552355,0.7778301451375503,0.9646063600983203,
CICIoT2023,binary,trades,aam_v3b,21,fgsm,0.1,0.8913591010365204,0.8892361395602895,0.8733088238997478,0.7505999969660979,0.9554801424734853,
CICIoT2023,binary,trades,aam_v3b,21,pgd,0.1,0.8906810035842294,0.8885122217670354,0.8725397970689994,0.7490940724935455,0.9550423096180982,0.0
CICIoT2023,binary,trades,aam_v3b,21,transfer_mlp,0.1,0.8940714908456844,0.8930173084801311,0.8765769868381584,0.7573373351816718,0.9584420433337885,
CICIoT2023,binary,trades,aam_v3b,21,transfer_tf,0.1,0.8947495882979754,0.8938396149119214,0.8773670747139086,0.7589219049914929,0.9585186854203651,
CICIoT2023,binary,trades,aam_v3b,21,gaussian,0.2,0.8937324421195388,0.873543356547863,0.8717476408920672,0.7435510589180726,0.9590775922891347,
CICIoT2023,binary,trades,aam_v3b,21,fgsm,0.2,0.8475249442991378,0.8044725522326915,0.8109811510711826,0.6230053851924561,0.9333019026810506,
CICIoT2023,binary,trades,aam_v3b,21,pgd,0.2,0.8054829022570958,0.7583105967499659,0.7613065074340657,0.5228952808353463,0.905968290545769,0.0
CICIoT2023,binary,trades,aam_v3b,21,transfer_mlp,0.2,0.8050954179986438,0.7567584323364741,0.7602903124392644,0.5209788804191022,0.9096383199053211,
CICIoT2023,binary,trades,aam_v3b,21,transfer_tf,0.2,0.8270367141334883,0.7929834084391643,0.791384968164454,0.5828334957238454,0.9210147765032546,
CICIoT2023,binary,trades,aam_v3b,21,pgd_constrained,0.1,0.8931027801995544,0.8908095043015157,0.8752249950148979,0.754245391833993,0.956331028949884,1.0
CICIoT2023,binary,trades,aam_v3b,21,square,0.1,0.8875,0.8835096050075545,0.8668887553832405,0.7378712120083492,0.9616934414603311,
CICIoT2023,binary,trades,aam_v3b,21,square_clean_subset,0,0.9045,0.9028676266535105,0.8866855860209168,0.7770073754000609,0.967147482347137,
CICIoT2023,binary,trades,transformer,22,clean,0,0.8919403274241984,0.8966805953844053,0.8754165789261825,0.7576705880514238,0.9589807683554099,
CICIoT2023,binary,trades,transformer,22,gaussian,0.05,0.8915044076334399,0.8958322067458692,0.8748477686129029,0.7563770417988722,0.9588116493695662,
CICIoT2023,binary,trades,transformer,22,fgsm,0.05,0.8797345732829603,0.8817314966543766,0.8613105443926885,0.7292627000027896,0.9507441508489235,
CICIoT2023,binary,trades,transformer,22,pgd,0.05,0.8796377022183474,0.8815648299877099,0.8611875278555013,0.7289927881076611,0.9506213072966452,0.0
CICIoT2023,binary,trades,transformer,22,transfer_mlp,0.05,0.8837547224643999,0.8870247507851974,0.866039178879298,0.7389585486214936,0.9535223496745414,
CICIoT2023,binary,trades,transformer,22,transfer_tf,0.05,0.8835609803351738,0.8865930288133279,0.8657722945900048,0.7383296303165406,0.9533592277755017,
CICIoT2023,binary,trades,transformer,22,gaussian,0.1,0.8911169233749879,0.8942800423323775,0.8741744449692423,0.7545261721944155,0.9586199986344395,
CICIoT2023,binary,trades,transformer,22,fgsm,0.1,0.8680131744647873,0.867418953980609,0.8477686893989856,0.7020133335244194,0.9418780838909373,
CICIoT2023,binary,trades,transformer,22,pgd,0.1,0.8673835125448028,0.8668275638399563,0.8470860408152383,0.7007202627227004,0.9411612328735947,0.0
CICIoT2023,binary,trades,transformer,22,transfer_mlp,0.1,0.8744066647292453,0.8753689061859894,0.8551900065426107,0.7170122736128829,0.9478661295461787,
CICIoT2023,binary,trades,transformer,22,transfer_tf,0.1,0.8753269398430689,0.8762635190495698,0.8561983997593483,0.7189362478207296,0.9474549421912695,
CICIoT2023,binary,trades,transformer,22,gaussian,0.2,0.8909231812457619,0.8914377987163731,0.8733954327588114,0.7518370471004302,0.9581785811825754,
CICIoT2023,binary,trades,transformer,22,fgsm,0.2,0.8434563595853919,0.8367788133278711,0.8191868367070936,0.6442257003647707,0.9226036688060448,
CICIoT2023,binary,trades,transformer,22,pgd,0.2,0.8386612418870484,0.8307917520142019,0.8135948014469397,0.6329226834063769,0.9178987152351041,0.0
CICIoT2023,binary,trades,transformer,22,transfer_mlp,0.2,0.8590526009880849,0.8576596340297692,0.8377303522680234,0.6823521013407465,0.9366615173653785,
CICIoT2023,binary,trades,transformer,22,transfer_tf,0.2,0.8610384578126513,0.860387580226683,0.8401005880888472,0.6872647680115028,0.9351367722700168,
CICIoT2023,binary,trades,transformer,22,pgd_constrained,0.1,0.8688850140463044,0.8686237880650007,0.84881119995235,0.7041748294834377,0.9425636180527106,1.0
CICIoT2023,binary,trades,transformer,22,square,0.1,0.8625,0.866908797417272,0.8359176306505867,0.6840700250685726,0.9493746569814365,
CICIoT2023,binary,trades,transformer,22,square_clean_subset,0,0.8885,0.8992574656981436,0.8666873510507638,0.7454931785249006,0.9582773204196934,
CICIoT2023,binary,trades,aam_noGate,22,clean,0,0.9070522135038264,0.9036423938276663,0.8907227227487857,0.7839578517283419,0.9652642359688652,
CICIoT2023,binary,trades,aam_noGate,22,gaussian,0.05,0.9065194226484549,0.9030208930766079,0.8901011668376594,0.7827200458317326,0.9650562041968228,
CICIoT2023,binary,trades,aam_noGate,22,fgsm,0.05,0.8972682359779134,0.8929091560835722,0.8794632568445955,0.7617459945140493,0.9596483795347991,
CICIoT2023,binary,trades,aam_noGate,22,pgd,0.05,0.8972198004456069,0.892875017069507,0.8794116941129115,0.7616503949839442,0.9595729778324001,0.0
CICIoT2023,binary,trades,aam_noGate,22,transfer_mlp,0.05,0.8993025283347864,0.8955728526560154,0.881891377647317,0.7666735961520451,0.9610024978378624,
CICIoT2023,binary,trades,aam_noGate,22,transfer_tf,0.05,0.8999321902547709,0.8960166598388639,0.8825632565043331,0.7679190312078168,0.9611266898811962,
CICIoT2023,binary,trades,aam_noGate,22,gaussian,0.1,0.9034679841131454,0.8965410350949065,0.8859424494854923,0.7736267207945936,0.9636452728845192,
CICIoT2023,binary,trades,aam_noGate,22,fgsm,0.1,0.8884529690981304,0.8824651440666393,0.8691772822154789,0.7412120106301615,0.9539282284127635,
CICIoT2023,binary,trades,aam_noGate,22,pgd,0.1,0.8875811295166134,0.8817030588556602,0.868223694349373,0.7393942624761234,0.953492113887751,0.0
CICIoT2023,binary,trades,aam_noGate,22,transfer_mlp,0.1,0.8927637314734089,0.8879140379625836,0.874282272772953,0.7515119483899824,0.9568003152168963,
CICIoT2023,binary,trades,aam_noGate,22,transfer_tf,0.1,0.8933933933933934,0.8885054281032364,0.8749823303478792,0.7528600627952108,0.9569774341117028,
CICIoT2023,binary,trades,aam_noGate,22,gaussian,0.2,0.8894216797442603,0.865191997815103,0.8657134161783853,0.731431732354172,0.9572908530201647,
CICIoT2023,binary,trades,aam_noGate,22,fgsm,0.2,0.8564370822435339,0.8212817151440666,0.8242630014046384,0.6487228646671056,0.9386702854021576,
CICIoT2023,binary,trades,aam_noGate,22,pgd,0.2,0.8056282088540153,0.7597412604123993,0.7621034875581212,0.5243798589701303,0.9087973166734945,0.0
CICIoT2023,binary,trades,aam_noGate,22,transfer_mlp,0.2,0.8026252058510123,0.7518689061859893,0.7562814483697864,0.5132105932305135,0.910572169875734,
CICIoT2023,binary,trades,aam_noGate,22,transfer_tf,0.2,0.8141044270076528,0.7694543561381948,0.7722117034243268,0.5446460501177602,0.9168395352542218,
CICIoT2023,binary,trades,aam_noGate,22,pgd_constrained,0.1,0.8897607284704059,0.8837312576812781,0.8706376276591274,0.7440387522208347,0.9546232418407756,1.0
CICIoT2023,binary,trades,aam_noGate,22,square,0.1,0.883,0.8752865213882164,0.8561550869462586,0.716963251782744,0.9557630347054076,
CICIoT2023,binary,trades,aam_noGate,22,square_clean_subset,0,0.9035,0.898999192897498,0.8807858620680071,0.765465890974207,0.9624225988700563,
CICIoT2023,binary,trades,aam_trans,22,clean,0,0.9073912622299719,0.904570087395876,0.8912217745772453,0.7851145208126619,0.9656302061996449,
CICIoT2023,binary,trades,aam_trans,22,gaussian,0.05,0.9067616003099874,0.9037819199781509,0.8904773686834782,0.7836155313598968,0.9653851563566844,
CICIoT2023,binary,trades,aam_trans,22,fgsm,0.05,0.8983338176886564,0.8948408780554418,0.8808486277898242,0.7647262843489653,0.9605283809003596,
CICIoT2023,binary,trades,aam_trans,22,pgd,0.05,0.8981885110917369,0.8947384610132458,0.8806938938258235,0.7644402019308416,0.9604180663662433,0.0
CICIoT2023,binary,trades,aam_trans,22,transfer_mlp,0.05,0.8999806257870774,0.8971330738768264,0.8828397633164804,0.7688134106085087,0.9618460899449223,
CICIoT2023,binary,trades,aam_trans,22,transfer_tf,0.05,0.9004649811101424,0.8974744640174792,0.8833564667815027,0.7697681055210605,0.9620047680822978,
CICIoT2023,binary,trades,aam_trans,22,gaussian,0.1,0.9029351932577739,0.8964606718557968,0.8854309882832562,0.7727469460507088,0.9636367722700168,
CICIoT2023,binary,trades,aam_trans,22,fgsm,0.1,0.8901482127288579,0.885381810733306,0.8713613818105288,0.7458653043203913,0.9549405582866768,
CICIoT2023,binary,trades,aam_trans,22,pgd,0.1,0.8895185508088734,0.8848396149119213,0.8706744640089252,0.7445615921360681,0.9544836189630843,0.0
CICIoT2023,binary,trades,aam_trans,22,transfer_mlp,0.1,0.8936840065872323,0.8897925372115253,0.8755288376497615,0.754258556816931,0.9577034571441576,
CICIoT2023,binary,trades,aam_trans,22,transfer_tf,0.1,0.8943136685072169,0.8905315103099822,0.8762606644818752,0.7557171678196712,0.9579767854704356,
CICIoT2023,binary,trades,aam_trans,22,gaussian,0.2,0.8897607284704059,0.8666116345759934,0.866395285042826,0.7327914067182382,0.9572265806363512,
CICIoT2023,binary,trades,aam_trans,22,fgsm,0.2,0.8400174367916303,0.7980495357094086,0.8028024660803916,0.6061746133077145,0.9300698256634348,
CICIoT2023,binary,trades,aam_trans,22,pgd,0.2,0.8047079337401918,0.7594369793800355,0.7613757415053386,0.5228677087372217,0.9073341412899996,0.0
CICIoT2023,binary,trades,aam_trans,22,transfer_mlp,0.2,0.8027705124479318,0.7549229823842687,0.7579285838675169,0.5161475585810008,0.9086197084528198,
CICIoT2023,binary,trades,aam_trans,22,transfer_tf,0.2,0.8140559914753464,0.7709452410214392,0.7728781437706962,0.5458639893368447,0.9148735206427239,
CICIoT2023,binary,trades,aam_trans,22,pgd_constrained,0.1,0.8914559721011334,0.8865003413901407,0.8727878870304888,0.7485723652184431,0.9557241567663525,1.0
CICIoT2023,binary,trades,aam_trans,22,square,0.1,0.8855,0.8812752219531881,0.8598949211908932,0.7254522836201047,0.958495560936239,
CICIoT2023,binary,trades,aam_trans,22,square_clean_subset,0,0.902,0.899822437449556,0.8795145172712251,0.763837704133803,0.9643867635189669,
CICIoT2023,binary,trades,aam_v3b,22,clean,0,0.9072459556330524,0.9043692817151441,0.89104631741759,0.7847554184050106,0.9658737084073012,
CICIoT2023,binary,trades,aam_v3b,22,gaussian,0.05,0.9069069069069069,0.903982725658883,0.8906528508041136,0.78397467819194,0.9656243570485685,
CICIoT2023,binary,trades,aam_v3b,22,fgsm,0.05,0.8986728664148019,0.8952274341117028,0.8812408229338315,0.7655042643989582,0.9600982236333016,
CICIoT2023,binary,trades,aam_v3b,22,pgd,0.05,0.8984791242855759,0.8950908780554417,0.8810344440813159,0.7651226835775718,0.9600098661750648,0.0
CICIoT2023,binary,trades,aam_v3b,22,transfer_mlp,0.05,0.9000774968516904,0.8970045746278847,0.8829023800341801,0.7688580951984435,0.9615420820246711,
CICIoT2023,binary,trades,aam_v3b,22,transfer_tf,0.05,0.9002712389809164,0.8970919363648777,0.883098917132856,0.7692039469213456,0.9616816536938413,
CICIoT2023,binary,trades,aam_v3b,22,gaussian,0.1,0.9038070328392909,0.8975179229823842,0.8864600512627479,0.7748076487566163,0.9641142348308981,
CICIoT2023,binary,trades,aam_v3b,22,fgsm,0.1,0.8898575995350189,0.884832616414038,0.8709762988408627,0.745029241463365,0.9540827984887796,
CICIoT2023,binary,trades,aam_v3b,22,pgd,0.1,0.8892279376150344,0.8842412262733852,0.8702780974947804,0.7436860978837289,0.9536086303427557,0.0
CICIoT2023,binary,trades,aam_v3b,22,transfer_mlp,0.1,0.8944105395718299,0.890845759934453,0.8764168915135968,0.7560959713790334,0.9571128009923073,
CICIoT2023,binary,trades,aam_v3b,22,transfer_tf,0.1,0.8948948948948949,0.8913839273521781,0.8769731402304566,0.7571943990517037,0.9572644521826209,
CICIoT2023,binary,trades,aam_v3b,22,gaussian,0.2,0.8921340695534244,0.8703014133551823,0.8694827211578491,0.7389772224855351,0.9581151395147707,
CICIoT2023,binary,trades,aam_v3b,22,fgsm,0.2,0.8494139300590914,0.8112153489007237,0.815072649794401,0.6304934518611995,0.9342816241066958,
CICIoT2023,binary,trades,aam_v3b,22,pgd,0.2,0.8050954179986438,0.7589229823842687,0.7613666444967258,0.5229193941038451,0.9061092448450089,0.0
CICIoT2023,binary,trades,aam_v3b,22,transfer_mlp,0.2,0.8051438535309503,0.7575796804588284,0.760731274276362,0.5217768400322137,0.9100771826209659,
CICIoT2023,binary,trades,aam_v3b,22,transfer_tf,0.2,0.8163324614937518,0.7744683531339616,0.7760079663145526,0.5520826570918423,0.9161686125904684,
CICIoT2023,binary,trades,aam_v3b,22,pgd_constrained,0.1,0.8915044076334399,0.8861409258500614,0.8727504695189116,0.7483644303484209,0.9547837407255679,1.0
CICIoT2023,binary,trades,aam_v3b,22,square,0.1,0.8815,0.8754963680387409,0.8548483854638926,0.7150940082876898,0.9562227602905569,
CICIoT2023,binary,trades,aam_v3b,22,square_clean_subset,0,0.9035,0.901452784503632,0.8812956000953325,0.7673046223329764,0.9628668280871671,
CICIoT2023,binary,trades,transformer,23,clean,0,0.8969776227840744,0.9030843233647412,0.8812820414533983,0.7695961791533815,0.9602176817333515,
CICIoT2023,binary,trades,transformer,23,gaussian,0.05,0.896444831928703,0.9023644339751468,0.8806535438800254,0.7682978642216797,0.9601988825162728,
CICIoT2023,binary,trades,transformer,23,fgsm,0.05,0.8844328199166909,0.8882406117711321,0.8669069739290637,0.7408895414578704,0.952051965269243,
CICIoT2023,binary,trades,transformer,23,pgd,0.05,0.8843359488520779,0.8880739451044655,0.8667846248424198,0.7406201361560835,0.9519555510036871,0.0
CICIoT2023,binary,trades,transformer,23,transfer_mlp,0.05,0.8884529690981304,0.8931895056670763,0.8715523784815875,0.7502597840087991,0.9548662547225636,
CICIoT2023,binary,trades,transformer,23,transfer_tf,0.05,0.8886951467596629,0.893606172333743,0.8718571647807278,0.7509318168408764,0.9549988449633574,
CICIoT2023,binary,trades,transformer,23,gaussian,0.1,0.8963479608640899,0.9013614638809231,0.8803665811751047,0.7673015893566577,0.9600641016887431,
CICIoT2023,binary,trades,transformer,23,fgsm,0.1,0.8715489683231619,0.8715345145432201,0.8518045258938833,0.7100424719541141,0.9431684646547407,
CICIoT2023,binary,trades,transformer,23,pgd,0.1,0.8707739998062579,0.8707423187218353,0.8509469038686639,0.708386750337916,0.9425854670217125,0.0
CICIoT2023,binary,trades,transformer,23,transfer_mlp,0.1,0.8787174271045238,0.8807686057626656,0.8602001443386038,0.7271577630750047,0.9492429104647458,
CICIoT2023,binary,trades,transformer,23,transfer_tf,0.1,0.8809454615906229,0.8831261095179571,0.8626901588502689,0.732000025506401,0.9494009627201966,
CICIoT2023,binary,trades,transformer,23,gaussian,0.2,0.8937808776518454,0.8959117165096272,0.8769228849669044,0.759340066218086,0.9589862305976602,
CICIoT2023,binary,trades,transformer,23,fgsm,0.2,0.8440860215053764,0.8359927625290182,0.8194458897203877,0.644105947209891,0.9240961809822932,
CICIoT2023,binary,trades,transformer,23,pgd,0.2,0.8384674997578223,0.8287366175064864,0.8127996293621123,0.6305890268757867,0.9202432689243935,0.0
CICIoT2023,binary,trades,transformer,23,transfer_mlp,0.2,0.8620556039910878,0.8593826983476718,0.8406826486841081,0.6874184031802262,0.9383355296099049,
CICIoT2023,binary,trades,transformer,23,transfer_tf,0.2,0.8684490942555458,0.8691036460467022,0.8485605716490211,0.704139197527599,0.9394114604670216,
CICIoT2023,binary,trades,transformer,23,pgd_constrained,0.1,0.8730504698246634,0.8736750990031408,0.8536143904969002,0.7138242502036909,0.9441995311575402,1.0
CICIoT2023,binary,trades,transformer,23,square,0.1,0.88,0.8826650605174096,0.8632478632478633,0.7329370225481924,0.9534121111302319,
CICIoT2023,binary,trades,transformer,23,square_clean_subset,0,0.9055,0.9133802749574562,0.8923505987214783,0.7915110577434267,0.9620583089542821,
CICIoT2023,binary,trades,aam_noGate,23,clean,0,0.9109270560883465,0.9112929468796942,0.8958245454371724,0.7951410775623388,0.968585791342346,
CICIoT2023,binary,trades,aam_noGate,23,gaussian,0.05,0.909813038845297,0.9100650006827802,0.8945443824114176,0.7926181534624726,0.9682770039601256,
CICIoT2023,binary,trades,aam_noGate,23,fgsm,0.05,0.9021117892085634,0.9017836269288544,0.8857504740907673,0.7753676089176234,0.9629647400883062,
CICIoT2023,binary,trades,aam_noGate,23,pgd,0.05,0.9019180470793374,0.9016470708725932,0.885543932727078,0.7749895296501337,0.9628822147116392,0.0
CICIoT2023,binary,trades,aam_noGate,23,transfer_mlp,0.05,0.9038070328392909,0.9040607674450362,0.88777225651004,0.7795030339897849,0.9642576357594794,
CICIoT2023,binary,trades,aam_noGate,23,transfer_tf,0.05,0.9039039039039038,0.9041782397924348,0.8878852753856592,0.77972965844478,0.9643111259046839,
CICIoT2023,binary,trades,aam_noGate,23,gaussian,0.1,0.9072943911653589,0.9021896763621466,0.890664162429328,0.7833439840638445,0.9666637250216215,
CICIoT2023,binary,trades,aam_noGate,23,fgsm,0.1,0.8936355710549259,0.8919229482452546,0.8759476490759952,0.7558645033098718,0.9571180413309663,
CICIoT2023,binary,trades,aam_noGate,23,pgd,0.1,0.8931512157318608,0.8913847808275297,0.8753933781670193,0.7547711328740667,0.9567200316354864,0.0
CICIoT2023,binary,trades,aam_noGate,23,transfer_mlp,0.1,0.8966385740579289,0.8958105626109518,0.8795014116790404,0.7630821952896796,0.9597965087168282,
CICIoT2023,binary,trades,aam_noGate,23,transfer_tf,0.1,0.8973166715102199,0.8967804520005462,0.8803225064107318,0.7647841791524453,0.9598333560926761,
CICIoT2023,binary,trades,aam_noGate,23,gaussian,0.2,0.8941199263779909,0.872045473166735,0.8717162010622107,0.7434342974615158,0.9606564647912967,
CICIoT2023,binary,trades,aam_noGate,23,fgsm,0.2,0.8601666182311344,0.8238612249078247,0.8281364023531492,0.6566751925065383,0.9399810016386727,
CICIoT2023,binary,trades,aam_noGate,23,pgd,0.2,0.8085343407924053,0.7638557626655742,0.7659448619181697,0.5320212063890617,0.9087892996950249,0.0
CICIoT2023,binary,trades,aam_noGate,23,transfer_mlp,0.2,0.8070812748232103,0.7609622081114298,0.7636178725545923,0.5274531610781835,0.9127696697619373,
CICIoT2023,binary,trades,aam_noGate,23,transfer_tf,0.2,0.8176402208660273,0.7767183531339615,0.7779029692010669,0.5558448243726983,0.9186807831489827,
CICIoT2023,binary,trades,aam_noGate,23,pgd_constrained,0.1,0.8953792502179599,0.8933979243479448,0.8778455739032942,0.7594378642636033,0.9580931198506988,1.0
CICIoT2023,binary,trades,aam_noGate,23,square,0.1,0.893,0.8924071205950401,0.8768637307297492,0.7577608035957492,0.9604641102124324,
CICIoT2023,binary,trades,aam_noGate,23,square_clean_subset,0,0.91,0.9117573949788715,0.8962540806728269,0.7962707202882577,0.9675674965104494,
CICIoT2023,binary,trades,aam_trans,23,clean,0,0.910394265232975,0.910868223405708,0.8952420664675513,0.7940515123218574,0.9673241954572352,
CICIoT2023,binary,trades,aam_trans,23,gaussian,0.05,0.9098614743776035,0.9100499453775774,0.8945873853667625,0.7926783964603108,0.9670462811234012,
CICIoT2023,binary,trades,aam_trans,23,fgsm,0.05,0.9014821272885789,0.9008970708725932,0.8849909570180323,0.7737998986091523,0.9616586553780327,
CICIoT2023,binary,trades,aam_trans,23,pgd,0.05,0.9010946430301269,0.9006239587600711,0.8845781316130754,0.7730439534122869,0.9615718626246075,0.0
CICIoT2023,binary,trades,aam_trans,23,transfer_mlp,0.05,0.902838322193161,0.9026400723747099,0.8865935893751216,0.7770491264205038,0.9629536221493922,
CICIoT2023,binary,trades,aam_trans,23,transfer_tf,0.05,0.9035164196454519,0.9034623788065,0.8873850598381068,0.778636083453131,0.962998605990259,
CICIoT2023,binary,trades,aam_trans,23,gaussian,0.1,0.9067616003099874,0.9023060904001092,0.8901871852514724,0.7825990332578789,0.965608362920479,
CICIoT2023,binary,trades,aam_trans,23,fgsm,0.1,0.8940230553133779,0.8921960603577769,0.8763573500724912,0.756613964035284,0.9559069313578223,
CICIoT2023,binary,trades,aam_trans,23,pgd,0.1,0.8933449578610869,0.8915705312030588,0.8756087082264761,0.7551848300890258,0.9554507032636897,0.0
CICIoT2023,binary,trades,aam_trans,23,transfer_mlp,0.1,0.8968323161871549,0.8962422845828213,0.8797682191803833,0.763691085697732,0.9586407096363057,
CICIoT2023,binary,trades,aam_trans,23,transfer_tf,0.1,0.8974619781071393,0.8970796463198143,0.8805172702540862,0.7652211836323399,0.9586027925713505,
CICIoT2023,binary,trades,aam_trans,23,gaussian,0.2,0.8929574736026349,0.8719640516181892,0.8706493074407763,0.7413287469324371,0.9595222813965132,
CICIoT2023,binary,trades,aam_trans,23,fgsm,0.2,0.8453453453453453,0.8078557285265602,0.8106950847364534,0.621580977633076,0.9325981951841231,
CICIoT2023,binary,trades,aam_trans,23,pgd,0.2,0.8068390971616778,0.7626117028540216,0.7642647565420226,0.5286121496476368,0.9076132447994902,0.0
CICIoT2023,binary,trades,aam_trans,23,transfer_mlp,0.2,0.8094546159062288,0.7656358732759798,0.7673866135323455,0.5348643032732521,0.9125849207974874,
CICIoT2023,binary,trades,aam_trans,23,transfer_tf,0.2,0.8214181923859343,0.7840054622422504,0.7836841567687012,0.5673710301447604,0.9186229345896492,
CICIoT2023,binary,trades,aam_trans,23,pgd_constrained,0.1,0.8955729923471859,0.893534480404206,0.8780508775844149,0.7598142987990992,0.9568809288087761,1.0
CICIoT2023,binary,trades,aam_trans,23,square,0.1,0.893,0.8933727222317827,0.8770680147058822,0.7585512443890461,0.9589440046654811,
CICIoT2023,binary,trades,aam_trans,23,square_clean_subset,0,0.9095,0.911401269622746,0.8957214391247975,0.7952946311274167,0.9659338610680892,
CICIoT2023,binary,trades,aam_v3b,23,clean,0,0.911459846943718,0.9107337839683189,0.8962276406897915,0.7955380523296487,0.9686811074696162,
CICIoT2023,binary,trades,aam_v3b,23,gaussian,0.05,0.9112661048144919,0.9104988392735218,0.8960005676934892,0.7950829949367595,0.9683633984250536,
CICIoT2023,binary,trades,aam_v3b,23,fgsm,0.05,0.9021117892085634,0.9003569916700805,0.885465192012702,0.7742906543233223,0.9632504893258683,
CICIoT2023,binary,trades,aam_v3b,23,pgd,0.05,0.9016758694178049,0.8998529632664208,0.8849601115958322,0.7732866728583129,0.9631360837998998,0.0
CICIoT2023,binary,trades,aam_v3b,23,transfer_mlp,0.05,0.9041460815654364,0.9030698825617915,0.8878938419903013,0.7792436587706814,0.9645861782511721,
CICIoT2023,binary,trades,aam_v3b,23,transfer_tf,0.05,0.9045820013561949,0.9035247166461833,0.8883892263218055,0.7802110725405444,0.9646017228822431,
CICIoT2023,binary,trades,aam_v3b,23,gaussian,0.1,0.9069069069069069,0.9004899289908508,0.8899612559560488,0.7816183283973827,0.9667299547089081,
CICIoT2023,binary,trades,aam_v3b,23,fgsm,0.1,0.8937808776518454,0.8905495357094086,0.8757819108593822,0.7549816386864505,0.9574903614183623,
CICIoT2023,binary,trades,aam_v3b,23,pgd,0.1,0.8932480867964739,0.8900756179161546,0.8751964943213422,0.7538673391647411,0.9570622866311621,0.0
CICIoT2023,binary,trades,aam_v3b,23,transfer_mlp,0.1,0.8976072847040589,0.8955094565068961,0.8803237421907903,0.7641971040246266,0.9603589148345396,
CICIoT2023,binary,trades,aam_v3b,23,transfer_tf,0.1,0.8980916400271239,0.8959492352860849,0.8808590853230962,0.7652188005085593,0.9602747052665118,
CICIoT2023,binary,trades,aam_v3b,23,gaussian,0.2,0.8893732442119539,0.8615174791752014,0.8646628768933178,0.7295084859926304,0.9579368883426647,
CICIoT2023,binary,trades,aam_v3b,23,fgsm,0.2,0.8505763828344474,0.809230609040011,0.8151825655011129,0.6312127475148533,0.9370910942691976,
CICIoT2023,binary,trades,aam_v3b,23,pgd,0.2,0.8042720139494333,0.7576047043561382,0.7602001097301581,0.5206122182756482,0.9076852553598251,0.0
CICIoT2023,binary,trades,aam_v3b,23,transfer_mlp,0.2,0.8025283347863993,0.7540635668441895,0.757345379022309,0.5150398636606639,0.9114049342254995,
CICIoT2023,binary,trades,aam_v3b,23,transfer_tf,0.2,0.8151215731860894,0.7735656834630615,0.7747905279056259,0.5496234031426799,0.917632146433611,
CICIoT2023,binary,trades,aam_v3b,23,pgd_constrained,0.1,0.8958636055410248,0.8922634849105557,0.8780436447636051,0.7592417868759437,0.9585130126541945,1.0
CICIoT2023,binary,trades,aam_v3b,23,square,0.1,0.892,0.8907292682460468,0.8756091408853174,0.7550610174450347,0.960205979081818,
CICIoT2023,binary,trades,aam_v3b,23,square_clean_subset,0,0.9115,0.9113773685921337,0.8975940680930019,0.7981767692978531,0.9674372358936117,
CICIoT2023,binary,trades,transformer,24,clean,0,0.8984791242855759,0.906110405571487,0.8832437531518833,0.7741318873671519,0.9614227320314989,
CICIoT2023,binary,trades,transformer,24,gaussian,0.05,0.8982369466240434,0.9056445445855523,0.8829322368524265,0.7734195276684345,0.9613533501752469,
CICIoT2023,binary,trades,transformer,24,fgsm,0.05,0.8860311924828054,0.8911873890482043,0.8689646406160503,0.7455165620721421,0.9535416268378168,
CICIoT2023,binary,trades,transformer,24,pgd,0.05,0.8858858858858859,0.8910357776867404,0.8688028478637483,0.7452035430858713,0.9534376906094952,0.0
CICIoT2023,binary,trades,transformer,24,transfer_mlp,0.05,0.8910684878426814,0.8975419227092722,0.8748065468188062,0.7573825354844066,0.9563760184805863,
CICIoT2023,binary,trades,transformer,24,transfer_tf,0.05,0.8909716167780684,0.8973752560426055,0.8746851563426923,0.757113778406723,0.9559183167190131,
CICIoT2023,binary,trades,transformer,24,gaussian,0.1,0.8981400755594304,0.9051335176840092,0.882745122021352,0.7728481273640297,0.9610430265373936,
CICIoT2023,binary,trades,transformer,24,fgsm,0.1,0.8729535987600504,0.8754270107879285,0.853952184461777,0.71538834772195,0.9449800343666075,
CICIoT2023,binary,trades,transformer,24,pgd,0.1,0.8720333236462269,0.8745323979243479,0.8529473986106059,0.7134767404228172,0.9443660498884794,0.0
CICIoT2023,binary,trades,transformer,24,transfer_mlp,0.1,0.8825922696890439,0.8875828553871363,0.8651352364225394,0.7381006512548514,0.9510262813509947,
CICIoT2023,binary,trades,transformer,24,transfer_tf,0.1,0.8822047854305919,0.887211354636078,0.8647117970141527,0.7372987644116299,0.9502173403432108,
CICIoT2023,binary,trades,transformer,24,gaussian,0.2,0.8977041557686719,0.9025633278710912,0.881844863590774,0.7700651928672376,0.960352394282853,
CICIoT2023,binary,trades,transformer,24,fgsm,0.2,0.8449578610868933,0.8404444216851017,0.8214672876767527,0.6496148920534444,0.9259905776321179,
CICIoT2023,binary,trades,transformer,24,pgd,0.2,0.8401627433885498,0.8344573603714325,0.8158934874818715,0.6383374699278852,0.9217301538531567,0.0
CICIoT2023,binary,trades,transformer,24,transfer_mlp,0.2,0.8647679938002518,0.8660663321043288,0.8446855827563791,0.6970360014542593,0.9401766807774592,
CICIoT2023,binary,trades,transformer,24,transfer_tf,0.2,0.8661726242371404,0.8702047999453776,0.8469011296033007,0.7027297970857531,0.9398478594838181,
CICIoT2023,binary,trades,transformer,24,pgd_constrained,0.1,0.8744551002615518,0.8772724293322409,0.8556840511048114,0.7188816576251948,0.9457463869543448,1.0
CICIoT2023,binary,trades,transformer,24,square,0.1,0.8605,0.8638897866839044,0.8360015412328275,0.6829308948866746,0.9431422208306399,
CICIoT2023,binary,trades,transformer,24,square_clean_subset,0,0.887,0.8947559793148028,0.8666066987046683,0.7432538023077113,0.9530441984486102,
CICIoT2023,binary,trades,aam_noGate,24,clean,0,0.9105395718298944,0.9134303564113069,0.8958444112381461,0.796152155542235,0.9675610803859984,
CICIoT2023,binary,trades,aam_noGate,24,gaussian,0.05,0.909813038845297,0.9127214939232555,0.8950296490843742,0.7945859213965715,0.9672998145113569,
CICIoT2023,binary,trades,aam_noGate,24,fgsm,0.05,0.9016758694178049,0.9034933428922574,0.8856841912186355,0.7760939045404404,0.9620325287905684,
CICIoT2023,binary,trades,aam_noGate,24,pgd,0.05,0.9011915140947399,0.9031027584323364,0.8851597397605877,0.7751210946297549,0.9619261686922482,0.0
CICIoT2023,binary,trades,aam_noGate,24,transfer_mlp,0.05,0.9032742419839194,0.9058989826573809,0.8876323514416956,0.7801923490121692,0.9633730028676771,
CICIoT2023,binary,trades,aam_noGate,24,transfer_tf,0.05,0.902838322193161,0.9051489826573809,0.8870832429209548,0.7790001970403185,0.9632813851335973,
CICIoT2023,binary,trades,aam_noGate,24,gaussian,0.1,0.9069069069069069,0.9059996927488734,0.8910427823344647,0.7854114424064107,0.9657270756520552,
CICIoT2023,binary,trades,aam_noGate,24,fgsm,0.1,0.8947980238302818,0.8950544175884201,0.8776670977665593,0.7599709887803027,0.9562481052847195,
CICIoT2023,binary,trades,aam_noGate,24,pgd,0.1,0.8940230553133779,0.8943606104055715,0.8768178264077077,0.7583650508479307,0.955658791934089,0.0
CICIoT2023,binary,trades,aam_noGate,24,transfer_mlp,0.1,0.8974619781071393,0.8989982247712686,0.8809101540777898,0.7667648847875485,0.9589108516546042,
CICIoT2023,binary,trades,aam_noGate,24,transfer_tf,0.1,0.8969291872517678,0.8980323637853338,0.8802259949107177,0.7652621822369697,0.9587890436524193,
CICIoT2023,binary,trades,aam_noGate,24,gaussian,0.2,0.8953308146856533,0.8793434043424826,0.8746207609427874,0.7496154508505273,0.9602729072784378,
CICIoT2023,binary,trades,aam_noGate,24,fgsm,0.2,0.8575995350188899,0.826036597023078,0.8268714365303083,0.6537578036216453,0.9360193682006464,
CICIoT2023,binary,trades,aam_noGate,24,pgd,0.2,0.8120701346507798,0.7733826983476717,0.7726833970260198,0.5453804060069419,0.9090995835040283,0.0
CICIoT2023,binary,trades,aam_noGate,24,transfer_mlp,0.2,0.8101811488908263,0.7688536460467021,0.7693694545115545,0.5387465845697562,0.9125596180982294,
CICIoT2023,binary,trades,aam_noGate,24,transfer_tf,0.2,0.8292647486195873,0.8000143725249215,0.7957903240078372,0.5920022651016257,0.9215388672675132,
CICIoT2023,binary,trades,aam_noGate,24,pgd_constrained,0.1,0.8962026542671704,0.8964871978697255,0.8792444233863628,0.7630284993402054,0.956957331922254,1.0
CICIoT2023,binary,trades,aam_noGate,24,square,0.1,0.882,0.8832619586296057,0.8595238095238096,0.726531240764349,0.9548331952973498,
CICIoT2023,binary,trades,aam_noGate,24,square_clean_subset,0,0.908,0.9137847446670977,0.890055259182776,0.786880457218801,0.9625282805429866,
CICIoT2023,binary,trades,aam_trans,24,clean,0,0.9097161677806839,0.9106362488051345,0.8945581339842729,0.7928923648391755,0.9671974316081752,
CICIoT2023,binary,trades,aam_trans,24,gaussian,0.05,0.9095224256514579,0.9105488870681415,0.8943590426163672,0.7925470641148222,0.9669719491101096,
CICIoT2023,binary,trades,aam_trans,24,fgsm,0.05,0.9008040298362879,0.9010586508261641,0.8843968605077113,0.7729738303936168,0.9618506702626427,
CICIoT2023,binary,trades,aam_trans,24,pgd,0.05,0.9004649811101424,0.9008196777277072,0.8840362411260045,0.7723160848301548,0.9617555418999498,0.0
CICIoT2023,binary,trades,aam_trans,24,transfer_mlp,0.05,0.9022086602731764,0.9030325686194183,0.8860870739993305,0.776466936329487,0.9632530838909372,
CICIoT2023,binary,trades,aam_trans,24,transfer_tf,0.05,0.9021117892085634,0.9027675133142155,0.8859451716506256,0.7761258057838367,0.9631387523328326,
CICIoT2023,binary,trades,aam_trans,24,gaussian,0.1,0.9059381962607769,0.9029555851427011,0.8895440660820428,0.7817987828343381,0.9652661477536528,
CICIoT2023,binary,trades,aam_trans,24,fgsm,0.1,0.8935871355226194,0.8922331694660659,0.875970452323241,0.7560470373481869,0.9562633369748281,
CICIoT2023,binary,trades,aam_trans,24,pgd,0.1,0.8929574736026349,0.8916909736446812,0.875284284687067,0.7547540087206509,0.9558382948700442,0.0
CICIoT2023,binary,trades,aam_trans,24,transfer_mlp,0.1,0.8965901385256224,0.8968586986207838,0.8796748821469006,0.7638534217029819,0.9591091310482953,
CICIoT2023,binary,trades,aam_trans,24,transfer_tf,0.1,0.8962995253317834,0.8963586986207839,0.8793061155168933,0.7630561390586953,0.9589749192043333,
CICIoT2023,binary,trades,aam_trans,24,gaussian,0.2,0.8939746197810714,0.8765673221357366,0.872719349111413,0.7456902378346562,0.9596313612362876,
CICIoT2023,binary,trades,aam_trans,24,fgsm,0.2,0.8457812651361039,0.8094912262733852,0.8116575348206936,0.6234247975226369,0.9316571191223997,
CICIoT2023,binary,trades,aam_trans,24,pgd,0.2,0.8053860311924828,0.7619318926669398,0.7630139942012387,0.5260633675698275,0.9069483135327051,0.0
CICIoT2023,binary,trades,aam_trans,24,transfer_mlp,0.2,0.8026252058510123,0.7572310869862078,0.7589888075604759,0.5180743175433908,0.9097543754836361,
CICIoT2023,binary,trades,aam_trans,24,transfer_tf,0.2,0.8219025477089993,0.7885283695206882,0.7859338380433218,0.5720379491423069,0.9184244446720378,
CICIoT2023,binary,trades,aam_trans,24,pgd_constrained,0.1,0.8952823791533469,0.8940675611088351,0.87789955596747,0.7598332326181885,0.95707478151031,1.0
CICIoT2023,binary,trades,aam_trans,24,square,0.1,0.8835,0.8842921784098254,0.8611107385540793,0.72934211105065,0.955696761877828,
CICIoT2023,binary,trades,aam_trans,24,square_clean_subset,0,0.9065,0.9093002585649644,0.8877723134297231,0.7812187537686843,0.962819923642534,
CICIoT2023,binary,trades,aam_v3b,24,clean,0,0.9106364428945074,0.9126131366926122,0.8957890236714378,0.7956800195878928,0.967481593381583,
CICIoT2023,binary,trades,aam_v3b,24,gaussian,0.05,0.9096677322483774,0.9117335791342346,0.8947131968970616,0.7936349521509162,0.9672507453684738,
CICIoT2023,binary,trades,aam_v3b,24,fgsm,0.05,0.9008040298362879,0.9020917315307935,0.8846024370078656,0.7737864377380872,0.9617496017115026,
CICIoT2023,binary,trades,aam_v3b,24,pgd,0.05,0.9007555943039814,0.9020575925167281,0.8845509651468428,0.773692924495034,0.9616579213892305,0.0
CICIoT2023,binary,trades,aam_v3b,24,transfer_mlp,0.05,0.9027898866608544,0.9048196777277072,0.8869746335250622,0.7786728870708882,0.9631474236424054,
CICIoT2023,binary,trades,aam_v3b,24,transfer_tf,0.05,0.9022570958054829,0.9039522053803086,0.886312028265335,0.777255017519184,0.9630696322090219,
CICIoT2023,binary,trades,aam_v3b,24,gaussian,0.1,0.9065194226484549,0.9049394715280623,0.8904753734220252,0.7840753933582992,0.965653409349538,
CICIoT2023,binary,trades,aam_v3b,24,fgsm,0.1,0.8935871355226194,0.8934138331284993,0.8762224902771744,0.7570050447768528,0.9560157267058128,
CICIoT2023,binary,trades,aam_v3b,24,pgd,0.1,0.8931996512641673,0.893091526696709,0.8758032130483463,0.7562220494162125,0.9555544858664482,0.0
CICIoT2023,binary,trades,aam_v3b,24,transfer_mlp,0.1,0.8970744938486874,0.8981347808275297,0.8803797606113073,0.7655409321182685,0.9588948404570077,
CICIoT2023,binary,trades,aam_v3b,24,transfer_tf,0.1,0.8967354451225419,0.8975022531749284,0.879940244176419,0.764570422695994,0.9587626428148754,
CICIoT2023,binary,trades,aam_v3b,24,gaussian,0.2,0.8952339436210404,0.878438822886795,0.8743146847547691,0.7489160128063332,0.9603709317674907,
CICIoT2023,binary,trades,aam_v3b,24,fgsm,0.2,0.8513513513513513,0.8158277345350267,0.8183044107986903,0.6367480034056587,0.9356960831171195,
CICIoT2023,binary,trades,aam_v3b,24,pgd,0.2,0.8034970454325293,0.7595673904137648,0.7606779139571657,0.521393644127291,0.9068068755974328,0.0
CICIoT2023,binary,trades,aam_v3b,24,transfer_mlp,0.2,0.8039329652232878,0.7606617506486413,0.7614822314368095,0.5229849134899636,0.9110685738995858,
CICIoT2023,binary,trades,aam_v3b,24,transfer_tf,0.2,0.8200135619490458,0.7876396968455551,0.7842483255177328,0.568787388067372,0.9187040318175612,
CICIoT2023,binary,trades,aam_v3b,24,pgd_constrained,0.1,0.8949917659595079,0.8947974190905367,0.8777892232990623,0.7600229830071725,0.9567563726159588,1.0
CICIoT2023,binary,trades,aam_v3b,24,square,0.1,0.883,0.8833730607627666,0.8604478074799975,0.7278853545331209,0.9550958003393666,
CICIoT2023,binary,trades,aam_v3b,24,square_clean_subset,0,0.908,0.9137847446670977,0.890055259182776,0.786880457218801,0.9627934106334841,
CICIoT2023,binary,trades,transformer,25,clean,0,0.8972198004456069,0.906059094633347,0.8820790349636907,0.7725476906796823,0.9620747132322819,
CICIoT2023,binary,trades,transformer,25,gaussian,0.05,0.8969291872517678,0.9053131230370066,0.881670129908186,0.7715204488730611,0.9619813999271702,
CICIoT2023,binary,trades,transformer,25,fgsm,0.05,0.8839484645936259,0.8914412126177795,0.8671687827799062,0.7433392377713988,0.9535673107560654,
CICIoT2023,binary,trades,transformer,25,pgd,0.05,0.8838031579967064,0.8913387955755838,0.8670181850192511,0.7430758344164725,0.9534617130957259,0.0
CICIoT2023,binary,trades,transformer,25,transfer_mlp,0.05,0.8883076625012108,0.8964814966543766,0.872107835066348,0.7531440186429308,0.9567361623196322,
CICIoT2023,binary,trades,transformer,25,transfer_tf,0.05,0.8883560980335173,0.8964664413491739,0.8721481508327404,0.7531856244184623,0.9564673460330466,
CICIoT2023,binary,trades,transformer,25,gaussian,0.1,0.8973166715102199,0.9052910692339206,0.8820206183966401,0.7719721604952909,0.9618920808867041,
CICIoT2023,binary,trades,transformer,25,fgsm,0.1,0.8690303206432238,0.8733504711183941,0.8500936513509458,0.708985272058536,0.9440290352314624,
CICIoT2023,binary,trades,transformer,25,pgd,0.1,0.8680616099970939,0.87212655332514,0.848972971594556,0.7067048104498747,0.9433473473986072,0.0
CICIoT2023,binary,trades,transformer,25,transfer_mlp,0.1,0.8808485905260098,0.8886167895671173,0.8638240998039625,0.7371152782242817,0.9509365185033456,
CICIoT2023,binary,trades,transformer,25,transfer_tf,0.1,0.8806548483967839,0.8881850675952478,0.8635599240201538,0.7364761906578987,0.9502379546178706,
CICIoT2023,binary,trades,transformer,25,gaussian,0.2,0.8962026542671704,0.9016034070736036,0.880281945461294,0.7673282597429206,0.9612624550502982,
CICIoT2023,binary,trades,transformer,25,fgsm,0.2,0.8403564855177759,0.8356761914515909,0.8164133483412991,0.6398279981766453,0.9228442919568483,
CICIoT2023,binary,trades,transformer,25,pgd,0.2,0.8347863993025283,0.8283066024853203,0.8098162678149462,0.6262901780689707,0.918219331785698,0.0
CICIoT2023,binary,trades,transformer,25,transfer_mlp,0.2,0.8597791339726824,0.8623040420592654,0.8395490926234388,0.6878595727286234,0.9390391802084755,
CICIoT2023,binary,trades,transformer,25,transfer_tf,0.2,0.8619102973941684,0.8648884337020346,0.8419877247217354,0.6927662210813569,0.9375955721698757,
CICIoT2023,binary,trades,transformer,25,pgd_constrained,0.1,0.8711130485324033,0.8759007237470982,0.8524833300529031,0.7138060771818384,0.9451166131822113,1.0
CICIoT2023,binary,trades,transformer,25,square,0.1,0.875,0.8813402531357332,0.8594101298937928,0.7273451279448669,0.9540076661796241,
CICIoT2023,binary,trades,transformer,25,square_clean_subset,0,0.9085,0.9194268392189605,0.8968162746107986,0.8016463037615282,0.963418423499497,
CICIoT2023,binary,trades,aam_noGate,25,clean,0,0.9121379443960089,0.9141633893213164,0.8974918798132994,0.7989927371193599,0.9686114069825663,
CICIoT2023,binary,trades,aam_noGate,25,gaussian,0.05,0.9110239271529594,0.9131814147207429,0.8962585765244802,0.7966589756792753,0.9684088146934318,
CICIoT2023,binary,trades,aam_noGate,25,fgsm,0.05,0.9020633536762569,0.9036188720469753,0.8860674451317891,0.7767252711616026,0.9629067492830806,
CICIoT2023,binary,trades,aam_noGate,25,pgd,0.05,0.9018211760147244,0.9034481769766489,0.8858098138319066,0.7762573357650534,0.9628109893486276,0.0
CICIoT2023,binary,trades,aam_noGate,25,transfer_mlp,0.05,0.9036132907100649,0.9056952068824252,0.8879083776840373,0.780496748921477,0.9642388024033867,
CICIoT2023,binary,trades,aam_noGate,25,transfer_tf,0.05,0.9040492105008234,0.9061992352860849,0.8884106189330114,0.781494447778743,0.9642022736583368,
CICIoT2023,binary,trades,aam_noGate,25,gaussian,0.1,0.9073428266976654,0.9049786972552233,0.8912554145593956,0.7853277794686275,0.9666893804906913,
CICIoT2023,binary,trades,aam_noGate,25,fgsm,0.1,0.8940230553133779,0.8941638331284992,0.8767763218229143,0.7582034500440196,0.9572652942783012,
CICIoT2023,binary,trades,aam_noGate,25,pgd,0.1,0.8934902644580064,0.8936899153352451,0.8761933273451812,0.7571023181190588,0.9567886908826072,0.0
CICIoT2023,binary,trades,aam_noGate,25,transfer_mlp,0.1,0.8965417029933159,0.8972181141608631,0.8797048553079274,0.7640785867803402,0.9600104010196185,
CICIoT2023,binary,trades,aam_noGate,25,transfer_tf,0.1,0.8970744938486874,0.8976920319541172,0.8802890253541201,0.765182183974923,0.9598615833674724,
CICIoT2023,binary,trades,aam_noGate,25,gaussian,0.2,0.8949917659595079,0.8771366584733034,0.8737781909672837,0.7477478579888608,0.9609222427056308,
CICIoT2023,binary,trades,aam_noGate,25,fgsm,0.2,0.8511091736898189,0.8130497405434931,0.817070051900545,0.6345151256021451,0.9348478993126679,
CICIoT2023,binary,trades,aam_noGate,25,pgd,0.2,0.8026252058510123,0.7575262529018162,0.7591341877156705,0.518349035977745,0.9060624061177114,0.0
CICIoT2023,binary,trades,aam_noGate,25,transfer_mlp,0.2,0.8013658820110433,0.7553595862351494,0.757279898429892,0.5146767735122723,0.9095635156356685,
CICIoT2023,binary,trades,aam_noGate,25,transfer_tf,0.2,0.8122638767800058,0.7718958418680868,0.7721366081876141,0.5442748557333714,0.9139154831808458,
CICIoT2023,binary,trades,aam_noGate,25,pgd_constrained,0.1,0.8954276857502664,0.8953998361327324,0.8783119944163643,0.761100330983669,0.9579455596522372,1.0
CICIoT2023,binary,trades,aam_noGate,25,square,0.1,0.903,0.9065636919106624,0.8894586894586894,0.7837478276143226,0.9625289379305111,
CICIoT2023,binary,trades,aam_noGate,25,square_clean_subset,0,0.918,0.9215355130078369,0.9060994155261182,0.8159608975944075,0.9696068710981233,
CICIoT2023,binary,trades,aam_trans,25,clean,0,0.9119926377990895,0.9132246688515635,0.8971859219888758,0.7980982420190048,0.9680171320952251,
CICIoT2023,binary,trades,aam_trans,25,gaussian,0.05,0.9106848784268139,0.9119585552369247,0.8957163140174418,0.7952683682121827,0.9677727593427102,
CICIoT2023,binary,trades,aam_trans,25,fgsm,0.05,0.9030320643223869,0.9038097091356001,0.8870030258250651,0.7782192279952471,0.9625698711821203,
CICIoT2023,binary,trades,aam_trans,25,pgd,0.05,0.9028867577254674,0.9037072920934044,0.8868481292229116,0.7779367427093465,0.9624342823979243,0.0
CICIoT2023,binary,trades,aam_trans,25,transfer_mlp,0.05,0.904485130291582,0.905375017069507,0.8886583972408094,0.7814642710559261,0.9638996881970048,
CICIoT2023,binary,trades,aam_trans,25,transfer_tf,0.05,0.9043398236946624,0.9052234057080432,0.8884937604583119,0.7811434230329263,0.9638644567344894,
CICIoT2023,binary,trades,aam_trans,25,gaussian,0.1,0.9074396977622784,0.9041122832172607,0.8911782820077798,0.784870475085178,0.966148908689517,
CICIoT2023,binary,trades,aam_trans,25,fgsm,0.1,0.8955729923471859,0.8948135327051755,0.8783212961573905,0.7608263604272809,0.9574392268651282,
CICIoT2023,binary,trades,aam_trans,25,pgd,0.1,0.8946527172333624,0.8938697255223269,0.877285480905668,0.7588141577164895,0.9569192783012427,0.0
CICIoT2023,binary,trades,aam_trans,25,transfer_mlp,0.1,0.8989150440763344,0.8995796463198142,0.8823601919698589,0.7692014745520526,0.9602218979015885,
CICIoT2023,binary,trades,aam_trans,25,transfer_tf,0.1,0.8993025283347864,0.8996559811552642,0.8827317030230748,0.7697939311942472,0.9601717875187764,
CICIoT2023,binary,trades,aam_trans,25,gaussian,0.2,0.8899060350673254,0.8644019186125904,0.8659293025018602,0.7319009340912299,0.9592084585097183,
CICIoT2023,binary,trades,aam_trans,25,fgsm,0.2,0.8445219412961349,0.8017656015294279,0.8076435709788647,0.6161470927724445,0.9307077529700941,
CICIoT2023,binary,trades,aam_trans,25,pgd,0.2,0.8044173205463528,0.7571167895671174,0.7600479960720062,0.5203681050181168,0.9063692134371159,0.0
CICIoT2023,binary,trades,aam_trans,25,transfer_mlp,0.2,0.8020924149956408,0.752920012290045,0.7564965874704885,0.5134121677313772,0.9109094804042059,
CICIoT2023,binary,trades,aam_trans,25,transfer_tf,0.2,0.8097452291000679,0.7643156834630616,0.7669412920896803,0.5340906609967372,0.9155786050798853,
CICIoT2023,binary,trades,aam_trans,25,pgd_constrained,0.1,0.8971713649133004,0.8965304520005462,0.8801378498496182,0.764386139224317,0.9581344508170603,1.0
CICIoT2023,binary,trades,aam_trans,25,square,0.1,0.8995,0.9017082866847568,0.8853325825755158,0.7751710657316468,0.9627376705440331,
CICIoT2023,binary,trades,aam_trans,25,square_clean_subset,0,0.919,0.9222518453860604,0.9071687500214887,0.8179237857257371,0.9695013188106036,
CICIoT2023,binary,trades,aam_v3b,25,clean,0,0.9118957667344764,0.9134515567390413,0.8971345460641099,0.7981209409561604,0.9688619759661341,
CICIoT2023,binary,trades,aam_v3b,25,gaussian,0.05,0.9107817494914269,0.9124695821384678,0.8959007201504157,0.7957837692898361,0.9686929309481542,
CICIoT2023,binary,trades,aam_v3b,25,fgsm,0.05,0.9021117892085634,0.9032102621876281,0.8860322442405486,0.7764710897476088,0.9631625586053074,
CICIoT2023,binary,trades,aam_v3b,25,pgd,0.05,0.9019664826116439,0.9031078451454322,0.8858775700095671,0.7761895915674191,0.9630763632846283,0.0
CICIoT2023,binary,trades,aam_v3b,25,transfer_mlp,0.05,0.9039039039039038,0.9056540693704767,0.8881708147620977,0.7808667346689752,0.9644440404661114,
CICIoT2023,binary,trades,aam_v3b,25,transfer_tf,0.05,0.9040492105008234,0.9057072920934044,0.8883162916915652,0.7811101486705023,0.9644684157221538,
CICIoT2023,binary,trades,aam_v3b,25,gaussian,0.1,0.9079240530853434,0.9051423938276663,0.8918333524428071,0.7863171102807635,0.9669010423778962,
CICIoT2023,binary,trades,aam_v3b,25,fgsm,0.1,0.8939746197810714,0.8934409736446811,0.8765793365471777,0.7575485052462985,0.9574035971141154,
CICIoT2023,binary,trades,aam_v3b,25,pgd,0.1,0.8936840065872323,0.8932361395602895,0.8762724587320748,0.7569900548809115,0.957004341344622,0.0
CICIoT2023,binary,trades,aam_v3b,25,transfer_mlp,0.1,0.8970744938486874,0.8975936433155811,0.8802688145129531,0.7651027971687131,0.960188470116983,
CICIoT2023,binary,trades,aam_v3b,25,transfer_tf,0.1,0.8975588491717524,0.8983285880103782,0.8808624225357493,0.7663519595314237,0.9602037074969275,
CICIoT2023,binary,trades,aam_v3b,25,gaussian,0.2,0.8874842584520004,0.8610715553734809,0.862870543846675,0.7258006859477774,0.9556885213255041,
CICIoT2023,binary,trades,aam_v3b,25,fgsm,0.2,0.8533372081759178,0.8187032636897447,0.8209034046296215,0.6419149460565456,0.9343973553643771,
CICIoT2023,binary,trades,aam_v3b,25,pgd,0.2,0.8073234524847428,0.764281339614912,0.7653732376636455,0.530781991028745,0.9065078519732349,0.0
CICIoT2023,binary,trades,aam_v3b,25,transfer_mlp,0.2,0.8037392230940618,0.7567864263280077,0.7594616469044221,0.5191498834171901,0.9099917497382675,
CICIoT2023,binary,trades,aam_v3b,25,transfer_tf,0.2,0.8137653782815073,0.7724622081114297,0.7733871261747487,0.5467984974112586,0.9153874721198052,
CICIoT2023,binary,trades,aam_v3b,25,pgd_constrained,0.1,0.8956698634117989,0.8951769766489144,0.878485782819179,0.7612496464172722,0.9581179161545814,1.0
CICIoT2023,binary,trades,aam_v3b,25,square,0.1,0.9015,0.9031409514412039,0.8874334278721119,0.7789994189930555,0.9628906620618987,
CICIoT2023,binary,trades,aam_v3b,25,square_clean_subset,0,0.9205,0.9233263439533956,0.9087756399976936,0.8208809439271448,0.9701275166511699,
CICIoT2023,binary,trades,transformer,26,clean,0,0.8957182989441054,0.899687798716373,0.8794571286404417,0.7650566122331033,0.9616250512085212,
CICIoT2023,binary,trades,transformer,26,gaussian,0.05,0.8957182989441054,0.8995402157585688,0.8794273637409438,0.7649302352243373,0.9615809322226774,
CICIoT2023,binary,trades,transformer,26,fgsm,0.05,0.8822047854305919,0.8845548613956029,0.8641204344940089,0.7348276959649315,0.9532801447494196,
CICIoT2023,binary,trades,transformer,26,pgd,0.05,0.8819626077690594,0.8842857776867404,0.8638466268545235,0.734289043700722,0.953158985388502,0.0
CICIoT2023,binary,trades,transformer,26,transfer_mlp,0.05,0.8873873873873874,0.8906182575447221,0.8700509827489264,0.7466382999901857,0.956287302562702,
CICIoT2023,binary,trades,transformer,26,transfer_tf,0.05,0.8875326939843069,0.8906714802676499,0.8701921502283144,0.7468650448579693,0.9561714347489646,
CICIoT2023,binary,trades,transformer,26,gaussian,0.1,0.8950402014918144,0.8983243547726342,0.8785632559981449,0.7630193502660972,0.9615549069142884,
CICIoT2023,binary,trades,transformer,26,fgsm,0.1,0.8674319480771093,0.8669600914925577,0.8471605452805744,0.7009036276229731,0.9440960216668942,
CICIoT2023,binary,trades,transformer,26,pgd,0.1,0.8668507216894313,0.8661568687696299,0.8464654557329183,0.6994623216898257,0.9433667724976103,0.0
CICIoT2023,binary,trades,transformer,26,transfer_mlp,0.1,0.8770706190061028,0.8784272156220129,0.8582211648340043,0.7230223276512202,0.9505283524511813,
CICIoT2023,binary,trades,transformer,26,transfer_tf,0.1,0.8780393296522329,0.8801430766079475,0.8594641807487339,0.7257712198478488,0.9504112328735946,
CICIoT2023,binary,trades,transformer,26,gaussian,0.2,0.8933449578610869,0.8943746074013383,0.8762063689764221,0.7574777940513985,0.9599071418817424,
CICIoT2023,binary,trades,transformer,26,fgsm,0.2,0.8386128063547419,0.8312003618735491,0.8136839480245699,0.6332987777095982,0.9230286084937867,
CICIoT2023,binary,trades,transformer,26,pgd,0.2,0.8328489780102684,0.8236450225317493,0.8068477956499561,0.6193322998342774,0.9182344098502435,0.0
CICIoT2023,binary,trades,transformer,26,transfer_mlp,0.2,0.8575510994865834,0.8555682438891165,0.8359286907894763,0.6786068967338286,0.9383745391233101,
CICIoT2023,binary,trades,transformer,26,transfer_tf,0.2,0.8654460912525429,0.8681184965178206,0.845771845994788,0.6998342301902813,0.9397800195730348,
CICIoT2023,binary,trades,transformer,26,pgd_constrained,0.1,0.8689818851109173,0.8687904547316674,0.8489351977237801,0.7044464207774904,0.9446133415266967,1.0
CICIoT2023,binary,trades,transformer,26,square,0.1,0.8705,0.8704190894613337,0.8527143354729562,0.7111817745188636,0.9539426188661024,
CICIoT2023,binary,trades,transformer,26,square_clean_subset,0,0.896,0.8990864641846624,0.881386726034131,0.7679880989341661,0.9624583283281735,
CICIoT2023,binary,trades,aam_noGate,26,clean,0,0.9102489586360554,0.91056902908644,0.8950495797039821,0.7936222013611537,0.9677063020619965,
CICIoT2023,binary,trades,aam_noGate,26,gaussian,0.05,0.9102005231037489,0.9104365014338386,0.8949793572565079,0.7934554910419492,0.9674390277208793,
CICIoT2023,binary,trades,aam_noGate,26,fgsm,0.05,0.9002712389809164,0.8999944012016933,0.8836917600670264,0.771402802029605,0.9618198825617916,
CICIoT2023,binary,trades,aam_noGate,26,pgd,0.05,0.9001259323839969,0.8998919841594974,0.8835371969734416,0.7711203426628935,0.9617350869406891,0.0
CICIoT2023,binary,trades,aam_noGate,26,transfer_mlp,0.05,0.9027414511285479,0.9029653489007237,0.8865677956942615,0.7771609308963771,0.9632942953707497,
CICIoT2023,binary,trades,aam_noGate,26,transfer_tf,0.05,0.9027898866608544,0.902999487914789,0.886619448513996,0.7772553405782472,0.9633873412535846,
CICIoT2023,binary,trades,aam_noGate,26,gaussian,0.1,0.9052116632761794,0.9011644476307524,0.8885097011327789,0.7794516220519139,0.9655467476899268,
CICIoT2023,binary,trades,aam_noGate,26,fgsm,0.1,0.8913106655042139,0.8894479721425645,0.8733117207336051,0.7507058883103739,0.9558451738813784,
CICIoT2023,binary,trades,aam_noGate,26,pgd,0.1,0.8907778746488424,0.8888756657107743,0.8727069492984139,0.7495205240124803,0.9553715462697437,0.0
CICIoT2023,binary,trades,aam_noGate,26,transfer_mlp,0.1,0.8952339436210404,0.8946237539259867,0.8779728854484001,0.7602115656099848,0.9589105785424916,
CICIoT2023,binary,trades,aam_noGate,26,transfer_tf,0.1,0.8962026542671704,0.8956017001229004,0.8790601201619449,0.7623174117268239,0.9591200213937822,
CICIoT2023,binary,trades,aam_noGate,26,gaussian,0.2,0.8899544705996318,0.8658134985661614,0.866353832196616,0.7327129133268145,0.9580827302107513,
CICIoT2023,binary,trades,aam_noGate,26,fgsm,0.2,0.8547418386128064,0.8194965178205653,0.822286958226842,0.644747720784816,0.9358553928262552,
CICIoT2023,binary,trades,aam_noGate,26,pgd,0.2,0.8011721398818173,0.7549770585825482,0.7569695686961954,0.5140654705506214,0.9029765237379943,0.0
CICIoT2023,binary,trades,aam_noGate,26,transfer_mlp,0.2,0.8062094352416933,0.7606428717738631,0.7629110102919623,0.5259803726855842,0.9090127224725749,
CICIoT2023,binary,trades,aam_noGate,26,transfer_tf,0.2,0.8173980432044948,0.7782694592380173,0.7784337367670702,0.5568682091270957,0.9167920023669716,
CICIoT2023,binary,trades,aam_noGate,26,pgd_constrained,0.1,0.8925215538118764,0.8905474190905367,0.8746430275299237,0.7532393373694678,0.9566542059265329,1.0
CICIoT2023,binary,trades,aam_noGate,26,square,0.1,0.8985,0.9003989062784328,0.8839110758841273,0.7723404452954455,0.963342011586598,
CICIoT2023,binary,trades,aam_noGate,26,square_clean_subset,0,0.916,0.9181278759846289,0.903412638456258,0.8102349163424357,0.9691353105795797,
CICIoT2023,binary,trades,aam_trans,26,clean,0,0.9096192967160709,0.9120438003550457,0.8947238744367484,0.7937987635971044,0.9677788759160636,
CICIoT2023,binary,trades,aam_trans,26,gaussian,0.05,0.9096677322483774,0.9122255223269151,0.8948026099750046,0.7940046448281665,0.9675500022759342,
CICIoT2023,binary,trades,aam_trans,26,fgsm,0.05,0.899641577060932,0.9018135327051755,0.8834757836496161,0.771983795572111,0.9619138672675134,
CICIoT2023,binary,trades,aam_trans,26,pgd,0.05,0.8993509638670929,0.9016086986207839,0.8831677139503546,0.7714267676758653,0.9618334129910329,0.0
CICIoT2023,binary,trades,aam_trans,26,transfer_mlp,0.05,0.9019180470793374,0.9044511470708726,0.8860950816423405,0.7771888201817201,0.9633527015339797,
CICIoT2023,binary,trades,aam_trans,26,transfer_tf,0.05,0.9018696115470309,0.9044170080568072,0.8860436101290123,0.7770956969905166,0.9634146695343438,
CICIoT2023,binary,trades,aam_trans,26,gaussian,0.1,0.9055022764700184,0.9041241635941555,0.8893652675419976,0.7819906214416983,0.9656998270289954,
CICIoT2023,binary,trades,aam_trans,26,fgsm,0.1,0.8911653589072944,0.8915592994674313,0.8736395046644696,0.7522562681615881,0.956301629568938,
CICIoT2023,binary,trades,aam_trans,26,pgd,0.1,0.8903419548580839,0.8906345759934453,0.8726994995842942,0.750400179418027,0.9558182837179663,0.0
CICIoT2023,binary,trades,aam_trans,26,transfer_mlp,0.1,0.8949433304272014,0.8964850812508535,0.8780972700082113,0.7613437334044083,0.9592500568983567,
CICIoT2023,binary,trades,aam_trans,26,transfer_tf,0.1,0.8954761212825729,0.8973525535982521,0.8787610626211735,0.7627684559262442,0.9593746529200238,
CICIoT2023,binary,trades,aam_trans,26,gaussian,0.2,0.8907294391165359,0.8673436091765669,0.8674520549236322,0.734904319660409,0.9579363591879466,
CICIoT2023,binary,trades,aam_trans,26,fgsm,0.2,0.8508185604959798,0.8130908780554418,0.8168633006192729,0.6340562806610448,0.9348056409030907,
CICIoT2023,binary,trades,aam_trans,26,pgd,0.2,0.7976363460234428,0.7500743889116481,0.7523346053519047,0.5048374652856946,0.897008699758751,0.0
CICIoT2023,binary,trades,aam_trans,26,transfer_mlp,0.2,0.8057250799186283,0.7615805339341799,0.7630598400104469,0.5261861758559551,0.9055409099185215,
CICIoT2023,binary,trades,aam_trans,26,transfer_tf,0.2,0.8193354644967549,0.7809140721015977,0.7809140721015977,0.5618281442031954,0.9168727297555648,
CICIoT2023,binary,trades,aam_trans,26,pgd_constrained,0.1,0.8921825050857309,0.8926205789976785,0.8747837132171336,0.7544820623369257,0.9570284321088807,1.0
CICIoT2023,binary,trades,aam_trans,26,square,0.1,0.896,0.8986119155707845,0.8812915479582146,0.767588938389726,0.9628555695237506,
CICIoT2023,binary,trades,aam_trans,26,square_clean_subset,0,0.9135,0.9153917880492246,0.9005792551432277,0.8046433400903273,0.9685679930637405,
CICIoT2023,binary,trades,aam_v3b,26,clean,0,0.9095708611837644,0.9090580021848969,0.8941286286524395,0.791537725656782,0.9678381924530018,
CICIoT2023,binary,trades,aam_v3b,26,gaussian,0.05,0.9092318124576189,0.9085238631708317,0.8937086549880648,0.790654273345861,0.9676197084528199,
CICIoT2023,binary,trades,aam_v3b,26,fgsm,0.05,0.9004649811101424,0.8994422367882016,0.8837587226821582,0.7712493199800965,0.9621606582001911,
CICIoT2023,binary,trades,aam_v3b,26,pgd,0.05,0.9001743679163035,0.8991882083845419,0.8834393232985203,0.7706443527969856,0.9620735411261323,0.0
CICIoT2023,binary,trades,aam_v3b,26,transfer_mlp,0.05,0.9022086602731764,0.9016551276799125,0.8858146500435286,0.775406811666893,0.9634471528062268,
CICIoT2023,binary,trades,aam_v3b,26,transfer_tf,0.05,0.9021602247408699,0.901424211388775,0.8857237950034013,0.7751626124005082,0.9635632311438846,
CICIoT2023,binary,trades,aam_v3b,26,gaussian,0.1,0.9048726145500339,0.9005811142974192,0.8880763449074645,0.7785331436991235,0.9656442544039329,
CICIoT2023,binary,trades,aam_v3b,26,fgsm,0.1,0.8918918918918919,0.8889229482452548,0.8737196119057092,0.7510781887481878,0.9566403113478082,
CICIoT2023,binary,trades,aam_v3b,26,pgd,0.1,0.8910684878426814,0.8882441963676089,0.8728287044809078,0.7494054520833933,0.9561267240202102,0.0
CICIoT2023,binary,trades,aam_v3b,26,transfer_mlp,0.1,0.8957182989441054,0.8941288406390824,0.8783091788451354,0.7604828890320119,0.9593091401520324,
CICIoT2023,binary,trades,aam_v3b,26,transfer_tf,0.1,0.8965417029933159,0.8951519527516045,0.8792752060477833,0.7624288663914888,0.9594775535982522,
CICIoT2023,binary,trades,aam_v3b,26,gaussian,0.2,0.8909231812457619,0.8672833879557558,0.8676087826724734,0.7352194561690576,0.9578420956802767,
CICIoT2023,binary,trades,aam_v3b,26,fgsm,0.2,0.8501888985759953,0.811613990167964,0.8158163672561427,0.6320459235925239,0.9328403773499021,
CICIoT2023,binary,trades,aam_v3b,26,pgd,0.2,0.8111982950692628,0.7703084801310938,0.7707074110485955,0.5414193701164804,0.9081848115526424,0.0
CICIoT2023,binary,trades,aam_v3b,26,transfer_mlp,0.2,0.8110529884723433,0.7683366789567116,0.7696962830719873,0.5394464314867119,0.9118910111975966,
CICIoT2023,binary,trades,aam_v3b,26,transfer_tf,0.2,0.8225322096289838,0.7864632664208657,0.785505368293059,0.571034458955701,0.9190303609631754,
CICIoT2023,binary,trades,aam_v3b,26,pgd_constrained,0.1,0.8931512157318608,0.8903025058036323,0.8751584548907039,0.7539109282116053,0.9573591651873093,1.0
CICIoT2023,binary,trades,aam_v3b,26,square,0.1,0.8995,0.9001646053337361,0.8847733086828471,0.7734972356607345,0.9635977207394393,
CICIoT2023,binary,trades,aam_v3b,26,square_clean_subset,0,0.9135,0.9149172394353466,0.9004966825996593,0.804303999211713,0.9691698015815908,
CICIoT2023,binary,trades,transformer,27,clean,0,0.8987213019471084,0.9045592994674314,0.8831678638007933,0.7730790051488959,0.9623781123401156,
CICIoT2023,binary,trades,transformer,27,gaussian,0.05,0.8980432044948174,0.903638604397105,0.8823664403815968,0.7714226036552487,0.9622375278801949,
CICIoT2023,binary,trades,transformer,27,fgsm,0.05,0.8877264361135329,0.8913983681551276,0.870521446220603,0.7477552278355638,0.9549184475852337,
CICIoT2023,binary,trades,transformer,27,pgd,0.05,0.8875326939843069,0.8911634234603305,0.8702980147214151,0.7473063728119342,0.9548302608220675,0.0
CICIoT2023,binary,trades,transformer,27,transfer_mlp,0.05,0.8917465852949724,0.8960520961354637,0.8751118497698709,0.7568729471319552,0.957431113159452,
CICIoT2023,binary,trades,transformer,27,transfer_tf,0.05,0.8909231812457619,0.8950781783422095,0.874167049530366,0.7549865561403455,0.9570235616095406,
CICIoT2023,binary,trades,transformer,27,gaussian,0.1,0.8980432044948174,0.9021627748190633,0.8820766071615103,0.7701613151959398,0.9620296895625654,
CICIoT2023,binary,trades,transformer,27,fgsm,0.1,0.8746972779230844,0.8748850198006282,0.8553244905603332,0.7169018790605347,0.9466268719559379,
CICIoT2023,binary,trades,transformer,27,pgd,0.1,0.8738738738738738,0.873911102007374,0.8543797414045283,0.7150153936363507,0.94609313123037,0.0
CICIoT2023,binary,trades,transformer,27,transfer_mlp,0.1,0.8814782524459944,0.8832556670763347,0.8631874410889931,0.7327615912685602,0.9521217738631709,
CICIoT2023,binary,trades,transformer,27,transfer_tf,0.1,0.8812360747844619,0.882740611771132,0.8628573943802385,0.7319982002013854,0.9511191394692521,
CICIoT2023,binary,trades,transformer,27,gaussian,0.2,0.8956698634117989,0.8963084459920798,0.8787217834523193,0.7621652170128335,0.9610350835267878,
CICIoT2023,binary,trades,transformer,27,fgsm,0.2,0.8483967838806549,0.8406053529974054,0.8242555350440206,0.6535151365858433,0.9282090787018071,
CICIoT2023,binary,trades,transformer,27,pgd,0.2,0.8447156834253609,0.8359938208384542,0.8199432754642586,0.6448020713124183,0.9247419375028448,0.0
CICIoT2023,binary,trades,transformer,27,transfer_mlp,0.2,0.8640414608156544,0.8607823979243479,0.8427112131685687,0.6910576568721023,0.9414729846602029,
CICIoT2023,binary,trades,transformer,27,transfer_tf,0.2,0.8645742516710259,0.8631748941690565,0.8437831968936056,0.6939737278214188,0.9408975658882972,
CICIoT2023,binary,trades,transformer,27,pgd_constrained,0.1,0.8752300687784559,0.8754081319131504,0.8559101583252551,0.7180230610087616,0.9470834357503755,1.0
CICIoT2023,binary,trades,transformer,27,square,0.1,0.862,0.8646960390359516,0.8381315216575332,0.686400642332474,0.9492404584991947,
CICIoT2023,binary,trades,transformer,27,square_clean_subset,0,0.8815,0.8894581841051772,0.8610667785167032,0.7327481205558033,0.9581081573037374,
CICIoT2023,binary,trades,aam_noGate,27,clean,0,0.9120895088637024,0.911521951386044,0.896970109308495,0.7970341226100099,0.9691203627839229,
CICIoT2023,binary,trades,aam_noGate,27,gaussian,0.05,0.9116535890729439,0.9105751741089718,0.8963825251796851,0.7957194788686381,0.9687856069916702,
CICIoT2023,binary,trades,aam_noGate,27,fgsm,0.05,0.9026930155962414,0.9011602143930083,0.8861649308927217,0.7757270142530108,0.9635679081888116,
CICIoT2023,binary,trades,aam_noGate,27,pgd,0.05,0.9024508379347089,0.9009403250034138,0.8858963968589422,0.7752141767066819,0.9634722279120579,0.0
CICIoT2023,binary,trades,aam_noGate,27,transfer_mlp,0.05,0.9044366947592754,0.9032747166461832,0.8882047828030561,0.7798158457488473,0.9649704868223407,
CICIoT2023,binary,trades,aam_noGate,27,transfer_tf,0.05,0.9045335658238884,0.90344138331285,0.8883277510700487,0.780079330800007,0.9649247291638218,
CICIoT2023,binary,trades,aam_noGate,27,gaussian,0.1,0.9088927637314734,0.9045953161272702,0.8926400454781208,0.7874291039191514,0.9675882607310302,
CICIoT2023,binary,trades,aam_noGate,27,fgsm,0.1,0.8936355710549259,0.8902011470708726,0.8755744060321525,0.7545069293098139,0.9578761436569712,
CICIoT2023,binary,trades,aam_noGate,27,pgd,0.1,0.8927637314734089,0.8893898675406254,0.8746086265622335,0.7526550114570844,0.9574770472028767,0.0
CICIoT2023,binary,trades,aam_noGate,27,transfer_mlp,0.1,0.8978494623655914,0.8955325686194182,0.8805502232032911,0.7645570064460123,0.9609876587464153,
CICIoT2023,binary,trades,aam_noGate,27,transfer_tf,0.1,0.897510413639446,0.8948508466475488,0.8800968597687424,0.7635553255946409,0.9606579384587373,
CICIoT2023,binary,trades,aam_noGate,27,gaussian,0.2,0.8941683619102974,0.8742933565478629,0.8723293338979786,0.7447251596905408,0.9609794483135327,
CICIoT2023,binary,trades,aam_noGate,27,fgsm,0.2,0.8485420904775743,0.8071080499795167,0.8128037213065022,0.6263912027498965,0.9335123583230918,
CICIoT2023,binary,trades,aam_noGate,27,pgd,0.2,0.8091155671800833,0.7644130137921616,0.7665846070293336,0.5333109029280039,0.9096499385497747,0.0
CICIoT2023,binary,trades,aam_noGate,27,transfer_mlp,0.2,0.8095030514385353,0.7643417656698075,0.7667986881715088,0.5337792771936903,0.9142656015294278,
CICIoT2023,binary,trades,aam_noGate,27,transfer_tf,0.2,0.8206916594013368,0.7824111020073741,0.7824944624677688,0.5649891099249181,0.9196312758887524,
CICIoT2023,binary,trades,aam_noGate,27,pgd_constrained,0.1,0.8947980238302818,0.8912664550047795,0.876859751419609,0.7569671301291002,0.9586728856570622,1.0
CICIoT2023,binary,trades,aam_noGate,27,square,0.1,0.882,0.8801781071781412,0.8593897275854714,0.724747882745048,0.9590973626630213,
CICIoT2023,binary,trades,aam_noGate,27,square_clean_subset,0,0.9045,0.9053093212519725,0.8855955515237803,0.7761355435865802,0.9652786408217937,
CICIoT2023,binary,trades,aam_trans,27,clean,0,0.9124769931221545,0.9106143998361327,0.8971729123226786,0.7969996036775824,0.9688022497610269,
CICIoT2023,binary,trades,aam_trans,27,gaussian,0.05,0.9110239271529594,0.9083603714324731,0.8953737755650018,0.7932457861554795,0.9684883301470253,
CICIoT2023,binary,trades,aam_trans,27,fgsm,0.05,0.9033711130485323,0.9008018571623652,0.8867226982432674,0.7764499393387234,0.9634600744230508,
CICIoT2023,binary,trades,aam_trans,27,pgd,0.05,0.9030804998546934,0.9005478287587054,0.886401791915518,0.7758388844694063,0.9632941986435432,0.0
CICIoT2023,binary,trades,aam_trans,27,transfer_mlp,0.05,0.9047757434854209,0.9026773863170832,0.8884033297051663,0.7798741628967863,0.9647227684464472,
CICIoT2023,binary,trades,aam_trans,27,transfer_tf,0.05,0.9049210500823404,0.9027306090400109,0.8885493804428346,0.780126579389824,0.964761220355956,
CICIoT2023,binary,trades,aam_trans,27,gaussian,0.1,0.9089896347960864,0.9036797077700396,0.8925532410814827,0.7869771435561275,0.9671698302153033,
CICIoT2023,binary,trades,aam_trans,27,fgsm,0.1,0.8935386999903129,0.8884110678683599,0.8750927915457962,0.752996323015707,0.9581057114570533,
CICIoT2023,binary,trades,aam_trans,27,pgd,0.1,0.8925699893441829,0.8873839273521781,0.8739892478712927,0.7508312756441524,0.9575493536346672,0.0
CICIoT2023,binary,trades,aam_trans,27,transfer_mlp,0.1,0.8974135425748329,0.8932575447221084,0.8796705261458062,0.7622155776534125,0.9608105796804588,
CICIoT2023,binary,trades,aam_trans,27,transfer_tf,0.1,0.8973651070425264,0.8929282397924347,0.8795558660356406,0.7619007766281983,0.9607634052528563,
CICIoT2023,binary,trades,aam_trans,27,gaussian,0.2,0.8923762472149569,0.8702261368291684,0.8696802181546339,0.7393656805445838,0.9601364536392188,
CICIoT2023,binary,trades,aam_trans,27,fgsm,0.2,0.8429235687300204,0.8014753174928309,0.8063444293022543,0.6132761745134507,0.9326580693249578,
CICIoT2023,binary,trades,aam_trans,27,pgd,0.2,0.8062094352416933,0.7599049569848423,0.76254961287746,0.5253162599046086,0.9085600619054122,0.0
CICIoT2023,binary,trades,aam_trans,27,transfer_mlp,0.2,0.8037876586263683,0.7553447357640312,0.7587688663933508,0.5179151271849989,0.9108292138923029,
CICIoT2023,binary,trades,aam_trans,27,transfer_tf,0.2,0.8144919112661048,0.7727775160453366,0.7740122201054807,0.5480676730936617,0.9172672800309527,
CICIoT2023,binary,trades,aam_trans,27,pgd_constrained,0.1,0.8948948948948949,0.8898589034548683,0.8766408414479803,0.7560370009380442,0.9587484182256817,1.0
CICIoT2023,binary,trades,aam_trans,27,square,0.1,0.88,0.8765351199285965,0.8567319849425317,0.7189618709264255,0.9589253815282218,
CICIoT2023,binary,trades,aam_trans,27,square_clean_subset,0,0.909,0.9089767875681491,0.8906118523861041,0.7854745710009875,0.9651995546065208,
CICIoT2023,binary,trades,aam_v3b,27,clean,0,0.9111207982175724,0.9099044790386454,0.8957530918628314,0.794450223045684,0.9686939835677546,
CICIoT2023,binary,trades,aam_v3b,27,gaussian,0.05,0.9107817494914269,0.9098130888979926,0.8954146833097046,0.7938764293508396,0.96835043697938,
CICIoT2023,binary,trades,aam_v3b,27,fgsm,0.05,0.9034679841131454,0.9018048272565888,0.887012939458907,0.7773258486334941,0.9629940882607311,
CICIoT2023,binary,trades,aam_v3b,27,pgd,0.05,0.9033711130485323,0.9016873549091902,0.8868995555547012,0.7770985883171956,0.9629107663070691,0.0
CICIoT2023,binary,trades,aam_v3b,27,transfer_mlp,0.05,0.9053085343407924,0.9043319677727708,0.8892247087582235,0.7818602614967656,0.9644785663890026,
CICIoT2023,binary,trades,aam_v3b,27,transfer_tf,0.05,0.9051632277438729,0.9039835791342345,0.889021160418851,0.7813930218816056,0.9644392780736492,
CICIoT2023,binary,trades,aam_v3b,27,gaussian,0.1,0.9086505860699409,0.9047689812918203,0.8924453210247725,0.787170924248881,0.9672827393144886,
CICIoT2023,binary,trades,aam_v3b,27,fgsm,0.1,0.8953308146856533,0.8918387614365697,0.8774674782085088,0.7581605370176957,0.957473690199827,
CICIoT2023,binary,trades,aam_v3b,27,pgd,0.1,0.8946527172333624,0.8911640379625836,0.876705672705415,0.7566830491805016,0.9570778938504255,0.0
CICIoT2023,binary,trades,aam_v3b,27,transfer_mlp,0.1,0.8982853821563499,0.8956430424689334,0.880972643963017,0.7652605910462215,0.9607472233601895,
CICIoT2023,binary,trades,aam_v3b,27,transfer_tf,0.1,0.8987697374794149,0.8961320155673904,0.8815189464511088,0.7663222984816068,0.9604918862943238,
CICIoT2023,binary,trades,aam_v3b,27,gaussian,0.2,0.8919403274241984,0.8685414447630753,0.8688498072919372,0.7377013039116241,0.9597588590741498,
CICIoT2023,binary,trades,aam_v3b,27,fgsm,0.2,0.8398236946624044,0.7953056807319404,0.801507476104136,0.6040090787238666,0.9309615936091766,
CICIoT2023,binary,trades,aam_v3b,27,pgd,0.2,0.8088733895185508,0.7620285743547726,0.7652747710034196,0.5308739621996162,0.9082396331193955,0.0
CICIoT2023,binary,trades,aam_v3b,27,transfer_mlp,0.2,0.8067422260970648,0.7593457940734671,0.7626087617469235,0.5255509795040584,0.9119472609131049,
CICIoT2023,binary,trades,aam_v3b,27,transfer_tf,0.2,0.8201588685459653,0.7797234398470572,0.7809485792073864,0.5619380579806439,0.9200227365833674,
CICIoT2023,binary,trades,aam_v3b,27,pgd_constrained,0.1,0.8958636055410248,0.8922142905912878,0.8780330650415582,0.759204345304013,0.95819491101097,1.0
CICIoT2023,binary,trades,aam_v3b,27,square,0.1,0.887,0.8841901634322915,0.8648284936750501,0.7347800770201994,0.959843032692735,
CICIoT2023,binary,trades,aam_v3b,27,square_clean_subset,0,0.9035,0.9029216707527878,0.8841714250905699,0.7728594501214036,0.9660644816275188,
CICIoT2023,binary,trades,transformer,28,clean,0,0.8934418289256999,0.9034454458555237,0.878130697279627,0.7656631003305121,0.959179047749101,
CICIoT2023,binary,trades,transformer,28,gaussian,0.05,0.8937324421195388,0.9032075310665028,0.8783482264669568,0.7657780620459307,0.9591188663571395,
CICIoT2023,binary,trades,transformer,28,fgsm,0.05,0.8816719945752204,0.8904270107879284,0.8649392302185064,0.739809445237982,0.9505292742045609,
CICIoT2023,binary,trades,transformer,28,pgd,0.05,0.8815751235106074,0.8903095384405298,0.864828660615738,0.7395868501055797,0.9504346010287223,0.0
CICIoT2023,binary,trades,transformer,28,transfer_mlp,0.05,0.8873389518550809,0.8970285743547726,0.8713524359655871,0.7525680200795539,0.9544191588146935,
CICIoT2023,binary,trades,transformer,28,transfer_tf,0.05,0.8870967741935484,0.8963659360917657,0.8710003625142553,0.7516534831271512,0.9540755951568118,
CICIoT2023,binary,trades,transformer,28,gaussian,0.1,0.8933449578610869,0.9024916700805681,0.877856445569362,0.7646558071707964,0.9588473075697573,
CICIoT2023,binary,trades,transformer,28,fgsm,0.1,0.8672382059478834,0.8729728253448041,0.8484761519147637,0.7066934993044618,0.9410403750739679,
CICIoT2023,binary,trades,transformer,28,pgd,0.1,0.8663663663663663,0.8719647685374846,0.8474929677663376,0.7047411380077307,0.940466190996404,0.0
CICIoT2023,binary,trades,transformer,28,transfer_mlp,0.1,0.8804611062675579,0.8901146729482452,0.863805426897289,0.7381833086845256,0.9494211274978379,
CICIoT2023,binary,trades,transformer,28,transfer_tf,0.1,0.8803157996706383,0.8886840092858118,0.863369980238484,0.736595349632577,0.9485528130547591,
CICIoT2023,binary,trades,transformer,28,gaussian,0.2,0.891601278698053,0.8988521439300833,0.8755534542925377,0.7592218648465138,0.9576361463880922,
CICIoT2023,binary,trades,transformer,28,fgsm,0.2,0.8376440957086119,0.8341579612180801,0.813830808955633,0.6354711842115819,0.9206433042013746,
CICIoT2023,binary,trades,transformer,28,pgd,0.2,0.8335270754625593,0.8287472347398608,0.8089807753132069,0.6255174730861405,0.9167806511447949,0.0
CICIoT2023,binary,trades,transformer,28,transfer_mlp,0.2,0.8650586069940909,0.8714365697118667,0.8462568554845411,0.7028402031745972,0.9400649494742592,
CICIoT2023,binary,trades,transformer,28,transfer_tf,0.2,0.8676741257386419,0.8746575174108971,0.8492484368733928,0.7088931266301114,0.9386478276207383,
CICIoT2023,binary,trades,transformer,28,pgd_constrained,0.1,0.8687397074493849,0.8747198552505804,0.8501723567954639,0.7100677439417253,0.9421459385952933,1.0
CICIoT2023,binary,trades,transformer,28,square,0.1,0.867,0.8743306955373983,0.8474483733179177,0.7059688959137393,0.951625020374798,
CICIoT2023,binary,trades,transformer,28,square_clean_subset,0,0.8945,0.9061932033349716,0.878640462592648,0.7677632633408928,0.9605678716700226,
CICIoT2023,binary,trades,aam_noGate,28,clean,0,0.9099583454422164,0.9107085552369247,0.8948003348997359,0.7932977959805269,0.9677889184760344,
CICIoT2023,binary,trades,aam_noGate,28,gaussian,0.05,0.9094739901191514,0.9101211934999317,0.8942344410584219,0.7921632864470426,0.9675771769311302,
CICIoT2023,binary,trades,aam_noGate,28,fgsm,0.05,0.9016274338854984,0.901884985661614,0.8853223003237258,0.774764694897772,0.9621645614274658,
CICIoT2023,binary,trades,aam_noGate,28,pgd,0.05,0.9013852562239659,0.9017142905912877,0.885064444835967,0.7742940269225812,0.96207721675998,0.0
CICIoT2023,binary,trades,aam_noGate,28,transfer_mlp,0.05,0.9031289353869999,0.9037795985251946,0.8870870951279903,0.7783317512858942,0.963540284036597,
CICIoT2023,binary,trades,aam_noGate,28,transfer_tf,0.05,0.9029836287900804,0.9036279871637307,0.8869225380079435,0.7780110598533961,0.9634315057581136,
CICIoT2023,binary,trades,aam_noGate,28,gaussian,0.1,0.9056475830669379,0.9027015567390414,0.889222215964214,0.7811845006515058,0.9659101290454731,
CICIoT2023,binary,trades,aam_noGate,28,fgsm,0.1,0.8943621040395234,0.8931729482452546,0.8768737171219794,0.7578585031218124,0.9566441007783697,
CICIoT2023,binary,trades,aam_noGate,28,pgd,0.1,0.8937808776518454,0.8926156971186672,0.8762278571881016,0.7566186059806383,0.9561498930310893,0.0
CICIoT2023,binary,trades,aam_noGate,28,transfer_mlp,0.1,0.8979463334302044,0.8981589512494879,0.8811825525061039,0.7667436664238282,0.9596248406846011,
CICIoT2023,binary,trades,aam_noGate,28,transfer_tf,0.1,0.8974135425748329,0.8971930902635532,0.8804963742830544,0.7652446571304075,0.9591607606172333,
CICIoT2023,binary,trades,aam_noGate,28,gaussian,0.2,0.8878233071781458,0.8625895807729073,0.863590011302575,0.7271982856903924,0.957097876553325,
CICIoT2023,binary,trades,aam_noGate,28,fgsm,0.2,0.8610868933449579,0.8297244640174792,0.8309265282518321,0.6618835356468227,0.936841634803587,
CICIoT2023,binary,trades,aam_noGate,28,pgd,0.2,0.8101811488908263,0.767869759661341,0.768910738217067,0.537853057173542,0.9056734375711231,0.0
CICIoT2023,binary,trades,aam_noGate,28,transfer_mlp,0.2,0.8133778940230553,0.7710576266557422,0.7724845180134337,0.5450274494498826,0.9130386908826073,
CICIoT2023,binary,trades,aam_noGate,28,transfer_tf,0.2,0.8252445994381479,0.7911299330875324,0.7893556218219014,0.5787902266580903,0.9190433167190131,
CICIoT2023,binary,trades,aam_noGate,28,pgd_constrained,0.1,0.8956214278794924,0.894257339888024,0.8782481594467209,0.7604505035968449,0.9572260514816333,1.0
CICIoT2023,binary,trades,aam_noGate,28,square,0.1,0.896,0.8909442753863859,0.8768886931734781,0.7567288283612154,0.9614257579118558,
CICIoT2023,binary,trades,aam_noGate,28,square_clean_subset,0,0.913,0.9096756087009275,0.8966249839590492,0.795642841177696,0.9679015734859227,
CICIoT2023,binary,trades,aam_trans,28,clean,0,0.9095224256514579,0.9097125836405845,0.8942045683912612,0.7919369635419261,0.9673495778141927,
CICIoT2023,binary,trades,aam_trans,28,gaussian,0.05,0.9095708611837644,0.9096975283353816,0.8942475273937376,0.7919971297535542,0.967174387773681,
CICIoT2023,binary,trades,aam_trans,28,fgsm,0.05,0.9002712389809164,0.8997484296053531,0.883642096409499,0.7712122181266431,0.96186307410442,
CICIoT2023,binary,trades,aam_trans,28,pgd,0.05,0.9001259323839969,0.8996460125631571,0.8834874928141768,0.7709293996908794,0.9617901190313622,0.0
CICIoT2023,binary,trades,aam_trans,28,transfer_mlp,0.05,0.9019664826116439,0.9018287928444626,0.8856248978732734,0.7751971693448788,0.9632005496381264,
CICIoT2023,binary,trades,aam_trans,28,transfer_tf,0.05,0.9018211760147244,0.9016279871637307,0.8854504756785111,0.7748383430750868,0.9631211821202603,
CICIoT2023,binary,trades,aam_trans,28,gaussian,0.1,0.9046788724208079,0.9013792503072511,0.8880554402533969,0.7788010241100755,0.9655680618143747,
CICIoT2023,binary,trades,aam_trans,28,fgsm,0.1,0.8931512157318608,0.8913847808275297,0.8753933781670193,0.7547711328740667,0.9565378374072557,
CICIoT2023,binary,trades,aam_trans,28,pgd,0.1,0.8926184248764893,0.8908616687150075,0.8747987284457118,0.7536240632731389,0.9561584960626337,0.0
CICIoT2023,binary,trades,aam_trans,28,transfer_mlp,0.1,0.8964932674610094,0.8956097569302198,0.8793268738152298,0.7627229961633198,0.9595079145614274,
CICIoT2023,binary,trades,aam_trans,28,transfer_tf,0.1,0.8966385740579289,0.8953678137375393,0.8794088597142121,0.7627328243201507,0.9591314921025081,
CICIoT2023,binary,trades,aam_trans,28,gaussian,0.2,0.8892763731473409,0.8670573535436297,0.8660837436134154,0.73218435698634,0.9576988938959443,
CICIoT2023,binary,trades,aam_trans,28,fgsm,0.2,0.8499467209144629,0.817543390686877,0.8178559175226542,0.6357140080007869,0.9350311746096773,
CICIoT2023,binary,trades,aam_trans,28,pgd,0.2,0.8126513610384578,0.7727592858118257,0.7727861222813892,0.545572264795014,0.906335580818426,0.0
CICIoT2023,binary,trades,aam_trans,28,transfer_mlp,0.2,0.8113920371984888,0.7698055100368701,0.7706018851411596,0.5412220066457581,0.9110406880149302,
CICIoT2023,binary,trades,aam_trans,28,transfer_tf,0.2,0.8250508573089218,0.7919280690973645,0.7895470550673567,0.5792352045130378,0.9175545655241477,
CICIoT2023,binary,trades,aam_trans,28,pgd_constrained,0.1,0.8946042817010559,0.8928517001229005,0.8770249549659633,0.757934694420139,0.9572359802448905,1.0
CICIoT2023,binary,trades,aam_trans,28,square,0.1,0.8935,0.8897205619399995,0.8743377288579866,0.7522143869420731,0.9611156933130218,
CICIoT2023,binary,trades,aam_trans,28,square_clean_subset,0,0.9125,0.9072226668251714,0.8956840311028493,0.7932600352524607,0.9672789931847067,
CICIoT2023,binary,trades,aam_v3b,28,clean,0,0.9096192967160709,0.9104203878191998,0.8944268798459021,0.7925935018732454,0.9676989280349584,
CICIoT2023,binary,trades,aam_v3b,28,gaussian,0.05,0.9091349413930059,0.9098330260822067,0.8938611074978093,0.7914592037004295,0.9675016159133326,
CICIoT2023,binary,trades,aam_v3b,28,fgsm,0.05,0.901288385159353,0.9014000409668168,0.8849123500087686,0.7739148329350524,0.9620677033547271,
CICIoT2023,binary,trades,aam_v3b,28,pgd,0.05,0.9012399496270465,0.9013659019527516,0.8848607841409704,0.7738206602148927,0.9619869645864627,0.0
CICIoT2023,binary,trades,aam_v3b,28,transfer_mlp,0.05,0.9027414511285479,0.9034080977741363,0.8866547343259199,0.7775019985379508,0.9634397673995174,
CICIoT2023,binary,trades,aam_v3b,28,transfer_tf,0.05,0.9029351932577739,0.9034954595111293,0.8868516369526278,0.7778409420015521,0.9633861463880924,
CICIoT2023,binary,trades,aam_v3b,28,gaussian,0.1,0.905550712002325,0.902780861668715,0.889147299918692,0.7810960118973115,0.9657510469297648,
CICIoT2023,binary,trades,aam_v3b,28,fgsm,0.1,0.8938293131841519,0.8924530588556603,0.876236920259561,0.7565538838071049,0.956423983795348,
CICIoT2023,binary,trades,aam_v3b,28,pgd,0.1,0.8934418289256999,0.892081558104602,0.8758063745771745,0.7557271812761255,0.9560080340479769,0.0
CICIoT2023,binary,trades,aam_v3b,28,transfer_mlp,0.1,0.8969776227840744,0.8965906732213573,0.8799732773114413,0.7641674624331974,0.9593976284764896,
CICIoT2023,binary,trades,aam_v3b,28,transfer_tf,0.1,0.8968323161871549,0.8961930902635532,0.8797579899315371,0.7636520544179054,0.9591577051754744,
CICIoT2023,binary,trades,aam_v3b,28,gaussian,0.2,0.8935386999903129,0.8755221562201283,0.8720682078443762,0.7443401385966559,0.9595309640857572,
CICIoT2023,binary,trades,aam_v3b,28,fgsm,0.2,0.8489780102683329,0.8174509422367882,0.8170762820402655,0.634155677285006,0.9321687377668533,
CICIoT2023,binary,trades,aam_v3b,28,pgd,0.2,0.8105201976169718,0.7700765055305203,0.7701562228994899,0.5403126271832493,0.9076121808002185,0.0
CICIoT2023,binary,trades,aam_v3b,28,transfer_mlp,0.2,0.8130872808292163,0.7730173426191451,0.7731919469660351,0.5463847501101304,0.9136201750193456,
CICIoT2023,binary,trades,aam_v3b,28,transfer_tf,0.2,0.8270367141334883,0.7952955414447631,0.7923226858434993,0.5848607793175206,0.9206377110929036,
CICIoT2023,binary,trades,aam_v3b,28,pgd_constrained,0.1,0.8952339436210404,0.8939842277755019,0.8778378736365333,0.7597004141893298,0.9571165449041832,1.0
CICIoT2023,binary,trades,aam_v3b,28,square,0.1,0.893,0.8883191434863762,0.8735726709013913,0.7504183759389451,0.9611389787967288,
CICIoT2023,binary,trades,aam_v3b,28,square_clean_subset,0,0.909,0.9052991633158038,0.8919741545196945,0.7864781889845941,0.9676821997183682,
CICIoT2023,binary,trades,transformer,29,clean,0,0.8958151700087184,0.9022649870271746,0.8800591398480082,0.7674262077012813,0.9606632413855889,
CICIoT2023,binary,trades,transformer,29,gaussian,0.05,0.8957182989441054,0.9017539601256316,0.8798698451470419,0.7668538677881805,0.9605860360052801,
CICIoT2023,binary,trades,transformer,29,fgsm,0.05,0.8839969001259324,0.8884744981564933,0.8665720501773392,0.740586177022397,0.9526528517456414,
CICIoT2023,binary,trades,transformer,29,pgd,0.05,0.8838515935290129,0.8882736924757613,0.866399537204624,0.7402273828557265,0.9525504460831171,0.0
CICIoT2023,binary,trades,transformer,29,transfer_mlp,0.05,0.8880170493073719,0.8932266147753652,0.8711701211628664,0.749767330583886,0.955482441167099,
CICIoT2023,binary,trades,transformer,29,transfer_tf,0.05,0.8883560980335173,0.8937115594701626,0.8715757006093792,0.750618813934117,0.9549441144339752,
CICIoT2023,binary,trades,transformer,29,gaussian,0.1,0.8959604766056379,0.9009899631298648,0.879938973329778,0.766488700491189,0.9605317549729164,
CICIoT2023,binary,trades,transformer,29,fgsm,0.1,0.8708224353385644,0.8728918134644272,0.8515142052249589,0.7105116051914742,0.9439335085802723,
CICIoT2023,binary,trades,transformer,29,pgd,0.1,0.8699021602247409,0.8717020346852382,0.8504383563792556,0.7083131469767443,0.9433426874231874,0.0
CICIoT2023,binary,trades,transformer,29,transfer_mlp,0.1,0.8795408311537344,0.8833659360917656,0.8615134949735579,0.7305633961732669,0.9500052915471802,
CICIoT2023,binary,trades,transformer,29,transfer_tf,0.1,0.8783299428460719,0.8817253516318448,0.8600820179106017,0.7276017001137296,0.9486863421184395,
CICIoT2023,binary,trades,transformer,29,gaussian,0.2,0.8950402014918144,0.8980291888570258,0.8785030175555157,0.7627681789598432,0.9595719309026356,
CICIoT2023,binary,trades,transformer,29,fgsm,0.2,0.8444735057638283,0.8390699508398198,0.8206768650244207,0.6476756927890207,0.9252139321316402,
CICIoT2023,binary,trades,transformer,29,pgd,0.2,0.8394362104039523,0.8323218626246074,0.8146724338750326,0.6353366308135702,0.9213303859984523,0.0
CICIoT2023,binary,trades,transformer,29,transfer_mlp,0.2,0.8613775065387969,0.8622007715417179,0.8408552217092239,0.6894553518231898,0.9397090843916429,
CICIoT2023,binary,trades,transformer,29,transfer_tf,0.2,0.8658335755109948,0.8699658268469207,0.8465554688475304,0.7021251197897896,0.9379466464108517,
CICIoT2023,binary,trades,transformer,29,pgd_constrained,0.1,0.8722755013077593,0.8744571213983341,0.8531372601610778,0.7136785251797699,0.9446988256179161,1.0
CICIoT2023,binary,trades,transformer,29,square,0.1,0.8665,0.8662904644448268,0.8478024989461606,0.7018020650685588,0.9475635289393678,
CICIoT2023,binary,trades,transformer,29,square_clean_subset,0,0.8955,0.9033609629247212,0.8813349196980911,0.770364934186905,0.9569841201552611,
CICIoT2023,binary,trades,aam_noGate,29,clean,0,0.9094739901191514,0.9096784446265191,0.89415249454576,0.7918412452933842,0.967425997997178,
CICIoT2023,binary,trades,aam_noGate,29,gaussian,0.05,0.9085537150053279,0.9086362488051345,0.8930902818868848,0.7897379570112065,0.967204458555237,
CICIoT2023,binary,trades,aam_noGate,29,fgsm,0.05,0.9008040298362879,0.9011570394647003,0.8844165187988571,0.7730506302670869,0.9617557808730485,
CICIoT2023,binary,trades,aam_noGate,29,pgd,0.05,0.9004649811101424,0.9009180663662433,0.8840559371315622,0.7723932181880261,0.9616373071145705,0.0
CICIoT2023,binary,trades,aam_noGate,29,transfer_mlp,0.05,0.9022570958054829,0.9028699303564113,0.8860999531043863,0.7764080929495043,0.9630680788838819,
CICIoT2023,binary,trades,aam_noGate,29,transfer_tf,0.05,0.9024992734670154,0.903188208384542,0.8863869933970125,0.7769931319978263,0.9630193795803177,
CICIoT2023,binary,trades,aam_noGate,29,gaussian,0.1,0.906131938390003,0.9018622832172607,0.8895092076129768,0.7813321458543191,0.9656567834220947,
CICIoT2023,binary,trades,aam_noGate,29,fgsm,0.1,0.8920856340211178,0.8908796941144339,0.8743218630623047,0.752916887002657,0.9560738768264372,
CICIoT2023,binary,trades,aam_noGate,29,pgd,0.1,0.8914075365688269,0.8902049706404479,0.8735643077179248,0.7514537197788651,0.9555713220902181,0.0
CICIoT2023,binary,trades,aam_noGate,29,transfer_mlp,0.1,0.8953308146856533,0.8953807524238699,0.87821985655597,0.760953939139434,0.9588682177158724,
CICIoT2023,binary,trades,aam_noGate,29,transfer_tf,0.1,0.8959120410733314,0.8958396149119214,0.8788448817996839,0.7621118636002744,0.9586829395967045,
CICIoT2023,binary,trades,aam_noGate,29,gaussian,0.2,0.8918434563595854,0.8714740202102963,0.8695246693794902,0.7391155738737348,0.9590539737812372,
CICIoT2023,binary,trades,aam_noGate,29,fgsm,0.2,0.8556136781943233,0.8241941485729892,0.824656896026179,0.6493184109414256,0.9342932939596704,
CICIoT2023,binary,trades,aam_noGate,29,pgd,0.2,0.8105686331492783,0.7715372798033593,0.7708560307418209,0.541725117756204,0.9073441497109563,0.0
CICIoT2023,binary,trades,aam_noGate,29,transfer_mlp,0.2,0.8041267073525138,0.7603555578314898,0.761456686437521,0.5229503687873598,0.9094452011925895,
CICIoT2023,binary,trades,aam_noGate,29,transfer_tf,0.2,0.8163324614937518,0.7795353680185716,0.7782706102529012,0.5565840641184724,0.9157122877691293,
CICIoT2023,binary,trades,aam_noGate,29,pgd_constrained,0.1,0.8934902644580064,0.8922140857572034,0.8758786654616182,0.7558998079226242,0.9569445070326368,1.0
CICIoT2023,binary,trades,aam_noGate,29,square,0.1,0.8905,0.8872468880858142,0.8735095132108917,0.750241122761777,0.9594530966175262,
CICIoT2023,binary,trades,aam_noGate,29,square_clean_subset,0,0.914,0.9150891986462456,0.9006137677667336,0.804479330073904,0.9665182412665634,
CICIoT2023,binary,trades,aam_trans,29,clean,0,0.9053085343407924,0.9088086508261641,0.8900785952070758,0.785284445678254,0.9657628590286313,
CICIoT2023,binary,trades,aam_trans,29,gaussian,0.05,0.9043882592269689,0.9076188720469753,0.8889963636093449,0.7830819401705282,0.965576477081342,
CICIoT2023,binary,trades,aam_trans,29,fgsm,0.05,0.8969776227840744,0.9004770244435341,0.8807654194589601,0.7673535563876325,0.9593478936228322,
CICIoT2023,binary,trades,aam_trans,29,pgd,0.05,0.8968807517194614,0.9003595520961354,0.8806533041975204,0.7671284677606912,0.9592557751832127,0.0
CICIoT2023,binary,trades,aam_trans,29,transfer_mlp,0.05,0.8989150440763344,0.9029740543493103,0.8830367257720317,0.7719791050668895,0.9609983556374891,
CICIoT2023,binary,trades,aam_trans,29,transfer_tf,0.05,0.8990119151409474,0.903091526696709,0.8831488132413445,0.7722041473410411,0.9607514053894124,
CICIoT2023,binary,trades,aam_trans,29,gaussian,0.1,0.9021117892085634,0.9016360439710501,0.8857211257251731,0.7752549656147848,0.9642513541808914,
CICIoT2023,binary,trades,aam_trans,29,fgsm,0.1,0.8878233071781458,0.8898432336474122,0.8702722993404459,0.7464923335527459,0.9527891062406117,
CICIoT2023,binary,trades,aam_trans,29,pgd,0.1,0.8874842584520004,0.8894566775911512,0.8698855646490353,0.7457266951077055,0.9523312565433109,0.0
CICIoT2023,binary,trades,aam_trans,29,transfer_mlp,0.1,0.8928606025380219,0.8960501843506758,0.8761181361090973,0.7582743075145993,0.9563802175793163,
CICIoT2023,binary,trades,aam_trans,29,transfer_tf,0.1,0.8929090380703284,0.8960843233647412,0.8761690412009842,0.7583655116263934,0.955750369839319,
CICIoT2023,binary,trades,aam_trans,29,gaussian,0.2,0.8875811295166134,0.8679286494606036,0.8648123604732326,0.729795737610064,0.9562888615776778,
CICIoT2023,binary,trades,aam_trans,29,fgsm,0.2,0.8526106751913204,0.8253243547726341,0.8226913160644292,0.6455292053751294,0.9352133062497154,
CICIoT2023,binary,trades,aam_trans,29,pgd,0.2,0.8079531144047273,0.7674308343575038,0.7672598028252048,0.5345204518032313,0.9026262233146707,0.0
CICIoT2023,binary,trades,aam_trans,29,transfer_mlp,0.2,0.8144434757337983,0.7761869793800356,0.775521295997663,0.5510547366173618,0.909760748099595,
CICIoT2023,binary,trades,aam_trans,29,transfer_tf,0.2,0.8260195679550518,0.7948245937457327,0.7914083325292738,0.5831010196599125,0.9151305703491284,
CICIoT2023,binary,trades,aam_trans,29,pgd_constrained,0.1,0.8896154218734864,0.8915491260412399,0.8722446595895488,0.7502468207400952,0.9538350289043652,1.0
CICIoT2023,binary,trades,aam_trans,29,square,0.1,0.889,0.8895581177460372,0.8726824769796154,0.7501494609961914,0.9564654677909711,
CICIoT2023,binary,trades,aam_trans,29,square_clean_subset,0,0.909,0.9129763475401059,0.8955366603185099,0.7957966707377325,0.9639082487236849,
CICIoT2023,binary,trades,aam_v3b,29,clean,0,0.9100552165068294,0.9099897241567664,0.894759456490642,0.7929203645450031,0.9675087964859576,
CICIoT2023,binary,trades,aam_v3b,29,gaussian,0.05,0.9090865058606994,0.9086182234057081,0.8935892059028443,0.7905069469788063,0.9673089808366335,
CICIoT2023,binary,trades,aam_v3b,29,fgsm,0.05,0.9006587232393684,0.9000215417178752,0.8840545385255635,0.7719671124683544,0.9618403944194092,
CICIoT2023,binary,trades,aam_v3b,29,pgd,0.05,0.9005134166424489,0.8998699303564113,0.8838899125179136,0.7716460025968215,0.9617702046064909,0.0
CICIoT2023,binary,trades,aam_v3b,29,transfer_mlp,0.05,0.9022086602731764,0.9018027106377169,0.8858439944215315,0.7755192151461694,0.9631993433929629,
CICIoT2023,binary,trades,aam_v3b,29,transfer_tf,0.05,0.9025961445316284,0.9022234057080432,0.8862865827972901,0.7763887162082669,0.9631298932586827,
CICIoT2023,binary,trades,aam_v3b,29,gaussian,0.1,0.9062772449869224,0.9019155059401884,0.8896558372501842,0.7815906182754023,0.9658773783513133,
CICIoT2023,binary,trades,aam_v3b,29,fgsm,0.1,0.8925699893441829,0.8901880035504575,0.8746084652213457,0.7530180627835774,0.9562606115435386,
CICIoT2023,binary,trades,aam_v3b,29,pgd,0.1,0.8918918918918919,0.8896608630342755,0.8738817090015725,0.7516677403970615,0.9558482407028084,0.0
CICIoT2023,binary,trades,aam_v3b,29,transfer_mlp,0.1,0.8959120410733314,0.894757339888024,0.8786182178156746,0.7612470374848133,0.9591983647412262,
CICIoT2023,binary,trades,aam_v3b,29,transfer_tf,0.1,0.8961057832025574,0.8948447016250172,0.8788131331847872,0.7615834172638847,0.958948615093996,
CICIoT2023,binary,trades,aam_v3b,29,gaussian,0.2,0.8901482127288579,0.866343609176567,0.8666681701159723,0.7333382285785582,0.9574966429969501,
CICIoT2023,binary,trades,aam_v3b,29,fgsm,0.2,0.8523200619974813,0.8157234057080431,0.819011825182564,0.6382702145867565,0.9333497086804133,
CICIoT2023,binary,trades,aam_v3b,29,pgd,0.2,0.8090671316477768,0.7675273112112522,0.7680274044304293,0.536062079409786,0.9072059322226773,0.0
CICIoT2023,binary,trades,aam_v3b,29,transfer_mlp,0.2,0.8072750169524363,0.7614431244025672,0.7639753243093355,0.5281475040445937,0.910899790614047,
CICIoT2023,binary,trades,aam_v3b,29,transfer_tf,0.2,0.8203526106751913,0.7824181005052574,0.7822652812213442,0.5645311830746028,0.9170896206017569,
CICIoT2023,binary,trades,aam_v3b,29,pgd_constrained,0.1,0.8940230553133779,0.8915565342072922,0.8762196353799218,0.7561078214703338,0.957206188265283,1.0
CICIoT2023,binary,trades,aam_v3b,29,square,0.1,0.8905,0.8853156848123291,0.8730772875283366,0.7487397662801438,0.9594124648654849,
CICIoT2023,binary,trades,aam_v3b,29,square_clean_subset,0,0.9105,0.9101823170615116,0.8964369389189115,0.7958580652497409,0.9663736400313582,
CICIoT2023,binary,trades,transformer,30,clean,0,0.8970744938486874,0.9052679571213983,0.8817944361550216,0.7716561120418437,0.9612661705129957,
CICIoT2023,binary,trades,transformer,30,gaussian,0.05,0.8971229293809939,0.9051545131776595,0.8818169560173407,0.7716130217715905,0.9611986094041602,
CICIoT2023,binary,trades,transformer,30,fgsm,0.05,0.8875811295166134,0.8945427761846239,0.8710564004264074,0.7504711793240412,0.9533356035777687,
CICIoT2023,binary,trades,transformer,30,pgd,0.05,0.8874842584520004,0.8944744981564933,0.8709555544174186,0.7502939348816274,0.9532331467067231,0.0
CICIoT2023,binary,trades,transformer,30,transfer_mlp,0.05,0.8907294391165359,0.8983360303154444,0.8746625021058048,0.7577103696448775,0.9560697460057354,
CICIoT2023,binary,trades,transformer,30,transfer_tf,0.05,0.8903903903903904,0.8977526969821111,0.8742385615069377,0.7567683223999128,0.9557489928990852,
CICIoT2023,binary,trades,transformer,30,gaussian,0.1,0.8974135425748329,0.9050641813464427,0.8820656883139476,0.7718878516767287,0.960909480404206,
CICIoT2023,binary,trades,transformer,30,fgsm,0.1,0.8750363266492299,0.8796498702717466,0.8567416179989915,0.7218473001105192,0.9446549911238563,
CICIoT2023,binary,trades,transformer,30,pgd,0.1,0.8739707449384869,0.8783576744503618,0.8555200348966574,0.7193903835199434,0.9440748384086668,0.0
CICIoT2023,binary,trades,transformer,30,transfer_mlp,0.1,0.8830281894798023,0.8902022395193228,0.8660890519035239,0.7411011719938524,0.9505183781692386,
CICIoT2023,binary,trades,transformer,30,transfer_tf,0.1,0.8829313184151893,0.8892484637443671,0.8657977637938618,0.7400743373897339,0.9498537029450591,
CICIoT2023,binary,trades,transformer,30,gaussian,0.2,0.896444831928703,0.9021676566980745,0.8806147370831643,0.7681255475871339,0.9600870601757021,
CICIoT2023,binary,trades,transformer,30,fgsm,0.2,0.8492201879298653,0.8465478970367335,0.8266412776191093,0.6604435726334729,0.9257754847739997,
CICIoT2023,binary,trades,transformer,30,pgd,0.2,0.8465077981207013,0.8430126997132323,0.8234517023014563,0.6539179924454666,0.9221692839910782,0.0
CICIoT2023,binary,trades,transformer,30,transfer_mlp,0.2,0.8651554780587039,0.8679136624334289,0.8454754934842952,0.6993133310455032,0.938811142974191,
CICIoT2023,binary,trades,transformer,30,transfer_tf,0.2,0.8683522231909329,0.8740531885839138,0.8496832264385182,0.7089753426138459,0.9400853816741773,
CICIoT2023,binary,trades,transformer,30,pgd_constrained,0.1,0.8758112951661339,0.8805896490509354,0.8576300420734164,0.7236341485400289,0.9452078781464792,1.0
CICIoT2023,binary,trades,transformer,30,square,0.1,0.8675,0.8742853015373853,0.8506940893733912,0.7111047863415147,0.9490538938455643,
CICIoT2023,binary,trades,transformer,30,square_clean_subset,0,0.89,0.8994640582336725,0.8757173088503964,0.7605006872407252,0.9579293473783744,
CICIoT2023,binary,trades,aam_noGate,30,clean,0,0.9099099099099099,0.9116583026082208,0.894928336649067,0.793926203677243,0.9672679628112341,
CICIoT2023,binary,trades,aam_noGate,30,gaussian,0.05,0.909328683522232,0.9110026628430972,0.8942594759422756,0.7926034957016969,0.9671042548591198,
CICIoT2023,binary,trades,aam_noGate,30,fgsm,0.05,0.900707158771675,0.9015315103099822,0.8844017799006263,0.7732102876137625,0.961584186808685,
CICIoT2023,binary,trades,aam_noGate,30,pgd,0.05,0.9005134166424489,0.9013457599344531,0.8841860320156378,0.7727966727327003,0.9614956415858709,0.0
CICIoT2023,binary,trades,aam_noGate,30,transfer_mlp,0.05,0.9026930155962414,0.9041610678683599,0.8867568881971473,0.7780208332034323,0.9628700555327963,
CICIoT2023,binary,trades,aam_noGate,30,transfer_tf,0.05,0.902838322193161,0.9041650962720197,0.8868924928059247,0.7782253428682504,0.9628820667759116,
CICIoT2023,binary,trades,aam_noGate,30,gaussian,0.1,0.9074881332945849,0.9056222518093677,0.8915159743721275,0.7859994467763427,0.9656175633847695,
CICIoT2023,binary,trades,aam_noGate,30,fgsm,0.1,0.8939746197810714,0.8930966134098047,0.8765060777838872,0.7572696497441427,0.9561514804952433,
CICIoT2023,binary,trades,aam_noGate,30,pgd,0.1,0.8934902644580064,0.8926568346306158,0.875973487990139,0.7562577185031943,0.9557527368109608,0.0
CICIoT2023,binary,trades,aam_noGate,30,transfer_mlp,0.1,0.8972198004456069,0.897794448996313,0.8804428939695215,0.7654617042257297,0.9588108129637215,
CICIoT2023,binary,trades,aam_noGate,30,transfer_tf,0.1,0.8974619781071393,0.8979651440666394,0.8806994152378476,0.7659278863758338,0.958824940825709,
CICIoT2023,binary,trades,aam_noGate,30,gaussian,0.2,0.8914559721011334,0.870217021712413,0.8688540088865986,0.7377406231816694,0.9581455004779463,
CICIoT2023,binary,trades,aam_noGate,30,fgsm,0.2,0.8612321999418774,0.829777686740407,0.8310613077294966,0.6621573753797073,0.9362121170740589,
CICIoT2023,binary,trades,aam_noGate,30,pgd,0.2,0.8135232006199749,0.7732262051071965,0.7735756872682955,0.5471548052044883,0.9080419852974646,0.0
CICIoT2023,binary,trades,aam_noGate,30,transfer_mlp,0.2,0.8089702605831638,0.7642614024306977,0.7664187347886283,0.5329774162355073,0.9093384200464291,
CICIoT2023,binary,trades,aam_noGate,30,transfer_tf,0.2,0.8147825244599438,0.7731299330875324,0.7743662479591013,0.5487757534042204,0.9137271780690974,
CICIoT2023,binary,trades,aam_noGate,30,pgd_constrained,0.1,0.8954276857502664,0.8946619213437116,0.8781571625896589,0.7605064748013141,0.9570305145887387,1.0
CICIoT2023,binary,trades,aam_noGate,30,square,0.1,0.8825,0.8825709684082088,0.8655021249233433,0.7360394426637275,0.9579711338827661,
CICIoT2023,binary,trades,aam_noGate,30,square_clean_subset,0,0.9005,0.904542312417397,0.8861985423691692,0.777783320792864,0.9639967478160583,
CICIoT2023,binary,trades,aam_trans,30,clean,0,0.9100552165068294,0.9120558855660248,0.8951380461744884,0.7944306077392425,0.966822010560335,
CICIoT2023,binary,trades,aam_trans,30,gaussian,0.05,0.9094739901191514,0.9114494401201694,0.8944783991375113,0.7931452614363897,0.9666018252992853,
CICIoT2023,binary,trades,aam_trans,30,fgsm,0.05,0.9012399496270465,0.9028417315307934,0.885153175240625,0.7749793091918679,0.9610811541262688,
CICIoT2023,binary,trades,aam_trans,30,pgd,0.05,0.9011430785624334,0.9027734535026628,0.8850502165423204,0.7747924380636809,0.9609974680231235,0.0
CICIoT2023,binary,trades,aam_trans,30,transfer_mlp,0.05,0.9028867577254674,0.9049371500751058,0.8870872646824862,0.7788988457802408,0.9623504768082298,
CICIoT2023,binary,trades,aam_trans,30,transfer_tf,0.05,0.9027414511285479,0.9048347330329101,0.8869326063245111,0.7786182921896422,0.9624142541763395,
CICIoT2023,binary,trades,aam_trans,30,gaussian,0.1,0.9076334398915044,0.9062166120442442,0.8917664816475167,0.7866384226091577,0.9651869964495424,
CICIoT2023,binary,trades,aam_trans,30,fgsm,0.1,0.8935871355226194,0.8929218899358187,0.876117788522234,0.7566037671568419,0.955465309071874,
CICIoT2023,binary,trades,aam_trans,30,pgd,0.1,0.8931027801995544,0.8925313054758979,0.8755960439278766,0.7556332304730069,0.9550377008511993,0.0
CICIoT2023,binary,trades,aam_trans,30,transfer_mlp,0.1,0.8970744938486874,0.8978888092311894,0.880329395237049,0.7653413232190878,0.9580390664117621,
CICIoT2023,binary,trades,aam_trans,30,transfer_tf,0.1,0.8967838806548484,0.8975855865082616,0.8800016119201357,0.7647033565246318,0.9581373014247349,
CICIoT2023,binary,trades,aam_trans,30,gaussian,0.2,0.8927637314734089,0.8756646524648368,0.8714060735394666,0.743120919658441,0.9584619122399746,
CICIoT2023,binary,trades,aam_trans,30,fgsm,0.2,0.8514966579482709,0.8159301515772224,0.8184545138138551,0.6370535840890555,0.9343635804997952,
CICIoT2023,binary,trades,aam_trans,30,pgd,0.2,0.8080984210016469,0.7651227297555647,0.7662702911891652,0.5325796316816783,0.905938327871091,0.0
CICIoT2023,binary,trades,aam_trans,30,transfer_mlp,0.2,0.8070812748232103,0.7647009763758023,0.7654170933118041,0.5308493754344126,0.9083593700213937,
CICIoT2023,binary,trades,aam_trans,30,transfer_tf,0.2,0.8194323355613679,0.7834912604123994,0.7820973027819238,0.5642454964922009,0.9142202364695707,
CICIoT2023,binary,trades,aam_trans,30,pgd_constrained,0.1,0.8948464593625884,0.8939078929400519,0.877469529391413,0.7591088258271835,0.9563749544813146,1.0
CICIoT2023,binary,trades,aam_trans,30,square,0.1,0.881,0.8815018308458424,0.8639508668273341,0.7332380016158995,0.957362244818772,
CICIoT2023,binary,trades,aam_trans,30,square_clean_subset,0,0.8975,0.9004794702903923,0.882672066422491,0.7704941316829945,0.9633353271465428,
CICIoT2023,binary,trades,aam_v3b,30,clean,0,0.9117988956698634,0.9122026150484774,0.896817490868913,0.7970798009534903,0.9675913389321317,
CICIoT2023,binary,trades,aam_v3b,30,gaussian,0.05,0.9112661048144919,0.9114335313396149,0.8961717782850455,0.7957427359940136,0.9673912103418453,
CICIoT2023,binary,trades,aam_v3b,30,fgsm,0.05,0.9033226775162259,0.9032766284309709,0.8871685810057232,0.7782200526859221,0.9621815285174564,
CICIoT2023,binary,trades,aam_v3b,30,pgd,0.05,0.9031773709193064,0.9031250170695071,0.8870038282049644,0.7778987328313604,0.962093666074924,0.0
CICIoT2023,binary,trades,aam_v3b,30,transfer_mlp,0.05,0.9046788724208079,0.9050688242523557,0.8887799225059816,0.781505375776118,0.9635055532796213,
CICIoT2023,binary,trades,aam_v3b,30,transfer_tf,0.05,0.9049210500823404,0.9053871022804861,0.8890672342165354,0.7820905929719743,0.9635297805999362,
CICIoT2023,binary,trades,aam_v3b,30,gaussian,0.1,0.9083599728761019,0.9052036733579134,0.8922554914232549,0.7870210828122164,0.9660223724338842,
CICIoT2023,binary,trades,aam_v3b,30,fgsm,0.1,0.8950886370241209,0.8933406732213574,0.8775691640910488,0.7589901263169143,0.9567656982566344,
CICIoT2023,binary,trades,aam_v3b,30,pgd,0.1,0.8943621040395234,0.8926810050525741,0.8767687064632415,0.7574657938733007,0.9562927477354454,0.0
CICIoT2023,binary,trades,aam_v3b,30,transfer_mlp,0.1,0.8982369466240434,0.8975766762255906,0.8813293976876373,0.766683824132668,0.9593655548727753,
CICIoT2023,binary,trades,aam_v3b,30,transfer_tf,0.1,0.8985275598178823,0.8980766762255906,0.8816985496691185,0.7674791378997082,0.9594125813646501,
CICIoT2023,binary,trades,aam_v3b,30,gaussian,0.2,0.8924246827472634,0.8715393281442032,0.8700623007904001,0.740162675562764,0.9584615879193409,
CICIoT2023,binary,trades,aam_v3b,30,fgsm,0.2,0.8609415867480383,0.8279494401201692,0.8301980040505832,0.6605040796958714,0.9401111907688106,
CICIoT2023,binary,trades,aam_v3b,30,pgd,0.2,0.8120216991184733,0.7699541513041104,0.7710829841661766,0.5422026762469877,0.9057500341390141,0.0
CICIoT2023,binary,trades,aam_v3b,30,transfer_mlp,0.2,0.8086796473893249,0.7645485115389867,0.7663700291568709,0.5328393614418847,0.9100684145841869,
CICIoT2023,binary,trades,aam_v3b,30,transfer_tf,0.2,0.8162355904291388,0.7757283217260686,0.7765151554489516,0.5530475113806407,0.9131222859483819,
CICIoT2023,binary,trades,aam_v3b,30,pgd_constrained,0.1,0.8967354451225419,0.8948949542537211,0.8793980373682777,0.7624976972986997,0.9575622468023124,1.0
CICIoT2023,binary,trades,aam_v3b,30,square,0.1,0.887,0.8872218063470119,0.870494675955904,0.7457527207884713,0.9581609640027171,
CICIoT2023,binary,trades,aam_v3b,30,square_clean_subset,0,0.9015,0.9033305037900359,0.8868803938170087,0.7781280482343721,0.9640827086250926,
CICIoMT2024,binary,trades,transformer,21,clean,0,0.9957684859786272,0.996353911124813,0.9947205368457832,0.9894678237467871,0.9994421122930264,
CICIoMT2024,binary,trades,transformer,21,gaussian,0.05,0.9958402065552607,0.9964839501365165,0.9948104330231968,0.9896489354984451,0.9994210958870945,
CICIoMT2024,binary,trades,transformer,21,fgsm,0.05,0.9956967654019938,0.9963043963694158,0.9946314824377898,0.9892910282701712,0.9991793041972802,
CICIoMT2024,binary,trades,transformer,21,pgd,0.05,0.9956967654019938,0.9963043963694158,0.9946314824377898,0.9892910282701712,0.9991658598787796,0.0
CICIoMT2024,binary,trades,transformer,21,transfer_mlp,0.05,0.9956967654019938,0.9963043963694158,0.9946314824377898,0.9892910282701712,0.9993879486880327,
CICIoMT2024,binary,trades,transformer,21,transfer_tf,0.05,0.9956967654019938,0.9963043963694158,0.9946314824377898,0.9892910282701712,0.9993330381764558,
CICIoMT2024,binary,trades,transformer,21,gaussian,0.1,0.9959119271318941,0.9965334648919135,0.9948995016984686,0.9898257592262839,0.9994405412136614,
CICIoMT2024,binary,trades,transformer,21,fgsm,0.1,0.9954098830954601,0.9961063373478274,0.9942754060164074,0.9885844396605369,0.9990457882066544,
CICIoMT2024,binary,trades,transformer,21,pgd,0.1,0.9953381625188267,0.9960568225924303,0.9941864221797063,0.988407940640807,0.9990351512266912,0.0
CICIoMT2024,binary,trades,transformer,21,transfer_mlp,0.1,0.9956967654019938,0.9963043963694158,0.9946314824377898,0.9892910282701712,0.9993214482467141,
CICIoMT2024,binary,trades,transformer,21,transfer_tf,0.1,0.995553324248727,0.9962053668586217,0.9944534159985866,0.9889376153826509,0.9992296817585582,
CICIoMT2024,binary,trades,transformer,21,gaussian,0.2,0.9959836477085275,0.9966635039036171,0.9949893836086039,0.9900068427267191,0.9993297414853294,
CICIoMT2024,binary,trades,transformer,21,fgsm,0.2,0.9938320304095245,0.9946143914475591,0.9923149140317458,0.9846830619079993,0.9987227897424485,
CICIoMT2024,binary,trades,transformer,21,pgd,0.2,0.9905328838843864,0.9891157424470359,0.9881722655733675,0.976353649249805,0.9985803108728223,0.0
CICIoMT2024,binary,trades,transformer,21,transfer_mlp,0.2,0.9950512802122929,0.9957782393145356,0.9938296459387631,0.9876974101800974,0.9991670188717539,
CICIoMT2024,binary,trades,transformer,21,transfer_tf,0.2,0.9942623538693252,0.9947504314673289,0.9928453968931792,0.9857273344244498,0.9990427748249213,
CICIoMT2024,binary,trades,transformer,21,pgd_constrained,0.1,0.9954098830954601,0.9961063373478274,0.9942754060164074,0.9885844396605369,0.99909670663132,1.0
CICIoMT2024,binary,trades,transformer,21,square,0.1,0.996,0.9961090667792725,0.9949843260188087,0.989981154775509,0.999414349198689,
CICIoMT2024,binary,trades,transformer,21,square_clean_subset,0,0.9965,0.9964534193963523,0.9956088061002466,0.991224658216458,0.9995764714162192,
CICIoMT2024,binary,trades,aam_noGate,21,clean,0,0.9969160152047623,0.9977098170053116,0.9961516418793286,0.9923275371642364,0.9994136783320599,
CICIoMT2024,binary,trades,aam_noGate,21,gaussian,0.05,0.9969160152047623,0.9977098170053116,0.9961516418793286,0.9923275371642364,0.9994107679719246,
CICIoMT2024,binary,trades,aam_noGate,21,fgsm,0.05,0.9967725740514953,0.9976107874945174,0.9959732908145804,0.9919733721032649,0.9992308922623311,
CICIoMT2024,binary,trades,aam_noGate,21,pgd,0.05,0.9967725740514953,0.9976107874945174,0.9959732908145804,0.9919733721032649,0.999231252837923,0.0
CICIoMT2024,binary,trades,aam_noGate,21,transfer_mlp,0.05,0.9968442946281288,0.9976603022499144,0.9960624592602025,0.9921504248558176,0.9993457227106733,
CICIoMT2024,binary,trades,aam_noGate,21,transfer_tf,0.05,0.9968442946281288,0.9976603022499144,0.9960624592602025,0.9921504248558176,0.9993967312792372,
CICIoMT2024,binary,trades,aam_noGate,21,gaussian,0.1,0.9969160152047623,0.9977098170053116,0.9961516418793286,0.9923275371642364,0.999466412512385,
CICIoMT2024,binary,trades,aam_noGate,21,fgsm,0.1,0.9964856917449616,0.9971711557040097,0.9956146616764441,0.991253561075714,0.9991817380825261,
CICIoMT2024,binary,trades,aam_noGate,21,pgd,0.1,0.9964856917449616,0.9971711557040097,0.9956146616764441,0.991253561075714,0.9991765097364425,0.0
CICIoMT2024,binary,trades,aam_noGate,21,transfer_mlp,0.1,0.9964856917449616,0.9971711557040097,0.9956146616764441,0.991253561075714,0.9992747794629536,
CICIoMT2024,binary,trades,aam_noGate,21,transfer_tf,0.1,0.9966291328982285,0.9973507094711103,0.9957936550774056,0.9916115531052215,0.9993030846469231,
CICIoMT2024,binary,trades,aam_noGate,21,gaussian,0.2,0.9965574123215951,0.997059621946794,0.9957024435577775,0.991423324981724,0.9994520538772049,
CICIoMT2024,binary,trades,aam_noGate,21,fgsm,0.2,0.9953381625188267,0.9956542013108983,0.9941817860549077,0.9883853568868123,0.999080905693772,
CICIoMT2024,binary,trades,aam_noGate,21,pgd,0.2,0.9952664419421933,0.9955241622991948,0.994091803495926,0.9882042311536454,0.9990173542456874,0.0
CICIoMT2024,binary,trades,aam_noGate,21,transfer_mlp,0.2,0.9954098830954601,0.9957842403226018,0.9942717541771968,0.9885664854555959,0.9991510505241096,
CICIoMT2024,binary,trades,aam_noGate,21,transfer_tf,0.2,0.9956967654019938,0.9960628236004967,0.9946289122690236,0.9892784620743645,0.9991619064249678,
CICIoMT2024,binary,trades,aam_noGate,21,pgd_constrained,0.1,0.9965574123215951,0.9973011947157132,0.9957045010111301,0.9914344973626744,0.9991946286599388,1.0
CICIoMT2024,binary,trades,aam_noGate,21,square,0.1,0.997,0.9973658281554765,0.9962382445141066,0.9924890107326048,0.9992082403329915,
CICIoMT2024,binary,trades,aam_noGate,21,square_clean_subset,0,0.997,0.9973658281554765,0.9962382445141066,0.9924890107326048,0.9994457682330941,
CICIoMT2024,binary,trades,aam_trans,21,clean,0,0.9967725740514953,0.9975302632382109,0.9959726484783671,0.9919695451347289,0.9994864115800397,
CICIoMT2024,binary,trades,aam_trans,21,gaussian,0.05,0.9967725740514953,0.9975302632382109,0.9959726484783671,0.9919695451347289,0.9994925156097038,
CICIoMT2024,binary,trades,aam_trans,21,fgsm,0.05,0.9967725740514953,0.9975302632382109,0.9959726484783671,0.9919695451347289,0.9992999553658928,
CICIoMT2024,binary,trades,aam_trans,21,pgd,0.05,0.9967725740514953,0.9975302632382109,0.9959726484783671,0.9919695451347289,0.9992992599701084,0.0
CICIoMT2024,binary,trades,aam_trans,21,transfer_mlp,0.05,0.9967725740514953,0.9975302632382109,0.9959726484783671,0.9919695451347289,0.9993831581837396,
CICIoMT2024,binary,trades,aam_trans,21,transfer_tf,0.05,0.9967725740514953,0.9975302632382109,0.9959726484783671,0.9919695451347289,0.9993806083991965,
CICIoMT2024,binary,trades,aam_trans,21,gaussian,0.1,0.9969160152047623,0.9976292927490051,0.996151027697862,0.9923238919598012,0.9995295776294781,
CICIoMT2024,binary,trades,aam_trans,21,fgsm,0.1,0.9964856917449616,0.9970906314477033,0.9956139617952382,0.9912497460308042,0.9991896063570507,
CICIoMT2024,binary,trades,aam_trans,21,pgd,0.1,0.9964139711683282,0.9970411166923062,0.995524807950935,0.9910726277537906,0.9991850090182532,0.0
CICIoMT2024,binary,trades,aam_trans,21,transfer_mlp,0.1,0.9967008534748619,0.9974002242265074,0.9958828233148602,0.9917886684104177,0.9992913144293853,
CICIoMT2024,binary,trades,aam_trans,21,transfer_tf,0.1,0.9967008534748619,0.9974002242265074,0.9958828233148602,0.9917886684104177,0.9992948557968065,
CICIoMT2024,binary,trades,aam_trans,21,gaussian,0.2,0.9964856917449616,0.9968490586787842,0.995611859457751,0.9912390522171316,0.9994897469042654,
CICIoMT2024,binary,trades,aam_trans,21,fgsm,0.2,0.9951230007889263,0.9953446085320942,0.9939127672382267,0.9878461541800724,0.9990446549690792,
CICIoMT2024,binary,trades,aam_trans,21,pgd,0.2,0.9950512802122929,0.9952145695203907,0.9938227559408894,0.9876650029268825,0.9990209600016073,0.0
CICIoMT2024,binary,trades,aam_trans,21,transfer_mlp,0.2,0.9956967654019938,0.9960628236004967,0.9946289122690236,0.9892784620743645,0.999150715703917,
CICIoMT2024,binary,trades,aam_trans,21,transfer_tf,0.2,0.9959836477085275,0.9963414068783915,0.9949861841507405,0.9899907902520296,0.9991819312480216,
CICIoMT2024,binary,trades,aam_trans,21,pgd_constrained,0.1,0.9966291328982285,0.9972701852148039,0.9957929837627795,0.9916077946738032,0.9992069139854651,1.0
CICIoMT2024,binary,trades,aam_trans,21,square,0.1,0.997,0.9973658281554765,0.9962382445141066,0.9924890107326048,0.9993917274939172,
CICIoMT2024,binary,trades,aam_trans,21,square_clean_subset,0,0.997,0.9973658281554765,0.9962382445141066,0.9924890107326048,0.9995048360177756,
CICIoMT2024,binary,trades,aam_v3b,21,clean,0,0.9965574123215951,0.9972206704594069,0.9957038156328977,0.9914306480821041,0.9995141243898225,
CICIoMT2024,binary,trades,aam_v3b,21,gaussian,0.05,0.9965574123215951,0.9972206704594069,0.9957038156328977,0.9914306480821041,0.9995150515842018,
CICIoMT2024,binary,trades,aam_v3b,21,fgsm,0.05,0.9965574123215951,0.9972206704594069,0.9957038156328977,0.9914306480821041,0.9993462120632625,
CICIoMT2024,binary,trades,aam_v3b,21,pgd,0.05,0.9965574123215951,0.9972206704594069,0.9957038156328977,0.9914306480821041,0.9993450917033874,0.0
CICIoMT2024,binary,trades,aam_v3b,21,transfer_mlp,0.05,0.9965574123215951,0.9972206704594069,0.9957038156328977,0.9914306480821041,0.9994335615004168,
CICIoMT2024,binary,trades,aam_v3b,21,transfer_tf,0.05,0.9965574123215951,0.9972206704594069,0.9957038156328977,0.9914306480821041,0.999435441644575,
CICIoMT2024,binary,trades,aam_v3b,21,gaussian,0.1,0.9966291328982285,0.9972701852148039,0.9957929837627795,0.9916077946738032,0.9995227910817293,
CICIoMT2024,binary,trades,aam_v3b,21,fgsm,0.1,0.9962705300150613,0.9968615629252056,0.9953458002689725,0.9907146074254771,0.9992502345673002,
CICIoMT2024,binary,trades,aam_v3b,21,pgd,0.1,0.9962705300150613,0.9968615629252056,0.9953458002689725,0.9907146074254771,0.9992494490276177,0.0
CICIoMT2024,binary,trades,aam_v3b,21,transfer_mlp,0.1,0.9963422505916948,0.996991601936909,0.9954356682754827,0.9908955690462066,0.9993630432167877,
CICIoMT2024,binary,trades,aam_v3b,21,transfer_tf,0.1,0.9964856917449616,0.9971711557040097,0.9956146616764441,0.991253561075714,0.9993621031447086,
CICIoMT2024,binary,trades,aam_v3b,21,gaussian,0.2,0.9961270888617945,0.9964404363891857,0.9951644764677894,0.9903452800332616,0.9994583510723648,
CICIoMT2024,binary,trades,aam_v3b,21,fgsm,0.2,0.9951230007889263,0.9954251327884005,0.9939137388132716,0.9878504447989689,0.9991132415977517,
CICIoMT2024,binary,trades,aam_v3b,21,pgd,0.2,0.9950512802122929,0.9952950937766971,0.9938237421198252,0.9876692596008142,0.9990786649740219,0.0
CICIoMT2024,binary,trades,aam_v3b,21,transfer_mlp,0.2,0.9954816036720935,0.9959948035906117,0.9943626071404126,0.9887519527877934,0.999214099741905,
CICIoMT2024,binary,trades,aam_v3b,21,transfer_tf,0.2,0.9954816036720935,0.9960753278469181,0.9943635058349598,0.9887564131686842,0.999223577728894,
CICIoMT2024,binary,trades,aam_v3b,21,pgd_constrained,0.1,0.9964856917449616,0.9971711557040097,0.9956146616764441,0.991253561075714,0.9992697442823657,1.0
CICIoMT2024,binary,trades,aam_v3b,21,square,0.1,0.9965,0.9964534193963523,0.9956088061002466,0.991224658216458,0.99972853954274,
CICIoMT2024,binary,trades,aam_v3b,21,square_clean_subset,0,0.9965,0.9964534193963523,0.9956088061002466,0.991224658216458,0.9997737829522833,
CICIoMT2024,binary,trades,transformer,22,clean,0,0.9959836477085275,0.9969050766725363,0.9949917778252254,0.9900201910642319,0.9994055009927418,
CICIoMT2024,binary,trades,transformer,22,gaussian,0.05,0.9960553682851611,0.9969545914279334,0.9950808187674438,0.9901967716888987,0.9994118239433011,
CICIoMT2024,binary,trades,transformer,22,fgsm,0.05,0.9959119271318941,0.9967750376608329,0.9949019394498964,0.9898390054792804,0.9991251663476861,
CICIoMT2024,binary,trades,transformer,22,pgd,0.05,0.9959119271318941,0.9967750376608329,0.9949019394498964,0.9898390054792804,0.9991202213109962,0.0
CICIoMT2024,binary,trades,transformer,22,transfer_mlp,0.05,0.9959119271318941,0.9967750376608329,0.9949019394498964,0.9898390054792804,0.9992456758616018,
CICIoMT2024,binary,trades,transformer,22,transfer_tf,0.05,0.9959119271318941,0.9967750376608329,0.9949019394498964,0.9898390054792804,0.9993159881020357,
CICIoMT2024,binary,trades,transformer,22,gaussian,0.1,0.9959836477085275,0.9969050766725363,0.9949917778252254,0.9900201910642319,0.9993985084017978,
CICIoMT2024,binary,trades,transformer,22,fgsm,0.1,0.9956250448253604,0.9963354058703251,0.9945433117647604,0.9891188204646919,0.998837530046893,
CICIoMT2024,binary,trades,transformer,22,pgd,0.1,0.995553324248727,0.9962053668586217,0.9944534159985866,0.9889376153826509,0.9987939905441628,0.0
CICIoMT2024,binary,trades,transformer,22,transfer_mlp,0.1,0.9959119271318941,0.9967750376608329,0.9949019394498964,0.9898390054792804,0.9990407916591654,
CICIoMT2024,binary,trades,transformer,22,transfer_tf,0.1,0.9958402065552607,0.9966449986491293,0.9948120867023693,0.989657822805693,0.999180347290957,
CICIoMT2024,binary,trades,transformer,22,gaussian,0.2,0.9956967654019938,0.9965459691383352,0.9946340476698843,0.9893047149576015,0.9994201686927152,
CICIoMT2024,binary,trades,transformer,22,fgsm,0.2,0.9939754715627913,0.9943913239331277,0.9924876667378381,0.9850118583178195,0.9982269854257921,
CICIoMT2024,binary,trades,transformer,22,pgd,0.2,0.9913935308039876,0.9902735893059461,0.9892492353101283,0.9785091823480918,0.998014812445318,0.0
CICIoMT2024,binary,trades,transformer,22,transfer_mlp,0.2,0.9953381625188267,0.995976298336124,0.9941854961427775,0.9884031753254412,0.9986195492238483,
CICIoMT2024,binary,trades,transformer,22,transfer_tf,0.2,0.9949795596356594,0.9955676760465255,0.9937387253304457,0.9875110565153807,0.9987560013300086,
CICIoMT2024,binary,trades,transformer,22,pgd_constrained,0.1,0.9956967654019938,0.9964654448820287,0.994633193140382,0.9893000284239744,0.9989267853836049,1.0
CICIoMT2024,binary,trades,transformer,22,square,0.1,0.994,0.9941911622149643,0.9925676253191276,0.9851626264130611,0.9993525022494643,
CICIoMT2024,binary,trades,transformer,22,square_clean_subset,0,0.995,0.9959832769103047,0.9938130756933068,0.9876747876273494,0.999410913754791,
CICIoMT2024,binary,trades,aam_noGate,22,clean,0,0.9964856917449616,0.9970906314477033,0.9956139617952382,0.9912497460308042,0.9996095996554958,
CICIoMT2024,binary,trades,aam_noGate,22,gaussian,0.05,0.9962705300150613,0.9967810386688991,0.9953450572998204,0.9907107699686566,0.9996068953385561,
CICIoMT2024,binary,trades,aam_noGate,22,fgsm,0.05,0.9959836477085275,0.9964219311346979,0.9949869847844219,0.9899946160215105,0.9995053804317171,
CICIoMT2024,binary,trades,aam_noGate,22,pgd,0.05,0.9959836477085275,0.9964219311346979,0.9949869847844219,0.9899946160215105,0.9995037192084542,0.0
CICIoMT2024,binary,trades,aam_noGate,22,transfer_mlp,0.05,0.9959836477085275,0.9964219311346979,0.9949869847844219,0.9899946160215105,0.9995673350450371,
CICIoMT2024,binary,trades,aam_noGate,22,transfer_tf,0.05,0.9961270888617945,0.9966014849017986,0.9951660210421212,0.9903526929950836,0.9995678243976264,
CICIoMT2024,binary,trades,aam_noGate,22,gaussian,0.1,0.9963422505916948,0.9968305534242963,0.9954342109128314,0.9908879508072861,0.9996348914577324,
CICIoMT2024,binary,trades,aam_noGate,22,fgsm,0.1,0.9956967654019938,0.9959822993441902,0.9946280544472219,0.9892745228871824,0.9993976455959168,
CICIoMT2024,binary,trades,aam_noGate,22,pgd,0.1,0.9956967654019938,0.9959822993441902,0.9946280544472219,0.9892745228871824,0.9993809174639895,0.0
CICIoMT2024,binary,trades,aam_noGate,22,transfer_mlp,0.1,0.9957684859786272,0.9961123383558937,0.9947180087030794,0.9894555295271067,0.9995058569066066,
CICIoMT2024,binary,trades,aam_noGate,22,transfer_tf,0.1,0.9959836477085275,0.9963414068783915,0.9949861841507405,0.9899907902520296,0.9995330546084008,
CICIoMT2024,binary,trades,aam_noGate,22,gaussian,0.2,0.9959119271318941,0.9960503193540753,0.9948946121109103,0.989802635514287,0.9995561958347853,
CICIoMT2024,binary,trades,aam_noGate,22,fgsm,0.2,0.9947643979057592,0.9948554619861893,0.9934646548360134,0.9869487922867929,0.9990741191460231,
CICIoMT2024,binary,trades,aam_noGate,22,pgd,0.2,0.9946926773291257,0.9948059472307923,0.9933756584651291,0.9867719232593533,0.9989965438829509,0.0
CICIoMT2024,binary,trades,aam_noGate,22,transfer_mlp,0.2,0.9951947213655598,0.9954746475437977,0.9940027640873664,0.9880273082438132,0.9992409626235069,
CICIoMT2024,binary,trades,aam_noGate,22,transfer_tf,0.2,0.9954816036720935,0.9957532308216925,0.9943599075982034,0.988739318887017,0.9993896485443952,
CICIoMT2024,binary,trades,aam_noGate,22,pgd_constrained,0.1,0.9957684859786272,0.9961123383558937,0.9947180087030794,0.9894555295271067,0.9994238388371334,1.0
CICIoMT2024,binary,trades,aam_noGate,22,square,0.1,0.994,0.9941911622149643,0.9925676253191276,0.9851626264130611,0.9996905433015674,
CICIoMT2024,binary,trades,aam_noGate,22,square_clean_subset,0,0.9945,0.9950872195626346,0.9931906906837197,0.9864186306447247,0.9997265844431519,
CICIoMT2024,binary,trades,aam_trans,22,clean,0,0.9963422505916948,0.9968305534242963,0.9954342109128314,0.9908879508072861,0.999517189282354,
CICIoMT2024,binary,trades,aam_trans,22,gaussian,0.05,0.9962705300150613,0.9967810386688991,0.9953450572998204,0.9907107699686566,0.9995143304330179,
CICIoMT2024,binary,trades,aam_trans,22,fgsm,0.05,0.9958402065552607,0.9962423773675972,0.9948079485267227,0.9896365390479376,0.999339901990403,
CICIoMT2024,binary,trades,aam_trans,22,pgd,0.05,0.9958402065552607,0.9962423773675972,0.9948079485267227,0.9896365390479376,0.9993390778176213,0.0
CICIoMT2024,binary,trades,aam_trans,22,transfer_mlp,0.05,0.9959836477085275,0.9964219311346979,0.9949869847844219,0.9899946160215105,0.9994490404954721,
CICIoMT2024,binary,trades,aam_trans,22,transfer_tf,0.05,0.9960553682851611,0.996471445890095,0.9950761098079554,0.9901717401671964,0.9994862312922438,
CICIoMT2024,binary,trades,aam_trans,22,gaussian,0.1,0.9963422505916948,0.9969110776806027,0.9954349398276968,0.9908916973878052,0.9995225464054348,
CICIoMT2024,binary,trades,aam_trans,22,fgsm,0.1,0.9956250448253604,0.9960133088450995,0.9945398299899904,0.9891014541728103,0.9992456501062024,
CICIoMT2024,binary,trades,aam_trans,22,pgd,0.1,0.9956250448253604,0.9960133088450995,0.9945398299899904,0.9891014541728103,0.9992410141343057,0.0
CICIoMT2024,binary,trades,aam_trans,22,transfer_mlp,0.1,0.9956250448253604,0.9960133088450995,0.9945398299899904,0.9891014541728103,0.999367833721081,
CICIoMT2024,binary,trades,aam_trans,22,transfer_tf,0.1,0.9957684859786272,0.9961928626122001,0.9947188519575316,0.9894595028158092,0.9994216882612815,
CICIoMT2024,binary,trades,aam_trans,22,gaussian,0.2,0.9954816036720935,0.9955921823090796,0.9943581050171084,0.988731520161475,0.9994852525870653,
CICIoMT2024,binary,trades,aam_trans,22,fgsm,0.2,0.994907839059026,0.9951960642659028,0.993645734265868,0.987315648751132,0.9989628429428017,
CICIoMT2024,binary,trades,aam_trans,22,pgd,0.2,0.9947643979057592,0.9949359862424958,0.9934656981847425,0.9869531623148162,0.9988783909880826,0.0
CICIoMT2024,binary,trades,aam_trans,22,transfer_mlp,0.2,0.9951947213655598,0.9954746475437977,0.9940027640873664,0.9880273082438132,0.9992059095248876,
CICIoMT2024,binary,trades,aam_trans,22,transfer_tf,0.2,0.9954816036720935,0.995833755077999,0.9943608080224491,0.9887434055298112,0.9992541236326138,
CICIoMT2024,binary,trades,aam_trans,22,pgd_constrained,0.1,0.9956250448253604,0.9960133088450995,0.9945398299899904,0.9891014541728103,0.9992733371605858,1.0
CICIoMT2024,binary,trades,aam_trans,22,square,0.1,0.994,0.9941911622149643,0.9925676253191276,0.9851626264130611,0.9995836626747996,
CICIoMT2024,binary,trades,aam_trans,22,square_clean_subset,0,0.995,0.9959832769103047,0.9938130756933068,0.9876747876273494,0.9997153992612807,
CICIoMT2024,binary,trades,aam_v3b,22,clean,0,0.9963422505916948,0.9966695049116835,0.9954327516805164,0.9908808333520378,0.9995814490039228,
CICIoMT2024,binary,trades,aam_v3b,22,gaussian,0.05,0.9962705300150613,0.9967005144125928,0.995344313854259,0.9907070576168768,0.9995772766292159,
CICIoMT2024,binary,trades,aam_v3b,22,fgsm,0.05,0.9961270888617945,0.9965209606454921,0.9951652490024998,0.9903489239344533,0.9994516160354147,
CICIoMT2024,binary,trades,aam_v3b,22,pgd,0.05,0.9961270888617945,0.9965209606454921,0.9951652490024998,0.9903489239344533,0.9994508176180326,0.0
CICIoMT2024,binary,trades,aam_v3b,22,transfer_mlp,0.05,0.9961988094384279,0.9965704754008893,0.9952544023748853,0.9905261673619026,0.9995342908675734,
CICIoMT2024,binary,trades,aam_v3b,22,transfer_tf,0.05,0.9961988094384279,0.9966509996571957,0.9952551603603933,0.9905298454872412,0.9995376905802974,
CICIoMT2024,binary,trades,aam_v3b,22,gaussian,0.1,0.9964139711683282,0.9969605924359998,0.9955240935575196,0.9910688469422296,0.9996100503749857,
CICIoMT2024,binary,trades,aam_v3b,22,fgsm,0.1,0.9956967654019938,0.9959822993441902,0.9946280544472219,0.9892745228871824,0.9993146488212655,
CICIoMT2024,binary,trades,aam_v3b,22,pgd,0.1,0.9956967654019938,0.9959822993441902,0.9946280544472219,0.9892745228871824,0.9993109657991475,0.0
CICIoMT2024,binary,trades,aam_v3b,22,transfer_mlp,0.1,0.9957684859786272,0.9961123383558937,0.9947180087030794,0.9894555295271067,0.9994728384845419,
CICIoMT2024,binary,trades,aam_v3b,22,transfer_tf,0.1,0.9959836477085275,0.9964219311346979,0.9949869847844219,0.9899946160215105,0.9994821876945338,
CICIoMT2024,binary,trades,aam_v3b,22,gaussian,0.2,0.9958402065552607,0.9960813288549845,0.9948062895394774,0.9896288991233839,0.9995065136692919,
CICIoMT2024,binary,trades,aam_v3b,22,fgsm,0.2,0.9948361184823926,0.9949049767415865,0.9935536653366663,0.9871257207926408,0.999043418709907,
CICIoMT2024,binary,trades,aam_v3b,22,pgd,0.2,0.9947643979057592,0.994774937729883,0.9934636108182382,0.9869445467547171,0.998965469993543,0.0
CICIoMT2024,binary,trades,aam_v3b,22,transfer_mlp,0.2,0.9951947213655598,0.9953135990311849,0.9940008482852323,0.9880190329368728,0.9992532350713335,
CICIoMT2024,binary,trades,aam_v3b,22,transfer_tf,0.2,0.9954098830954601,0.9955426675536826,0.9942690091470096,0.9885543277585673,0.999352921344813,
CICIoMT2024,binary,trades,aam_v3b,22,pgd_constrained,0.1,0.9956967654019938,0.9959822993441902,0.9946280544472219,0.9892745228871824,0.9993682458074716,1.0
CICIoMT2024,binary,trades,aam_v3b,22,square,0.1,0.994,0.9941911622149643,0.9925676253191276,0.9851626264130611,0.9996917860995531,
CICIoMT2024,binary,trades,aam_v3b,22,square_clean_subset,0,0.9945,0.9950872195626346,0.9931906906837197,0.9864186306447247,0.9997477120089084,
CICIoMT2024,binary,trades,transformer,23,clean,0,0.9956250448253604,0.9965769786392444,0.9945459172453016,0.9891331506623705,0.9991498013872373,
CICIoMT2024,binary,trades,transformer,23,gaussian,0.05,0.9956250448253604,0.9965769786392444,0.9945459172453016,0.9891331506623705,0.9992019560710758,
CICIoMT2024,binary,trades,transformer,23,fgsm,0.05,0.9951947213655598,0.9960383173379426,0.9940094500891018,0.9880601896250775,0.9986228587926745,
CICIoMT2024,binary,trades,transformer,23,pgd,0.05,0.9951947213655598,0.9960383173379426,0.9940094500891018,0.9880601896250775,0.9986148746188523,0.0
CICIoMT2024,binary,trades,transformer,23,transfer_mlp,0.05,0.9954098830954601,0.9962673858604403,0.9942772284288519,0.9885941620645061,0.9989465655303642,
CICIoMT2024,binary,trades,transformer,23,transfer_tf,0.05,0.9952664419421933,0.996168356349646,0.994099330595994,0.988241583599401,0.9987972743575896,
CICIoMT2024,binary,trades,transformer,23,gaussian,0.1,0.9954098830954601,0.9962673858604403,0.9942772284288519,0.9885941620645061,0.99925338960373,
CICIoMT2024,binary,trades,transformer,23,fgsm,0.1,0.9946209567524923,0.9954811507821528,0.9932962927692883,0.9866405342356411,0.9982197352808536,
CICIoMT2024,binary,trades,transformer,23,pgd,0.1,0.9946209567524923,0.9954811507821528,0.9932962927692883,0.9866405342356411,0.9981557846240782,0.0
CICIoMT2024,binary,trades,transformer,23,transfer_mlp,0.1,0.9954098830954601,0.9962673858604403,0.9942772284288519,0.9885941620645061,0.9987358219745583,
CICIoMT2024,binary,trades,transformer,23,transfer_tf,0.1,0.9951230007889263,0.9959888025825454,0.9939205224322363,0.9878839580135087,0.998552211732048,
CICIoMT2024,binary,trades,transformer,23,gaussian,0.2,0.9954098830954601,0.9964284343730531,0.9942790485076618,0.9886043800977344,0.9992837680973534,
CICIoMT2024,binary,trades,transformer,23,fgsm,0.2,0.9931865452198235,0.9940077101363722,0.9915140287678964,0.9830907552654525,0.9975074825874184,
CICIoMT2024,binary,trades,transformer,23,pgd,0.2,0.9913935308039876,0.9922866957136062,0.9892919075810397,0.9786746280661924,0.9973145488903159,0.0
CICIoMT2024,binary,trades,transformer,23,transfer_mlp,0.2,0.9946209567524923,0.9954006265258464,0.9932952269998684,0.9866349928783594,0.9982891847154066,
CICIoMT2024,binary,trades,transformer,23,transfer_tf,0.2,0.9945492361758589,0.9954316360267558,0.993207449736687,0.9864645944634937,0.9980734059790128,
CICIoMT2024,binary,trades,transformer,23,pgd_constrained,0.1,0.9948361184823926,0.9957102193046505,0.9935639295711194,0.9871741023108233,0.9984279934406148,1.0
CICIoMT2024,binary,trades,transformer,23,square,0.1,0.995,0.9954609124704947,0.9939597112741989,0.9879455062704391,0.9978080060488855,
CICIoMT2024,binary,trades,transformer,23,square_clean_subset,0,0.9955,0.9963200189997043,0.9945664625769638,0.9891684181590433,0.9987907075935808,
CICIoMT2024,binary,trades,aam_noGate,23,clean,0,0.9956967654019938,0.9962238721131095,0.9946306262639125,0.9892867148832447,0.999243422264152,
CICIoMT2024,binary,trades,aam_noGate,23,gaussian,0.05,0.9956250448253604,0.996093833101406,0.9945407012706753,0.9891056088986693,0.9992315619027161,
CICIoMT2024,binary,trades,aam_noGate,23,fgsm,0.05,0.9954816036720935,0.995833755077999,0.9943608080224491,0.9887434055298112,0.9990196078431374,
CICIoMT2024,binary,trades,aam_noGate,23,pgd,0.05,0.9954816036720935,0.995833755077999,0.9943608080224491,0.9887434055298112,0.9990185389940612,0.0
CICIoMT2024,binary,trades,aam_noGate,23,transfer_mlp,0.05,0.9954816036720935,0.995833755077999,0.9943608080224491,0.9887434055298112,0.9991656667132839,
CICIoMT2024,binary,trades,aam_noGate,23,transfer_tf,0.05,0.9954816036720935,0.995833755077999,0.9943608080224491,0.9887434055298112,0.9991534457762562,
CICIoMT2024,binary,trades,aam_noGate,23,gaussian,0.1,0.9959836477085275,0.9965829796473107,0.994988584512985,0.9900026423763879,0.9992342533419564,
CICIoMT2024,binary,trades,aam_noGate,23,fgsm,0.1,0.9949795596356594,0.9950845305086872,0.9937327301884256,0.9874838544750644,0.9988288633549858,
CICIoMT2024,binary,trades,aam_noGate,23,pgd,0.1,0.9949795596356594,0.9950845305086872,0.9937327301884256,0.9874838544750644,0.9988229009800186,0.0
CICIoMT2024,binary,trades,aam_noGate,23,transfer_mlp,0.1,0.9950512802122929,0.9952145695203907,0.9938227559408894,0.9876650029268825,0.9990712087858877,
CICIoMT2024,binary,trades,aam_noGate,23,transfer_tf,0.1,0.9951230007889263,0.9952640842757878,0.9939117950401848,0.987841988157488,0.9990779824559369,
CICIoMT2024,binary,trades,aam_noGate,23,gaussian,0.2,0.995553324248727,0.9956416970644768,0.9944472150580236,0.9889087722449839,0.9992603564392748,
CICIoMT2024,binary,trades,aam_noGate,23,fgsm,0.2,0.9939037509861579,0.9935365666146665,0.9923867022706558,0.9847867752488652,0.9983997268897445,
CICIoMT2024,binary,trades,aam_noGate,23,pgd,0.2,0.9938320304095245,0.9934870518592693,0.9922977499191941,0.9846098047506731,0.9983291055845175,0.0
CICIoMT2024,binary,trades,aam_noGate,23,transfer_mlp,0.2,0.9943340744459586,0.9941557521722748,0.9929252427992312,0.9858657692407247,0.9988140411226161,
CICIoMT2024,binary,trades,aam_noGate,23,transfer_tf,0.2,0.9946209567524923,0.994514859706476,0.9932834583537005,0.9865822069709123,0.9989548201358803,
CICIoMT2024,binary,trades,aam_noGate,23,pgd_constrained,0.1,0.9950512802122929,0.9952145695203907,0.9938227559408894,0.9876650029268825,0.9989098254530824,1.0
CICIoMT2024,binary,trades,aam_noGate,23,square,0.1,0.9935,0.9928835928828659,0.9921357752356167,0.9842780768622151,0.998754356118438,
CICIoMT2024,binary,trades,aam_noGate,23,square_clean_subset,0,0.995,0.9949544152501708,0.993953641359028,0.9879188985387529,0.9990536499304475,
CICIoMT2024,binary,trades,aam_trans,23,clean,0,0.9959119271318941,0.9967750376608329,0.9949019394498964,0.9898390054792804,0.999191795566002,
CICIoMT2024,binary,trades,aam_trans,23,gaussian,0.05,0.9957684859786272,0.9965149596374258,0.9947222195757519,0.9894766430343173,0.999164726641205,
CICIoMT2024,binary,trades,aam_trans,23,fgsm,0.05,0.9956250448253604,0.9962548816140188,0.9945424421576594,0.9891142921615781,0.9988697500515749,
CICIoMT2024,binary,trades,aam_trans,23,pgd,0.05,0.9956250448253604,0.9962548816140188,0.9945424421576594,0.9891142921615781,0.9988648050148854,0.0
CICIoMT2024,binary,trades,aam_trans,23,transfer_mlp,0.05,0.9956967654019938,0.9963849206257223,0.9946323380631483,0.9892954661559982,0.9990377525220332,
CICIoMT2024,binary,trades,aam_trans,23,transfer_tf,0.05,0.9956250448253604,0.9962548816140188,0.9945424421576594,0.9891142921615781,0.9990527550421989,
CICIoMT2024,binary,trades,aam_trans,23,gaussian,0.1,0.9958402065552607,0.9967255229054357,0.9948129127475549,0.9896624530109167,0.9992189417569973,
CICIoMT2024,binary,trades,aam_trans,23,fgsm,0.1,0.9952664419421933,0.9958462593244204,0.9940955718694631,0.9882219138359561,0.9986578603804949,
CICIoMT2024,binary,trades,aam_trans,23,pgd,0.1,0.9952664419421933,0.9958462593244204,0.9940955718694631,0.9882219138359561,0.9986423041192415,0.0
CICIoMT2024,binary,trades,aam_trans,23,transfer_mlp,0.1,0.995553324248727,0.9962053668586217,0.9944534159985866,0.9889376153826509,0.998873484584492,
CICIoMT2024,binary,trades,aam_trans,23,transfer_tf,0.1,0.9954816036720935,0.9959948035906117,0.9943626071404126,0.9887519527877934,0.9989146417127753,
CICIoMT2024,binary,trades,aam_trans,23,gaussian,0.2,0.9957684859786272,0.9962733868685065,0.9947196946716368,0.9894636009281768,0.9991503036175262,
CICIoMT2024,binary,trades,aam_trans,23,fgsm,0.2,0.9939037509861579,0.994019712152505,0.9923939937608742,0.9848146625133283,0.9983452284645584,
CICIoMT2024,binary,trades,aam_trans,23,pgd,0.2,0.9936168686796242,0.9937411288746101,0.9920373336398638,0.9841039862610644,0.9981962721119763,0.0
CICIoMT2024,binary,trades,aam_trans,23,transfer_mlp,0.2,0.9946209567524923,0.9949980052443144,0.9932898878987616,0.9866091392113212,0.9986192401590551,
CICIoMT2024,binary,trades,aam_trans,23,transfer_tf,0.2,0.9946926773291257,0.995128044256018,0.9933798836112162,0.9867905107425669,0.9987258417572807,
CICIoMT2024,binary,trades,aam_trans,23,pgd_constrained,0.1,0.9953381625188267,0.9958957740798176,0.99418456951226,0.9883985341757904,0.998745982479632,1.0
CICIoMT2024,binary,trades,aam_trans,23,square,0.1,0.9945,0.9946018059412851,0.9933523476335415,0.986722814000831,0.9984453685797235,
CICIoMT2024,binary,trades,aam_trans,23,square_clean_subset,0,0.996,0.99667262830859,0.9951677690193592,0.9903616589617865,0.9989918524227047,
CICIoMT2024,binary,trades,aam_v3b,23,clean,0,0.9958402065552607,0.9965644743928228,0.9948112601277099,0.9896533169293456,0.9992565446401597,
CICIoMT2024,binary,trades,aam_v3b,23,gaussian,0.05,0.9958402065552607,0.9965644743928228,0.9948112601277099,0.9896533169293456,0.999215052691684,
CICIoMT2024,binary,trades,aam_v3b,23,fgsm,0.05,0.995553324248727,0.9960443183460088,0.9944516471393763,0.988928751136673,0.9989810004993971,
CICIoMT2024,binary,trades,aam_v3b,23,pgd,0.05,0.995553324248727,0.9960443183460088,0.9944516471393763,0.988928751136673,0.9989742139516485,0.0
CICIoMT2024,binary,trades,aam_v3b,23,transfer_mlp,0.05,0.9956250448253604,0.9961743573577124,0.994541571993098,0.9891098882672902,0.9991167829651729,
CICIoMT2024,binary,trades,aam_v3b,23,transfer_tf,0.05,0.9956250448253604,0.9961743573577124,0.994541571993098,0.9891098882672902,0.9991442124655618,
CICIoMT2024,binary,trades,aam_v3b,23,gaussian,0.1,0.9960553682851611,0.996874067171627,0.9950800351977348,0.9901922881735679,0.9992528229849426,
CICIoMT2024,binary,trades,aam_v3b,23,fgsm,0.1,0.9954816036720935,0.9959142793343053,0.9943617078697139,0.9887476168691618,0.9987262280882719,
CICIoMT2024,binary,trades,aam_v3b,23,pgd,0.1,0.9954816036720935,0.9959142793343053,0.9943617078697139,0.9887476168691618,0.9986927460690177,0.0
CICIoMT2024,binary,trades,aam_v3b,23,transfer_mlp,0.1,0.9954816036720935,0.9959142793343053,0.9943617078697139,0.9887476168691618,0.9989787726573468,
CICIoMT2024,binary,trades,aam_v3b,23,transfer_tf,0.1,0.9954816036720935,0.9959142793343053,0.9943617078697139,0.9887476168691618,0.9990183973393643,
CICIoMT2024,binary,trades,aam_v3b,23,gaussian,0.2,0.9954098830954601,0.9955426675536826,0.9942690091470096,0.9885543277585673,0.9992615926984474,
CICIoMT2024,binary,trades,aam_v3b,23,fgsm,0.2,0.9944775155992254,0.9944158301956818,0.9931054525069087,0.98622822263328,0.9982896869456955,
CICIoMT2024,binary,trades,aam_v3b,23,pgd,0.2,0.9943340744459586,0.9942362764285811,0.9929263733512441,0.9858700605725615,0.9981162758413582,0.0
CICIoMT2024,binary,trades,aam_v3b,23,transfer_mlp,0.2,0.9946209567524923,0.9945953839627824,0.9932845316625735,0.9865863846939986,0.9986308043333975,
CICIoMT2024,binary,trades,aam_v3b,23,transfer_tf,0.2,0.9948361184823926,0.9949049767415865,0.9935536653366663,0.9871257207926408,0.9987988969477534,
CICIoMT2024,binary,trades,aam_v3b,23,pgd_constrained,0.1,0.9954816036720935,0.9959142793343053,0.9943617078697139,0.9887476168691618,0.9988217033539454,1.0
CICIoMT2024,binary,trades,aam_v3b,23,square,0.1,0.9955,0.9958135217793804,0.9945610117001703,0.9891401680160664,0.9985556347209903,
CICIoMT2024,binary,trades,aam_v3b,23,square_clean_subset,0,0.9955,0.9958135217793804,0.9945610117001703,0.9891401680160664,0.9990245687503333,
CICIoMT2024,binary,trades,transformer,24,clean,0,0.9949795596356594,0.9961313458406704,0.9937456905942814,0.9875484302130945,0.9991546305246299,
CICIoMT2024,binary,trades,transformer,24,gaussian,0.05,0.9949795596356594,0.9961313458406704,0.9937456905942814,0.9875484302130945,0.9991426542638965,
CICIoMT2024,binary,trades,transformer,24,fgsm,0.05,0.9947643979057592,0.9959022773181727,0.9934781663585018,0.9870152709409251,0.9987724847856416,
CICIoMT2024,binary,trades,transformer,24,pgd,0.05,0.9947643979057592,0.9959022773181727,0.9934781663585018,0.9870152709409251,0.9987659171587878,0.0
CICIoMT2024,binary,trades,transformer,24,transfer_mlp,0.05,0.9949795596356594,0.9961313458406704,0.9937456905942814,0.9875484302130945,0.9989971491348376,
CICIoMT2024,binary,trades,transformer,24,transfer_tf,0.05,0.994907839059026,0.9960818310852733,0.9936568467322415,0.9873726443957148,0.9989007724301844,
CICIoMT2024,binary,trades,transformer,24,gaussian,0.1,0.9950512802122929,0.9961808605960676,0.9938345484803467,0.9877242747759756,0.9991291455568975,
CICIoMT2024,binary,trades,transformer,24,fgsm,0.1,0.9942623538693252,0.9952335770051673,0.9928522178220359,0.9857614231803237,0.9984352049524542,
CICIoMT2024,binary,trades,transformer,24,pgd,0.1,0.9942623538693252,0.9952335770051673,0.9928522178220359,0.9857614231803237,0.9984023796958855,0.0
CICIoMT2024,binary,trades,transformer,24,transfer_mlp,0.1,0.9947643979057592,0.9958217530618663,0.9934771310009465,0.9870094160279791,0.9988371308382018,
CICIoMT2024,binary,trades,transformer,24,transfer_tf,0.1,0.9945492361758589,0.9955926845393686,0.9932096069309342,0.986476225993432,0.9987565937041957,
CICIoMT2024,binary,trades,transformer,24,gaussian,0.2,0.9948361184823926,0.9959517920735699,0.9935669960398323,0.9871910288065403,0.9991698519656907,
CICIoMT2024,binary,trades,transformer,24,fgsm,0.2,0.9928996629132898,0.9938096511147838,0.9911595284541304,0.9823898942306439,0.9978114349337481,
CICIoMT2024,binary,trades,transformer,24,pgd,0.2,0.9896005163881517,0.9894383417025504,0.9870456729038736,0.9741498265684955,0.9974774260362878,0.0
CICIoMT2024,binary,trades,transformer,24,transfer_mlp,0.2,0.994405795022592,0.995413130772268,0.9930309123764851,0.9861188245868778,0.9984813328728268,
CICIoMT2024,binary,trades,transformer,24,transfer_tf,0.2,0.9940471921394248,0.9949239842263632,0.992583587302446,0.9852222691579879,0.9983246112673178,
CICIoMT2024,binary,trades,transformer,24,pgd_constrained,0.1,0.9945492361758589,0.9955926845393686,0.9932096069309342,0.986476225993432,0.9986036066316033,1.0
CICIoMT2024,binary,trades,transformer,24,square,0.1,0.995,0.9959791557460455,0.9938592968403626,0.9877665103585411,0.9999296968949462,
CICIoMT2024,binary,trades,transformer,24,square_clean_subset,0,0.995,0.9959791557460455,0.9938592968403626,0.9877665103585411,0.9999481977120657,
CICIoMT2024,binary,trades,aam_noGate,24,clean,0,0.9956250448253604,0.9967380271518571,0.9945476514523546,0.9891433240408953,0.9992822742841866,
CICIoMT2024,binary,trades,aam_noGate,24,gaussian,0.05,0.9956250448253604,0.9966575028955508,0.9945467846265597,0.9891381754374302,0.999287013277681,
CICIoMT2024,binary,trades,aam_noGate,24,fgsm,0.05,0.9954816036720935,0.996638997641063,0.9943697805992511,0.988791111001474,0.9990456079188579,
CICIoMT2024,binary,trades,aam_noGate,24,pgd,0.05,0.9954816036720935,0.996638997641063,0.9943697805992511,0.988791111001474,0.9990431482782131,0.0
CICIoMT2024,binary,trades,aam_noGate,24,transfer_mlp,0.05,0.9954816036720935,0.996638997641063,0.9943697805992511,0.988791111001474,0.9992069912516636,
CICIoMT2024,binary,trades,aam_noGate,24,transfer_tf,0.05,0.9956250448253604,0.9967380271518571,0.9945476514523546,0.9891433240408953,0.9992017371501805,
CICIoMT2024,binary,trades,aam_noGate,24,gaussian,0.1,0.9959119271318941,0.997016610429752,0.9949043725199,0.9898533704543075,0.9993534364528015,
CICIoMT2024,binary,trades,aam_noGate,24,fgsm,0.1,0.9952664419421933,0.9962488806059524,0.9941002687735261,0.9882468106510066,0.9988582760211308,
CICIoMT2024,binary,trades,aam_noGate,24,pgd,0.1,0.9951947213655598,0.9961993658505554,0.9940113548738976,0.9880706998386435,0.998850317602708,0.0
CICIoMT2024,binary,trades,aam_noGate,24,transfer_mlp,0.1,0.9953381625188267,0.9964594438739623,0.9941910434754178,0.9884336256455127,0.9991245482180998,
CICIoMT2024,binary,trades,aam_noGate,24,transfer_tf,0.1,0.9952664419421933,0.9963294048622588,0.9941012063502808,0.988252161315984,0.9991259647650682,
CICIoMT2024,binary,trades,aam_noGate,24,gaussian,0.2,0.994907839059026,0.9955986855474348,0.9936507950964084,0.9873397002672973,0.999182768298503,
CICIoMT2024,binary,trades,aam_noGate,24,fgsm,0.2,0.9938320304095245,0.9943728186786398,0.9923112489584165,0.9846653277404781,0.9984703868280707,
CICIoMT2024,binary,trades,aam_noGate,24,pgd,0.2,0.9928996629132898,0.9930849328080262,0.9911468833034427,0.9823317614880966,0.9983883043700988,0.0
CICIoMT2024,binary,trades,aam_noGate,24,transfer_mlp,0.2,0.9946209567524923,0.9956421992947657,0.9932984222612464,0.9866519866539809,0.9989851213633055,
CICIoMT2024,binary,trades,aam_noGate,24,transfer_tf,0.2,0.9943340744459586,0.9951220432479516,0.9929387617169837,0.9859254514341399,0.9989369201332792,
CICIoMT2024,binary,trades,aam_noGate,24,pgd_constrained,0.1,0.9953381625188267,0.996378919617656,0.9941901204000498,0.9884282412393941,0.9989035411356225,1.0
CICIoMT2024,binary,trades,aam_noGate,24,square,0.1,0.995,0.9959791557460455,0.9938592968403626,0.9877665103585411,0.9999469643242577,
CICIoMT2024,binary,trades,aam_noGate,24,square_clean_subset,0,0.996,0.9972125435540069,0.9950874374722901,0.9902228619145987,0.999970398692609,
CICIoMT2024,binary,trades,aam_trans,24,clean,0,0.9953381625188267,0.996378919617656,0.9941901204000498,0.9884282412393941,0.9992547932729987,
CICIoMT2024,binary,trades,aam_trans,24,gaussian,0.05,0.9953381625188267,0.996378919617656,0.9941901204000498,0.9884282412393941,0.9992441047822367,
CICIoMT2024,binary,trades,aam_trans,24,fgsm,0.05,0.9952664419421933,0.9963294048622588,0.9941012063502808,0.988252161315984,0.9990030599990061,
CICIoMT2024,binary,trades,aam_trans,24,pgd,0.05,0.9952664419421933,0.9963294048622588,0.9941012063502808,0.988252161315984,0.9989993512214885,0.0
CICIoMT2024,binary,trades,aam_trans,24,transfer_mlp,0.05,0.9952664419421933,0.9963294048622588,0.9941012063502808,0.988252161315984,0.9991095199425345,
CICIoMT2024,binary,trades,aam_trans,24,transfer_tf,0.05,0.9953381625188267,0.996378919617656,0.9941901204000498,0.9884282412393941,0.9991090692230445,
CICIoMT2024,binary,trades,aam_trans,24,gaussian,0.1,0.9954816036720935,0.9965584733847566,0.9943688859262022,0.9887857826401447,0.9993153442170501,
CICIoMT2024,binary,trades,aam_trans,24,fgsm,0.1,0.9951947213655598,0.9962798901068617,0.9940123063515844,0.9880761402895516,0.9987566065818954,
CICIoMT2024,binary,trades,aam_trans,24,pgd,0.1,0.9951947213655598,0.9962798901068617,0.9940123063515844,0.9880761402895516,0.9987516486675058,0.0
CICIoMT2024,binary,trades,aam_trans,24,transfer_mlp,0.1,0.9952664419421933,0.9963294048622588,0.9941012063502808,0.988252161315984,0.9989681614327832,
CICIoMT2024,binary,trades,aam_trans,24,transfer_tf,0.1,0.9954098830954601,0.9964284343730531,0.9942790485076618,0.9886043800977344,0.9989711233037173,
CICIoMT2024,binary,trades,aam_trans,24,gaussian,0.2,0.9948361184823926,0.995388122279425,0.9935598317684584,0.987153262133662,0.9991954785881199,
CICIoMT2024,binary,trades,aam_trans,24,fgsm,0.2,0.9938320304095245,0.9949364884727847,0.9923197898548552,0.9847084255157934,0.9984137893378312,
CICIoMT2024,binary,trades,aam_trans,24,pgd,0.2,0.9936168686796242,0.9945463714376741,0.9920499848457134,0.9841627080602439,0.9983470828533172,0.0
CICIoMT2024,binary,trades,aam_trans,24,transfer_mlp,0.2,0.9942623538693252,0.9952335770051673,0.9928522178220359,0.9857614231803237,0.9987339933411992,
CICIoMT2024,binary,trades,aam_trans,24,transfer_tf,0.2,0.994405795022592,0.9954936550285743,0.9930320182947625,0.9861248807299642,0.9987574049992777,
CICIoMT2024,binary,trades,aam_trans,24,pgd_constrained,0.1,0.9951947213655598,0.9962798901068617,0.9940123063515844,0.9880761402895516,0.9988013952214977,1.0
CICIoMT2024,binary,trades,aam_trans,24,square,0.1,0.9955,0.9968641114982578,0.9944762893184631,0.9890132043884745,0.9999642317535692,
CICIoMT2024,binary,trades,aam_trans,24,square_clean_subset,0,0.9955,0.9968641114982578,0.9944762893184631,0.9890132043884745,0.9999716320804168,
CICIoMT2024,binary,trades,aam_v3b,24,clean,0,0.9954098830954601,0.9965089586293594,0.9942799576729996,0.9886096746864822,0.999253660035424,
CICIoMT2024,binary,trades,aam_v3b,24,gaussian,0.05,0.995553324248727,0.9966079881401537,0.9944578282417973,0.9889619495444623,0.9992612192451555,
CICIoMT2024,binary,trades,aam_v3b,24,fgsm,0.05,0.9953381625188267,0.996378919617656,0.9941901204000498,0.9884282412393941,0.9989682386989815,
CICIoMT2024,binary,trades,aam_v3b,24,pgd,0.05,0.9953381625188267,0.996378919617656,0.9941901204000498,0.9884282412393941,0.9989664873318204,0.0
CICIoMT2024,binary,trades,aam_v3b,24,transfer_mlp,0.05,0.9953381625188267,0.996378919617656,0.9941901204000498,0.9884282412393941,0.9991019349774034,
CICIoMT2024,binary,trades,aam_v3b,24,transfer_tf,0.05,0.9954098830954601,0.9965089586293594,0.9942799576729996,0.9886096746864822,0.9992300165787508,
CICIoMT2024,binary,trades,aam_v3b,24,gaussian,0.1,0.9956250448253604,0.9967380271518571,0.9945476514523546,0.9891433240408953,0.9992232557864013,
CICIoMT2024,binary,trades,aam_v3b,24,fgsm,0.1,0.9949795596356594,0.996050821584364,0.9937446974677,0.9875427207650465,0.9987770306136405,
CICIoMT2024,binary,trades,aam_v3b,24,pgd,0.1,0.9949795596356594,0.996050821584364,0.9937446974677,0.9875427207650465,0.998771081116373,0.0
CICIoMT2024,binary,trades,aam_v3b,24,transfer_mlp,0.1,0.9951230007889263,0.9961498510951583,0.993922455027562,0.987894647945486,0.9989869886297638,
CICIoMT2024,binary,trades,aam_v3b,24,transfer_tf,0.1,0.9951230007889263,0.9961498510951583,0.993922455027562,0.987894647945486,0.9991708306708691,
CICIoMT2024,binary,trades,aam_v3b,24,gaussian,0.2,0.9950512802122929,0.9956171908019227,0.9938276805207946,0.9876875301861905,0.9992016212508833,
CICIoMT2024,binary,trades,aam_v3b,24,fgsm,0.2,0.9941189127160582,0.9946514019565347,0.9926676989244664,0.985375025971931,0.9985175320867206,
CICIoMT2024,binary,trades,aam_v3b,24,pgd,0.2,0.9940471921394248,0.9946018872011375,0.9925788710059023,0.985198960192296,0.998484603808554,0.0
CICIoMT2024,binary,trades,aam_v3b,24,transfer_mlp,0.2,0.9944775155992254,0.9952210727587458,0.9931164330531983,0.9862773953699208,0.9987038595238702,
CICIoMT2024,binary,trades,aam_v3b,24,transfer_tf,0.2,0.9943340744459586,0.9950415189916453,0.9929376391065281,0.9859197978614821,0.998912233582929,
CICIoMT2024,binary,trades,aam_v3b,24,pgd_constrained,0.1,0.9950512802122929,0.9961003363397611,0.9938335692277512,0.9877186549335903,0.9988430674577696,1.0
CICIoMT2024,binary,trades,aam_v3b,24,square,0.1,0.995,0.9959791557460455,0.9938592968403626,0.9877665103585411,0.9999568314267213,
CICIoMT2024,binary,trades,aam_v3b,24,square_clean_subset,0,0.9955,0.9968641114982578,0.9944762893184631,0.9890132043884745,0.9999740988560328,
CICIoMT2024,binary,trades,transformer,25,clean,0,0.9947643979057592,0.9954996560366407,0.9934729829329019,0.9869872285877844,0.9990323567658532,
CICIoMT2024,binary,trades,transformer,25,gaussian,0.05,0.9947643979057592,0.9954996560366407,0.9934729829329019,0.9869872285877844,0.9990482736026988,
CICIoMT2024,binary,trades,transformer,25,fgsm,0.05,0.9944775155992254,0.9953015970150523,0.9931175272431361,0.9862829928348905,0.9986734681525472,
CICIoMT2024,binary,trades,transformer,25,pgd,0.05,0.9944775155992254,0.9953015970150523,0.9931175272431361,0.9862829928348905,0.9986703903823158,0.0
CICIoMT2024,binary,trades,transformer,25,transfer_mlp,0.05,0.9945492361758589,0.9953511117704493,0.9932063701028483,0.9864589634173676,0.9987905779537387,
CICIoMT2024,binary,trades,transformer,25,transfer_tf,0.05,0.9944775155992254,0.9953015970150523,0.9931175272431361,0.9862829928348905,0.9989595591293748,
CICIoMT2024,binary,trades,transformer,25,gaussian,0.1,0.9948361184823926,0.9955491707920378,0.9935618819824583,0.9871634349122506,0.9990345846079038,
CICIoMT2024,binary,trades,transformer,25,fgsm,0.1,0.9939754715627913,0.9947134209583532,0.9924924444458119,0.9850345409815013,0.9982441256441104,
CICIoMT2024,binary,trades,transformer,25,pgd,0.1,0.9939037509861579,0.9945833819466497,0.9924024651385268,0.984852827231888,0.9982023246308415,0.0
CICIoMT2024,binary,trades,transformer,25,transfer_mlp,0.1,0.994405795022592,0.9952520822596551,0.9930286984139682,0.9861070810929956,0.9987082636971722,
CICIoMT2024,binary,trades,transformer,25,transfer_tf,0.1,0.9942623538693252,0.9950725284925546,0.9928499470912494,0.9857495677224974,0.9988570268842587,
CICIoMT2024,binary,trades,transformer,25,gaussian,0.2,0.9943340744459586,0.9947999462227259,0.9929342669568737,0.9859035771734784,0.9990404182058737,
CICIoMT2024,binary,trades,transformer,25,fgsm,0.2,0.9912500896507208,0.99178504492128,0.9891065446161325,0.978285864302641,0.9975866418075552,
CICIoMT2024,binary,trades,transformer,25,pgd,0.2,0.9891701929283512,0.9897854472206189,0.9865330994380657,0.973174031421655,0.9972966231323149,0.0
CICIoMT2024,binary,trades,transformer,25,transfer_mlp,0.2,0.9934017069497239,0.9939146816336444,0.9917761322297638,0.9835984078435452,0.9983088232074693,
CICIoMT2024,binary,trades,transformer,25,transfer_tf,0.2,0.9930431040665567,0.9935865836003523,0.9913312494940851,0.9827138599501338,0.998252805213717,
CICIoMT2024,binary,trades,transformer,25,pgd_constrained,0.1,0.9940471921394248,0.994682411457444,0.9925800512131877,0.9852046028446048,0.9985456569828941,1.0
CICIoMT2024,binary,trades,transformer,25,square,0.1,0.9915,0.990514553014553,0.9889895481666788,0.9779997871176801,0.9991839916839915,
CICIoMT2024,binary,trades,transformer,25,square_clean_subset,0,0.993,0.9927754677754678,0.9909381711416998,0.9819061727223825,0.9990566528066529,
CICIoMT2024,binary,trades,aam_noGate,25,clean,0,0.9954816036720935,0.9961558521032245,0.9943644039537689,0.9887609978950666,0.9993414601920683,
CICIoMT2024,binary,trades,aam_noGate,25,gaussian,0.05,0.9954098830954601,0.996025813091521,0.9942744939340249,0.9885797646093035,0.9993443576745037,
CICIoMT2024,binary,trades,aam_noGate,25,fgsm,0.05,0.9951230007889263,0.9957472298136262,0.9939176188924329,0.9878688508970994,0.9991006472074322,
CICIoMT2024,binary,trades,aam_noGate,25,pgd,0.05,0.9951230007889263,0.9957472298136262,0.9939176188924329,0.9878688508970994,0.999099900300849,0.0
CICIoMT2024,binary,trades,aam_noGate,25,transfer_mlp,0.05,0.9951230007889263,0.9957472298136262,0.9939176188924329,0.9878688508970994,0.9992686239224907,
CICIoMT2024,binary,trades,aam_noGate,25,transfer_tf,0.05,0.9951230007889263,0.9957472298136262,0.9939176188924329,0.9878688508970994,0.9992246465779704,
CICIoMT2024,binary,trades,aam_noGate,25,gaussian,0.1,0.9954816036720935,0.9961558521032245,0.9943644039537689,0.9887609978950666,0.9993269599021912,
CICIoMT2024,binary,trades,aam_noGate,25,fgsm,0.1,0.9948361184823926,0.995388122279425,0.9935598317684584,0.987153262133662,0.9989950758251838,
CICIoMT2024,binary,trades,aam_noGate,25,pgd,0.1,0.9948361184823926,0.995388122279425,0.9935598317684584,0.987153262133662,0.998992010932652,0.0
CICIoMT2024,binary,trades,aam_noGate,25,transfer_mlp,0.1,0.9950512802122929,0.9956171908019227,0.9938276805207946,0.9876875301861905,0.999147843976881,
CICIoMT2024,binary,trades,aam_noGate,25,transfer_tf,0.1,0.9951947213655598,0.9958772688253297,0.9940075428621589,0.9880501744311886,0.9991736251317067,
CICIoMT2024,binary,trades,aam_noGate,25,gaussian,0.2,0.9950512802122929,0.9956171908019227,0.9938276805207946,0.9876875301861905,0.9993785737226415,
CICIoMT2024,binary,trades,aam_noGate,25,fgsm,0.2,0.9939754715627913,0.9943913239331277,0.9924876667378381,0.9850118583178195,0.998639316492908,
CICIoMT2024,binary,trades,aam_noGate,25,pgd,0.2,0.9936885892562576,0.9941127406552328,0.9921311890896712,0.9843019806077393,0.9985759839657186,0.0
CICIoMT2024,binary,trades,aam_noGate,25,transfer_mlp,0.2,0.9941189127160582,0.9945708777002282,0.9926665318155086,0.9853695963711346,0.9989088081148052,
CICIoMT2024,binary,trades,aam_noGate,25,transfer_tf,0.2,0.9946926773291257,0.995128044256018,0.9933798836112162,0.9867905107425669,0.9990343528093087,
CICIoMT2024,binary,trades,aam_noGate,25,pgd_constrained,0.1,0.9949795596356594,0.9954871517902192,0.9937377277403396,0.9875062122892615,0.9990451571993684,1.0
CICIoMT2024,binary,trades,aam_noGate,25,square,0.1,0.9925,0.99243762993763,0.990296886173742,0.9806342930443003,0.999060550935551,
CICIoMT2024,binary,trades,aam_noGate,25,square_clean_subset,0,0.9935,0.9937370062370062,0.9915906346839097,0.9832218551664288,0.9993087318087319,
CICIoMT2024,binary,trades,aam_trans,25,clean,0,0.9954816036720935,0.9960753278469181,0.9943635058349598,0.9887564131686842,0.9993345835004216,
CICIoMT2024,binary,trades,aam_trans,25,gaussian,0.05,0.9954098830954601,0.9959452888352146,0.9942735812669758,0.9885752138136233,0.9993464953726562,
CICIoMT2024,binary,trades,aam_trans,25,fgsm,0.05,0.9951947213655598,0.9957162203127169,0.9940056331895604,0.9880406551828965,0.9991261836859633,
CICIoMT2024,binary,trades,aam_trans,25,pgd,0.05,0.9951947213655598,0.9957162203127169,0.9940056331895604,0.9880406551828965,0.9991255398009778,0.0
CICIoMT2024,binary,trades,aam_trans,25,transfer_mlp,0.05,0.9951947213655598,0.9957162203127169,0.9940056331895604,0.9880406551828965,0.999235966076018,
CICIoMT2024,binary,trades,aam_trans,25,transfer_tf,0.05,0.9951947213655598,0.9957162203127169,0.9940056331895604,0.9880406551828965,0.9992695639945697,
CICIoMT2024,binary,trades,aam_trans,25,gaussian,0.1,0.9953381625188267,0.995976298336124,0.9941854961427775,0.9884031753254412,0.9993239465204585,
CICIoMT2024,binary,trades,aam_trans,25,fgsm,0.1,0.994907839059026,0.9953571127785157,0.9936477605441609,0.9873248971971089,0.9990363488527644,
CICIoMT2024,binary,trades,aam_trans,25,pgd,0.1,0.994907839059026,0.9953571127785157,0.9936477605441609,0.9873248971971089,0.9990345330971047,0.0
CICIoMT2024,binary,trades,aam_trans,25,transfer_mlp,0.1,0.994907839059026,0.9953571127785157,0.9936477605441609,0.9873248971971089,0.9991033772797715,
CICIoMT2024,binary,trades,aam_trans,25,transfer_tf,0.1,0.9949795596356594,0.9954871517902192,0.9937377277403396,0.9875062122892615,0.9991870308171081,
CICIoMT2024,binary,trades,aam_trans,25,gaussian,0.2,0.9951947213655598,0.9957162203127169,0.9940056331895604,0.9880406551828965,0.9994523114311994,
CICIoMT2024,binary,trades,aam_trans,25,fgsm,0.2,0.9936885892562576,0.9941127406552328,0.9921311890896712,0.9843019806077393,0.9987579072295664,
CICIoMT2024,binary,trades,aam_trans,25,pgd,0.2,0.9936168686796242,0.9939827016435293,0.992041137515216,0.984120311052097,0.9987132344892616,0.0
CICIoMT2024,binary,trades,aam_trans,25,transfer_mlp,0.2,0.9939754715627913,0.9943913239331277,0.9924876667378381,0.9850118583178195,0.9988986733651309,
CICIoMT2024,binary,trades,aam_trans,25,transfer_tf,0.2,0.994405795022592,0.9947689367218167,0.9930220394820928,0.9860748091958722,0.9991889882274644,
CICIoMT2024,binary,trades,aam_trans,25,pgd_constrained,0.1,0.9950512802122929,0.9954561422893099,0.9938257125823567,0.987678146349303,0.9990715178506809,1.0
CICIoMT2024,binary,trades,aam_trans,25,square,0.1,0.9925,0.99243762993763,0.990296886173742,0.9806342930443003,0.9989721933471933,
CICIoMT2024,binary,trades,aam_trans,25,square_clean_subset,0,0.9935,0.9937370062370062,0.9915906346839097,0.9832218551664288,0.9992593555093555,
CICIoMT2024,binary,trades,aam_v3b,25,clean,0,0.9954816036720935,0.9960753278469181,0.9943635058349598,0.9887564131686842,0.9993044754384921,
CICIoMT2024,binary,trades,aam_v3b,25,gaussian,0.05,0.9954098830954601,0.9959452888352146,0.9942735812669758,0.9885752138136233,0.9992815531330028,
CICIoMT2024,binary,trades,aam_v3b,25,fgsm,0.05,0.9953381625188267,0.9958957740798176,0.99418456951226,0.9883985341757904,0.9991521451285851,
CICIoMT2024,binary,trades,aam_v3b,25,pgd,0.05,0.9953381625188267,0.9958957740798176,0.99418456951226,0.9883985341757904,0.9991511793011065,0.0
CICIoMT2024,binary,trades,aam_v3b,25,transfer_mlp,0.05,0.9953381625188267,0.9958957740798176,0.99418456951226,0.9883985341757904,0.9991979511064649,
CICIoMT2024,binary,trades,aam_v3b,25,transfer_tf,0.05,0.9953381625188267,0.9958957740798176,0.99418456951226,0.9883985341757904,0.99925338960373,
CICIoMT2024,binary,trades,aam_v3b,25,gaussian,0.1,0.9954816036720935,0.9960753278469181,0.9943635058349598,0.9887564131686842,0.9993056215537667,
CICIoMT2024,binary,trades,aam_v3b,25,fgsm,0.1,0.9948361184823926,0.9952270737668121,0.9935577789253478,0.9871435849005274,0.9989808330893011,
CICIoMT2024,binary,trades,aam_v3b,25,pgd,0.1,0.9948361184823926,0.9952270737668121,0.9935577789253478,0.9871435849005274,0.9989732996349688,0.0
CICIoMT2024,binary,trades,aam_v3b,25,transfer_mlp,0.1,0.9949795596356594,0.9954871517902192,0.9937377277403396,0.9875062122892615,0.9991069959133906,
CICIoMT2024,binary,trades,aam_v3b,25,transfer_tf,0.1,0.9951230007889263,0.9957472298136262,0.9939176188924329,0.9878688508970994,0.9991789951324871,
CICIoMT2024,binary,trades,aam_v3b,25,gaussian,0.2,0.9953381625188267,0.9958152498235111,0.9941836422877274,0.9883940173082966,0.9992863307595964,
CICIoMT2024,binary,trades,aam_v3b,25,fgsm,0.2,0.9937603098328911,0.9940012068980171,0.9922175102218714,0.9844671270595624,0.9985284523760772,
CICIoMT2024,binary,trades,aam_v3b,25,pgd,0.2,0.9934734275263574,0.9938031478764286,0.9918622866728615,0.9837626011392969,0.9984758340950493,0.0
CICIoMT2024,binary,trades,aam_v3b,25,transfer_mlp,0.2,0.9941906332926916,0.9945398681993189,0.9927542336548458,0.9855405947684385,0.998804614646426,
CICIoMT2024,binary,trades,aam_v3b,25,transfer_tf,0.2,0.994405795022592,0.9947689367218167,0.9930220394820928,0.9860748091958722,0.9989404743784,
CICIoMT2024,binary,trades,aam_v3b,25,pgd_constrained,0.1,0.9949795596356594,0.9954066275339128,0.9937367295107549,0.9875014921288015,0.9990571849709003,1.0
CICIoMT2024,binary,trades,aam_v3b,25,square,0.1,0.992,0.9914760914760915,0.9896436241619426,0.9793170308261626,0.9991683991683991,
CICIoMT2024,binary,trades,aam_v3b,25,square_clean_subset,0,0.9935,0.9937370062370062,0.9915906346839097,0.9832218551664288,0.9993191268191268,
CICIoMT2024,binary,trades,transformer,26,clean,0,0.995553324248727,0.9963664153712344,0.9944551825922139,0.9889469769042863,0.9993341971694301,
CICIoMT2024,binary,trades,transformer,26,gaussian,0.05,0.9956967654019938,0.9965459691383352,0.9946340476698843,0.9893047149576015,0.9993521358051304,
CICIoMT2024,binary,trades,transformer,26,fgsm,0.05,0.9954098830954601,0.9962673858604403,0.9942772284288519,0.9885941620645061,0.9990743509446179,
CICIoMT2024,binary,trades,transformer,26,pgd,0.05,0.9954098830954601,0.9962673858604403,0.9942772284288519,0.9885941620645061,0.9990700755483132,0.0
CICIoMT2024,binary,trades,transformer,26,transfer_mlp,0.05,0.9954098830954601,0.9962673858604403,0.9942772284288519,0.9885941620645061,0.9993061752948542,
CICIoMT2024,binary,trades,transformer,26,transfer_tf,0.05,0.9954098830954601,0.9962673858604403,0.9942772284288519,0.9885941620645061,0.9992352964356331,
CICIoMT2024,binary,trades,transformer,26,gaussian,0.1,0.995553324248727,0.9963664153712344,0.9944551825922139,0.9889469769042863,0.9993574285397127,
CICIoMT2024,binary,trades,transformer,26,fgsm,0.1,0.9949795596356594,0.9957287245591384,0.9937407185940567,0.9875211167003144,0.9987813188876448,
CICIoMT2024,binary,trades,transformer,26,pgd,0.1,0.9949795596356594,0.9957287245591384,0.9937407185940567,0.9875211167003144,0.9987499745665429,0.0
CICIoMT2024,binary,trades,transformer,26,transfer_mlp,0.1,0.9952664419421933,0.9960878320933396,0.9940983918172535,0.9882364802764423,0.99925878535991,
CICIoMT2024,binary,trades,transformer,26,transfer_tf,0.1,0.9953381625188267,0.9961373468487367,0.9941873476234724,0.9884128300056975,0.9991202213109963,
CICIoMT2024,binary,trades,transformer,26,gaussian,0.2,0.9951947213655598,0.9960383173379426,0.9940094500891018,0.9880601896250775,0.9992906834220993,
CICIoMT2024,binary,trades,transformer,26,fgsm,0.2,0.9934017069497239,0.9941562544025635,0.9917800504953413,0.9836170147409986,0.99818353606696,
CICIoMT2024,binary,trades,transformer,26,pgd,0.2,0.9921824571469554,0.9929118822792807,0.9902665515303052,0.9806038638657808,0.997984781649587,0.0
CICIoMT2024,binary,trades,transformer,26,transfer_mlp,0.2,0.9948361184823926,0.9955491707920378,0.9935618819824583,0.9871634349122506,0.9990200971957264,
CICIoMT2024,binary,trades,transformer,26,transfer_tf,0.2,0.9946926773291257,0.9952890927686308,0.9933819921261907,0.9868005485843954,0.9988420887525913,
CICIoMT2024,binary,trades,transformer,26,pgd_constrained,0.1,0.9952664419421933,0.9960878320933396,0.9940983918172535,0.9882364802764423,0.9988828724275829,1.0
CICIoMT2024,binary,trades,transformer,26,square,0.1,0.9965,0.9964003228410008,0.9954885148867729,0.9909844653148251,0.999909604519774,
CICIoMT2024,binary,trades,transformer,26,square_clean_subset,0,0.997,0.9973527037933818,0.9961353702508531,0.9922839537218375,0.9999483454398709,
CICIoMT2024,binary,trades,aam_noGate,26,clean,0,0.995553324248727,0.996285891114928,0.9944542995783947,0.9889422340422556,0.9994825225147264,
CICIoMT2024,binary,trades,aam_noGate,26,gaussian,0.05,0.995553324248727,0.9962053668586217,0.9944534159985866,0.9889376153826509,0.9994840935940913,
CICIoMT2024,binary,trades,aam_noGate,26,fgsm,0.05,0.9953381625188267,0.9960568225924303,0.9941864221797063,0.988407940640807,0.9993457999768717,
CICIoMT2024,binary,trades,aam_noGate,26,pgd,0.05,0.9953381625188267,0.9960568225924303,0.9941864221797063,0.988407940640807,0.9993454909120785,0.0
CICIoMT2024,binary,trades,aam_noGate,26,transfer_mlp,0.05,0.9954098830954601,0.9961063373478274,0.9942754060164074,0.9885844396605369,0.999419730850925,
CICIoMT2024,binary,trades,aam_noGate,26,transfer_tf,0.05,0.9954098830954601,0.9961063373478274,0.9942754060164074,0.9885844396605369,0.9994219973260745,
CICIoMT2024,binary,trades,aam_noGate,26,gaussian,0.1,0.9956967654019938,0.9963043963694158,0.9946314824377898,0.9892910282701712,0.9994836428746013,
CICIoMT2024,binary,trades,aam_noGate,26,fgsm,0.1,0.9950512802122929,0.9956171908019227,0.9938276805207946,0.9876875301861905,0.9992198947067761,
CICIoMT2024,binary,trades,aam_noGate,26,pgd,0.1,0.9950512802122929,0.9956171908019227,0.9938276805207946,0.9876875301861905,0.9992173706776322,0.0
CICIoMT2024,binary,trades,aam_noGate,26,transfer_mlp,0.1,0.9951947213655598,0.9957967445690232,0.9940065883317861,0.9880453527558158,0.9993555097624554,
CICIoMT2024,binary,trades,aam_noGate,26,transfer_tf,0.1,0.9951947213655598,0.9957967445690232,0.9940065883317861,0.9880453527558158,0.9993674731454888,
CICIoMT2024,binary,trades,aam_noGate,26,gaussian,0.2,0.9949795596356594,0.9952455790213,0.993734731131309,0.9874924244706553,0.9994172840879795,
CICIoMT2024,binary,trades,aam_noGate,26,fgsm,0.2,0.994405795022592,0.9946884124655103,0.9930209271691267,0.9860698632157057,0.9989295283336437,
CICIoMT2024,binary,trades,aam_noGate,26,pgd,0.2,0.9941189127160582,0.9944098291876154,0.9926641953529693,0.9853591076491774,0.99890275559594,0.0
CICIoMT2024,binary,trades,aam_noGate,26,transfer_mlp,0.2,0.9945492361758589,0.9947874419763045,0.9931987932676225,0.9864230049106717,0.9991778103841135,
CICIoMT2024,binary,trades,aam_noGate,26,transfer_tf,0.2,0.9946209567524923,0.9948369567317017,0.9932877474639451,0.986599664692117,0.9992396233427365,
CICIoMT2024,binary,trades,aam_noGate,26,pgd_constrained,0.1,0.9951947213655598,0.9957967445690232,0.9940065883317861,0.9880453527558158,0.999277406513695,1.0
CICIoMT2024,binary,trades,aam_noGate,26,square,0.1,0.996,0.9960613397901533,0.9948471603344708,0.9897075129604943,0.9999560936238903,
CICIoMT2024,binary,trades,aam_noGate,26,square_clean_subset,0,0.9965,0.9970137207425342,0.9954940094464874,0.9910086233197977,0.9999728813559322,
CICIoMT2024,binary,trades,aam_trans,26,clean,0,0.9962705300150613,0.9971031356941247,0.9953480263213952,0.9907268692493876,0.9995009118699169,
CICIoMT2024,binary,trades,aam_trans,26,gaussian,0.05,0.9962705300150613,0.9971031356941247,0.9953480263213952,0.9907268692493876,0.9995024314384828,
CICIoMT2024,binary,trades,aam_trans,26,fgsm,0.05,0.9960553682851611,0.996874067171627,0.9950800351977348,0.9901922881735679,0.9993366181769763,
CICIoMT2024,binary,trades,aam_trans,26,pgd,0.05,0.9960553682851611,0.996874067171627,0.9950800351977348,0.9901922881735679,0.99933600004739,0.0
CICIoMT2024,binary,trades,aam_trans,26,transfer_mlp,0.05,0.9960553682851611,0.996874067171627,0.9950800351977348,0.9901922881735679,0.9994226412110602,
CICIoMT2024,binary,trades,aam_trans,26,transfer_tf,0.05,0.9960553682851611,0.996874067171627,0.9950800351977348,0.9901922881735679,0.9994373475441326,
CICIoMT2024,binary,trades,aam_trans,26,gaussian,0.1,0.9961988094384279,0.9968925724261148,0.9952574314038392,0.9905416301852775,0.9994902233791547,
CICIoMT2024,binary,trades,aam_trans,26,fgsm,0.1,0.9959119271318941,0.99661398914822,0.9949003148030588,0.9898300501473657,0.9991947831923353,
CICIoMT2024,binary,trades,aam_trans,26,pgd,0.1,0.9959119271318941,0.99661398914822,0.9949003148030588,0.9898300501473657,0.999189503335453,0.0
CICIoMT2024,binary,trades,aam_trans,26,transfer_mlp,0.1,0.9960553682851611,0.996874067171627,0.9950800351977348,0.9901922881735679,0.9993383180333382,
CICIoMT2024,binary,trades,aam_trans,26,transfer_tf,0.1,0.9960553682851611,0.996874067171627,0.9950800351977348,0.9901922881735679,0.9993737317075494,
CICIoMT2024,binary,trades,aam_trans,26,gaussian,0.2,0.9958402065552607,0.9962423773675972,0.9948079485267227,0.9896365390479376,0.9994027580427031,
CICIoMT2024,binary,trades,aam_trans,26,fgsm,0.2,0.9948361184823926,0.9951465495105057,0.993556751516695,0.987138932403815,0.998952373372935,
CICIoMT2024,binary,trades,aam_trans,26,pgd,0.2,0.9944775155992254,0.9948184514772138,0.9931109515760619,0.9862512602184274,0.9989187110658846,0.0
CICIoMT2024,binary,trades,aam_trans,26,transfer_mlp,0.2,0.9948361184823926,0.9952270737668121,0.9935577789253478,0.9871435849005274,0.9991953626888225,
CICIoMT2024,binary,trades,aam_trans,26,transfer_tf,0.2,0.9950512802122929,0.9954561422893099,0.9938257125823567,0.987678146349303,0.9992837165865546,
CICIoMT2024,binary,trades,aam_trans,26,pgd_constrained,0.1,0.9959119271318941,0.99661398914822,0.9949003148030588,0.9898300501473657,0.9992549993161943,1.0
CICIoMT2024,binary,trades,aam_trans,26,square,0.1,0.9975,0.9976916868442293,0.9967775106334094,0.993562468606487,0.9999690072639226,
CICIoMT2024,binary,trades,aam_trans,26,square_clean_subset,0,0.998,0.9986440677966102,0.9974235801672354,0.9948603944831809,0.999976755447942,
CICIoMT2024,binary,trades,aam_v3b,26,clean,0,0.9961988094384279,0.997134145195034,0.9952596980849913,0.9905545378985171,0.9994890128753818,
CICIoMT2024,binary,trades,aam_v3b,26,gaussian,0.05,0.9960553682851611,0.9967935429153206,0.9950792511257585,0.9901879291402595,0.9994884462565944,
CICIoMT2024,binary,trades,aam_v3b,26,fgsm,0.05,0.9956967654019938,0.9964654448820287,0.994633193140382,0.9893000284239744,0.9993755860963083,
CICIoMT2024,binary,trades,aam_v3b,26,pgd,0.05,0.9956967654019938,0.9964654448820287,0.994633193140382,0.9893000284239744,0.9993753800531128,0.0
CICIoMT2024,binary,trades,aam_v3b,26,transfer_mlp,0.05,0.9956967654019938,0.9964654448820287,0.994633193140382,0.9893000284239744,0.9994112186914144,
CICIoMT2024,binary,trades,aam_v3b,26,transfer_tf,0.05,0.9957684859786272,0.9965149596374258,0.9947222195757519,0.9894766430343173,0.9994302132984915,
CICIoMT2024,binary,trades,aam_v3b,26,gaussian,0.1,0.9961988094384279,0.9969730966824213,0.9952581874484582,0.9905458081331534,0.9995008603591179,
CICIoMT2024,binary,trades,aam_v3b,26,fgsm,0.1,0.9954098830954601,0.996025813091521,0.9942744939340249,0.9885797646093035,0.9992627774468209,
CICIoMT2024,binary,trades,aam_v3b,26,pgd,0.1,0.9954098830954601,0.996025813091521,0.9942744939340249,0.9885797646093035,0.999258991403105,0.0
CICIoMT2024,binary,trades,aam_v3b,26,transfer_mlp,0.1,0.995553324248727,0.996285891114928,0.9944542995783947,0.9889422340422556,0.9993433017031274,
CICIoMT2024,binary,trades,aam_v3b,26,transfer_tf,0.1,0.9956250448253604,0.9963354058703251,0.9945433117647604,0.9891188204646919,0.9993914256669555,
CICIoMT2024,binary,trades,aam_v3b,26,gaussian,0.2,0.9958402065552607,0.9964839501365165,0.9948104330231968,0.9896489354984451,0.9994781440968237,
CICIoMT2024,binary,trades,aam_v3b,26,fgsm,0.2,0.9947643979057592,0.995177559011415,0.9934688242214613,0.9869670182042151,0.9990345588525044,
CICIoMT2024,binary,trades,aam_v3b,26,pgd,0.2,0.9946926773291257,0.995128044256018,0.9933798836112162,0.9867905107425669,0.9990003556820661,0.0
CICIoMT2024,binary,trades,aam_v3b,26,transfer_mlp,0.2,0.9948361184823926,0.9953075980231185,0.9935588056757779,0.9871483615159142,0.9991434784366782,
CICIoMT2024,binary,trades,aam_v3b,26,transfer_tf,0.2,0.994907839059026,0.9954376370348221,0.9936487727098031,0.9873297076165651,0.9992641424829904,
CICIoMT2024,binary,trades,aam_v3b,26,pgd_constrained,0.1,0.9954098830954601,0.996025813091521,0.9942744939340249,0.9885797646093035,0.9993228132828836,1.0
CICIoMT2024,binary,trades,aam_v3b,26,square,0.1,0.9965,0.9964003228410008,0.9954885148867729,0.9909844653148251,0.9999638418079096,
CICIoMT2024,binary,trades,aam_v3b,26,square_clean_subset,0,0.998,0.9986440677966102,0.9974235801672354,0.9948603944831809,0.999976755447942,
CICIoMT2024,binary,trades,transformer,27,clean,0,0.9951230007889263,0.9961498510951583,0.993922455027562,0.987894647945486,0.9989509568259664,
CICIoMT2024,binary,trades,transformer,27,gaussian,0.05,0.9951230007889263,0.9961498510951583,0.993922455027562,0.987894647945486,0.998926321786415,
CICIoMT2024,binary,trades,transformer,27,fgsm,0.05,0.9948361184823926,0.9959517920735699,0.9935669960398323,0.9871910288065403,0.9983349134270881,
CICIoMT2024,binary,trades,transformer,27,pgd,0.05,0.9948361184823926,0.9959517920735699,0.9935669960398323,0.9871910288065403,0.9983236454398392,0.0
CICIoMT2024,binary,trades,transformer,27,transfer_mlp,0.05,0.994907839059026,0.9960013068289669,0.9936558397406466,0.9873668454019774,0.9986546924663654,
CICIoMT2024,binary,trades,transformer,27,transfer_tf,0.05,0.9949795596356594,0.996050821584364,0.9937446974677,0.9875427207650465,0.9988798719235498,
CICIoMT2024,binary,trades,transformer,27,gaussian,0.1,0.9951230007889263,0.9962303753514646,0.9939234203971943,0.9879001781221773,0.9989608468993462,
CICIoMT2024,binary,trades,transformer,27,fgsm,0.1,0.9943340744459586,0.9954441402731773,0.9929432449754085,0.9859492960515626,0.9979386022184155,
CICIoMT2024,binary,trades,transformer,27,pgd,0.1,0.9943340744459586,0.9954441402731773,0.9929432449754085,0.9859492960515626,0.9979155768913287,0.0
CICIoMT2024,binary,trades,transformer,27,transfer_mlp,0.1,0.9947643979057592,0.9959022773181727,0.9934781663585018,0.9870152709409251,0.9983165498272973,
CICIoMT2024,binary,trades,transformer,27,transfer_tf,0.1,0.9946926773291257,0.9957722383064691,0.9933883014853833,0.9868336273999861,0.9987724203971432,
CICIoMT2024,binary,trades,transformer,27,gaussian,0.2,0.994907839059026,0.9958402583163541,0.993653823821593,0.9873556170371423,0.9987676814036487,
CICIoMT2024,binary,trades,transformer,27,fgsm,0.2,0.9921824571469554,0.9933145035608127,0.9902742516198824,0.980641818106599,0.997396644225987,
CICIoMT2024,binary,trades,transformer,27,pgd,0.2,0.9896005163881517,0.9893578174462441,0.9870436163717431,0.974141958564043,0.9971309000147064,0.0
CICIoMT2024,binary,trades,transformer,27,transfer_mlp,0.2,0.9938320304095245,0.995017012729091,0.9923210068605524,0.9847150724555016,0.9978867437216705,
CICIoMT2024,binary,trades,transformer,27,transfer_tf,0.2,0.9936168686796242,0.9946268956939806,0.9920512455153112,0.9841692551955721,0.998300929177545,
CICIoMT2024,binary,trades,transformer,27,pgd_constrained,0.1,0.994405795022592,0.9954936550285743,0.9930320182947625,0.9861248807299642,0.998109270372714,1.0
CICIoMT2024,binary,trades,transformer,27,square,0.1,0.992,0.993980131028379,0.9896179267259224,0.9793988158565078,0.9986004262873722,
CICIoMT2024,binary,trades,transformer,27,square_clean_subset,0,0.993,0.9946530785384733,0.9909043659043659,0.9819289452948091,0.9988635828039656,
CICIoMT2024,binary,trades,aam_noGate,27,clean,0,0.9956967654019938,0.9966264933946415,0.9946349016520486,0.989309525640634,0.9989912897814679,
CICIoMT2024,binary,trades,aam_noGate,27,gaussian,0.05,0.9956967654019938,0.9966264933946415,0.9946349016520486,0.989309525640634,0.9989628300651019,
CICIoMT2024,binary,trades,aam_noGate,27,fgsm,0.05,0.9956250448253604,0.9965769786392444,0.9945459172453016,0.9891331506623705,0.9987253781600911,
CICIoMT2024,binary,trades,aam_noGate,27,pgd,0.05,0.9956250448253604,0.9965769786392444,0.9945459172453016,0.9891331506623705,0.9987240002462218,0.0
CICIoMT2024,binary,trades,aam_noGate,27,transfer_mlp,0.05,0.9956250448253604,0.9965769786392444,0.9945459172453016,0.9891331506623705,0.9988493131421305,
CICIoMT2024,binary,trades,aam_noGate,27,transfer_tf,0.05,0.9956250448253604,0.9965769786392444,0.9945459172453016,0.9891331506623705,0.9989322197728838,
CICIoMT2024,binary,trades,aam_noGate,27,gaussian,0.1,0.995553324248727,0.9963664153712344,0.9944551825922139,0.9889469769042863,0.9989746002826398,
CICIoMT2024,binary,trades,aam_noGate,27,fgsm,0.1,0.9954098830954601,0.9962673858604403,0.9942772284288519,0.9885941620645061,0.9984737994184945,
CICIoMT2024,binary,trades,aam_noGate,27,pgd,0.1,0.9954098830954601,0.9962673858604403,0.9942772284288519,0.9885941620645061,0.9984691376911983,0.0
CICIoMT2024,binary,trades,aam_noGate,27,transfer_mlp,0.1,0.995553324248727,0.9965274638838473,0.9944569469235096,0.9889568347711855,0.9987165440580877,
CICIoMT2024,binary,trades,aam_noGate,27,transfer_tf,0.1,0.9956250448253604,0.9965769786392444,0.9945459172453016,0.9891331506623705,0.9988462868826977,
CICIoMT2024,binary,trades,aam_noGate,27,gaussian,0.2,0.9911066484974539,0.9883039966456167,0.9888550882745244,0.977713300754537,0.9988075121288615,
CICIoMT2024,binary,trades,aam_noGate,27,fgsm,0.2,0.9931865452198235,0.9934440403422274,0.9915045849881521,0.9830471813136967,0.9980579012285583,
CICIoMT2024,binary,trades,aam_noGate,27,pgd,0.2,0.9929713834899233,0.9931344475634234,0.9912356111941445,0.9825076919446133,0.9980079615090708,0.0
CICIoMT2024,binary,trades,aam_noGate,27,transfer_mlp,0.2,0.993258265796457,0.9934130308413182,0.9915920025865984,0.983217523934756,0.9983305092537861,
CICIoMT2024,binary,trades,aam_noGate,27,transfer_tf,0.2,0.9939754715627913,0.9943913239331277,0.9924876667378381,0.9850118583178195,0.9985575430997292,
CICIoMT2024,binary,trades,aam_noGate,27,pgd_constrained,0.1,0.995553324248727,0.9965274638838473,0.9944569469235096,0.9889568347711855,0.9985716184255158,1.0
CICIoMT2024,binary,trades,aam_noGate,27,square,0.1,0.9935,0.9949895522935204,0.9915487802777136,0.9831987787287024,0.9984158239548366,
CICIoMT2024,binary,trades,aam_noGate,27,square_clean_subset,0,0.9935,0.9949895522935204,0.9915487802777136,0.9831987787287024,0.9988557273855596,
CICIoMT2024,binary,trades,aam_trans,27,clean,0,0.995553324248727,0.9965274638838473,0.9944569469235096,0.9889568347711855,0.9989293094127486,
CICIoMT2024,binary,trades,aam_trans,27,gaussian,0.05,0.995553324248727,0.9965274638838473,0.9944569469235096,0.9889568347711855,0.9989310221468103,
CICIoMT2024,binary,trades,aam_trans,27,fgsm,0.05,0.995553324248727,0.9965274638838473,0.9944569469235096,0.9889568347711855,0.9985065602865649,
CICIoMT2024,binary,trades,aam_trans,27,pgd,0.05,0.995553324248727,0.9965274638838473,0.9944569469235096,0.9889568347711855,0.9985052725165936,0.0
CICIoMT2024,binary,trades,aam_trans,27,transfer_mlp,0.05,0.995553324248727,0.9965274638838473,0.9944569469235096,0.9889568347711855,0.9986683557057611,
CICIoMT2024,binary,trades,aam_trans,27,transfer_tf,0.05,0.995553324248727,0.9965274638838473,0.9944569469235096,0.9889568347711855,0.9988895688314339,
CICIoMT2024,binary,trades,aam_trans,27,gaussian,0.1,0.995553324248727,0.9964469396275408,0.9944560650404501,0.9889518438525701,0.9988894142990372,
CICIoMT2024,binary,trades,aam_trans,27,fgsm,0.1,0.9951230007889263,0.9960693268388519,0.9939214890393906,0.9878892412042788,0.9983839130744967,
CICIoMT2024,binary,trades,aam_trans,27,pgd,0.1,0.9950512802122929,0.9960198120834547,0.9938325893477453,0.9877131584378929,0.9983787233615125,0.0
CICIoMT2024,binary,trades,aam_trans,27,transfer_mlp,0.1,0.9951947213655598,0.9961993658505554,0.9940113548738976,0.9880706998386435,0.9985237262602826,
CICIoMT2024,binary,trades,aam_trans,27,transfer_tf,0.1,0.9952664419421933,0.9962488806059524,0.9941002687735261,0.9882468106510066,0.9987986265160594,
CICIoMT2024,binary,trades,aam_trans,27,gaussian,0.2,0.9941906332926916,0.9951840622497703,0.9927634448635432,0.9855857771217662,0.9989600999927628,
CICIoMT2024,binary,trades,aam_trans,27,fgsm,0.2,0.9923258983002223,0.9934940573279134,0.9904527057186001,0.9809987464582823,0.9980923877083903,
CICIoMT2024,binary,trades,aam_trans,27,pgd,0.2,0.992110736570322,0.9931844645491092,0.990184248615953,0.9804594083351408,0.9980276128788332,0.0
CICIoMT2024,binary,trades,aam_trans,27,transfer_mlp,0.2,0.9926127806067561,0.9937726406058083,0.990808160532193,0.9817049361881495,0.9982590895311773,
CICIoMT2024,binary,trades,aam_trans,27,transfer_tf,0.2,0.9928279423366564,0.9938406606156931,0.9910723524271318,0.9822219834332032,0.9984744561811799,
CICIoMT2024,binary,trades,aam_trans,27,pgd_constrained,0.1,0.9952664419421933,0.9962488806059524,0.9941002687735261,0.9882468106510066,0.9984291138004902,1.0
CICIoMT2024,binary,trades,aam_trans,27,square,0.1,0.9925,0.9943166047834261,0.9902607489678829,0.9806622960425856,0.9985912616325655,
CICIoMT2024,binary,trades,aam_trans,27,square_clean_subset,0,0.993,0.9946530785384733,0.9909043659043659,0.9819289452948091,0.9987575346554874,
CICIoMT2024,binary,trades,aam_v3b,27,clean,0,0.9953381625188267,0.9962178711050431,0.9941882724745017,0.9884178433041751,0.9989712392030146,
CICIoMT2024,binary,trades,aam_v3b,27,gaussian,0.05,0.9954098830954601,0.9963479101167467,0.9942781387597518,0.9885992091852932,0.9989360702050981,
CICIoMT2024,binary,trades,aam_v3b,27,fgsm,0.05,0.9953381625188267,0.9962178711050431,0.9941882724745017,0.9884178433041751,0.9986903636945708,
CICIoMT2024,binary,trades,aam_v3b,27,pgd,0.05,0.9953381625188267,0.9962178711050431,0.9941882724745017,0.9884178433041751,0.9986895652771886,0.0
CICIoMT2024,binary,trades,aam_v3b,27,transfer_mlp,0.05,0.9953381625188267,0.9962178711050431,0.9941882724745017,0.9884178433041751,0.9988041896823353,
CICIoMT2024,binary,trades,aam_v3b,27,transfer_tf,0.05,0.9953381625188267,0.9962178711050431,0.9941882724745017,0.9884178433041751,0.9988907278244079,
CICIoMT2024,binary,trades,aam_v3b,27,gaussian,0.1,0.9953381625188267,0.9962178711050431,0.9941882724745017,0.9884178433041751,0.9990116236693152,
CICIoMT2024,binary,trades,aam_v3b,27,fgsm,0.1,0.9950512802122929,0.9959392878271482,0.993831608839879,0.9877077854036754,0.9984716230872431,
CICIoMT2024,binary,trades,aam_v3b,27,pgd,0.1,0.9950512802122929,0.9959392878271482,0.993831608839879,0.9877077854036754,0.9984675923672329,0.0
CICIoMT2024,binary,trades,aam_v3b,27,transfer_mlp,0.1,0.9951230007889263,0.9959888025825454,0.9939205224322363,0.9878839580135087,0.9986628440502839,
CICIoMT2024,binary,trades,aam_v3b,27,transfer_tf,0.1,0.9952664419421933,0.9960878320933396,0.9940983918172535,0.9882364802764423,0.9987406768673502,
CICIoMT2024,binary,trades,aam_v3b,27,gaussian,0.2,0.9950512802122929,0.9959392878271482,0.993831608839879,0.9877077854036754,0.9989398948819127,
CICIoMT2024,binary,trades,aam_v3b,27,fgsm,0.2,0.9941189127160582,0.9948929747254539,0.9926711957685307,0.9853920543519994,0.9981464998025847,
CICIoMT2024,binary,trades,aam_v3b,27,pgd,0.2,0.9939037509861579,0.9946639062029562,0.9924036722370848,0.9848587720859009,0.9980999984289208,0.0
CICIoMT2024,binary,trades,aam_v3b,27,transfer_mlp,0.2,0.9941906332926916,0.994942489480851,0.9927599961908313,0.9855679100333893,0.9984253148790746,
CICIoMT2024,binary,trades,aam_v3b,27,transfer_tf,0.2,0.9945492361758589,0.9953511117704493,0.9932063701028483,0.9864589634173676,0.9985294697143545,
CICIoMT2024,binary,trades,aam_v3b,27,pgd_constrained,0.1,0.9951947213655598,0.9960383173379426,0.9940094500891018,0.9880601896250775,0.9985468417312676,1.0
CICIoMT2024,binary,trades,aam_v3b,27,square,0.1,0.993,0.9946530785384733,0.9909043659043659,0.9819289452948091,0.9973141015234274,
CICIoMT2024,binary,trades,aam_v3b,27,square_clean_subset,0,0.993,0.9946530785384733,0.9909043659043659,0.9819289452948091,0.9984839042476866,
CICIoMT2024,binary,trades,transformer,28,clean,0,0.9954098830954601,0.9961868616041338,0.9942763175145433,0.9885892388509712,0.9989345506365318,
CICIoMT2024,binary,trades,transformer,28,gaussian,0.05,0.9953381625188267,0.9960568225924303,0.9941864221797063,0.988407940640807,0.998908769481706,
CICIoMT2024,binary,trades,transformer,28,fgsm,0.05,0.9950512802122929,0.9956171908019227,0.9938276805207946,0.9876875301861905,0.9985727645407902,
CICIoMT2024,binary,trades,transformer,28,pgd,0.05,0.9950512802122929,0.9956171908019227,0.9938276805207946,0.9876875301861905,0.9985700988569497,0.0
CICIoMT2024,binary,trades,transformer,28,transfer_mlp,0.05,0.9952664419421933,0.9959267835807268,0.9940965124544201,0.9882266452788182,0.9987716606128599,
CICIoMT2024,binary,trades,transformer,28,transfer_tf,0.05,0.9951947213655598,0.9957967445690232,0.9940065883317861,0.9880453527558158,0.9987230730518423,
CICIoMT2024,binary,trades,transformer,28,gaussian,0.1,0.9950512802122929,0.9956171908019227,0.9938276805207946,0.9876875301861905,0.9988728278218069,
CICIoMT2024,binary,trades,transformer,28,fgsm,0.1,0.9948361184823926,0.9952270737668121,0.9935577789253478,0.9871435849005274,0.9983584538621638,
CICIoMT2024,binary,trades,transformer,28,pgd,0.1,0.9946926773291257,0.995128044256018,0.9933798836112162,0.9867905107425669,0.9983213274538909,0.0
CICIoMT2024,binary,trades,transformer,28,transfer_mlp,0.1,0.9950512802122929,0.9956171908019227,0.9938276805207946,0.9876875301861905,0.9986701585837208,
CICIoMT2024,binary,trades,transformer,28,transfer_tf,0.1,0.9948361184823926,0.9952270737668121,0.9935577789253478,0.9871435849005274,0.9985928279969436,
CICIoMT2024,binary,trades,transformer,28,gaussian,0.2,0.9949795596356594,0.9954871517902192,0.9937377277403396,0.9875062122892615,0.9988592804817082,
CICIoMT2024,binary,trades,transformer,28,fgsm,0.2,0.9903177221544861,0.9884035283866999,0.9878927815679317,0.9757882421882188,0.9975482662624101,
CICIoMT2024,binary,trades,transformer,28,pgd,0.2,0.9896005163881517,0.9875057595511967,0.9869959505729636,0.9739945772718726,0.997153989730292,0.0
CICIoMT2024,binary,trades,transformer,28,transfer_mlp,0.2,0.9912500896507208,0.989208268719475,0.9890507458010585,0.9781017459635335,0.9984610891288777,
CICIoMT2024,binary,trades,transformer,28,transfer_tf,0.2,0.993258265796457,0.9930909338160925,0.9915866389477579,0.983196180530893,0.9981988991627179,
CICIoMT2024,binary,trades,transformer,28,pgd_constrained,0.1,0.9948361184823926,0.9952270737668121,0.9935577789253478,0.9871435849005274,0.9984626473305429,1.0
CICIoMT2024,binary,trades,transformer,28,square,0.1,0.9935,0.9943990646480947,0.9920547391800063,0.9841694250228182,0.9990052060881387,
CICIoMT2024,binary,trades,transformer,28,square_clean_subset,0,0.9945,0.996156533892383,0.9932840812272059,0.9866576595703537,0.9992901347147458,
CICIoMT2024,binary,trades,aam_noGate,28,clean,0,0.9956967654019938,0.996143347856803,0.994629769541122,0.989282526112223,0.9993910393359642,
CICIoMT2024,binary,trades,aam_noGate,28,gaussian,0.05,0.9957684859786272,0.9962733868685065,0.9947196946716368,0.9894636009281768,0.9993773760965682,
CICIoMT2024,binary,trades,aam_noGate,28,fgsm,0.05,0.9954098830954601,0.9959452888352146,0.9942735812669758,0.9885752138136233,0.9992080987338388,
CICIoMT2024,binary,trades,aam_noGate,28,pgd,0.05,0.9954098830954601,0.9959452888352146,0.9942735812669758,0.9885752138136233,0.9992072745610571,0.0
CICIoMT2024,binary,trades,aam_noGate,28,transfer_mlp,0.05,0.9954098830954601,0.9959452888352146,0.9942735812669758,0.9885752138136233,0.9993055314098687,
CICIoMT2024,binary,trades,aam_noGate,28,transfer_tf,0.05,0.9954098830954601,0.9959452888352146,0.9942735812669758,0.9885752138136233,0.9993269341467919,
CICIoMT2024,binary,trades,aam_noGate,28,gaussian,0.1,0.9956967654019938,0.9962238721131095,0.9946306262639125,0.9892867148832447,0.9993982250924038,
CICIoMT2024,binary,trades,aam_noGate,28,fgsm,0.1,0.9949795596356594,0.9953261032776064,0.9937357306412313,0.9874968961503866,0.999027926837152,
CICIoMT2024,binary,trades,aam_noGate,28,pgd,0.1,0.9949795596356594,0.9953261032776064,0.9937357306412313,0.9874968961503866,0.9990177920874778,0.0
CICIoMT2024,binary,trades,aam_noGate,28,transfer_mlp,0.1,0.9951947213655598,0.9957162203127169,0.9940056331895604,0.9880406551828965,0.9991948475808339,
CICIoMT2024,binary,trades,aam_noGate,28,transfer_tf,0.1,0.9951947213655598,0.9957162203127169,0.9940056331895604,0.9880406551828965,0.9992650696773699,
CICIoMT2024,binary,trades,aam_noGate,28,gaussian,0.2,0.9948361184823926,0.994421831203748,0.9935474751405511,0.9871026645908201,0.9993577891153046,
CICIoMT2024,binary,trades,aam_noGate,28,fgsm,0.2,0.9940471921394248,0.9940382174069927,0.992570588347036,0.9851629190998213,0.9984801867575523,
CICIoMT2024,binary,trades,aam_noGate,28,pgd,0.2,0.9938320304095245,0.9937286246281887,0.9923014409189338,0.984623461417915,0.9984208076841751,0.0
CICIoMT2024,binary,trades,aam_noGate,28,transfer_mlp,0.2,0.9940471921394248,0.9939576931506864,0.9925694020738235,0.9851582656865686,0.9988800522113456,
CICIoMT2024,binary,trades,aam_noGate,28,transfer_tf,0.2,0.9941189127160582,0.9940877321623898,0.9926595134343322,0.9853396153650611,0.9991120697270778,
CICIoMT2024,binary,trades,aam_noGate,28,pgd_constrained,0.1,0.9950512802122929,0.9954561422893099,0.9938257125823567,0.987678146349303,0.9991165769219775,1.0
CICIoMT2024,binary,trades,aam_noGate,28,square,0.1,0.9945,0.9956272052800221,0.9932770869984668,0.9866142080857303,0.9991132824637483,
CICIoMT2024,binary,trades,aam_noGate,28,square_clean_subset,0,0.9945,0.9956272052800221,0.9932770869984668,0.9866142080857303,0.9993748764183489,
CICIoMT2024,binary,trades,aam_trans,28,clean,0,0.9956967654019938,0.9960628236004967,0.9946289122690236,0.9892784620743645,0.9993132580296965,
CICIoMT2024,binary,trades,aam_trans,28,gaussian,0.05,0.9956967654019938,0.9960628236004967,0.9946289122690236,0.9892784620743645,0.9993155502602453,
CICIoMT2024,binary,trades,aam_trans,28,fgsm,0.05,0.9953381625188267,0.9958152498235111,0.9941836422877274,0.9883940173082966,0.9991743720382901,
CICIoMT2024,binary,trades,aam_trans,28,pgd,0.05,0.9953381625188267,0.9958152498235111,0.9941836422877274,0.9883940173082966,0.9991701481527842,0.0
CICIoMT2024,binary,trades,aam_trans,28,transfer_mlp,0.05,0.9954816036720935,0.9959142793343053,0.9943617078697139,0.9887476168691618,0.9992249813981627,
CICIoMT2024,binary,trades,aam_trans,28,transfer_tf,0.05,0.9954098830954601,0.9958647645789083,0.9942726680148399,0.9885707873901014,0.9992657393177551,
CICIoMT2024,binary,trades,aam_trans,28,gaussian,0.1,0.9958402065552607,0.9962423773675972,0.9948079485267227,0.9896365390479376,0.9993222595417961,
CICIoMT2024,binary,trades,aam_trans,28,fgsm,0.1,0.9951230007889263,0.9954251327884005,0.9939137388132716,0.9878504447989689,0.9990311462620803,
CICIoMT2024,binary,trades,aam_trans,28,pgd,0.1,0.9950512802122929,0.9953756180330035,0.9938247276668295,0.9876736407806395,0.9990278109378545,0.0
CICIoMT2024,binary,trades,aam_trans,28,transfer_mlp,0.1,0.9952664419421933,0.9956852108118076,0.9940936888903038,0.9882128236435298,0.9991296606648858,
CICIoMT2024,binary,trades,aam_trans,28,transfer_tf,0.1,0.9952664419421933,0.9956852108118076,0.9940936888903038,0.9882128236435298,0.9991852021837487,
CICIoMT2024,binary,trades,aam_trans,28,gaussian,0.2,0.9951947213655598,0.9949109777496529,0.9939960480184278,0.9880005308153573,0.9992867170905878,
CICIoMT2024,binary,trades,aam_trans,28,fgsm,0.2,0.9941189127160582,0.9939266836497771,0.9926571679696059,0.9853306136641176,0.9986239405194505,
CICIoMT2024,binary,trades,aam_trans,28,pgd,0.2,0.9939037509861579,0.9936976151272794,0.99238913588425,0.9847955743904059,0.9985360502189081,0.0
CICIoMT2024,binary,trades,aam_trans,28,transfer_mlp,0.2,0.9946209567524923,0.9948369567317017,0.9932877474639451,0.986599664692117,0.9988720036490251,
CICIoMT2024,binary,trades,aam_trans,28,transfer_tf,0.2,0.9945492361758589,0.9947069177199981,0.9931977080854213,0.9864183634857148,0.9990300259022051,
CICIoMT2024,binary,trades,aam_trans,28,pgd_constrained,0.1,0.9951230007889263,0.9954251327884005,0.9939137388132716,0.9878504447989689,0.9990948908756604,1.0
CICIoMT2024,binary,trades,aam_trans,28,square,0.1,0.9945,0.9956272052800221,0.9932770869984668,0.9866142080857303,0.9991243357294357,
CICIoMT2024,binary,trades,aam_trans,28,square_clean_subset,0,0.9945,0.9956272052800221,0.9932770869984668,0.9866142080857303,0.9991390734170189,
CICIoMT2024,binary,trades,aam_v3b,28,clean,0,0.9958402065552607,0.9964839501365165,0.9948104330231968,0.9896489354984451,0.9991933537676673,
CICIoMT2024,binary,trades,aam_v3b,28,gaussian,0.05,0.9956967654019938,0.9963849206257223,0.9946323380631483,0.9892954661559982,0.9991820471473191,
CICIoMT2024,binary,trades,aam_v3b,28,fgsm,0.05,0.9954816036720935,0.9961558521032245,0.9943644039537689,0.9887609978950666,0.9989114866763457,
CICIoMT2024,binary,trades,aam_v3b,28,pgd,0.05,0.9954816036720935,0.9961558521032245,0.9943644039537689,0.9887609978950666,0.9989072756685394,0.0
CICIoMT2024,binary,trades,aam_v3b,28,transfer_mlp,0.05,0.995553324248727,0.996285891114928,0.9944542995783947,0.9889422340422556,0.9990044121574757,
CICIoMT2024,binary,trades,aam_v3b,28,transfer_tf,0.05,0.9956250448253604,0.9963354058703251,0.9945433117647604,0.9891188204646919,0.9990519695025165,
CICIoMT2024,binary,trades,aam_v3b,28,gaussian,0.1,0.9958402065552607,0.9965644743928228,0.9948112601277099,0.9896533169293456,0.9992108159284784,
CICIoMT2024,binary,trades,aam_v3b,28,fgsm,0.1,0.9951230007889263,0.9955861813010134,0.9939156800961618,0.9878593993570753,0.998679044196523,
CICIoMT2024,binary,trades,aam_v3b,28,pgd,0.1,0.9951230007889263,0.9955861813010134,0.9939156800961618,0.9878593993570753,0.9986670550580901,0.0
CICIoMT2024,binary,trades,aam_v3b,28,transfer_mlp,0.1,0.9951947213655598,0.9956356960564106,0.994004677435042,0.9880360818287998,0.9988405434286258,
CICIoMT2024,binary,trades,aam_v3b,28,transfer_tf,0.1,0.9953381625188267,0.9958957740798176,0.99418456951226,0.9883985341757904,0.9989180156701,
CICIoMT2024,binary,trades,aam_v3b,28,gaussian,0.2,0.9950512802122929,0.9950535210077778,0.9938207816854044,0.9876568635661936,0.9990411522347572,
CICIoMT2024,binary,trades,aam_v3b,28,fgsm,0.2,0.9945492361758589,0.9947874419763045,0.9931987932676225,0.9864230049106717,0.9983075096820985,
CICIoMT2024,binary,trades,aam_v3b,28,pgd,0.2,0.9944775155992254,0.9947379272209074,0.9931098531716155,0.9862464044313156,0.9982605060781456,0.0
CICIoMT2024,binary,trades,aam_v3b,28,transfer_mlp,0.2,0.9948361184823926,0.9951465495105057,0.993556751516695,0.987138932403815,0.9985314528801105,
CICIoMT2024,binary,trades,aam_v3b,28,transfer_tf,0.2,0.994907839059026,0.9952765885222092,0.9936467477296713,0.987320210869806,0.9987371097445297,
CICIoMT2024,binary,trades,aam_v3b,28,pgd_constrained,0.1,0.9951230007889263,0.9955861813010134,0.9939156800961618,0.9878593993570753,0.9988142471658116,1.0
CICIoMT2024,binary,trades,aam_v3b,28,square,0.1,0.9945,0.9956272052800221,0.9932770869984668,0.9866142080857303,0.9988602854935713,
CICIoMT2024,binary,trades,aam_v3b,28,square_clean_subset,0,0.9945,0.9956272052800221,0.9932770869984668,0.9866142080857303,0.9993368040587591,
CICIoMT2024,binary,trades,transformer,29,clean,0,0.9956967654019938,0.9964654448820287,0.994633193140382,0.9893000284239744,0.9994146827926373,
CICIoMT2024,binary,trades,transformer,29,gaussian,0.05,0.9957684859786272,0.9965149596374258,0.9947222195757519,0.9894766430343173,0.9994246887653144,
CICIoMT2024,binary,trades,transformer,29,fgsm,0.05,0.995553324248727,0.9963664153712344,0.9944551825922139,0.9889469769042863,0.9990345717302038,
CICIoMT2024,binary,trades,transformer,29,pgd,0.05,0.9954816036720935,0.9963169006158373,0.9943661984658272,0.9887705399184975,0.999022350793176,0.0
CICIoMT2024,binary,trades,transformer,29,transfer_mlp,0.05,0.9956250448253604,0.9964159301266315,0.9945441808148012,0.9891234730600437,0.9993456325667754,
CICIoMT2024,binary,trades,transformer,29,transfer_tf,0.05,0.995553324248727,0.9963664153712344,0.9944551825922139,0.9889469769042863,0.9992558234889758,
CICIoMT2024,binary,trades,transformer,29,gaussian,0.1,0.9958402065552607,0.9965644743928228,0.9948112601277099,0.9896533169293456,0.9993534750859007,
CICIoMT2024,binary,trades,transformer,29,fgsm,0.1,0.9950512802122929,0.9959392878271482,0.993831608839879,0.9877077854036754,0.9988325978879027,
CICIoMT2024,binary,trades,transformer,29,pgd,0.1,0.994907839059026,0.9957597340600477,0.9936528148932088,0.9873501878952368,0.9988103323450986,0.0
CICIoMT2024,binary,trades,transformer,29,transfer_mlp,0.1,0.9954098830954601,0.9962673858604403,0.9942772284288519,0.9885941620645061,0.9992410914005038,
CICIoMT2024,binary,trades,transformer,29,transfer_tf,0.1,0.9954098830954601,0.9961868616041338,0.9942763175145433,0.9885892388509712,0.9990687105121437,
CICIoMT2024,binary,trades,transformer,29,gaussian,0.2,0.9956967654019938,0.9964654448820287,0.994633193140382,0.9893000284239744,0.9993496117759868,
CICIoMT2024,binary,trades,transformer,29,fgsm,0.2,0.9929713834899233,0.9935370688449553,0.9912425764547801,0.9825383177652138,0.9983254354400992,
CICIoMT2024,binary,trades,transformer,29,pgd,0.2,0.9912500896507208,0.9919460934338927,0.989109994201885,0.9783015264714863,0.9980774238213234,0.0
CICIoMT2024,binary,trades,transformer,29,transfer_mlp,0.2,0.9947643979057592,0.9956607045492535,0.9934750582954406,0.9869980756363916,0.9988858729316159,
CICIoMT2024,binary,trades,transformer,29,transfer_tf,0.2,0.994405795022592,0.9952520822596551,0.9930286984139682,0.9861070810929956,0.9987338001757035,
CICIoMT2024,binary,trades,transformer,29,pgd_constrained,0.1,0.9952664419421933,0.9960878320933396,0.9940983918172535,0.9882364802764423,0.9989165476123328,1.0
CICIoMT2024,binary,trades,transformer,29,square,0.1,0.995,0.9965349965349966,0.9938130756933068,0.9877021469608571,0.999807154205718,
CICIoMT2024,binary,trades,transformer,29,square_clean_subset,0,0.9955,0.996881496881497,0.9944287469230433,0.9889191618646886,0.9998631416943804,
CICIoMT2024,binary,trades,aam_noGate,29,clean,0,0.9958402065552607,0.9965644743928228,0.9948112601277099,0.9896533169293456,0.9994179537283645,
CICIoMT2024,binary,trades,aam_noGate,29,gaussian,0.05,0.9958402065552607,0.9965644743928228,0.9948112601277099,0.9896533169293456,0.9994104846625309,
CICIoMT2024,binary,trades,aam_noGate,29,fgsm,0.05,0.995553324248727,0.996285891114928,0.9944542995783947,0.9889422340422556,0.9992962337106758,
CICIoMT2024,binary,trades,aam_noGate,29,pgd,0.05,0.995553324248727,0.996285891114928,0.9944542995783947,0.9889422340422556,0.9992948686745062,0.0
CICIoMT2024,binary,trades,aam_noGate,29,transfer_mlp,0.05,0.995553324248727,0.996285891114928,0.9944542995783947,0.9889422340422556,0.9993605191876438,
CICIoMT2024,binary,trades,aam_noGate,29,transfer_tf,0.05,0.9956250448253604,0.9964159301266315,0.9945441808148012,0.9891234730600437,0.9993757663841043,
CICIoMT2024,binary,trades,aam_noGate,29,gaussian,0.1,0.9957684859786272,0.9964344353811194,0.994721378480359,0.989472171154472,0.9993928679693234,
CICIoMT2024,binary,trades,aam_noGate,29,fgsm,0.1,0.9951947213655598,0.9958772688253297,0.9940075428621589,0.9880501744311886,0.9991684869295213,
CICIoMT2024,binary,trades,aam_noGate,29,pgd,0.1,0.9951947213655598,0.9958772688253297,0.9940075428621589,0.9880501744311886,0.9991600649139087,0.0
CICIoMT2024,binary,trades,aam_noGate,29,transfer_mlp,0.1,0.9953381625188267,0.995976298336124,0.9941854961427775,0.9884031753254412,0.9993091114103889,
CICIoMT2024,binary,trades,aam_noGate,29,transfer_tf,0.1,0.9954098830954601,0.9961868616041338,0.9942763175145433,0.9885892388509712,0.9993288786794485,
CICIoMT2024,binary,trades,aam_noGate,29,gaussian,0.2,0.994907839059026,0.9947934429843708,0.9936406571907832,0.987294705381576,0.9992529517619398,
CICIoMT2024,binary,trades,aam_noGate,29,fgsm,0.2,0.9926127806067561,0.9915179614292289,0.9907670855309547,0.9815399083136367,0.9987968107604,
CICIoMT2024,binary,trades,aam_noGate,29,pgd,0.2,0.9911066484974539,0.9888676664397615,0.9888676664397615,0.9777353328795232,0.9987244895988108,0.0
CICIoMT2024,binary,trades,aam_noGate,29,transfer_mlp,0.2,0.9943340744459586,0.9944778491975004,0.9929297606620222,0.985883680633102,0.9990423627385304,
CICIoMT2024,binary,trades,aam_noGate,29,transfer_tf,0.2,0.9941906332926916,0.9942177711740934,0.9927496103145773,0.9855209677428203,0.9991837856367803,
CICIoMT2024,binary,trades,aam_noGate,29,pgd_constrained,0.1,0.9952664419421933,0.9959267835807268,0.9940965124544201,0.9882266452788182,0.9992035915389391,1.0
CICIoMT2024,binary,trades,aam_noGate,29,square,0.1,0.9955,0.996881496881497,0.9944287469230433,0.9889191618646886,0.9997325042208346,
CICIoMT2024,binary,trades,aam_noGate,29,square_clean_subset,0,0.9955,0.996881496881497,0.9944287469230433,0.9889191618646886,0.9997847592102529,
CICIoMT2024,binary,trades,aam_trans,29,clean,0,0.9963422505916948,0.9970721261932154,0.9954363962565246,0.9908995656647743,0.9994182370377582,
CICIoMT2024,binary,trades,aam_trans,29,gaussian,0.05,0.9963422505916948,0.9970721261932154,0.9954363962565246,0.9908995656647743,0.999423722937836,
CICIoMT2024,binary,trades,aam_trans,29,fgsm,0.05,0.9959836477085275,0.9966635039036171,0.9949893836086039,0.9900068427267191,0.9991840174353751,
CICIoMT2024,binary,trades,aam_trans,29,pgd,0.05,0.9959836477085275,0.9966635039036171,0.9949893836086039,0.9900068427267191,0.9991821888020158,0.0
CICIoMT2024,binary,trades,aam_trans,29,transfer_mlp,0.05,0.9960553682851611,0.9967130186590142,0.995078466551154,0.9901836947057807,0.9993344418457247,
CICIoMT2024,binary,trades,aam_trans,29,transfer_tf,0.05,0.9961270888617945,0.9968430576707177,0.9951683341940107,0.990364749954993,0.9993547242227728,
CICIoMT2024,binary,trades,aam_trans,29,gaussian,0.1,0.9961988094384279,0.9968925724261148,0.9952574314038392,0.9905416301852775,0.9993598237918594,
CICIoMT2024,binary,trades,aam_trans,29,fgsm,0.1,0.9956250448253604,0.9963354058703251,0.9945433117647604,0.9891188204646919,0.9990727154767542,
CICIoMT2024,binary,trades,aam_trans,29,pgd,0.1,0.9956250448253604,0.9963354058703251,0.9945433117647604,0.9891188204646919,0.9990683113034525,0.0
CICIoMT2024,binary,trades,aam_trans,29,transfer_mlp,0.1,0.9957684859786272,0.9965149596374258,0.9947222195757519,0.9894766430343173,0.9992231141317044,
CICIoMT2024,binary,trades,aam_trans,29,transfer_tf,0.1,0.9958402065552607,0.9965644743928228,0.9948112601277099,0.9896533169293456,0.9992590557916039,
CICIoMT2024,binary,trades,aam_trans,29,gaussian,0.2,0.9956250448253604,0.9960133088450995,0.9945398299899904,0.9891014541728103,0.9992603049284761,
CICIoMT2024,binary,trades,aam_trans,29,fgsm,0.2,0.9947643979057592,0.9950165104988022,0.9934667408649065,0.9869576567216245,0.9987783183836118,
CICIoMT2024,binary,trades,aam_trans,29,pgd,0.2,0.9946926773291257,0.9948864714870987,0.9933767157673838,0.9867763838140282,0.998732963125222,0.0
CICIoMT2024,binary,trades,aam_trans,29,transfer_mlp,0.2,0.994907839059026,0.9951155400095965,0.9936447201522839,0.9873112109578153,0.9989717414333035,
CICIoMT2024,binary,trades,aam_trans,29,transfer_tf,0.2,0.9949795596356594,0.9952455790213,0.993734731131309,0.9874924244706553,0.9991045877835444,
CICIoMT2024,binary,trades,aam_trans,29,pgd_constrained,0.1,0.9957684859786272,0.9965149596374258,0.9947222195757519,0.9894766430343173,0.9991017160565083,1.0
CICIoMT2024,binary,trades,aam_trans,29,square,0.1,0.9955,0.996881496881497,0.9944287469230433,0.9889191618646886,0.9997362367200787,
CICIoMT2024,binary,trades,aam_trans,29,square_clean_subset,0,0.996,0.9972279972279972,0.9950450835460851,0.9901389809588045,0.9997947125415707,
CICIoMT2024,binary,trades,aam_v3b,29,clean,0,0.9960553682851611,0.9967935429153206,0.9950792511257585,0.9901879291402595,0.9993823597663573,
CICIoMT2024,binary,trades,aam_v3b,29,gaussian,0.05,0.9959119271318941,0.9966945134045264,0.9949011273867434,0.9898344656039426,0.9993907560265702,
CICIoMT2024,binary,trades,aam_v3b,29,fgsm,0.05,0.9956967654019938,0.9964654448820287,0.994633193140382,0.9893000284239744,0.9992133142022227,
CICIoMT2024,binary,trades,aam_v3b,29,pgd,0.05,0.9956967654019938,0.9964654448820287,0.994633193140382,0.9893000284239744,0.9992128377273333,0.0
CICIoMT2024,binary,trades,aam_v3b,29,transfer_mlp,0.05,0.9957684859786272,0.9965149596374258,0.9947222195757519,0.9894766430343173,0.9992825318381809,
CICIoMT2024,binary,trades,aam_v3b,29,transfer_tf,0.05,0.9957684859786272,0.9965149596374258,0.9947222195757519,0.9894766430343173,0.9993431085376318,
CICIoMT2024,binary,trades,aam_v3b,29,gaussian,0.1,0.9960553682851611,0.9967935429153206,0.9950792511257585,0.9901879291402595,0.9993464953726562,
CICIoMT2024,binary,trades,aam_v3b,29,fgsm,0.1,0.9951947213655598,0.9957162203127169,0.9940056331895604,0.9880406551828965,0.9990395425222932,
CICIoMT2024,binary,trades,aam_v3b,29,pgd,0.1,0.9951947213655598,0.9957162203127169,0.9940056331895604,0.9880406551828965,0.9990336445358245,0.0
CICIoMT2024,binary,trades,aam_v3b,29,transfer_mlp,0.1,0.9954098830954601,0.996025813091521,0.9942744939340249,0.9885797646093035,0.9991984147036547,
CICIoMT2024,binary,trades,aam_v3b,29,transfer_tf,0.1,0.9956250448253604,0.9962548816140188,0.9945424421576594,0.9891142921615781,0.9993001485313885,
CICIoMT2024,binary,trades,aam_v3b,29,gaussian,0.2,0.995553324248727,0.9960443183460088,0.9944516471393763,0.988928751136673,0.9993463022071605,
CICIoMT2024,binary,trades,aam_v3b,29,fgsm,0.2,0.9944775155992254,0.9945768787082946,0.99310765424966,0.9862370650288182,0.9987309155709677,
CICIoMT2024,binary,trades,aam_v3b,29,pgd,0.2,0.994405795022592,0.9944468396965911,0.9930175859497307,0.9860557693122072,0.998666874770294,0.0
CICIoMT2024,binary,trades,aam_v3b,29,transfer_mlp,0.2,0.9945492361758589,0.9947069177199981,0.9931977080854213,0.9864183634857148,0.9989606408561509,
CICIoMT2024,binary,trades,aam_v3b,29,transfer_tf,0.2,0.9947643979057592,0.9950970347551087,0.9934677828769861,0.9869622753903092,0.9991623957775569,
CICIoMT2024,binary,trades,aam_v3b,29,pgd_constrained,0.1,0.9952664419421933,0.9957657350681139,0.9940946306815688,0.9882173065853493,0.9990913881413385,1.0
CICIoMT2024,binary,trades,aam_v3b,29,square,0.1,0.995,0.9959838308132742,0.9938063544326063,0.9876614501824108,0.9997437017185671,
CICIoMT2024,binary,trades,aam_v3b,29,square_clean_subset,0,0.9955,0.996881496881497,0.9944287469230433,0.9889191618646886,0.9997984450408149,
CICIoMT2024,binary,trades,transformer,30,clean,0,0.9956967654019938,0.9966264933946415,0.9946349016520486,0.989309525640634,0.9994613386986981,
CICIoMT2024,binary,trades,transformer,30,gaussian,0.05,0.9957684859786272,0.9966760081500385,0.9947239001505366,0.9894859597440976,0.9994588017918546,
CICIoMT2024,binary,trades,transformer,30,fgsm,0.05,0.9951947213655598,0.9960383173379426,0.9940094500891018,0.9880601896250775,0.9991613398061802,
CICIoMT2024,binary,trades,transformer,30,pgd,0.05,0.9951947213655598,0.9960383173379426,0.9940094500891018,0.9880601896250775,0.9991554289420118,0.0
CICIoMT2024,binary,trades,transformer,30,transfer_mlp,0.05,0.9954816036720935,0.9963974248721438,0.9943670948599017,0.9887754969832728,0.9993492769557941,
CICIoMT2024,binary,trades,transformer,30,transfer_tf,0.05,0.9954816036720935,0.9964779491284501,0.9943679906798895,0.9887805779289915,0.9993645241522546,
CICIoMT2024,binary,trades,transformer,30,gaussian,0.1,0.9956967654019938,0.9966264933946415,0.9946349016520486,0.989309525640634,0.9994174901311748,
CICIoMT2024,binary,trades,transformer,30,fgsm,0.1,0.994405795022592,0.9951715580033487,0.9930275903687127,0.9861013939706398,0.9987742232751033,
CICIoMT2024,binary,trades,transformer,30,pgd,0.1,0.9943340744459586,0.9950415189916453,0.9929376391065281,0.9859197978614821,0.9987230472964428,0.0
CICIoMT2024,binary,trades,transformer,30,transfer_mlp,0.1,0.9951947213655598,0.9961188415942489,0.9940104027865491,0.9880653829121141,0.9992068367192669,
CICIoMT2024,binary,trades,transformer,30,transfer_tf,0.1,0.9949795596356594,0.9958897730717512,0.993742709305255,0.987531671757551,0.9992216203185376,
CICIoMT2024,binary,trades,transformer,30,gaussian,0.2,0.9954816036720935,0.9963169006158373,0.9943661984658272,0.9887705399184975,0.9993333987520477,
CICIoMT2024,binary,trades,transformer,30,fgsm,0.2,0.9930431040665567,0.993506059344046,0.9913298719816129,0.9827075788273844,0.9980442379891626,
CICIoMT2024,binary,trades,transformer,30,pgd,0.2,0.990461163307753,0.990515664305154,0.9881177551463116,0.9762940672972337,0.9977134227612312,0.0
CICIoMT2024,binary,trades,transformer,30,transfer_mlp,0.2,0.9942623538693252,0.9948309557236352,0.9928465355360647,0.9857327077599949,0.9987372771546261,
CICIoMT2024,binary,trades,transformer,30,transfer_tf,0.2,0.9938320304095245,0.9944533429349462,0.9923124714321704,0.9846711161837286,0.998872312713818,
CICIoMT2024,binary,trades,transformer,30,pgd_constrained,0.1,0.9946926773291257,0.99553066553755,0.9933851498369839,0.9868165328640954,0.9989280216427773,1.0
CICIoMT2024,binary,trades,transformer,30,square,0.1,0.9925,0.9930556641082957,0.9902848954411871,0.9806369394165652,0.9988992752150647,
CICIoMT2024,binary,trades,transformer,30,square_clean_subset,0,0.9955,0.9963356937041148,0.9941637098832061,0.9883683365608115,0.9991767360188412,
CICIoMT2024,binary,trades,aam_noGate,30,clean,0,0.9961988094384279,0.9968925724261148,0.9952574314038392,0.9905416301852775,0.9995435885667662,
CICIoMT2024,binary,trades,aam_noGate,30,gaussian,0.05,0.9960553682851611,0.9967130186590142,0.995078466551154,0.9901836947057807,0.9995387465516741,
CICIoMT2024,binary,trades,aam_noGate,30,fgsm,0.05,0.9959119271318941,0.99661398914822,0.9949003148030588,0.9898300501473657,0.9994117209217033,
CICIoMT2024,binary,trades,aam_noGate,30,pgd,0.05,0.9959119271318941,0.99661398914822,0.9949003148030588,0.9898300501473657,0.9994095832235508,0.0
CICIoMT2024,binary,trades,aam_noGate,30,transfer_mlp,0.05,0.9959836477085275,0.9967440281599236,0.9949901821922718,0.9900111677026929,0.999464674022924,
CICIoMT2024,binary,trades,aam_noGate,30,transfer_tf,0.05,0.9959836477085275,0.9967440281599236,0.9949901821922718,0.9900111677026929,0.9994938548904737,
CICIoMT2024,binary,trades,aam_noGate,30,gaussian,0.1,0.9961270888617945,0.9967625334144112,0.9951675636375212,0.9903606061229595,0.9995573161946604,
CICIoMT2024,binary,trades,aam_noGate,30,fgsm,0.1,0.9956250448253604,0.9962548816140188,0.9945424421576594,0.9891142921615781,0.9992589398923063,
CICIoMT2024,binary,trades,aam_noGate,30,pgd,0.1,0.995553324248727,0.9961248426023153,0.9944525318523828,0.9889331210418972,0.9992475302503606,0.0
CICIoMT2024,binary,trades,aam_noGate,30,transfer_mlp,0.1,0.9956250448253604,0.9962548816140188,0.9945424421576594,0.9891142921615781,0.9993618842238136,
CICIoMT2024,binary,trades,aam_noGate,30,transfer_tf,0.1,0.9957684859786272,0.9964344353811194,0.994721378480359,0.989472171154472,0.999441133587848,
CICIoMT2024,binary,trades,aam_noGate,30,gaussian,0.2,0.9953381625188267,0.9954931527982855,0.994179927440897,0.9883771949975914,0.9994849435222724,
CICIoMT2024,binary,trades,aam_noGate,30,fgsm,0.2,0.994405795022592,0.9948494609781231,0.9930231510824965,0.9860798789885058,0.9989409894863884,
CICIoMT2024,binary,trades,aam_noGate,30,pgd,0.2,0.9942623538693252,0.9946699072110226,0.9928442575205093,0.9857220846067871,0.9988355855142362,0.0
CICIoMT2024,binary,trades,aam_noGate,30,transfer_mlp,0.2,0.9946926773291257,0.995128044256018,0.9933798836112162,0.9867905107425669,0.9991149929649127,
CICIoMT2024,binary,trades,aam_noGate,30,transfer_tf,0.2,0.9949795596356594,0.9954066275339128,0.9937367295107549,0.9875014921288015,0.999247723415856,
CICIoMT2024,binary,trades,aam_noGate,30,pgd_constrained,0.1,0.9957684859786272,0.9964344353811194,0.994721378480359,0.989472171154472,0.9993366439323756,1.0
CICIoMT2024,binary,trades,aam_noGate,30,square,0.1,0.9955,0.9963356937041148,0.9941637098832061,0.9883683365608115,0.9989214199740515,
CICIoMT2024,binary,trades,aam_noGate,30,square_clean_subset,0,0.996,0.996673075620444,0.9948089633629611,0.989648049136694,0.9992757361178414,
CICIoMT2024,binary,trades,aam_trans,30,clean,0,0.9962705300150613,0.996942087181512,0.9953465427620576,0.9907185698695311,0.9995493062654388,
CICIoMT2024,binary,trades,aam_trans,30,gaussian,0.05,0.9961988094384279,0.9968925724261148,0.9952574314038392,0.9905416301852775,0.9995503879922146,
CICIoMT2024,binary,trades,aam_trans,30,fgsm,0.05,0.9960553682851611,0.9967130186590142,0.995078466551154,0.9901836947057807,0.9994282301327356,
CICIoMT2024,binary,trades,aam_trans,30,pgd,0.05,0.9960553682851611,0.9967130186590142,0.995078466551154,0.9901836947057807,0.9994260409237845,0.0
CICIoMT2024,binary,trades,aam_trans,30,transfer_mlp,0.05,0.9960553682851611,0.9967130186590142,0.995078466551154,0.9901836947057807,0.9995054319425161,
CICIoMT2024,binary,trades,aam_trans,30,transfer_tf,0.05,0.9960553682851611,0.9967130186590142,0.995078466551154,0.9901836947057807,0.9995124760442592,
CICIoMT2024,binary,trades,aam_trans,30,gaussian,0.1,0.9961988094384279,0.996731523913502,0.9952559178601555,0.9905336487448062,0.9995823246875034,
CICIoMT2024,binary,trades,aam_trans,30,fgsm,0.1,0.9956250448253604,0.9962548816140188,0.9945424421576594,0.9891142921615781,0.9993037542873083,
CICIoMT2024,binary,trades,aam_trans,30,pgd,0.1,0.995553324248727,0.9961248426023153,0.9944525318523828,0.9889331210418972,0.9992912371631869,0.0
CICIoMT2024,binary,trades,aam_trans,30,transfer_mlp,0.1,0.9956967654019938,0.9963043963694158,0.9946314824377898,0.9892910282701712,0.9994437091277909,
CICIoMT2024,binary,trades,aam_trans,30,transfer_tf,0.1,0.9957684859786272,0.996353911124813,0.9947205368457832,0.9894678237467871,0.9994628453895646,
CICIoMT2024,binary,trades,aam_trans,30,gaussian,0.2,0.9951230007889263,0.9951030357631749,0.9939098487733162,0.9878340303714062,0.9994374763211296,
CICIoMT2024,binary,trades,aam_trans,30,fgsm,0.2,0.9941906332926916,0.9944593439430125,0.9927530789306624,0.9855355022326397,0.9990517377039216,
CICIoMT2024,binary,trades,aam_trans,30,pgd,0.2,0.9941189127160582,0.9944098291876154,0.9926641953529693,0.9853591076491774,0.9989201533682524,0.0
CICIoMT2024,binary,trades,aam_trans,30,transfer_mlp,0.2,0.9943340744459586,0.9945583734538068,0.9929308883189302,0.9858884689518187,0.9992386446375585,
CICIoMT2024,binary,trades,aam_trans,30,transfer_tf,0.2,0.9945492361758589,0.994867966232611,0.9931998777545337,0.9864277704439796,0.9993600298350548,
CICIoMT2024,binary,trades,aam_trans,30,pgd_constrained,0.1,0.9956250448253604,0.9961743573577124,0.994541571993098,0.9891098882672902,0.9993651551595403,1.0
CICIoMT2024,binary,trades,aam_trans,30,square,0.1,0.9955,0.9963356937041148,0.9941637098832061,0.9883683365608115,0.9991207228049334,
CICIoMT2024,binary,trades,aam_trans,30,square_clean_subset,0,0.9965,0.9970104575367733,0.995455016185012,0.990930993311322,0.9993200256358151,
CICIoMT2024,binary,trades,aam_v3b,30,clean,0,0.9964856917449616,0.9971711557040097,0.9956146616764441,0.991253561075714,0.9995405494296338,
CICIoMT2024,binary,trades,aam_v3b,30,gaussian,0.05,0.9963422505916948,0.9970721261932154,0.9954363962565246,0.9908995656647743,0.9995375102925016,
CICIoMT2024,binary,trades,aam_v3b,30,fgsm,0.05,0.9962705300150613,0.9970226114378183,0.9953472847794178,0.990722657183267,0.9994299814998965,
CICIoMT2024,binary,trades,aam_v3b,30,pgd,0.05,0.9962705300150613,0.9970226114378183,0.9953472847794178,0.990722657183267,0.9994293247372114,0.0
CICIoMT2024,binary,trades,aam_v3b,30,transfer_mlp,0.05,0.9962705300150613,0.9970226114378183,0.9953472847794178,0.990722657183267,0.9994900173359593,
CICIoMT2024,binary,trades,aam_v3b,30,transfer_tf,0.05,0.9962705300150613,0.9970226114378183,0.9953472847794178,0.990722657183267,0.9995019420858938,
CICIoMT2024,binary,trades,aam_v3b,30,gaussian,0.1,0.9963422505916948,0.996991601936909,0.9954356682754827,0.9908955690462066,0.999567888786125,
CICIoMT2024,binary,trades,aam_v3b,30,fgsm,0.1,0.9956250448253604,0.9961743573577124,0.994541571993098,0.9891098882672902,0.9993013461574619,
CICIoMT2024,binary,trades,aam_v3b,30,pgd,0.1,0.9956250448253604,0.9961743573577124,0.994541571993098,0.9891098882672902,0.9992990281715136,0.0
CICIoMT2024,binary,trades,aam_v3b,30,transfer_mlp,0.1,0.9959119271318941,0.99661398914822,0.9949003148030588,0.9898300501473657,0.9994224094124652,
CICIoMT2024,binary,trades,aam_v3b,30,transfer_tf,0.1,0.9958402065552607,0.9964839501365165,0.9948104330231968,0.9896489354984451,0.9994594327991405,
CICIoMT2024,binary,trades,aam_v3b,30,gaussian,0.2,0.9946209567524923,0.9939511899123312,0.9932759258895246,0.9865564602104065,0.999409763511347,
CICIoMT2024,binary,trades,aam_v3b,30,fgsm,0.2,0.9946209567524923,0.994917480988008,0.9932888180243008,0.9866043399108124,0.9990049272654643,
CICIoMT2024,binary,trades,aam_v3b,30,pgd,0.2,0.9944775155992254,0.9947379272209074,0.9931098531716155,0.9862464044313156,0.9989676978355936,0.0
CICIoMT2024,binary,trades,aam_v3b,30,transfer_mlp,0.2,0.9947643979057592,0.9950970347551087,0.9934677828769861,0.9869622753903092,0.9992517927689656,
CICIoMT2024,binary,trades,aam_v3b,30,transfer_tf,0.2,0.9951230007889263,0.995505657044707,0.9939147097657675,0.9878548598969582,0.9993209331387255,
CICIoMT2024,binary,trades,aam_v3b,30,pgd_constrained,0.1,0.9958402065552607,0.9964034258802101,0.9948096053884488,0.9896446786298163,0.9993627727850938,1.0
CICIoMT2024,binary,trades,aam_v3b,30,square,0.1,0.9955,0.9963356937041148,0.9941637098832061,0.9883683365608115,0.9988979725821832,
CICIoMT2024,binary,trades,aam_v3b,30,square_clean_subset,0,0.9965,0.9970104575367733,0.995455016185012,0.990930993311322,0.9992145123724073,
TON_IoT,binary,trades,transformer,21,clean,0,0.9754354622599375,0.973256879570835,0.9748225712597187,0.94990036530517,0.9974903647974614,
TON_IoT,binary,trades,transformer,21,gaussian,0.05,0.9754354622599375,0.973256879570835,0.9748225712597187,0.94990036530517,0.9974998279428118,
TON_IoT,binary,trades,transformer,21,fgsm,0.05,0.9746910823284204,0.9724745174248653,0.9740583830754582,0.9483786552682262,0.996574024435743,
TON_IoT,binary,trades,transformer,21,pgd,0.05,0.9746910823284204,0.9724745174248653,0.9740583830754582,0.9483786552682262,0.996540744953291,0.0
TON_IoT,binary,trades,transformer,21,transfer_mlp,0.05,0.9749888343010272,0.9727786511440897,0.9743635785686882,0.9489891303669294,0.9972010823302702,
TON_IoT,binary,trades,transformer,21,transfer_tf,0.05,0.9749888343010272,0.9727786511440897,0.9743635785686882,0.9489891303669294,0.9971181779324884,
TON_IoT,binary,trades,transformer,21,gaussian,0.1,0.9752865862736341,0.9731268405591316,0.9746711862373891,0.9495907708895567,0.9974306428418778,
TON_IoT,binary,trades,transformer,21,fgsm,0.1,0.9742444543695102,0.9720403446939374,0.9736018474420082,0.9474585900793784,0.9952927417222381,
TON_IoT,binary,trades,transformer,21,pgd,0.1,0.9742444543695102,0.9720403446939374,0.9736018474420082,0.9474585900793784,0.9952023664202324,0.0
TON_IoT,binary,trades,transformer,21,transfer_mlp,0.1,0.9746910823284204,0.9724745174248653,0.9740583830754582,0.9483786552682262,0.99653304765803,
TON_IoT,binary,trades,transformer,21,transfer_tf,0.1,0.974542206342117,0.9723004227173444,0.9739045409570686,0.9480778909806883,0.9963926852150352,
TON_IoT,binary,trades,transformer,21,gaussian,0.2,0.9748399583147238,0.9726926678282035,0.9742146625430649,0.9486709157947962,0.9970910562862452,
TON_IoT,binary,trades,transformer,21,fgsm,0.2,0.972011314574959,0.9696932582560284,0.9713088860396613,0.9428928818495699,0.992926457324384,
TON_IoT,binary,trades,transformer,21,pgd,0.2,0.9715646866160488,0.9692150298292831,0.9708496562877991,0.9419814125195729,0.9921349942587233,0.0
TON_IoT,binary,trades,transformer,21,transfer_mlp,0.2,0.9735000744379931,0.9713020382437851,0.9728401876521402,0.9459282954415287,0.9957716040438873,
TON_IoT,binary,trades,transformer,21,transfer_tf,0.2,0.9729045704927796,0.9706937708053363,0.9722298547903906,0.944707470292186,0.9949767451126702,
TON_IoT,binary,trades,transformer,21,pgd_constrained,0.1,0.9751377102873307,0.9729086901557933,0.9745149610516401,0.9492989038836175,0.996891877451815,1.0
TON_IoT,binary,trades,transformer,21,square,0.1,0.9715,0.968840822972264,0.9706259380696861,0.9415243903741446,0.9965783062770063,
TON_IoT,binary,trades,transformer,21,square_clean_subset,0,0.973,0.970463381306855,0.972176880842855,0.944603414208016,0.9974714576538454,
TON_IoT,binary,trades,aam_noGate,21,clean,0,0.9863034092600863,0.9864504058738512,0.9860220385126582,0.9720622811103742,0.9981559997247085,
TON_IoT,binary,trades,aam_noGate,21,gaussian,0.05,0.9861545332737829,0.9863203668621477,0.9858707129784514,0.9717614911202338,0.9981393373443788,
TON_IoT,binary,trades,aam_noGate,21,fgsm,0.05,0.9860056572874796,0.9861903278504442,0.9857193998383487,0.9714608159992073,0.9978499643207726,
TON_IoT,binary,trades,aam_noGate,21,pgd,0.05,0.9860056572874796,0.9861903278504442,0.9857193998383487,0.9714608159992073,0.9978407275664595,0.0
TON_IoT,binary,trades,aam_noGate,21,transfer_mlp,0.05,0.9861545332737829,0.9863203668621477,0.9858707129784514,0.9717614911202338,0.9979699968486369,
TON_IoT,binary,trades,aam_noGate,21,transfer_tf,0.05,0.9863034092600863,0.9864504058738512,0.9860220385126582,0.9720622811103742,0.9980207989973593,
TON_IoT,binary,trades,aam_noGate,21,gaussian,0.1,0.9861545332737829,0.9863644225579651,0.9858719285634756,0.9717679221918979,0.9981368470429708,
TON_IoT,binary,trades,aam_noGate,21,fgsm,0.1,0.9855590293285693,0.9856680437278815,0.9852617309551831,0.9705398795607161,0.9975835926265346,
TON_IoT,binary,trades,aam_noGate,21,pgd,0.1,0.9855590293285693,0.9856680437278815,0.9852617309551831,0.9705398795607161,0.9975570595969876,0.0
TON_IoT,binary,trades,aam_noGate,21,transfer_mlp,0.1,0.9861545332737829,0.9863203668621477,0.9858707129784514,0.9717614911202338,0.9978237482386777,
TON_IoT,binary,trades,aam_noGate,21,transfer_tf,0.1,0.9863034092600863,0.9864504058738512,0.9860220385126582,0.9720622811103742,0.9978874546765144,
TON_IoT,binary,trades,aam_noGate,21,gaussian,0.2,0.9787107339586125,0.9787610795773551,0.9782761912320109,0.9565762583544815,0.9973947825016027,
TON_IoT,binary,trades,aam_noGate,21,fgsm,0.2,0.968736042876284,0.9708414683179327,0.9682308919593123,0.9371652733844037,0.9963784225796987,
TON_IoT,binary,trades,aam_noGate,21,pgd,0.2,0.9685871668899807,0.9706673736104119,0.9680783918821567,0.936849088132954,0.9951260726407338,0.0
TON_IoT,binary,trades,aam_noGate,21,transfer_mlp,0.2,0.969778174780408,0.9719720198789441,0.9692933706134879,0.9393247986338245,0.9961096058622599,
TON_IoT,binary,trades,aam_noGate,21,transfer_tf,0.2,0.9746910823284204,0.9762633072651601,0.9742521583369712,0.9489161551004598,0.9967280156191706,
TON_IoT,binary,trades,aam_noGate,21,pgd_constrained,0.1,0.9860056572874796,0.9861903278504442,0.9857193998383487,0.9714608159992073,0.9978950614153606,1.0
TON_IoT,binary,trades,aam_noGate,21,square,0.1,0.9845,0.9851618811205252,0.9841209634272493,0.9683291723396171,0.9985730110186134,
TON_IoT,binary,trades,aam_noGate,21,square_clean_subset,0,0.9855,0.9861884918985011,0.9851454173996848,0.9703781733094716,0.9989158990184573,
TON_IoT,binary,trades,aam_trans,21,clean,0,0.9813905017120739,0.9806171691340271,0.9809772710759432,0.9619676681532575,0.9981910450572498,
TON_IoT,binary,trades,aam_trans,21,gaussian,0.05,0.982879261575108,0.982225949121784,0.9825022228002047,0.96501213080447,0.998197565119118,
TON_IoT,binary,trades,aam_trans,21,fgsm,0.05,0.9784129819860057,0.9772233863752441,0.9779176567896475,0.955884688441332,0.9978256046451819,
TON_IoT,binary,trades,aam_trans,21,pgd,0.05,0.9784129819860057,0.9772233863752441,0.9779176567896475,0.955884688441332,0.9978238387950926,0.0
TON_IoT,binary,trades,aam_trans,21,transfer_mlp,0.05,0.9787107339586125,0.9775275200944684,0.9782222408339282,0.9564938722612061,0.9979654237496876,
TON_IoT,binary,trades,aam_trans,21,transfer_tf,0.05,0.9790084859312193,0.9778316538136929,0.9785268248782089,0.9571030560810802,0.997971989089763,
TON_IoT,binary,trades,aam_trans,21,gaussian,0.1,0.9812416257257704,0.9803549630348715,0.9808207765470971,0.961663542052589,0.9982174875303816,
TON_IoT,binary,trades,aam_trans,21,fgsm,0.1,0.9766264701503647,0.9751342498849933,0.9760769787688854,0.9522456954025298,0.9974962962426333,
TON_IoT,binary,trades,aam_trans,21,pgd,0.1,0.9766264701503647,0.9751342498849933,0.9760769787688854,0.9522456954025298,0.9974805394264519,0.0
TON_IoT,binary,trades,aam_trans,21,transfer_mlp,0.1,0.9772219740955784,0.9757865730192595,0.9766886337386435,0.9534610701557208,0.9977438322025854,
TON_IoT,binary,trades,aam_trans,21,transfer_tf,0.1,0.977817478040792,0.9764829518493432,0.9773022577136158,0.9546734707663841,0.9977586381764112,
TON_IoT,binary,trades,aam_trans,21,gaussian,0.2,0.9813905017120739,0.9805290577423924,0.980973850178698,0.961967737138132,0.9978562127133962,
TON_IoT,binary,trades,aam_trans,21,fgsm,0.2,0.9746910823284204,0.973135352862126,0.9740948945964458,0.9482854592937102,0.9960446316346157,
TON_IoT,binary,trades,aam_trans,21,pgd,0.2,0.974542206342117,0.9730053138504225,0.9739437157291683,0.9479789641045901,0.9958925421358998,0.0
TON_IoT,binary,trades,aam_trans,21,transfer_mlp,0.2,0.9758820902188478,0.9742197206515715,0.9753070882408845,0.9507366564499801,0.9966247360280508,
TON_IoT,binary,trades,aam_trans,21,transfer_tf,0.2,0.9763287181777579,0.9746979490783167,0.9757654912138466,0.9516488424966658,0.9968483198162791,
TON_IoT,binary,trades,aam_trans,21,pgd_constrained,0.1,0.9773708500818818,0.9760047234225978,0.9768441927681988,0.9537608943158807,0.9977400288331624,1.0
TON_IoT,binary,trades,aam_trans,21,square,0.1,0.975,0.9738388775448399,0.9743090152748319,0.9486365380149966,0.9982917196654479,
TON_IoT,binary,trades,aam_trans,21,square_clean_subset,0,0.9795,0.9790371212191209,0.9789579515719822,0.9579164185647601,0.9986109956173985,
TON_IoT,binary,trades,aam_v3b,21,clean,0,0.9870477891916034,0.987232768019821,0.9867822798830674,0.973584643860476,0.9984137685595372,
TON_IoT,binary,trades,aam_v3b,21,gaussian,0.05,0.9870477891916034,0.987232768019821,0.9867822798830674,0.973584643860476,0.9983906313955467,
TON_IoT,binary,trades,aam_v3b,21,fgsm,0.05,0.9868989132053,0.9870586733123001,0.9866297759686296,0.9732777674715821,0.9979066526364595,
TON_IoT,binary,trades,aam_v3b,21,pgd,0.05,0.9868989132053,0.9870586733123001,0.9866297759686296,0.9732777674715821,0.9978995439578949,0.0
TON_IoT,binary,trades,aam_v3b,21,transfer_mlp,0.05,0.9868989132053,0.9870586733123001,0.9866297759686296,0.9732777674715821,0.9981892339289531,
TON_IoT,binary,trades,aam_v3b,21,transfer_tf,0.05,0.9870477891916034,0.987232768019821,0.9867822798830674,0.973584643860476,0.9981558638900863,
TON_IoT,binary,trades,aam_v3b,21,gaussian,0.1,0.9849635253833556,0.9848394978103459,0.9846473063882962,0.9692982973183281,0.9983223971369684,
TON_IoT,binary,trades,aam_v3b,21,fgsm,0.1,0.9863034092600863,0.9864504058738512,0.9860220385126582,0.9720622811103742,0.9974905006320838,
TON_IoT,binary,trades,aam_v3b,21,pgd,0.1,0.9861545332737829,0.9863203668621477,0.9858707129784514,0.9717614911202338,0.9974723440709093,0.0
TON_IoT,binary,trades,aam_v3b,21,transfer_mlp,0.1,0.9868989132053,0.9870586733123001,0.9866297759686296,0.9732777674715821,0.997912991585498,
TON_IoT,binary,trades,aam_v3b,21,transfer_tf,0.1,0.9870477891916034,0.987232768019821,0.9867822798830674,0.973584643860476,0.997864543903561,
TON_IoT,binary,trades,aam_v3b,21,gaussian,0.2,0.9742444543695102,0.9732298484810067,0.973667808647318,0.9473555015137942,0.9964276852693691,
TON_IoT,binary,trades,aam_v3b,21,fgsm,0.2,0.9827303855888045,0.9816112974560891,0.9823333191245065,0.9647192978104503,0.9961166239844098,
TON_IoT,binary,trades,aam_v3b,21,pgd,0.2,0.9641208873008784,0.9607305729323253,0.9631468647287318,0.9269311750323203,0.992150796353112,0.0
TON_IoT,binary,trades,aam_v3b,21,transfer_mlp,0.2,0.9675450349858568,0.964646639813671,0.9666951578874586,0.9338412838454649,0.9958348124214422,
TON_IoT,binary,trades,aam_v3b,21,transfer_tf,0.2,0.968736042876284,0.9659072303863862,0.967920482586633,0.9362745509404187,0.9960496575156391,
TON_IoT,binary,trades,aam_v3b,21,pgd_constrained,0.1,0.9866011612326931,0.9867545395930757,0.986325907240644,0.9726700242909782,0.9979032567709032,1.0
TON_IoT,binary,trades,aam_v3b,21,square,0.1,0.985,0.9857578286771402,0.9846356183241762,0.9693724439636033,0.9985689045755015,
TON_IoT,binary,trades,aam_v3b,21,square_clean_subset,0,0.986,0.9867844394551161,0.9856599104358977,0.9714211360074475,0.9989117925753456,
TON_IoT,binary,trades,transformer,22,clean,0,0.9784129819860057,0.9778842218125048,0.977947386233236,0.9558951794392988,0.9968082033245071,
TON_IoT,binary,trades,transformer,22,gaussian,0.05,0.977817478040792,0.9771878429824212,0.9773350231258706,0.9546722613532614,0.9968265409985112,
TON_IoT,binary,trades,transformer,22,fgsm,0.05,0.9723090665475659,0.9707463388041482,0.9716593850802335,0.9434060616634482,0.9957576583560027,
TON_IoT,binary,trades,transformer,22,pgd,0.05,0.972011314574959,0.9703981493891064,0.9713520010831282,0.942799396506622,0.9957188096540384,0.0
TON_IoT,binary,trades,transformer,22,transfer_mlp,0.05,0.9729045704927796,0.9714427176342317,0.9722739676566591,0.9446200969529871,0.9963956735767248,
TON_IoT,binary,trades,transformer,22,transfer_tf,0.05,0.9724579425338693,0.9709204335116691,0.9718130538669871,0.9437094822683375,0.9962688945959554,
TON_IoT,binary,trades,transformer,22,gaussian,0.1,0.9773708500818818,0.9764452803807716,0.9768652434829661,0.9537485814703397,0.996762653447845,
TON_IoT,binary,trades,transformer,22,fgsm,0.1,0.9690337948488909,0.9669162552386886,0.9682747177428657,0.9367455484328302,0.9945434326676832,
TON_IoT,binary,trades,transformer,22,pgd,0.1,0.9688849188625874,0.9667421605311677,0.9681206873690589,0.9364434620103426,0.9941876365137953,0.0
TON_IoT,binary,trades,transformer,22,transfer_mlp,0.1,0.9699270507667114,0.967960823483814,0.9691985652993121,0.9385592727398654,0.995967477569176,
TON_IoT,binary,trades,transformer,22,transfer_tf,0.1,0.969778174780408,0.9677867287762931,0.9690446304340675,0.9382568414957948,0.9956119078063251,
TON_IoT,binary,trades,transformer,22,gaussian,0.2,0.9761798421914545,0.9749203556331523,0.9756321643096642,0.9513166207320481,0.996739471005647,
TON_IoT,binary,trades,transformer,22,fgsm,0.2,0.9659073991365192,0.9637889347305584,0.9650766209753785,0.9303312757192601,0.9903515309467492,
TON_IoT,binary,trades,transformer,22,pgd,0.2,0.9627810034241476,0.9610581154847847,0.9619112869700378,0.9239012788651092,0.9878627689978302,0.0
TON_IoT,binary,trades,transformer,22,transfer_mlp,0.2,0.9673961589995533,0.9652214919350457,0.966595361405856,0.9333924837933709,0.9939818017828748,
TON_IoT,binary,trades,transformer,22,transfer_tf,0.2,0.9663540270954295,0.9642671631573037,0.9655357530107025,0.9312440003688385,0.993224704876644,
TON_IoT,binary,trades,transformer,22,pgd_constrained,0.1,0.9717135626023522,0.9700499599740646,0.9710445550341087,0.9421929656629958,0.9959913391844851,1.0
TON_IoT,binary,trades,transformer,22,square,0.1,0.9725,0.9700790341843678,0.9716157672864494,0.9434182196475073,0.9961897355343164,
TON_IoT,binary,trades,transformer,22,square_clean_subset,0,0.9815,0.9808833559130593,0.9809659766833214,0.9619324722925101,0.9969540515434966,
TON_IoT,binary,trades,aam_noGate,22,clean,0,0.9825815096025011,0.9822742609690985,0.9822105249838327,0.9644214585387781,0.9981097253967276,
TON_IoT,binary,trades,aam_noGate,22,gaussian,0.05,0.982879261575108,0.9826224503841403,0.9825161525644527,0.9650334402122941,0.9980835545928403,
TON_IoT,binary,trades,aam_noGate,22,fgsm,0.05,0.9819860056572874,0.9816659935306498,0.9816023378037928,0.9632050839203365,0.9976841102470017,
TON_IoT,binary,trades,aam_noGate,22,pgd,0.05,0.9819860056572874,0.9816659935306498,0.9816023378037928,0.9632050839203365,0.9976793107570154,0.0
TON_IoT,binary,trades,aam_noGate,22,transfer_mlp,0.05,0.9825815096025011,0.9822742609690985,0.9822105249838327,0.9644214585387781,0.9978654947459167,
TON_IoT,binary,trades,aam_noGate,22,transfer_tf,0.05,0.9824326336161977,0.9821001662615776,0.9820576898628843,0.9641155612998646,0.9978601519174416,
TON_IoT,binary,trades,aam_noGate,22,gaussian,0.1,0.9824326336161977,0.9822763890448472,0.9820639718022246,0.9641324798473082,0.9980391366713636,
TON_IoT,binary,trades,aam_noGate,22,fgsm,0.1,0.9819860056572874,0.9816659935306498,0.9816023378037928,0.9632050839203365,0.9972824019907921,
TON_IoT,binary,trades,aam_noGate,22,pgd,0.1,0.9819860056572874,0.9816659935306498,0.9816023378037928,0.9632050839203365,0.9972354032114926,0.0
TON_IoT,binary,trades,aam_noGate,22,transfer_mlp,0.1,0.9825815096025011,0.9822742609690985,0.9822105249838327,0.9644214585387781,0.9976683534308204,
TON_IoT,binary,trades,aam_noGate,22,transfer_tf,0.1,0.9822837576298943,0.9819701272498741,0.9819064313938128,0.9638132712295574,0.9976514646594534,
TON_IoT,binary,trades,aam_noGate,22,gaussian,0.2,0.9748399583147238,0.9746311184441683,0.974317541782781,0.9486452036055478,0.9971547174458744,
TON_IoT,binary,trades,aam_noGate,22,fgsm,0.2,0.9806461217805568,0.9800110297713269,0.9802225503829969,0.9604496362317789,0.9958354463163461,
TON_IoT,binary,trades,aam_noGate,22,pgd,0.2,0.9732023224653863,0.9717027956576387,0.9725761266184272,0.9452318515077124,0.9945007353180884,0.0
TON_IoT,binary,trades,aam_noGate,22,transfer_mlp,0.2,0.9709691826708352,0.9691354307406428,0.9702728959117303,0.9406821262170129,0.9954012283072108,
TON_IoT,binary,trades,aam_noGate,22,transfer_tf,0.2,0.9706714306982284,0.9688312970214183,0.9699680025364659,0.9400722955904866,0.9962233447192932,
TON_IoT,binary,trades,aam_noGate,22,pgd_constrained,0.1,0.9821348816435909,0.9818400882381706,0.9817551853898067,0.9635110967213564,0.997748224188705,1.0
TON_IoT,binary,trades,aam_noGate,22,square,0.1,0.983,0.9825122851197035,0.9825122851197035,0.9650245702394068,0.9979282201312402,
TON_IoT,binary,trades,aam_noGate,22,square_clean_subset,0,0.9835,0.9829407341342706,0.9830237089337732,0.9660479379130928,0.9980845808760522,
TON_IoT,binary,trades,aam_trans,22,clean,0,0.9827303855888045,0.9825364670682541,0.9823664336079609,0.964735771824126,0.997698237047716,
TON_IoT,binary,trades,aam_trans,22,gaussian,0.05,0.9827303855888045,0.9825364670682541,0.9823664336079609,0.964735771824126,0.9976888191805731,
TON_IoT,binary,trades,aam_trans,22,fgsm,0.05,0.9822837576298943,0.9820582386415089,0.9819096025335152,0.9638214280435279,0.9971822465959844,
TON_IoT,binary,trades,aam_trans,22,pgd,0.05,0.9822837576298943,0.9820582386415089,0.9819096025335152,0.9638214280435279,0.9971763604290201,0.0
TON_IoT,binary,trades,aam_trans,22,transfer_mlp,0.05,0.9825815096025011,0.9824064280565507,0.9822151965092145,0.9644340682687944,0.997432091744515,
TON_IoT,binary,trades,aam_trans,22,transfer_tf,0.05,0.9825815096025011,0.9823623723607333,0.9822136428270696,0.9644295093334674,0.997443682965614,
TON_IoT,binary,trades,aam_trans,22,gaussian,0.1,0.9819860056572874,0.9818862720097365,0.9816103718103038,0.9632284042867435,0.9975580557175509,
TON_IoT,binary,trades,aam_trans,22,fgsm,0.1,0.9819860056572874,0.9817100492264671,0.981603951828685,0.9632090376646252,0.9964928858880505,
TON_IoT,binary,trades,aam_trans,22,pgd,0.1,0.9819860056572874,0.9817100492264671,0.981603951828685,0.9632090376646252,0.9964526788398637,0.0
TON_IoT,binary,trades,aam_trans,22,transfer_mlp,0.1,0.9825815096025011,0.9824064280565507,0.9822151965092145,0.9644340682687944,0.997087886811726,
TON_IoT,binary,trades,aam_trans,22,transfer_tf,0.1,0.9824326336161977,0.9822323333490297,0.9820624066012016,0.964127716892783,0.9971150537361767,
TON_IoT,binary,trades,aam_trans,22,gaussian,0.2,0.9726068185201727,0.9722399763104419,0.9720319560305875,0.9440684009950187,0.9961134092316831,
TON_IoT,binary,trades,aam_trans,22,fgsm,0.2,0.9659073991365192,0.96779800304994,0.9653472512069663,0.9313204026967711,0.9947259943999913,
TON_IoT,binary,trades,aam_trans,22,pgd,0.2,0.9666517790680363,0.9682279196293707,0.9660841141955283,0.9326471648375292,0.993387751701555,0.0
TON_IoT,binary,trades,aam_trans,22,transfer_mlp,0.2,0.964716391246092,0.9667576909563119,0.9641476594055007,0.9290069064431228,0.9952842746974511,
TON_IoT,binary,trades,aam_trans,22,transfer_tf,0.2,0.9678427869584636,0.9693563431146335,0.9672902581750007,0.9350240109226777,0.9955127485320806,
TON_IoT,binary,trades,aam_trans,22,pgd_constrained,0.1,0.9824326336161977,0.9822323333490297,0.9820624066012016,0.964127716892783,0.9971636825309431,1.0
TON_IoT,binary,trades,aam_trans,22,square,0.1,0.983,0.9825122851197035,0.9825122851197035,0.9650245702394068,0.9975486338494267,
TON_IoT,binary,trades,aam_trans,22,square_clean_subset,0,0.984,0.9835409742303092,0.9835409742303092,0.9670819484606182,0.9981308718860294,
TON_IoT,binary,trades,aam_v3b,22,clean,0,0.9821348816435909,0.9819281996298054,0.9817583795944425,0.9635196619614399,0.9979636578995983,
TON_IoT,binary,trades,aam_v3b,22,gaussian,0.05,0.9821348816435909,0.9819281996298054,0.9817583795944425,0.9635196619614399,0.9979419696382452,
TON_IoT,binary,trades,aam_v3b,22,fgsm,0.05,0.9819860056572874,0.9817981606181019,0.981607169039444,0.9632180110064109,0.9975499509184231,
TON_IoT,binary,trades,aam_v3b,22,pgd,0.05,0.9819860056572874,0.9817981606181019,0.981607169039444,0.9632180110064109,0.997546147549,0.0
TON_IoT,binary,trades,aam_v3b,22,transfer_mlp,0.05,0.9821348816435909,0.9819281996298054,0.9817583795944425,0.9635196619614399,0.9977891556882107,
TON_IoT,binary,trades,aam_v3b,22,transfer_tf,0.05,0.9821348816435909,0.9819281996298054,0.9817583795944425,0.9635196619614399,0.9978266007657449,
TON_IoT,binary,trades,aam_v3b,22,gaussian,0.1,0.9807949977668602,0.9804935143495694,0.9803876841809946,0.9607765009343999,0.9978299060748865,
TON_IoT,binary,trades,aam_v3b,22,fgsm,0.1,0.981837129670984,0.9816240659105809,0.9814543525876831,0.9629116070300969,0.997178533782976,
TON_IoT,binary,trades,aam_v3b,22,pgd,0.1,0.981837129670984,0.9816240659105809,0.9814543525876831,0.9629116070300969,0.9971553513407782,0.0
TON_IoT,binary,trades,aam_v3b,22,transfer_mlp,0.1,0.9821348816435909,0.981884143933988,0.981756784283548,0.9635152016558548,0.9975839548521938,
TON_IoT,binary,trades,aam_v3b,22,transfer_tf,0.1,0.9819860056572874,0.9817541049222844,0.9816055622399609,0.9632133467535885,0.9976517363286981,
TON_IoT,binary,trades,aam_v3b,22,gaussian,0.2,0.9724579425338693,0.9710526005991212,0.9718208238475454,0.9437033444564676,0.9964271872090875,
TON_IoT,binary,trades,aam_v3b,22,fgsm,0.2,0.9827303855888045,0.9817875202393587,0.9823397451065827,0.9647102618593216,0.9958564101263805,
TON_IoT,binary,trades,aam_v3b,22,pgd,0.2,0.9478934047938068,0.9419745282916352,0.9462020345811797,0.8945276228931499,0.9897794860742345,0.0
TON_IoT,binary,trades,aam_v3b,22,transfer_mlp,0.2,0.9330058061634658,0.9245210018437287,0.9304278114745947,0.8654096389877703,0.9901984906056776,
TON_IoT,binary,trades,aam_v3b,22,transfer_tf,0.2,0.9475956528212,0.9415382274849586,0.9458768720264583,0.8939965855314639,0.9908469650923134,
TON_IoT,binary,trades,aam_v3b,22,pgd_constrained,0.1,0.981837129670984,0.9816240659105809,0.9814543525876831,0.9629116070300969,0.9975913804782103,1.0
TON_IoT,binary,trades,aam_v3b,22,square,0.1,0.983,0.9825122851197035,0.9825122851197035,0.9650245702394068,0.9978664987846038,
TON_IoT,binary,trades,aam_v3b,22,square_clean_subset,0,0.983,0.9825122851197035,0.9825122851197035,0.9650245702394068,0.9981761342068962,
TON_IoT,binary,trades,transformer,23,clean,0,0.9737978264106,0.9712537263964705,0.9731247436807938,0.9466168957092396,0.9956281626827881,
TON_IoT,binary,trades,transformer,23,gaussian,0.05,0.9737978264106,0.9712537263964705,0.9731247436807938,0.9466168957092396,0.9956542429302607,
TON_IoT,binary,trades,transformer,23,fgsm,0.05,0.9737978264106,0.9712537263964705,0.9731247436807938,0.9466168957092396,0.9942635227894273,
TON_IoT,binary,trades,transformer,23,pgd,0.05,0.9737978264106,0.9712537263964705,0.9731247436807938,0.9466168957092396,0.9942387103317625,0.0
TON_IoT,binary,trades,transformer,23,transfer_mlp,0.05,0.9737978264106,0.9712537263964705,0.9731247436807938,0.9466168957092396,0.9951836212423616,
TON_IoT,binary,trades,transformer,23,transfer_tf,0.05,0.9739467023969034,0.9714278211039914,0.9732787348649683,0.9469167812879212,0.994898006309971,
TON_IoT,binary,trades,transformer,23,gaussian,0.1,0.9739467023969034,0.9714278211039914,0.9732787348649683,0.9469167812879212,0.9955244303095941,
TON_IoT,binary,trades,transformer,23,fgsm,0.1,0.9732023224653863,0.970689514653839,0.9725165965151046,0.9453841584436858,0.9922355118791906,
TON_IoT,binary,trades,transformer,23,pgd,0.1,0.9732023224653863,0.970689514653839,0.9725165965151046,0.9453841584436858,0.9921321870098635,0.0
TON_IoT,binary,trades,transformer,23,transfer_mlp,0.1,0.9733511984516897,0.9708195536655426,0.9726679630904533,0.9456950064600603,0.994595864831873,
TON_IoT,binary,trades,transformer,23,transfer_tf,0.1,0.9736489504242966,0.971123687384767,0.9729733489777108,0.9463058938739908,0.9939138844717482,
TON_IoT,binary,trades,transformer,23,gaussian,0.2,0.9737978264106,0.9712537263964705,0.9731247436807938,0.9466168957092396,0.9951533301215991,
TON_IoT,binary,trades,transformer,23,fgsm,0.2,0.9717135626023522,0.9692569574493518,0.9709953264528586,0.9423097978807795,0.9891573635043159,
TON_IoT,binary,trades,transformer,23,pgd,0.2,0.9711180586571386,0.9687368014025377,0.9703903813013982,0.9410699375865337,0.9882546066048226,0.0
TON_IoT,binary,trades,transformer,23,transfer_mlp,0.2,0.9727556945064761,0.9702553419229112,0.9720598868644661,0.9444626086705908,0.9927345230031405,
TON_IoT,binary,trades,transformer,23,transfer_tf,0.2,0.9723090665475659,0.969909280583618,0.971608676674121,0.9435216188019125,0.9918497868301995,
TON_IoT,binary,trades,transformer,23,pgd_constrained,0.1,0.9737978264106,0.9712537263964705,0.9731247436807938,0.9466168957092396,0.9945767121501352,1.0
TON_IoT,binary,trades,transformer,23,square,0.1,0.9695,0.9663637782759033,0.9687140259381241,0.9380520679064663,0.9930069716024279,
TON_IoT,binary,trades,transformer,23,square_clean_subset,0,0.97,0.9668019903705571,0.9692218988241739,0.9391045611903823,0.9944802620906237,
TON_IoT,binary,trades,aam_noGate,23,clean,0,0.9830281375614114,0.9831489906582003,0.9826809742720399,0.9653838956220193,0.9979274353336641,
TON_IoT,binary,trades,aam_noGate,23,gaussian,0.05,0.9830281375614114,0.9831489906582003,0.9826809742720399,0.9653838956220193,0.9979125840816312,
TON_IoT,binary,trades,aam_noGate,23,fgsm,0.05,0.9825815096025011,0.982670762231455,0.9822244453599871,0.9644688801592647,0.9973572015894462,
TON_IoT,binary,trades,aam_noGate,23,pgd,0.05,0.9825815096025011,0.982670762231455,0.9822244453599871,0.9644688801592647,0.9973474214966439,0.0
TON_IoT,binary,trades,aam_noGate,23,transfer_mlp,0.05,0.982879261575108,0.9829748959506794,0.9825283009948591,0.9650765977393455,0.9976853780368092,
TON_IoT,binary,trades,aam_noGate,23,transfer_tf,0.05,0.982879261575108,0.9829748959506794,0.9825283009948591,0.9650765977393455,0.9977839034161501,
TON_IoT,binary,trades,aam_noGate,23,gaussian,0.1,0.982879261575108,0.9829748959506794,0.9825283009948591,0.9650765977393455,0.997709194373911,
TON_IoT,binary,trades,aam_noGate,23,fgsm,0.1,0.9822837576298943,0.9823225728164131,0.9819190307594514,0.9638544223283072,0.9968376341593286,
TON_IoT,binary,trades,aam_noGate,23,pgd,0.1,0.9822837576298943,0.9823225728164131,0.9819190307594514,0.9638544223283072,0.9967918578916293,0.0
TON_IoT,binary,trades,aam_noGate,23,transfer_mlp,0.1,0.9825815096025011,0.9826267065356376,0.9822229125954272,0.9644621911676171,0.9973443425785397,
TON_IoT,binary,trades,aam_noGate,23,transfer_tf,0.1,0.9825815096025011,0.9826267065356376,0.9822229125954272,0.9644621911676171,0.9975604101843366,
TON_IoT,binary,trades,aam_noGate,23,gaussian,0.2,0.9773708500818818,0.9778991183427451,0.97693148203881,0.9539581534746752,0.9973005132737592,
TON_IoT,binary,trades,aam_noGate,23,fgsm,0.2,0.9813905017120739,0.9815423387461921,0.9810122868058884,0.9620528581310771,0.9958894632177954,
TON_IoT,binary,trades,aam_noGate,23,pgd,0.2,0.962929879410451,0.9635231063748094,0.9622367709325916,0.9246491160788222,0.9940567372161508,0.0
TON_IoT,binary,trades,aam_noGate,23,transfer_mlp,0.2,0.9804972457942533,0.9807621046759711,0.980105978366848,0.9602553843101156,0.9957872703036538,
TON_IoT,binary,trades,aam_noGate,23,transfer_tf,0.2,0.9804972457942533,0.9808502160676058,0.9801093601249327,0.9602740598948101,0.9965591731837102,
TON_IoT,binary,trades,aam_noGate,23,pgd_constrained,0.1,0.9825815096025011,0.982670762231455,0.9822244453599871,0.9644688801592647,0.9974836183445563,1.0
TON_IoT,binary,trades,aam_noGate,23,square,0.1,0.9805,0.980176386744875,0.9801073133932103,0.960215136571796,0.997576824854941,
TON_IoT,binary,trades,aam_noGate,23,square_clean_subset,0,0.9825,0.9823608153703784,0.9821526868237621,0.9643099688914084,0.9979910602692124,
TON_IoT,binary,trades,aam_trans,23,clean,0,0.9831770135477148,0.9832790296699038,0.9828321566297312,0.9656843153194262,0.9971328480716917,
TON_IoT,binary,trades,aam_trans,23,gaussian,0.05,0.9831770135477148,0.9832790296699038,0.9828321566297312,0.9656843153194262,0.9971352930948922,
TON_IoT,binary,trades,aam_trans,23,fgsm,0.05,0.9827303855888045,0.9828448569389758,0.9823771317154091,0.9647762035843005,0.9965319609810519,
TON_IoT,binary,trades,aam_trans,23,pgd,0.05,0.9827303855888045,0.9828448569389758,0.9823771317154091,0.9647762035843005,0.9965301045745478,0.0
TON_IoT,binary,trades,aam_trans,23,transfer_mlp,0.05,0.9827303855888045,0.9828448569389758,0.9823771317154091,0.9647762035843005,0.9968913793915334,
TON_IoT,binary,trades,aam_trans,23,transfer_tf,0.05,0.9827303855888045,0.9828448569389758,0.9823771317154091,0.9647762035843005,0.9970022204432919,
TON_IoT,binary,trades,aam_trans,23,gaussian,0.1,0.9827303855888045,0.9827126898515237,0.9823725675440882,0.9647567456378929,0.9969049628537586,
TON_IoT,binary,trades,aam_trans,23,fgsm,0.1,0.9827303855888045,0.9828448569389758,0.9823771317154091,0.9647762035843005,0.995900375265783,
TON_IoT,binary,trades,aam_trans,23,pgd,0.1,0.9827303855888045,0.9828448569389758,0.9823771317154091,0.9647762035843005,0.9958870634728023,0.0
TON_IoT,binary,trades,aam_trans,23,transfer_mlp,0.1,0.9827303855888045,0.9828448569389758,0.9823771317154091,0.9647762035843005,0.9966511332229753,
TON_IoT,binary,trades,aam_trans,23,transfer_tf,0.1,0.9827303855888045,0.9828448569389758,0.9823771317154091,0.9647762035843005,0.9968146328299604,
TON_IoT,binary,trades,aam_trans,23,gaussian,0.2,0.977073098109275,0.9769341491862601,0.976598063808531,0.9532076685078288,0.9962731960256601,
TON_IoT,binary,trades,aam_trans,23,fgsm,0.2,0.9751377102873307,0.9734373585056018,0.9745437765442027,0.9492146991717151,0.9943137363214535,
TON_IoT,binary,trades,aam_trans,23,pgd,0.2,0.9666517790680363,0.9642188513099891,0.965814842940873,0.9319032002839158,0.9912745272049581,0.0
TON_IoT,binary,trades,aam_trans,23,transfer_mlp,0.2,0.9638231353282716,0.9608669961712748,0.9628776063447566,0.9261953705937008,0.9932653647069052,
TON_IoT,binary,trades,aam_trans,23,transfer_tf,0.2,0.9700759267530147,0.9681349181913348,0.9693524843277079,0.9388617616750257,0.9945004183706365,
TON_IoT,binary,trades,aam_trans,23,pgd_constrained,0.1,0.9830281375614114,0.9831049349623828,0.9826794825048157,0.9653771061237308,0.9966724139804616,1.0
TON_IoT,binary,trades,aam_trans,23,square,0.1,0.9815,0.9813405310987748,0.9811328403565485,0.9622702710908001,0.9960810881127701,
TON_IoT,binary,trades,aam_trans,23,square_clean_subset,0,0.9815,0.9813405310987748,0.9811328403565485,0.9622702710908001,0.9965585811518805,
TON_IoT,binary,trades,aam_v3b,23,clean,0,0.983623641506625,0.9838894251841012,0.9832929580384553,0.9666214714162481,0.997851096275958,
TON_IoT,binary,trades,aam_v3b,23,gaussian,0.05,0.983623641506625,0.9838894251841012,0.9832929580384553,0.9666214714162481,0.9978549902017957,
TON_IoT,binary,trades,aam_v3b,23,fgsm,0.05,0.983623641506625,0.9838894251841012,0.9832929580384553,0.9666214714162481,0.9974454488157033,
TON_IoT,binary,trades,aam_v3b,23,pgd,0.05,0.983623641506625,0.9838894251841012,0.9832929580384553,0.9666214714162481,0.9974438188002362,0.0
TON_IoT,binary,trades,aam_v3b,23,transfer_mlp,0.05,0.983623641506625,0.9838894251841012,0.9832929580384553,0.9666214714162481,0.9976901775267956,
TON_IoT,binary,trades,aam_v3b,23,transfer_tf,0.05,0.983623641506625,0.9838894251841012,0.9832929580384553,0.9666214714162481,0.9977420663524962,
TON_IoT,binary,trades,aam_v3b,23,gaussian,0.1,0.9833258895340181,0.9835412357690594,0.9829877380301972,0.9660061288840083,0.9977225061668918,
TON_IoT,binary,trades,aam_v3b,23,fgsm,0.1,0.983623641506625,0.9838894251841012,0.9832929580384553,0.9666214714162481,0.9970195167185254,
TON_IoT,binary,trades,aam_v3b,23,pgd,0.1,0.983623641506625,0.9838894251841012,0.9832929580384553,0.9666214714162481,0.996970797367344,0.0
TON_IoT,binary,trades,aam_v3b,23,transfer_mlp,0.1,0.983623641506625,0.9838894251841012,0.9832929580384553,0.9666214714162481,0.9975192070155866,
TON_IoT,binary,trades,aam_v3b,23,transfer_tf,0.1,0.983623641506625,0.9838894251841012,0.9832929580384553,0.9666214714162481,0.997596451637441,
TON_IoT,binary,trades,aam_v3b,23,gaussian,0.2,0.9773708500818818,0.9781634525176495,0.9769429973182095,0.9540371829914267,0.9974808110956964,
TON_IoT,binary,trades,aam_v3b,23,fgsm,0.2,0.9815393776983773,0.9819807676286173,0.9811746098848871,0.9624145090096976,0.9959659381101238,
TON_IoT,binary,trades,aam_v3b,23,pgd,0.2,0.9699270507667114,0.9716615019324739,0.9694199197906038,0.9393579908880113,0.9947243643845243,0.0
TON_IoT,binary,trades,aam_v3b,23,transfer_mlp,0.2,0.9668006550543398,0.9691950168616044,0.9662833576791359,0.9334449740440264,0.9962861003147743,
TON_IoT,binary,trades,aam_v3b,23,transfer_tf,0.2,0.9711180586571386,0.9729661482010062,0.9706355812122235,0.9418289573394217,0.996779904444871,
TON_IoT,binary,trades,aam_v3b,23,pgd_constrained,0.1,0.983623641506625,0.9838894251841012,0.9832929580384553,0.9666214714162481,0.9975392199832651,1.0
TON_IoT,binary,trades,aam_v3b,23,square,0.1,0.983,0.9830867476296246,0.982669966848666,0.9653583092099685,0.99751254694583,
TON_IoT,binary,trades,aam_v3b,23,square_clean_subset,0,0.983,0.9830867476296246,0.982669966848666,0.9653583092099685,0.9978665855880766,
TON_IoT,binary,trades,transformer,24,clean,0,0.9749888343010272,0.9727786511440897,0.9743635785686882,0.9489891303669294,0.9977916459896187,
TON_IoT,binary,trades,transformer,24,gaussian,0.05,0.9751377102873307,0.9729527458516106,0.974517390305291,0.949289921498722,0.9977959474193232,
TON_IoT,binary,trades,transformer,24,fgsm,0.05,0.974542206342117,0.9723444784131619,0.9739070283964358,0.9480690338858263,0.997287382593608,
TON_IoT,binary,trades,transformer,24,pgd,0.05,0.974542206342117,0.9723444784131619,0.9739070283964358,0.9480690338858263,0.9972829453292812,0.0
TON_IoT,binary,trades,transformer,24,transfer_mlp,0.05,0.9749888343010272,0.9727786511440897,0.9743635785686882,0.9489891303669294,0.9975853131984164,
TON_IoT,binary,trades,transformer,24,transfer_tf,0.05,0.9748399583147238,0.9726486121323863,0.9742122093508635,0.9486794776922742,0.9975304360110261,
TON_IoT,binary,trades,transformer,24,gaussian,0.1,0.9749888343010272,0.9727786511440897,0.9743635785686882,0.9489891303669294,0.9977762966773042,
TON_IoT,binary,trades,transformer,24,fgsm,0.1,0.974542206342117,0.9723444784131619,0.9739070283964358,0.9480690338858263,0.9965512042192043,
TON_IoT,binary,trades,transformer,24,pgd,0.1,0.974542206342117,0.9723444784131619,0.9739070283964358,0.9480690338858263,0.9963981185999254,0.0
TON_IoT,binary,trades,transformer,24,transfer_mlp,0.1,0.9748399583147238,0.9726045564365688,0.9742097510043544,0.9486883974321529,0.9973979519761221,
TON_IoT,binary,trades,transformer,24,transfer_tf,0.1,0.974542206342117,0.9723444784131619,0.9739070283964358,0.9480690338858263,0.9972474924928731,
TON_IoT,binary,trades,transformer,24,gaussian,0.2,0.9751377102873307,0.9729527458516106,0.974517390305291,0.949289921498722,0.9977597248533893,
TON_IoT,binary,trades,transformer,24,fgsm,0.2,0.9729045704927796,0.9705616037178841,0.9722219041074973,0.9447335428248518,0.9936713743928192,
TON_IoT,binary,trades,transformer,24,pgd,0.2,0.9726068185201727,0.9702574699986598,0.9719166503064809,0.9441229419517988,0.9925026533029547,0.0
TON_IoT,binary,trades,transformer,24,transfer_mlp,0.2,0.9740955783832068,0.9718221942905991,0.9734454583558567,0.9471666469028798,0.9960559964646776,
TON_IoT,binary,trades,transformer,24,transfer_tf,0.2,0.9740955783832068,0.9718221942905991,0.9734454583558567,0.9471666469028798,0.9960529175465732,
TON_IoT,binary,trades,transformer,24,pgd_constrained,0.1,0.974542206342117,0.9723444784131619,0.9739070283964358,0.9480690338858263,0.9973400864270423,1.0
TON_IoT,binary,trades,transformer,24,square,0.1,0.9765,0.9744947113598602,0.9759404654496125,0.9521063932706025,0.9977761584591708,
TON_IoT,binary,trades,transformer,24,square_clean_subset,0,0.9765,0.9744947113598602,0.9759404654496125,0.9521063932706025,0.9981752048301961,
TON_IoT,binary,trades,aam_noGate,24,clean,0,0.9880899210957272,0.9879227626226587,0.987836790259871,0.9756743110537845,0.9984578242553547,
TON_IoT,binary,trades,aam_noGate,24,gaussian,0.05,0.9880899210957272,0.9879227626226587,0.987836790259871,0.9756743110537845,0.9984413429878544,
TON_IoT,binary,trades,aam_noGate,24,fgsm,0.05,0.987643293136817,0.9874445341959134,0.987380116014172,0.9747606427955309,0.9981162454585957,
TON_IoT,binary,trades,aam_noGate,24,pgd,0.05,0.987643293136817,0.9874445341959134,0.987380116014172,0.9747606427955309,0.9981144343302991,0.0
TON_IoT,binary,trades,aam_noGate,24,transfer_mlp,0.05,0.9880899210957272,0.9879227626226587,0.987836790259871,0.9756743110537845,0.9983839754990564,
TON_IoT,binary,trades,aam_noGate,24,transfer_tf,0.05,0.9880899210957272,0.9879227626226587,0.987836790259871,0.9756743110537845,0.9983818927015152,
TON_IoT,binary,trades,aam_noGate,24,gaussian,0.1,0.9873455411642102,0.9871844561725063,0.9870771562432912,0.9741554529506388,0.9983450815188847,
TON_IoT,binary,trades,aam_noGate,24,fgsm,0.1,0.9870477891916034,0.9869243781490993,0.9867742472303851,0.9735507286825587,0.9978082630917408,
TON_IoT,binary,trades,aam_noGate,24,pgd,0.1,0.9870477891916034,0.9869243781490993,0.9867742472303851,0.9735507286825587,0.9977713160744881,0.0
TON_IoT,binary,trades,aam_noGate,24,transfer_mlp,0.1,0.9877921691231204,0.9876186289034343,0.987532710016368,0.9750661503371632,0.9982092468966317,
TON_IoT,binary,trades,aam_noGate,24,transfer_tf,0.1,0.9879410451094238,0.9877486679151377,0.9876842096041919,0.9753688301047516,0.9982139105519957,
TON_IoT,binary,trades,aam_noGate,24,gaussian,0.2,0.981837129670984,0.9817121773022157,0.9814575854661596,0.9629216978848899,0.9977285734466859,
TON_IoT,binary,trades,aam_noGate,24,fgsm,0.2,0.9854101533422659,0.9853177262370911,0.9851039765815085,0.9702125037419413,0.997160196108972,
TON_IoT,binary,trades,aam_noGate,24,pgd,0.2,0.9660562751228227,0.9661658142289484,0.9653855730141472,0.9308353638789907,0.995605931082946,0.0
TON_IoT,binary,trades,aam_noGate,24,transfer_mlp,0.2,0.9794551138901295,0.9787504391986119,0.9790036047950135,0.9580137335194333,0.9969863730706956,
TON_IoT,binary,trades,aam_noGate,24,transfer_tf,0.2,0.9843680214381421,0.9844074531551665,0.9840448249285536,0.9681027787354117,0.997157932198601,
TON_IoT,binary,trades,aam_noGate,24,pgd_constrained,0.1,0.9877921691231204,0.9876186289034343,0.987532710016368,0.9750661503371632,0.9981742468422978,1.0
TON_IoT,binary,trades,aam_noGate,24,square,0.1,0.989,0.9887736315056805,0.9887736315056805,0.9775472630113611,0.9988589927293956,
TON_IoT,binary,trades,aam_noGate,24,square_clean_subset,0,0.9905,0.990232038830988,0.9903030921652812,0.9806067001185463,0.9990447380990288,
TON_IoT,binary,trades,aam_trans,24,clean,0,0.9873455411642102,0.9872725675641412,0.987079416267378,0.9741625263678618,0.9981509285654778,
TON_IoT,binary,trades,aam_trans,24,gaussian,0.05,0.9873455411642102,0.9872725675641412,0.987079416267378,0.9741625263678618,0.9981535999797153,
TON_IoT,binary,trades,aam_trans,24,fgsm,0.05,0.9873455411642102,0.9872725675641412,0.987079416267378,0.9741625263678618,0.9978476551321942,
TON_IoT,binary,trades,aam_trans,24,pgd,0.05,0.9873455411642102,0.9872725675641412,0.987079416267378,0.9741625263678618,0.9978397314458962,0.0
TON_IoT,binary,trades,aam_trans,24,transfer_mlp,0.05,0.9873455411642102,0.9872725675641412,0.987079416267378,0.9741625263678618,0.9979966657128059,
TON_IoT,binary,trades,aam_trans,24,transfer_tf,0.05,0.9873455411642102,0.9872725675641412,0.987079416267378,0.9741625263678618,0.9980332505043993,
TON_IoT,binary,trades,aam_trans,24,gaussian,0.1,0.9867500372189966,0.9867524115173271,0.9864737445546863,0.9729551885202614,0.9980616399404502,
TON_IoT,binary,trades,aam_trans,24,fgsm,0.1,0.9873455411642102,0.9872725675641412,0.987079416267378,0.9741625263678618,0.9975830492880455,
TON_IoT,binary,trades,aam_trans,24,pgd,0.1,0.9873455411642102,0.9872725675641412,0.987079416267378,0.9741625263678618,0.9975487284068228,0.0
TON_IoT,binary,trades,aam_trans,24,transfer_mlp,0.1,0.9873455411642102,0.9872725675641412,0.987079416267378,0.9741625263678618,0.9978597896917824,
TON_IoT,binary,trades,aam_trans,24,transfer_tf,0.1,0.9873455411642102,0.9872725675641412,0.987079416267378,0.9741625263678618,0.9979875647931148,
TON_IoT,binary,trades,aam_trans,24,gaussian,0.2,0.9815393776983773,0.9814961549746261,0.9811568825471289,0.9623253609789321,0.9975490000760673,
TON_IoT,binary,trades,aam_trans,24,fgsm,0.2,0.985112401369659,0.9853660380844058,0.9848104803841047,0.9696516715807397,0.9968304349243492,
TON_IoT,binary,trades,aam_trans,24,pgd,0.2,0.9748399583147238,0.9762611791894114,0.9743964996169194,0.9491472044645168,0.995162838545157,0.0
TON_IoT,binary,trades,aam_trans,24,transfer_mlp,0.2,0.9718624385886556,0.973748510346976,0.9713935055337284,0.943355221517685,0.9969593872590746,
TON_IoT,binary,trades,aam_trans,24,transfer_tf,0.2,0.9702248027393181,0.9723180812182373,0.9697413950149387,0.9401652988309313,0.9973200734593638,
TON_IoT,binary,trades,aam_trans,24,pgd_constrained,0.1,0.9873455411642102,0.9872725675641412,0.987079416267378,0.9741625263678618,0.9978525451785953,1.0
TON_IoT,binary,trades,aam_trans,24,square,0.1,0.9895,0.989356382088431,0.9892854710221737,0.9785714569944324,0.9985640454116812,
TON_IoT,binary,trades,aam_trans,24,square_clean_subset,0,0.9895,0.989356382088431,0.9892854710221737,0.9785714569944324,0.9987242763074637,
TON_IoT,binary,trades,aam_v3b,24,clean,0,0.9877921691231204,0.9876626845992516,0.9875338025937578,0.9750692480889136,0.9984864400824426,
TON_IoT,binary,trades,aam_v3b,24,gaussian,0.05,0.9877921691231204,0.9876626845992516,0.9875338025937578,0.9750692480889136,0.998470230484187,
TON_IoT,binary,trades,aam_v3b,24,fgsm,0.05,0.987643293136817,0.9875326455875482,0.9873823278174938,0.9747668912624374,0.9982557023374422,
TON_IoT,binary,trades,aam_v3b,24,pgd,0.05,0.987643293136817,0.9875326455875482,0.9873823278174938,0.9747668912624374,0.99825416287839,0.0
TON_IoT,binary,trades,aam_v3b,24,transfer_mlp,0.05,0.987643293136817,0.9875326455875482,0.9873823278174938,0.9747668912624374,0.99837374262418,
TON_IoT,binary,trades,aam_v3b,24,transfer_tf,0.05,0.987643293136817,0.9875326455875482,0.9873823278174938,0.9747668912624374,0.9984363623850386,
TON_IoT,binary,trades,aam_v3b,24,gaussian,0.1,0.9868989132053,0.9867943391373958,0.986622811702591,0.9732485408629284,0.9983934386444068,
TON_IoT,binary,trades,aam_v3b,24,fgsm,0.1,0.9873455411642102,0.9872285118683237,0.9870782875239394,0.974158809972498,0.9980146864393579,
TON_IoT,binary,trades,aam_v3b,24,pgd,0.1,0.9873455411642102,0.9872285118683237,0.9870782875239394,0.974158809972498,0.9979914587189528,0.0
TON_IoT,binary,trades,aam_v3b,24,transfer_mlp,0.1,0.987643293136817,0.9875326455875482,0.9873823278174938,0.9747668912624374,0.9982654824302445,
TON_IoT,binary,trades,aam_v3b,24,transfer_tf,0.1,0.987643293136817,0.9875326455875482,0.9873823278174938,0.9747668912624374,0.998353593821879,
TON_IoT,binary,trades,aam_v3b,24,gaussian,0.2,0.9769242221229716,0.9762754418247479,0.9764223394933553,0.952846891974584,0.9971698856453595,
TON_IoT,binary,trades,aam_v3b,24,fgsm,0.2,0.9873455411642102,0.9872725675641412,0.987079416267378,0.9741625263678618,0.9974727968529835,
TON_IoT,binary,trades,aam_v3b,24,pgd,0.2,0.9737978264106,0.9752187390200346,0.9733370622304819,0.9470359063281814,0.9958181047629052,0.0
TON_IoT,binary,trades,aam_v3b,24,transfer_mlp,0.2,0.9699270507667114,0.9720580031948303,0.9694411436941957,0.9395866706427258,0.9960775941696157,
TON_IoT,binary,trades,aam_v3b,24,transfer_tf,0.2,0.9703736787256215,0.9724481202299409,0.9698915358460499,0.9404547691013244,0.9969593872590745,
TON_IoT,binary,trades,aam_v3b,24,pgd_constrained,0.1,0.9874944171505137,0.9873585508800272,0.9872297489984836,0.9744611403819105,0.9983006635974079,1.0
TON_IoT,binary,trades,aam_v3b,24,square,0.1,0.9895,0.989356382088431,0.9892854710221737,0.9785714569944324,0.9988130666764643,
TON_IoT,binary,trades,aam_v3b,24,square_clean_subset,0,0.99,0.9897942104597095,0.9897942104597095,0.9795884209194192,0.9989385978878098,
TON_IoT,binary,trades,transformer,25,clean,0,0.9748399583147238,0.9728248349156557,0.9742219912218706,0.9486473748782294,0.996952595527962,
TON_IoT,binary,trades,transformer,25,gaussian,0.05,0.9749888343010272,0.9729108182315418,0.9743708869177183,0.9489638875294552,0.996888209917014,
TON_IoT,binary,trades,transformer,25,fgsm,0.05,0.974542206342117,0.972476645500614,0.9739144594340635,0.9480446072922487,0.9962717924012301,
TON_IoT,binary,trades,transformer,25,pgd,0.05,0.974542206342117,0.972476645500614,0.9739144594340635,0.9480446072922487,0.9962673098586958,0.0
TON_IoT,binary,trades,transformer,25,transfer_mlp,0.05,0.974542206342117,0.972476645500614,0.9739144594340635,0.9480446072922487,0.9966872199542871,
TON_IoT,binary,trades,transformer,25,transfer_tf,0.05,0.974542206342117,0.972476645500614,0.9739144594340635,0.9480446072922487,0.9965624784928513,
TON_IoT,binary,trades,transformer,25,gaussian,0.1,0.9749888343010272,0.9729548739273592,0.9743733127966657,0.9489561883414946,0.9969469810302423,
TON_IoT,binary,trades,transformer,25,fgsm,0.1,0.9743933303558137,0.9723466064889105,0.9737631535775387,0.9477357354363591,0.9950864089310358,
TON_IoT,binary,trades,transformer,25,pgd,0.1,0.9743933303558137,0.9723466064889105,0.9737631535775387,0.9477357354363591,0.9949144422992636,0.0
TON_IoT,binary,trades,transformer,25,transfer_mlp,0.1,0.974542206342117,0.972476645500614,0.9739144594340635,0.9480446072922487,0.9964892183532498,
TON_IoT,binary,trades,transformer,25,transfer_tf,0.1,0.974542206342117,0.972476645500614,0.9739144594340635,0.9480446072922487,0.9960760094323562,
TON_IoT,binary,trades,transformer,25,gaussian,0.2,0.974542206342117,0.972476645500614,0.9739144594340635,0.9480446072922487,0.9965502533768488,
TON_IoT,binary,trades,transformer,25,fgsm,0.2,0.9736489504242966,0.9715201886471234,0.9729966187770811,0.9462214345434065,0.9920265982301655,
TON_IoT,binary,trades,transformer,25,pgd,0.2,0.9735000744379931,0.9713460939396025,0.9728427687744241,0.9459201926494772,0.9911186796150266,0.0
TON_IoT,binary,trades,transformer,25,transfer_mlp,0.2,0.9742444543695102,0.9721725117813895,0.9736093653923567,0.9474343499702155,0.9953358012974923,
TON_IoT,binary,trades,transformer,25,transfer_tf,0.2,0.9740955783832068,0.9719984170738687,0.9734555614504941,0.9471330227740035,0.9940556052609654,
TON_IoT,binary,trades,transformer,25,pgd_constrained,0.1,0.974542206342117,0.972476645500614,0.9739144594340635,0.9480446072922487,0.9963831315132702,1.0
TON_IoT,binary,trades,transformer,25,square,0.1,0.9735,0.9713165942792527,0.9726775322450227,0.9455043620753681,0.9947027832746524,
TON_IoT,binary,trades,transformer,25,square_clean_subset,0,0.9735,0.9713165942792527,0.9726775322450227,0.9455043620753681,0.9955241448433605,
TON_IoT,binary,trades,aam_noGate,25,clean,0,0.9854101533422659,0.9854939490203607,0.9851091470165723,0.9702330279093073,0.9980194406511368,
TON_IoT,binary,trades,aam_noGate,25,gaussian,0.05,0.9849635253833556,0.984971664897798,0.9846513119530229,0.9693128535229227,0.9980029593836368,
TON_IoT,binary,trades,aam_noGate,25,fgsm,0.05,0.9846657734107489,0.9846675311785736,0.9843473775362512,0.9687049814665294,0.9977604040265003,
TON_IoT,binary,trades,aam_noGate,25,pgd,0.05,0.9846657734107489,0.9846675311785736,0.9843473775362512,0.9687049814665294,0.9977594079059371,0.0
TON_IoT,binary,trades,aam_noGate,25,transfer_mlp,0.05,0.9848146493970522,0.9847975701902771,0.9844986724408716,0.9690062553654548,0.99788840551887,
TON_IoT,binary,trades,aam_noGate,25,transfer_tf,0.05,0.9848146493970522,0.9847975701902771,0.9844986724408716,0.9690062553654548,0.9979211869410405,
TON_IoT,binary,trades,aam_noGate,25,gaussian,0.1,0.9849635253833556,0.984971664897798,0.9846513119530229,0.9693128535229227,0.9979968921038428,
TON_IoT,binary,trades,aam_noGate,25,fgsm,0.1,0.9825815096025011,0.9823183166649159,0.98221208565253,0.9644253060297378,0.9974819883290892,
TON_IoT,binary,trades,aam_noGate,25,pgd,0.1,0.9825815096025011,0.9823183166649159,0.98221208565253,0.9644253060297378,0.997455726968787,0.0
TON_IoT,binary,trades,aam_noGate,25,transfer_mlp,0.1,0.9831770135477148,0.9828825284075473,0.9828187121638726,0.9656378331572196,0.9977263095363149,
TON_IoT,binary,trades,aam_noGate,25,transfer_tf,0.1,0.9830281375614114,0.9827084337000265,0.9826659037658374,0.9653319892206182,0.9978192656961433,
TON_IoT,binary,trades,aam_noGate,25,gaussian,0.2,0.981092749739467,0.9812822607227851,0.9807101358376071,0.9614532468576676,0.9977124544048452,
TON_IoT,binary,trades,aam_noGate,25,fgsm,0.2,0.9694804228078011,0.9691567114981292,0.9688467222808883,0.9377035065904671,0.9963065207863194,
TON_IoT,binary,trades,aam_noGate,25,pgd,0.2,0.9673961589995533,0.9672039982468278,0.9667306704881846,0.9334849293216083,0.9957544436032759,0.0
TON_IoT,binary,trades,aam_noGate,25,transfer_mlp,0.2,0.9699270507667114,0.9698111627081439,0.9693145390801033,0.9386548301772194,0.996574567774232,
TON_IoT,binary,trades,aam_noGate,25,transfer_tf,0.2,0.9699270507667114,0.9697671070123266,0.9693119017802813,0.9386454459623917,0.9968259976600222,
TON_IoT,binary,trades,aam_noGate,25,pgd_constrained,0.1,0.9845168974244455,0.9844493807752354,0.9841933515449229,0.9683932486155721,0.9977549253634028,1.0
TON_IoT,binary,trades,aam_noGate,25,square,0.1,0.982,0.9816658528436689,0.981502490997879,0.9630070539643896,0.9963013029734523,
TON_IoT,binary,trades,aam_noGate,25,square_clean_subset,0,0.9845,0.98432062912801,0.9840742693878433,0.9681532117014898,0.9967525892421165,
TON_IoT,binary,trades,aam_trans,25,clean,0,0.9868989132053,0.9868824505290306,0.9866251436149347,0.9732568492650674,0.9981766465872909,
TON_IoT,binary,trades,aam_trans,25,gaussian,0.05,0.9870477891916034,0.9870565452365514,0.9867777053512101,0.9735631125348563,0.9981807216259587,
TON_IoT,binary,trades,aam_trans,25,fgsm,0.05,0.9868989132053,0.9868824505290306,0.9866251436149347,0.9732568492650674,0.9979249450322563,
TON_IoT,binary,trades,aam_trans,25,pgd,0.05,0.9868989132053,0.9868824505290306,0.9866251436149347,0.9732568492650674,0.9979245828065969,0.0
TON_IoT,binary,trades,aam_trans,25,transfer_mlp,0.05,0.9868989132053,0.9868824505290306,0.9866251436149347,0.9732568492650674,0.9980293113003539,
TON_IoT,binary,trades,aam_trans,25,transfer_tf,0.05,0.9868989132053,0.9868824505290306,0.9866251436149347,0.9732568492650674,0.9980469245230393,
TON_IoT,binary,trades,aam_trans,25,gaussian,0.1,0.9855590293285693,0.9856680437278815,0.9852617309551831,0.9705398795607161,0.9980386838892893,
TON_IoT,binary,trades,aam_trans,25,fgsm,0.1,0.9867500372189966,0.9867083558215097,0.9864725680031146,0.9729506495417236,0.9977111866150374,
TON_IoT,binary,trades,aam_trans,25,pgd,0.1,0.9867500372189966,0.9867083558215097,0.9864725680031146,0.9729506495417236,0.9976995048375237,0.0
TON_IoT,binary,trades,aam_trans,25,transfer_mlp,0.1,0.9867500372189966,0.9867083558215097,0.9864725680031146,0.9729506495417236,0.9979718985333483,
TON_IoT,binary,trades,aam_trans,25,transfer_tf,0.1,0.9867500372189966,0.9867083558215097,0.9864725680031146,0.9729506495417236,0.9980097058365421,
TON_IoT,binary,trades,aam_trans,25,gaussian,0.2,0.977073098109275,0.9768460377946253,0.9765940013261358,0.9531944965858992,0.9970363602116846,
TON_IoT,binary,trades,aam_trans,25,fgsm,0.2,0.9840702694655352,0.9842795422192117,0.9837465175058404,0.9675213999655529,0.9965227695049462,
TON_IoT,binary,trades,aam_trans,25,pgd,0.2,0.9733511984516897,0.9748286219849241,0.9728858147097323,0.9461576639366823,0.9950828772308573,0.0
TON_IoT,binary,trades,aam_trans,25,transfer_mlp,0.2,0.9696292987941045,0.9717538694756058,0.9691385807604749,0.9389813213281454,0.9967688112840538,
TON_IoT,binary,trades,aam_trans,25,transfer_tf,0.2,0.969778174780408,0.9717957970956747,0.9692839854582513,0.9392176788370441,0.9969000728073575,
TON_IoT,binary,trades,aam_trans,25,pgd_constrained,0.1,0.9867500372189966,0.9867083558215097,0.9864725680031146,0.9729506495417236,0.9979224547308483,1.0
TON_IoT,binary,trades,aam_trans,25,square,0.1,0.9835,0.9832926421834443,0.9830468028967363,0.9660982737077056,0.9963732620595719,
TON_IoT,binary,trades,aam_trans,25,square_clean_subset,0,0.984,0.9838914445786539,0.9835632931353121,0.9671348865175442,0.9966693222996067,
TON_IoT,binary,trades,aam_v3b,25,clean,0,0.9877921691231204,0.9876626845992516,0.9875338025937578,0.9750692480889136,0.9982447902894546,
TON_IoT,binary,trades,aam_v3b,25,gaussian,0.05,0.987643293136817,0.9875326455875482,0.9873823278174938,0.9747668912624374,0.9982139105519957,
TON_IoT,binary,trades,aam_v3b,25,fgsm,0.05,0.9873455411642102,0.9872725675641412,0.987079416267378,0.9741625263678618,0.9979569114466929,
TON_IoT,binary,trades,aam_v3b,25,pgd,0.05,0.9873455411642102,0.9872725675641412,0.987079416267378,0.9741625263678618,0.9979551455966038,0.0
TON_IoT,binary,trades,aam_v3b,25,transfer_mlp,0.05,0.9874944171505137,0.9874026065758446,0.9872308657161096,0.9744646507256145,0.9980742272821124,
TON_IoT,binary,trades,aam_v3b,25,transfer_tf,0.05,0.9877921691231204,0.9876626845992516,0.9875338025937578,0.9750692480889136,0.9982263167808281,
TON_IoT,binary,trades,aam_v3b,25,gaussian,0.1,0.9867500372189966,0.9867083558215097,0.9864725680031146,0.9729506495417236,0.9981720734883418,
TON_IoT,binary,trades,aam_v3b,25,fgsm,0.1,0.9863034092600863,0.9861420160031296,0.9860135346173868,0.9720287095538981,0.9976733340336362,
TON_IoT,binary,trades,aam_v3b,25,pgd,0.1,0.9863034092600863,0.9861420160031296,0.9860135346173868,0.9720287095538981,0.9976431787474961,0.0
TON_IoT,binary,trades,aam_v3b,25,transfer_mlp,0.1,0.9868989132053,0.9868383948332131,0.9866239789711505,0.973252515689258,0.997891439158767,
TON_IoT,binary,trades,aam_v3b,25,transfer_tf,0.1,0.9868989132053,0.9867502834415784,0.9866216418079352,0.9732449249679043,0.9981438651651205,
TON_IoT,binary,trades,aam_v3b,25,gaussian,0.2,0.9797528658627364,0.9800237982258188,0.9793475437848929,0.9587413217615102,0.9976680817615758,
TON_IoT,binary,trades,aam_v3b,25,fgsm,0.2,0.9827303855888045,0.9828008012431585,0.98237561377683,0.9647693629431269,0.9969576214089855,
TON_IoT,binary,trades,aam_v3b,25,pgd,0.2,0.964716391246092,0.9655681871692428,0.9640713685485285,0.9283787490283306,0.9947509879704859,0.0
TON_IoT,binary,trades,aam_v3b,25,transfer_mlp,0.2,0.9714158106297455,0.9710234414335444,0.9708159541188739,0.9416363914371654,0.9962620123084278,
TON_IoT,binary,trades,aam_v3b,25,transfer_tf,0.2,0.9650141432186988,0.9650793183637543,0.9643213405869848,0.9287035000872265,0.9963299296195542,
TON_IoT,binary,trades,aam_v3b,25,pgd_constrained,0.1,0.9870477891916034,0.9868803224532819,0.9867730893313685,0.9735473187680825,0.9979197833166106,1.0
TON_IoT,binary,trades,aam_v3b,25,square,0.1,0.984,0.9835522088869472,0.9835522088869472,0.9671044177738942,0.996735113464059,
TON_IoT,binary,trades,aam_v3b,25,square_clean_subset,0,0.9865,0.9862069851712884,0.9861245262103846,0.9722495730932198,0.9967310015162807,
TON_IoT,binary,trades,transformer,26,clean,0,0.9749888343010272,0.9728227068399071,0.9743660198065144,0.9489803583148854,0.9965673685392527,
TON_IoT,binary,trades,transformer,26,gaussian,0.05,0.9754354622599375,0.9733009352666524,0.9748249663881995,0.9498916786014897,0.9965802728283665,
TON_IoT,binary,trades,transformer,26,fgsm,0.05,0.974542206342117,0.9723444784131619,0.9739070283964358,0.9480690338858263,0.9957998123671085,
TON_IoT,binary,trades,transformer,26,pgd,0.05,0.974542206342117,0.9723444784131619,0.9739070283964358,0.9480690338858263,0.9957918886808104,0.0
TON_IoT,binary,trades,transformer,26,transfer_mlp,0.05,0.9748399583147238,0.9726926678282035,0.9742146625430649,0.9486709157947962,0.9962996384987919,
TON_IoT,binary,trades,transformer,26,transfer_tf,0.05,0.9749888343010272,0.9728227068399071,0.9743660198065144,0.9489803583148854,0.996191876365138,
TON_IoT,binary,trades,transformer,26,gaussian,0.1,0.9754354622599375,0.9733009352666524,0.9748249663881995,0.9498916786014897,0.9965874267851385,
TON_IoT,binary,trades,transformer,26,fgsm,0.1,0.9735000744379931,0.971169871156333,0.9728324117095304,0.9459547445709579,0.9948230708766947,
TON_IoT,binary,trades,transformer,26,pgd,0.1,0.9730534464790829,0.9706916427295877,0.9723732083403767,0.9450435165513235,0.9947054833720311,0.0
TON_IoT,binary,trades,transformer,26,transfer_mlp,0.1,0.9743933303558137,0.9721703837056409,0.9737531875822283,0.9477681801695228,0.9960204077936473,
TON_IoT,binary,trades,transformer,26,transfer_tf,0.1,0.9746910823284204,0.9725185731206827,0.9740608533756395,0.948369945740214,0.9958210478463874,
TON_IoT,binary,trades,transformer,26,gaussian,0.2,0.9757332142325443,0.9736491246816942,0.9751324794387809,0.9504936692370313,0.9963921871547536,
TON_IoT,binary,trades,transformer,26,fgsm,0.2,0.9718624385886556,0.9693869964610553,0.971146595725217,0.9426200648833744,0.9922838690047127,
TON_IoT,binary,trades,transformer,26,pgd,0.2,0.9714158106297455,0.9689528237301274,0.9706900140997308,0.9416990702635507,0.9915140036439901,0.0
TON_IoT,binary,trades,transformer,26,transfer_mlp,0.2,0.9736489504242966,0.9713880215596713,0.9729889108152114,0.9462463716262947,0.9948467513791741,
TON_IoT,binary,trades,transformer,26,transfer_tf,0.2,0.9733511984516897,0.9709957764488121,0.9726784767565051,0.9456541490194312,0.9942701334077103,
TON_IoT,binary,trades,transformer,26,pgd_constrained,0.1,0.9748399583147238,0.9726486121323863,0.9742122093508635,0.9486794776922742,0.995909476185474,1.0
TON_IoT,binary,trades,transformer,26,square,0.1,0.9725,0.9704870278855438,0.9719300036363405,0.9441277313694149,0.9969191291757856,
TON_IoT,binary,trades,transformer,26,square_clean_subset,0,0.9735,0.9715044885276225,0.9729507307768371,0.9461694726945278,0.9977402199139431,
TON_IoT,binary,trades,aam_noGate,26,clean,0,0.9857079053148727,0.9858861941312198,0.9854155572817178,0.9708531239614886,0.9968941866403932,
TON_IoT,binary,trades,aam_noGate,26,gaussian,0.05,0.9857079053148727,0.9858861941312198,0.9854155572817178,0.9708531239614886,0.996922983580311,
TON_IoT,binary,trades,aam_noGate,26,fgsm,0.05,0.9857079053148727,0.9858861941312198,0.9854155572817178,0.9708531239614886,0.9964498715910038,
TON_IoT,binary,trades,aam_noGate,26,pgd,0.05,0.9857079053148727,0.9858861941312198,0.9854155572817178,0.9708531239614886,0.9964485132447813,0.0
TON_IoT,binary,trades,aam_noGate,26,transfer_mlp,0.05,0.9857079053148727,0.9858861941312198,0.9854155572817178,0.9708531239614886,0.9966660750314231,
TON_IoT,binary,trades,aam_noGate,26,transfer_tf,0.05,0.9857079053148727,0.9858861941312198,0.9854155572817178,0.9708531239614886,0.9967357129144314,
TON_IoT,binary,trades,aam_noGate,26,gaussian,0.1,0.9845168974244455,0.9845815478626875,0.9841974621400358,0.9684096442406468,0.9968529834716432,
TON_IoT,binary,trades,aam_noGate,26,fgsm,0.1,0.9857079053148727,0.9858861941312198,0.9854155572817178,0.9708531239614886,0.9961341919288879,
TON_IoT,binary,trades,aam_noGate,26,pgd,0.1,0.9857079053148727,0.9858861941312198,0.9854155572817178,0.9708531239614886,0.9961211518051516,0.0
TON_IoT,binary,trades,aam_noGate,26,transfer_mlp,0.1,0.9857079053148727,0.9858861941312198,0.9854155572817178,0.9708531239614886,0.9965088238170616,
TON_IoT,binary,trades,aam_noGate,26,transfer_tf,0.1,0.9857079053148727,0.9858861941312198,0.9854155572817178,0.9708531239614886,0.996641670077625,
TON_IoT,binary,trades,aam_noGate,26,gaussian,0.2,0.9773708500818818,0.9769298930347627,0.9768878716877831,0.9537759239734597,0.9960617467970195,
TON_IoT,binary,trades,aam_noGate,26,fgsm,0.2,0.9858567813011762,0.9861043445345581,0.9855693379724751,0.97116709452187,0.995493188346476,
TON_IoT,binary,trades,aam_noGate,26,pgd,0.2,0.9709691826708352,0.9716025497064161,0.970419069449868,0.9409831765876561,0.9942863430059657,0.0
TON_IoT,binary,trades,aam_noGate,26,transfer_mlp,0.2,0.9703736787256215,0.9724921759257582,0.9698938387893327,0.9404813016259806,0.995588046191016,
TON_IoT,binary,trades,aam_noGate,26,transfer_tf,0.2,0.969778174780408,0.9719279641831268,0.9692910331616735,0.939297512530551,0.9957399545769023,
TON_IoT,binary,trades,aam_noGate,26,pgd_constrained,0.1,0.9857079053148727,0.9858861941312198,0.9854155572817178,0.9708531239614886,0.9965438691496029,1.0
TON_IoT,binary,trades,aam_noGate,26,square,0.1,0.9845,0.984695865752173,0.9842438643193412,0.9685126400004748,0.997803302473752,
TON_IoT,binary,trades,aam_noGate,26,square_clean_subset,0,0.9845,0.984695865752173,0.9842438643193412,0.9685126400004748,0.9982530200775509,
TON_IoT,binary,trades,aam_trans,26,clean,0,0.9864522852463897,0.9866245005813722,0.9861745686133234,0.9723692087003145,0.9969604739360527,
TON_IoT,binary,trades,aam_trans,26,gaussian,0.05,0.9864522852463897,0.9866245005813722,0.9861745686133234,0.9723692087003145,0.9969486110457093,
TON_IoT,binary,trades,aam_trans,26,fgsm,0.05,0.9860056572874796,0.9861022164588096,0.9857169369342631,0.9714486170217477,0.9964504602077002,
TON_IoT,binary,trades,aam_trans,26,pgd,0.05,0.9860056572874796,0.9861022164588096,0.9857169369342631,0.9714486170217477,0.9964486490794034,0.0
TON_IoT,binary,trades,aam_trans,26,transfer_mlp,0.05,0.9863034092600863,0.9864504058738512,0.9860220385126582,0.9720622811103742,0.9968091088886554,
TON_IoT,binary,trades,aam_trans,26,transfer_tf,0.05,0.9864522852463897,0.9866245005813722,0.9861745686133234,0.9723692087003145,0.9968529834716432,
TON_IoT,binary,trades,aam_trans,26,gaussian,0.1,0.9860056572874796,0.9859700493713573,0.9857132215886804,0.9714329990215067,0.9969108037425154,
TON_IoT,binary,trades,aam_trans,26,fgsm,0.1,0.9858567813011762,0.9859281217512886,0.9855643654115486,0.9711418803921936,0.9961264946336268,
TON_IoT,binary,trades,aam_trans,26,pgd,0.1,0.9858567813011762,0.9859281217512886,0.9855643654115486,0.9711418803921936,0.9961051685979332,0.0
TON_IoT,binary,trades,aam_trans,26,transfer_mlp,0.1,0.9858567813011762,0.9859281217512886,0.9855643654115486,0.9711418803921936,0.996584755370901,
TON_IoT,binary,trades,aam_trans,26,transfer_tf,0.1,0.9860056572874796,0.9861022164588096,0.9857169369342631,0.9714486170217477,0.9966864955029685,
TON_IoT,binary,trades,aam_trans,26,gaussian,0.2,0.9809438737531636,0.9808438318403598,0.9805473536512899,0.9611035812830654,0.9962889075636339,
TON_IoT,binary,trades,aam_trans,26,fgsm,0.2,0.9806461217805568,0.979085860159162,0.980184700440216,0.960492508017918,0.9953324054319359,
TON_IoT,binary,trades,aam_trans,26,pgd,0.2,0.972011314574959,0.970133815214202,0.9713360042898979,0.9428238347822427,0.9927208942627078,0.0
TON_IoT,binary,trades,aam_trans,26,transfer_mlp,0.2,0.9681405389310704,0.9654751857312068,0.9673221315209652,0.9350094241501087,0.9930939866918294,
TON_IoT,binary,trades,aam_trans,26,transfer_tf,0.2,0.9696292987941045,0.967128021414781,0.9688581399809639,0.938034704560178,0.9940913750448255,
TON_IoT,binary,trades,aam_trans,26,pgd_constrained,0.1,0.9861545332737829,0.9862763111663304,0.9858694946271344,0.9717554172393359,0.9965421032995136,1.0
TON_IoT,binary,trades,aam_trans,26,square,0.1,0.984,0.9839872044149652,0.9837292382537812,0.9674666127461766,0.9978704548761291,
TON_IoT,binary,trades,aam_trans,26,square_clean_subset,0,0.9845,0.9845625784080607,0.9842397630270433,0.9684922423628236,0.9982855788180974,
TON_IoT,binary,trades,aam_v3b,26,clean,0,0.9858567813011762,0.9860162331429234,0.9855668573435794,0.971153773540153,0.9969186821506062,
TON_IoT,binary,trades,aam_v3b,26,gaussian,0.05,0.9857079053148727,0.9858861941312198,0.9854155572817178,0.9708531239614886,0.9969097623437448,
TON_IoT,binary,trades,aam_v3b,26,fgsm,0.05,0.9854101533422659,0.9855820604119955,0.985111714725087,0.9702454319237698,0.9964959195279476,
TON_IoT,binary,trades,aam_v3b,26,pgd,0.05,0.9854101533422659,0.9855820604119955,0.985111714725087,0.9702454319237698,0.9964951950766288,0.0
TON_IoT,binary,trades,aam_v3b,26,transfer_mlp,0.05,0.9858567813011762,0.9860162331429234,0.9855668573435794,0.971153773540153,0.9967376598773504,
TON_IoT,binary,trades,aam_v3b,26,transfer_tf,0.05,0.9858567813011762,0.9860602888387408,0.985568099070217,0.9711602556384012,0.9967361204182982,
TON_IoT,binary,trades,aam_v3b,26,gaussian,0.1,0.9840702694655352,0.9841473751317595,0.9837423217753051,0.9675010353641667,0.99683147632312,
TON_IoT,binary,trades,aam_v3b,26,fgsm,0.1,0.9854101533422659,0.9855820604119955,0.985111714725087,0.9702454319237698,0.9961357766661475,
TON_IoT,binary,trades,aam_v3b,26,pgd,0.1,0.9854101533422659,0.9855820604119955,0.985111714725087,0.9702454319237698,0.9961212423615665,0.0
TON_IoT,binary,trades,aam_v3b,26,transfer_mlp,0.1,0.9854101533422659,0.9855820604119955,0.985111714725087,0.9702454319237698,0.9965848006491085,
TON_IoT,binary,trades,aam_v3b,26,transfer_tf,0.1,0.9857079053148727,0.9858861941312198,0.9854155572817178,0.9708531239614886,0.9966371875350907,
TON_IoT,binary,trades,aam_v3b,26,gaussian,0.2,0.9761798421914545,0.9757133581578652,0.975671443881877,0.9513430681319527,0.9959519018658244,
TON_IoT,binary,trades,aam_v3b,26,fgsm,0.2,0.985112401369659,0.9854100937802233,0.9848117800349594,0.9696591714349263,0.9954312477587287,
TON_IoT,binary,trades,aam_v3b,26,pgd,0.2,0.9743933303558137,0.9759151178501182,0.973947179426398,0.9482891484943557,0.9939310449123595,0.0
TON_IoT,binary,trades,aam_v3b,26,transfer_mlp,0.2,0.9691826708351943,0.9714078081363127,0.968690691383809,0.9381419176986387,0.9948409104904173,
TON_IoT,binary,trades,aam_v3b,26,transfer_tf,0.2,0.9693315468214977,0.9715378471480163,0.9688407618182899,0.9384306609577371,0.995592030673269,
TON_IoT,binary,trades,aam_v3b,26,pgd_constrained,0.1,0.9855590293285693,0.9857561551195164,0.9852642695769585,0.9705525890849046,0.9965728472023501,1.0
TON_IoT,binary,trades,aam_v3b,26,square,0.1,0.9845,0.984695865752173,0.9842438643193412,0.9685126400004748,0.9979355723572223,
TON_IoT,binary,trades,aam_v3b,26,square_clean_subset,0,0.9845,0.984695865752173,0.9842438643193412,0.9685126400004748,0.9983903772642314,
TON_IoT,binary,trades,transformer,27,clean,0,0.9779663540270954,0.9760843225112381,0.9774283695466583,0.95504289702235,0.9976907661434921,
TON_IoT,binary,trades,transformer,27,gaussian,0.05,0.9776686020544886,0.9757361330961962,0.9771211906799513,0.9544403303729407,0.9976840649687942,
TON_IoT,binary,trades,transformer,27,fgsm,0.05,0.9773708500818818,0.9753879436811546,0.9768139496731738,0.9538379999620364,0.9967017995370755,
TON_IoT,binary,trades,transformer,27,pgd,0.05,0.9773708500818818,0.9753879436811546,0.9768139496731738,0.9538379999620364,0.9966811979527006,0.0
TON_IoT,binary,trades,transformer,27,transfer_mlp,0.05,0.977817478040792,0.9759102278037172,0.9772747878692513,0.9547415841367213,0.9974253452916099,
TON_IoT,binary,trades,transformer,27,transfer_tf,0.05,0.9775197260681852,0.9755620383886754,0.9769675779556358,0.9541391356687785,0.9974146143564518,
TON_IoT,binary,trades,transformer,27,gaussian,0.1,0.9779663540270954,0.9760843225112381,0.9774283695466583,0.95504289702235,0.9976478424028602,
TON_IoT,binary,trades,transformer,27,fgsm,0.1,0.9764775941640613,0.9745195982192987,0.9759009875162153,0.9519996707949945,0.994933232755342,
TON_IoT,binary,trades,transformer,27,pgd,0.1,0.9763287181777579,0.9743455035117778,0.9757473171850735,0.9516983530952011,0.9947901988981095,0.0
TON_IoT,binary,trades,transformer,27,transfer_mlp,0.1,0.9773708500818818,0.9754319993769719,0.9768161398890173,0.9538301654784542,0.9969764571432711,
TON_IoT,binary,trades,transformer,27,transfer_tf,0.1,0.977073098109275,0.9750838099619301,0.9765088700636102,0.9532277735094687,0.9969261530548301,
TON_IoT,binary,trades,transformer,27,gaussian,0.2,0.9772219740955784,0.9753460160610857,0.9766669127040738,0.9535140500648083,0.9972006295481959,
TON_IoT,binary,trades,transformer,27,fgsm,0.2,0.9757332142325443,0.9736931803775116,0.9751348356008909,0.9504856365803814,0.9910099213608093,
TON_IoT,binary,trades,transformer,27,pgd,0.2,0.9757332142325443,0.9736931803775116,0.9751348356008909,0.9504856365803814,0.9900696741055743,0.0
TON_IoT,binary,trades,transformer,27,transfer_mlp,0.2,0.9766264701503647,0.9746055815351848,0.9760501177260115,0.952316408546481,0.9956684602873898,
TON_IoT,binary,trades,transformer,27,transfer_tf,0.2,0.9763287181777579,0.9743455035117778,0.9757473171850735,0.9516983530952011,0.9959220635271362,
TON_IoT,binary,trades,transformer,27,pgd_constrained,0.1,0.9773708500818818,0.9753879436811546,0.9768139496731738,0.9538379999620364,0.9969191349326804,1.0
TON_IoT,binary,trades,transformer,27,square,0.1,0.976,0.9739279326170383,0.9751494913411509,0.950401356939881,0.9962532892155042,
TON_IoT,binary,trades,transformer,27,square_clean_subset,0,0.9775,0.9753851015577559,0.9766981784966131,0.9535141172950059,0.9973299005696488,
TON_IoT,binary,trades,aam_noGate,27,clean,0,0.9870477891916034,0.9873208794114559,0.9867845516168983,0.9735975575594148,0.9984360001593794,
TON_IoT,binary,trades,aam_noGate,27,gaussian,0.05,0.9870477891916034,0.9873208794114559,0.9867845516168983,0.9735975575594148,0.9984038073539053,
TON_IoT,binary,trades,aam_noGate,27,fgsm,0.05,0.9868989132053,0.9871908403997522,0.9866332227380121,0.9732972142774711,0.9980797059452098,
TON_IoT,binary,trades,aam_noGate,27,pgd,0.05,0.9868989132053,0.9871908403997522,0.9866332227380121,0.9732972142774711,0.9980788456592687,0.0
TON_IoT,binary,trades,aam_noGate,27,transfer_mlp,0.05,0.9868989132053,0.9871908403997522,0.9866332227380121,0.9732972142774711,0.9982534384270713,
TON_IoT,binary,trades,aam_noGate,27,transfer_tf,0.05,0.9868989132053,0.9871908403997522,0.9866332227380121,0.9732972142774711,0.9982480503203885,
TON_IoT,binary,trades,aam_noGate,27,gaussian,0.1,0.9860056572874796,0.9861903278504442,0.9857193998383487,0.9714608159992073,0.9982994410858076,
TON_IoT,binary,trades,aam_noGate,27,fgsm,0.1,0.9868989132053,0.9871908403997522,0.9866332227380121,0.9732972142774711,0.9977290715069673,
TON_IoT,binary,trades,aam_noGate,27,pgd,0.1,0.9868989132053,0.9871908403997522,0.9866332227380121,0.9732972142774711,0.9977091943739111,0.0
TON_IoT,binary,trades,aam_noGate,27,transfer_mlp,0.1,0.9868989132053,0.9871908403997522,0.9866332227380121,0.9732972142774711,0.9980864071199077,
TON_IoT,binary,trades,aam_noGate,27,transfer_tf,0.1,0.9868989132053,0.9871908403997522,0.9866332227380121,0.9732972142774711,0.998120501610093,
TON_IoT,binary,trades,aam_noGate,27,gaussian,0.2,0.9749888343010272,0.9740122106269764,0.9744300059548573,0.948878060296437,0.9971471559852357,
TON_IoT,binary,trades,aam_noGate,27,fgsm,0.2,0.981092749739467,0.9799605898482637,0.980658913188174,0.9613673428201989,0.9965870645594793,
TON_IoT,binary,trades,aam_noGate,27,pgd,0.2,0.9656096471639125,0.9628680212698907,0.9647245203717465,0.9298213701670149,0.9944559551709524,0.0
TON_IoT,binary,trades,aam_noGate,27,transfer_mlp,0.2,0.9587613517939556,0.9548596647239297,0.957603575938553,0.9160486082785577,0.9964104795505504,
TON_IoT,binary,trades,aam_noGate,27,transfer_tf,0.2,0.9595057317254727,0.9556860825657167,0.9583751626696413,0.9175557449280475,0.9967405576826252,
TON_IoT,binary,trades,aam_noGate,27,pgd_constrained,0.1,0.9868989132053,0.9871908403997522,0.9866332227380121,0.9732972142774711,0.9980973191678951,1.0
TON_IoT,binary,trades,aam_noGate,27,square,0.1,0.9855,0.986220407387671,0.9850605985909053,0.9702095208087,0.9975741390207329,
TON_IoT,binary,trades,aam_noGate,27,square_clean_subset,0,0.986,0.9866448556049885,0.985573197474073,0.9712217192213776,0.9980708776886884,
TON_IoT,binary,trades,aam_trans,27,clean,0,0.9873455411642102,0.987713124522315,0.987090564434769,0.9742194162987362,0.9984429277251142,
TON_IoT,binary,trades,aam_trans,27,gaussian,0.05,0.9870477891916034,0.9873649351072731,0.98678568360529,0.9736045508092432,0.9984200622303683,
TON_IoT,binary,trades,aam_trans,27,fgsm,0.05,0.9866011612326931,0.9868867066805278,0.9863294323456941,0.9726896238280158,0.9981583994697016,
TON_IoT,binary,trades,aam_trans,27,pgd,0.05,0.9866011612326931,0.9868867066805278,0.9863294323456941,0.9726896238280158,0.9981568147324421,0.0
TON_IoT,binary,trades,aam_trans,27,transfer_mlp,0.05,0.9873455411642102,0.987713124522315,0.987090564434769,0.9742194162987362,0.9983188201585824,
TON_IoT,binary,trades,aam_trans,27,transfer_tf,0.05,0.9874944171505137,0.9878431635340185,0.9872418952293659,0.9745194914648115,0.9983282833039326,
TON_IoT,binary,trades,aam_trans,27,gaussian,0.1,0.9867500372189966,0.9871048570838661,0.9864830615846405,0.9730043865629269,0.9983537296565015,
TON_IoT,binary,trades,aam_trans,27,fgsm,0.1,0.9863034092600863,0.9866266286571208,0.9860268376321626,0.972089331449869,0.9979256242053676,
TON_IoT,binary,trades,aam_trans,27,pgd,0.1,0.9863034092600863,0.9866266286571208,0.9860268376321626,0.972089331449869,0.9979032567709031,0.0
TON_IoT,binary,trades,aam_trans,27,transfer_mlp,0.1,0.9871966651779068,0.9875830855106114,0.986939245976155,0.9739194555979647,0.9982082507760685,
TON_IoT,binary,trades,aam_trans,27,transfer_tf,0.1,0.9871966651779068,0.9875830855106114,0.986939245976155,0.9739194555979647,0.9982269053975245,
TON_IoT,binary,trades,aam_trans,27,gaussian,0.2,0.9812416257257704,0.9816325782135755,0.9808693556889085,0.9617972999458733,0.997402162849412,
TON_IoT,binary,trades,aam_trans,27,fgsm,0.2,0.9885365490546375,0.9887093809201256,0.9883005493149393,0.9766175679538152,0.9975853131984164,
TON_IoT,binary,trades,aam_trans,27,pgd,0.2,0.9763287181777579,0.9754028402113949,0.9758009155068,0.9516181416482655,0.9956892429845946,0.0
TON_IoT,binary,trades,aam_trans,27,transfer_mlp,0.2,0.9752865862736341,0.9742282329545661,0.9747298527244082,0.9494857126753168,0.9969972398404758,
TON_IoT,binary,trades,aam_trans,27,transfer_tf,0.2,0.9754354622599375,0.9743582719662696,0.9748809468092906,0.9497901202924178,0.997109801464116,
TON_IoT,binary,trades,aam_trans,27,pgd_constrained,0.1,0.9868989132053,0.9871908403997522,0.9866332227380121,0.9732972142774711,0.9981655081482663,1.0
TON_IoT,binary,trades,aam_trans,27,square,0.1,0.985,0.9857959591703536,0.9845481731305092,0.9691986908148037,0.9975916952730306,
TON_IoT,binary,trades,aam_trans,27,square_clean_subset,0,0.986,0.9866448556049885,0.985573197474073,0.9712217192213776,0.9980120126074545,
TON_IoT,binary,trades,aam_v3b,27,clean,0,0.9801994938216466,0.9790481886905904,0.9797451610553318,0.9595397913605765,0.9981478496473732,
TON_IoT,binary,trades,aam_v3b,27,gaussian,0.05,0.9793062379038261,0.9782679546203694,0.9788371839949822,0.9577074342284553,0.9981431859920094,
TON_IoT,binary,trades,aam_v3b,27,fgsm,0.05,0.9767753461366682,0.9755286230716012,0.9762413602019225,0.9525350459209938,0.9978745503874002,
TON_IoT,binary,trades,aam_v3b,27,pgd,0.05,0.9767753461366682,0.9755286230716012,0.9762413602019225,0.9525350459209938,0.9978712903564664,0.0
TON_IoT,binary,trades,aam_v3b,27,transfer_mlp,0.05,0.9767753461366682,0.9755286230716012,0.9762413602019225,0.9525350459209938,0.9979989749013841,
TON_IoT,binary,trades,aam_v3b,27,transfer_tf,0.05,0.9767753461366682,0.9755286230716012,0.9762413602019225,0.9525350459209938,0.9980364652571259,
TON_IoT,binary,trades,aam_v3b,27,gaussian,0.1,0.9803483698079499,0.9794866175730157,0.9799092903931022,0.9598367329377181,0.9981287422438432,
TON_IoT,binary,trades,aam_v3b,27,fgsm,0.1,0.9766264701503647,0.9753545283640802,0.9760879687497344,0.9522313824378789,0.9974843427958751,
TON_IoT,binary,trades,aam_v3b,27,pgd,0.1,0.9766264701503647,0.9753545283640802,0.9760879687497344,0.9522313824378789,0.9974633789858407,0.0
TON_IoT,binary,trades,aam_v3b,27,transfer_mlp,0.1,0.9767753461366682,0.9755286230716012,0.9762413602019225,0.9525350459209938,0.9977766589029634,
TON_IoT,binary,trades,aam_v3b,27,transfer_tf,0.1,0.9767753461366682,0.9755286230716012,0.9762413602019225,0.9525350459209938,0.9978702036794884,
TON_IoT,binary,trades,aam_v3b,27,gaussian,0.2,0.9806461217805568,0.9800110297713269,0.9802225503829969,0.9604496362317789,0.9975994399991307,
TON_IoT,binary,trades,aam_v3b,27,fgsm,0.2,0.9748399583147238,0.9734856703529164,0.9742579417850551,0.9485777386558247,0.9962266953066421,
TON_IoT,binary,trades,aam_v3b,27,pgd,0.2,0.9751377102873307,0.9737898040721409,0.9745625815272438,0.9491870379307443,0.9959917919665592,0.0
TON_IoT,binary,trades,aam_v3b,27,transfer_mlp,0.2,0.9766264701503647,0.9753985840598977,0.9760901525239631,0.9522295855220875,0.9967423688109218,
TON_IoT,binary,trades,aam_v3b,27,transfer_tf,0.2,0.9769242221229716,0.9756586620833048,0.976392580612795,0.9528406238663758,0.996950965512495,
TON_IoT,binary,trades,aam_v3b,27,pgd_constrained,0.1,0.9767753461366682,0.9755286230716012,0.9762413602019225,0.9525350459209938,0.9978190393051062,1.0
TON_IoT,binary,trades,aam_v3b,27,square,0.1,0.9765,0.9752715022781819,0.9757085794454785,0.9514301800881385,0.9970954729654369,
TON_IoT,binary,trades,aam_v3b,27,square_clean_subset,0,0.979,0.9779452162310651,0.9782968168664737,0.9566019870430995,0.9977620941923917,
TON_IoT,binary,trades,transformer,28,clean,0,0.9702248027393181,0.9672957318950559,0.9694391212007054,0.9393676289557847,0.9954677419939074,
TON_IoT,binary,trades,transformer,28,gaussian,0.05,0.9706714306982284,0.967729904625984,0.969896058570382,0.9402912523715609,0.9953718880288042,
TON_IoT,binary,trades,transformer,28,fgsm,0.05,0.9696292987941045,0.9666874644566072,0.9688279036247195,0.9381448770613698,0.9934218009135333,
TON_IoT,binary,trades,transformer,28,pgd,0.05,0.9696292987941045,0.9666874644566072,0.9688279036247195,0.9381448770613698,0.993403689630566,0.0
TON_IoT,binary,trades,transformer,28,transfer_mlp,0.05,0.9702248027393181,0.9673397875908734,0.9694421131627199,0.9393548772415121,0.9944777339887203,
TON_IoT,binary,trades,transformer,28,transfer_tf,0.05,0.9699270507667114,0.9669915981758316,0.9691335124127125,0.9387562530085772,0.9943749071796748,
TON_IoT,binary,trades,transformer,28,gaussian,0.1,0.9702248027393181,0.9673397875908734,0.9694421131627199,0.9393548772415121,0.9952787507561461,
TON_IoT,binary,trades,transformer,28,fgsm,0.1,0.9693315468214977,0.9663833307373828,0.9685222948367266,0.9375335011141624,0.991821759619808,
TON_IoT,binary,trades,transformer,28,pgd,0.1,0.9693315468214977,0.9663833307373828,0.9685222948367266,0.9375335011141624,0.9916668628722322,0.0
TON_IoT,binary,trades,transformer,28,transfer_mlp,0.1,0.9702248027393181,0.9673397875908734,0.9694421131627199,0.9393548772415121,0.993925566249262,
TON_IoT,binary,trades,transformer,28,transfer_tf,0.1,0.969778174780408,0.9668615591641281,0.9689822272193558,0.9384441939997082,0.9936453847017616,
TON_IoT,binary,trades,transformer,28,gaussian,0.2,0.969778174780408,0.9668615591641281,0.9689822272193558,0.9384441939997082,0.9952846822013177,
TON_IoT,binary,trades,transformer,28,fgsm,0.2,0.967991662944767,0.9650367568487817,0.967148664296362,0.9347761362973347,0.9874239326115384,
TON_IoT,binary,trades,transformer,28,pgd,0.2,0.9673961589995533,0.9645166008019677,0.9665440155946572,0.9335299094986929,0.9857664785508077,0.0
TON_IoT,binary,trades,transformer,28,transfer_mlp,0.2,0.9696292987941045,0.9666434087607898,0.9688248455516341,0.9381578539300732,0.9929406746815133,
TON_IoT,binary,trades,transformer,28,transfer_tf,0.2,0.9684382909036773,0.9654709295797096,0.9676054684727478,0.9356993732725402,0.9918527299136817,
TON_IoT,binary,trades,transformer,28,pgd_constrained,0.1,0.9696292987941045,0.9666874644566072,0.9688279036247195,0.9381448770613698,0.993957985445773,1.0
TON_IoT,binary,trades,transformer,28,square,0.1,0.974,0.971890148033045,0.9733850890985325,0.9470168880706036,0.9960055870766713,
TON_IoT,binary,trades,transformer,28,square_clean_subset,0,0.9745,0.9723283601276987,0.9738928454878775,0.9480555691134106,0.9974778572805956,
TON_IoT,binary,trades,aam_noGate,28,clean,0,0.9827303855888045,0.9825364670682541,0.9823664336079609,0.964735771824126,0.9971937925388759,
TON_IoT,binary,trades,aam_noGate,28,gaussian,0.05,0.9827303855888045,0.9825364670682541,0.9823664336079609,0.964735771824126,0.9971414056528937,
TON_IoT,binary,trades,aam_noGate,28,fgsm,0.05,0.9822837576298943,0.9821022943373263,0.9819111827743292,0.9638260396376026,0.9967130738107226,
TON_IoT,binary,trades,aam_noGate,28,pgd,0.05,0.9822837576298943,0.9821022943373263,0.9819111827743292,0.9638260396376026,0.9967119418555372,0.0
TON_IoT,binary,trades,aam_noGate,28,transfer_mlp,0.05,0.9827303855888045,0.9825364670682541,0.9823664336079609,0.964735771824126,0.9968990314085869,
TON_IoT,binary,trades,aam_noGate,28,transfer_tf,0.05,0.982879261575108,0.982710561775775,0.9825192102440996,0.9650420968999861,0.9969218516251254,
TON_IoT,binary,trades,aam_noGate,28,gaussian,0.1,0.9822837576298943,0.9821463500331435,0.9819127594648385,0.9638310064496877,0.9969917611773783,
TON_IoT,binary,trades,aam_noGate,28,fgsm,0.1,0.9822837576298943,0.9821022943373263,0.9819111827743292,0.9638260396376026,0.9964053631131122,
TON_IoT,binary,trades,aam_noGate,28,pgd,0.1,0.9821348816435909,0.9819281996298054,0.9817583795944425,0.9635196619614399,0.9963969413665326,0.0
TON_IoT,binary,trades,aam_noGate,28,transfer_mlp,0.1,0.9827303855888045,0.982624578459889,0.982369507492414,0.9647455481284506,0.9967328603873641,
TON_IoT,binary,trades,aam_noGate,28,transfer_tf,0.1,0.9827303855888045,0.9825364670682541,0.9823664336079609,0.964735771824126,0.9967419160288478,
TON_IoT,binary,trades,aam_noGate,28,gaussian,0.2,0.9746910823284204,0.9744570237366474,0.9741644540681194,0.9483377231499747,0.9958195083873352,
TON_IoT,binary,trades,aam_noGate,28,fgsm,0.2,0.967991662944767,0.9695304378221544,0.9674429729851894,0.9353383945861344,0.9950386857004175,
TON_IoT,binary,trades,aam_noGate,28,pgd,0.2,0.9678427869584636,0.9693563431146335,0.9672902581750007,0.9350240109226777,0.9935347247628328,0.0
TON_IoT,binary,trades,aam_noGate,28,transfer_mlp,0.2,0.9665029030817329,0.9684062704883889,0.9659525393954909,0.932531378100749,0.9953768233534126,
TON_IoT,binary,trades,aam_noGate,28,transfer_tf,0.2,0.9670984070269466,0.9688383151435681,0.9665474818110044,0.9336405345350075,0.9954554263214899,
TON_IoT,binary,trades,aam_noGate,28,pgd_constrained,0.1,0.9824326336161977,0.9822763890448472,0.9820639718022246,0.9641324798473082,0.9967650079146305,1.0
TON_IoT,binary,trades,aam_noGate,28,square,0.1,0.9845,0.9839698036666976,0.984178729322301,0.9683620714494378,0.9984246810846438,
TON_IoT,binary,trades,aam_noGate,28,square_clean_subset,0,0.9845,0.9839698036666976,0.984178729322301,0.9683620714494378,0.9986226162333349,
TON_IoT,binary,trades,aam_trans,28,clean,0,0.9824326336161977,0.9824085561322993,0.9820686462948485,0.9641488994731527,0.9968786109370417,
TON_IoT,binary,trades,aam_trans,28,gaussian,0.05,0.9824326336161977,0.9824085561322993,0.9820686462948485,0.9641488994731527,0.9968767545305375,
TON_IoT,binary,trades,aam_trans,28,fgsm,0.05,0.9822837576298943,0.9822344614247784,0.9819159022020766,0.9638420050153823,0.996525350362769,
TON_IoT,binary,trades,aam_trans,28,pgd,0.05,0.9822837576298943,0.9822344614247784,0.9819159022020766,0.9638420050153823,0.9965239920165464,0.0
TON_IoT,binary,trades,aam_trans,28,transfer_mlp,0.05,0.9824326336161977,0.9824085561322993,0.9820686462948485,0.9641488994731527,0.9966690633931127,
TON_IoT,binary,trades,aam_trans,28,transfer_tf,0.05,0.9822837576298943,0.9822344614247784,0.9819159022020766,0.9638420050153823,0.996685680495235,
TON_IoT,binary,trades,aam_trans,28,gaussian,0.1,0.9815393776983773,0.9815402106704434,0.9811585125515812,0.962331698678445,0.9967702601866911,
TON_IoT,binary,trades,aam_trans,28,fgsm,0.1,0.981837129670984,0.9817562329980332,0.9814591964488857,0.9629272753020783,0.9961427495100897,
TON_IoT,binary,trades,aam_trans,28,pgd,0.1,0.981837129670984,0.9817562329980332,0.9814591964488857,0.9629272753020783,0.9961293471606941,0.0
TON_IoT,binary,trades,aam_trans,28,transfer_mlp,0.1,0.9821348816435909,0.9820603667172575,0.9817631440480843,0.963535173308416,0.9964409065059351,
TON_IoT,binary,trades,aam_trans,28,transfer_tf,0.1,0.9821348816435909,0.9820603667172575,0.9817631440480843,0.963535173308416,0.9965086427042319,
TON_IoT,binary,trades,aam_trans,28,gaussian,0.2,0.9773708500818818,0.977414505688754,0.9769099501988896,0.953845858362042,0.9962889981200488,
TON_IoT,binary,trades,aam_trans,28,fgsm,0.2,0.981092749739467,0.9810619822436981,0.9807018358659649,0.9614167550904914,0.9950600570143188,
TON_IoT,binary,trades,aam_trans,28,pgd,0.2,0.9690337948488909,0.9703966552082617,0.9684917624691466,0.9373595936647998,0.993644252746576,0.0
TON_IoT,binary,trades,aam_trans,28,transfer_mlp,0.2,0.9650141432186988,0.9669737132839016,0.964444778511667,0.9295574199534471,0.9946400563623127,
TON_IoT,binary,trades,aam_trans,28,transfer_tf,0.2,0.9660562751228227,0.9679720977574608,0.965499899978554,0.9316363215688735,0.995212599295109,
TON_IoT,binary,trades,aam_trans,28,pgd_constrained,0.1,0.9819860056572874,0.9818862720097365,0.9816103718103038,0.9632284042867435,0.9964688884381193,1.0
TON_IoT,binary,trades,aam_trans,28,square,0.1,0.9855,0.9851339480205975,0.9852037456972875,0.9704080041770002,0.9983981536935822,
TON_IoT,binary,trades,aam_trans,28,square_clean_subset,0,0.9855,0.9851339480205975,0.9852037456972875,0.9704080041770002,0.9986277176546929,
TON_IoT,binary,trades,aam_v3b,28,clean,0,0.9830281375614114,0.9829727678749307,0.9826749868456801,0.9653588673274289,0.997088113202763,
TON_IoT,binary,trades,aam_v3b,28,gaussian,0.05,0.9830281375614114,0.9829727678749307,0.9826749868456801,0.9653588673274289,0.9970494908918357,
TON_IoT,binary,trades,aam_v3b,28,fgsm,0.05,0.9827303855888045,0.9826686341557063,0.9823710392464815,0.9647509693210913,0.996528293446251,
TON_IoT,binary,trades,aam_v3b,28,pgd,0.05,0.9827303855888045,0.9826686341557063,0.9823710392464815,0.9647509693210913,0.9965249428589023,0.0
TON_IoT,binary,trades,aam_v3b,28,transfer_mlp,0.05,0.982879261575108,0.9827986731674099,0.9825222541998755,0.9650521763305281,0.9968191153724948,
TON_IoT,binary,trades,aam_v3b,28,transfer_tf,0.05,0.982879261575108,0.9827986731674099,0.9825222541998755,0.9650521763305281,0.9968483198162791,
TON_IoT,binary,trades,aam_v3b,28,gaussian,0.1,0.9821348816435909,0.9821044224130749,0.9817647250456085,0.9635410533084126,0.9969234363623851,
TON_IoT,binary,trades,aam_v3b,28,fgsm,0.1,0.9825815096025011,0.9824945394481854,0.9822182934033515,0.9644442523159332,0.9960449938602751,
TON_IoT,binary,trades,aam_v3b,28,pgd,0.1,0.9825815096025011,0.9824945394481854,0.9822182934033515,0.9644442523159332,0.996012982167631,0.0
TON_IoT,binary,trades,aam_v3b,28,transfer_mlp,0.1,0.9827303855888045,0.982624578459889,0.982369507492414,0.9647455481284506,0.9965953957496441,
TON_IoT,binary,trades,aam_v3b,28,transfer_tf,0.1,0.982879261575108,0.9827986731674099,0.9825222541998755,0.9650521763305281,0.996659238022103,
TON_IoT,binary,trades,aam_v3b,28,gaussian,0.2,0.9782641059997023,0.9783269068464272,0.977821399533144,0.9556687817442208,0.9962564883671231,
TON_IoT,binary,trades,aam_v3b,28,fgsm,0.2,0.9822837576298943,0.9821022943373263,0.9819111827743292,0.9638260396376026,0.994821033357361,
TON_IoT,binary,trades,aam_v3b,28,pgd,0.2,0.962929879410451,0.9630825494166355,0.9622053678436598,0.9244926553766127,0.9932186828750577,0.0
TON_IoT,binary,trades,aam_v3b,28,transfer_mlp,0.2,0.9752865862736341,0.976078572178896,0.9748214048611117,0.9498042211787288,0.9949598563413036,
TON_IoT,binary,trades,aam_v3b,28,transfer_tf,0.2,0.9804972457942533,0.9806299375885188,0.9801008765725711,0.9602300108529185,0.9952466032288796,
TON_IoT,binary,trades,aam_v3b,28,pgd_constrained,0.1,0.9827303855888045,0.9826686341557063,0.9823710392464815,0.9647509693210913,0.9965391149378241,1.0
TON_IoT,binary,trades,aam_v3b,28,square,0.1,0.985,0.9845518758436476,0.9846913156895644,0.9693846820106315,0.9982593950326439,
TON_IoT,binary,trades,aam_v3b,28,square_clean_subset,0,0.9855,0.9851339480205975,0.9852037456972875,0.9704080041770002,0.998637920497409,
TON_IoT,binary,trades,transformer,29,clean,0,0.9740955783832068,0.970985136070069,0.9733963049581346,0.9474047526698764,0.9963369024634967,
TON_IoT,binary,trades,transformer,29,gaussian,0.05,0.9742444543695102,0.9711592307775898,0.9735505104264102,0.9477026905021511,0.9962841080736478,
TON_IoT,binary,trades,transformer,29,fgsm,0.05,0.9739467023969034,0.970811041362548,0.9732420829880016,0.9471068716256753,0.99448475211087,
TON_IoT,binary,trades,transformer,29,pgd,0.05,0.9739467023969034,0.970811041362548,0.9732420829880016,0.9471068716256753,0.994471304483267,0.0
TON_IoT,binary,trades,transformer,29,transfer_mlp,0.05,0.9739467023969034,0.970811041362548,0.9732420829880016,0.9471068716256753,0.9955873217396973,
TON_IoT,binary,trades,transformer,29,transfer_tf,0.05,0.9739467023969034,0.970811041362548,0.9732420829880016,0.9471068716256753,0.9957311706046633,
TON_IoT,binary,trades,transformer,29,gaussian,0.1,0.9737978264106,0.9706369466550271,0.9730878444924909,0.9468090473092202,0.9962266500284345,
TON_IoT,binary,trades,transformer,29,fgsm,0.1,0.9737978264106,0.9706810023508445,0.9730905153599522,0.9467929759725382,0.9929927446200434,
TON_IoT,binary,trades,transformer,29,pgd,0.1,0.9737978264106,0.9706810023508445,0.9730905153599522,0.9467929759725382,0.9928704029036008,0.0
TON_IoT,binary,trades,transformer,29,transfer_mlp,0.1,0.9739467023969034,0.970811041362548,0.9732420829880016,0.9471068716256753,0.9951099988771005,
TON_IoT,binary,trades,transformer,29,transfer_tf,0.1,0.9739467023969034,0.970811041362548,0.9732420829880016,0.9471068716256753,0.9947073850567427,
TON_IoT,binary,trades,transformer,29,gaussian,0.2,0.9742444543695102,0.9711592307775898,0.9735505104264102,0.9477026905021511,0.9960503819669577,
TON_IoT,binary,trades,transformer,29,fgsm,0.2,0.9724579425338693,0.9693784841580608,0.9717186626375072,0.94401700701417,0.989714602403005,
TON_IoT,binary,trades,transformer,29,pgd,0.2,0.9715646866160488,0.9684220273045703,0.9707985404129731,0.9421970038332274,0.9884384361269383,0.0
TON_IoT,binary,trades,transformer,29,transfer_mlp,0.2,0.9733511984516897,0.9701587182282818,0.9726277543005933,0.9458994013905916,0.9944651919252657,
TON_IoT,binary,trades,transformer,29,transfer_tf,0.2,0.9730534464790829,0.9698986402048748,0.9723246686904474,0.9452714401463909,0.9934160505811911,
TON_IoT,binary,trades,transformer,29,pgd_constrained,0.1,0.9739467023969034,0.970811041362548,0.9732420829880016,0.9471068716256753,0.9949363116734464,1.0
TON_IoT,binary,trades,transformer,29,square,0.1,0.9735,0.971111111111111,0.9729663489702602,0.9464190865909383,0.9928685714285713,
TON_IoT,binary,trades,transformer,29,square_clean_subset,0,0.974,0.9715555555555555,0.9734726089383023,0.9474639235833294,0.994672761904762,
TON_IoT,binary,trades,aam_noGate,29,clean,0,0.9857079053148727,0.9857540270437677,0.9854117800364868,0.9708352072852952,0.9976836121867202,
TON_IoT,binary,trades,aam_noGate,29,gaussian,0.05,0.9857079053148727,0.9857540270437677,0.9854117800364868,0.9708352072852952,0.9976450351540002,
TON_IoT,binary,trades,aam_noGate,29,fgsm,0.05,0.9855590293285693,0.9855799323362469,0.9852591807865666,0.9705285976357095,0.9972070137754417,
TON_IoT,binary,trades,aam_noGate,29,pgd,0.05,0.9855590293285693,0.9855799323362469,0.9852591807865666,0.9705285976357095,0.9972059723766712,0.0
TON_IoT,binary,trades,aam_noGate,29,transfer_mlp,0.05,0.9857079053148727,0.9857540270437677,0.9854117800364868,0.9708352072852952,0.9975312510187597,
TON_IoT,binary,trades,aam_noGate,29,transfer_tf,0.05,0.9857079053148727,0.9857540270437677,0.9854117800364868,0.9708352072852952,0.9975675188629012,
TON_IoT,binary,trades,aam_noGate,29,gaussian,0.1,0.9849635253833556,0.9850157205936154,0.9846526411217517,0.9693184193981245,0.9976239355093436,
TON_IoT,binary,trades,aam_noGate,29,fgsm,0.1,0.9852612773559625,0.9852317429212051,0.9849539405720666,0.969915568447287,0.9968182550865536,
TON_IoT,binary,trades,aam_noGate,29,pgd,0.1,0.9852612773559625,0.9852317429212051,0.9849539405720666,0.969915568447287,0.9967996457433053,0.0
TON_IoT,binary,trades,aam_noGate,29,transfer_mlp,0.1,0.9855590293285693,0.9855799323362469,0.9852591807865666,0.9705285976357095,0.9973625444179215,
TON_IoT,binary,trades,aam_noGate,29,transfer_tf,0.1,0.9855590293285693,0.9855799323362469,0.9852591807865666,0.9705285976357095,0.9973542585059639,
TON_IoT,binary,trades,aam_noGate,29,gaussian,0.2,0.977817478040792,0.9773200100698733,0.9773410391485167,0.9546821234796957,0.9966365083619794,
TON_IoT,binary,trades,aam_noGate,29,fgsm,0.2,0.9794551138901295,0.9799839986814987,0.9790544572451938,0.9581962135575511,0.9958924063012774,
TON_IoT,binary,trades,aam_noGate,29,pgd,0.2,0.9642697632871817,0.9647815688717758,0.9635942062919097,0.9273374958668505,0.9946392866327863,0.0
TON_IoT,binary,trades,aam_noGate,29,transfer_mlp,0.2,0.9684382909036773,0.970273000423804,0.9679135347901029,0.9364032337481905,0.9956023993827674,
TON_IoT,binary,trades,aam_noGate,29,transfer_tf,0.2,0.9845168974244455,0.9845815478626875,0.9841974621400358,0.9684096442406468,0.9964385973173567,
TON_IoT,binary,trades,aam_noGate,29,pgd_constrained,0.1,0.9855590293285693,0.9855799323362469,0.9852591807865666,0.9705285976357095,0.9971870460859706,1.0
TON_IoT,binary,trades,aam_noGate,29,square,0.1,0.9805,0.9805079365079366,0.9802029200692898,0.9604184651067023,0.9943862857142856,
TON_IoT,binary,trades,aam_noGate,29,square_clean_subset,0,0.9805,0.9805079365079366,0.9802029200692898,0.9604184651067023,0.9952655238095238,
TON_IoT,binary,trades,aam_trans,29,clean,0,0.9860056572874796,0.9861022164588096,0.9857169369342631,0.9714486170217477,0.9971174082029622,
TON_IoT,binary,trades,aam_trans,29,gaussian,0.05,0.9860056572874796,0.9861022164588096,0.9857169369342631,0.9714486170217477,0.9970859398488069,
TON_IoT,binary,trades,aam_trans,29,fgsm,0.05,0.9858567813011762,0.9859281217512886,0.9855643654115486,0.9711418803921936,0.9965698135624532,
TON_IoT,binary,trades,aam_trans,29,pgd,0.05,0.9858567813011762,0.9859281217512886,0.9855643654115486,0.9711418803921936,0.9965665988097264,0.0
TON_IoT,binary,trades,aam_trans,29,transfer_mlp,0.05,0.9858567813011762,0.9859281217512886,0.9855643654115486,0.9711418803921936,0.9968650274748163,
TON_IoT,binary,trades,aam_trans,29,transfer_tf,0.05,0.9858567813011762,0.9859281217512886,0.9855643654115486,0.9711418803921936,0.9969506032868356,
TON_IoT,binary,trades,aam_trans,29,gaussian,0.1,0.985112401369659,0.9851017039095016,0.9848026200400701,0.9696141533717925,0.9970336435192397,
TON_IoT,binary,trades,aam_trans,29,fgsm,0.1,0.9855590293285693,0.9856239880320642,0.9852604573149496,0.9705340600608373,0.9961707767204813,
TON_IoT,binary,trades,aam_trans,29,pgd,0.1,0.9855590293285693,0.9856239880320642,0.9852604573149496,0.9705340600608373,0.9961468698269648,0.0
TON_IoT,binary,trades,aam_trans,29,transfer_mlp,0.1,0.9858567813011762,0.9859281217512886,0.9855643654115486,0.9711418803921936,0.9966823299078859,
TON_IoT,binary,trades,aam_trans,29,transfer_tf,0.1,0.9858567813011762,0.9859281217512886,0.9855643654115486,0.9711418803921936,0.9968835009834427,
TON_IoT,binary,trades,aam_trans,29,gaussian,0.2,0.977073098109275,0.9763614251406341,0.9765713289152425,0.9531471760328777,0.9958197347783723,
TON_IoT,binary,trades,aam_trans,29,fgsm,0.2,0.974542206342117,0.9727409796755182,0.9739291810015387,0.9480053849384233,0.9950895784055551,
TON_IoT,binary,trades,aam_trans,29,pgd,0.2,0.977817478040792,0.9767913417200648,0.9773167337853594,0.9546617663681951,0.9936809280945844,0.0
TON_IoT,binary,trades,aam_trans,29,transfer_mlp,0.2,0.9681405389310704,0.965387074339572,0.9673158009622643,0.9350300994779227,0.9950999471150538,
TON_IoT,binary,trades,aam_trans,29,transfer_tf,0.2,0.9688849188625874,0.9662134921813592,0.9680840898601517,0.9365418395099201,0.9958966171745673,
TON_IoT,binary,trades,aam_trans,29,pgd_constrained,0.1,0.9857079053148727,0.9857540270437677,0.9854117800364868,0.9708352072852952,0.9966084358733805,1.0
TON_IoT,binary,trades,aam_trans,29,square,0.1,0.9805,0.9805079365079366,0.9802029200692898,0.9604184651067023,0.9936304761904764,
TON_IoT,binary,trades,aam_trans,29,square_clean_subset,0,0.9805,0.9805079365079366,0.9802029200692898,0.9604184651067023,0.9942206984126984,
TON_IoT,binary,trades,aam_v3b,29,clean,0,0.9857079053148727,0.9857099713479504,0.9854105152384673,0.9708299493844678,0.9972966646261288,
TON_IoT,binary,trades,aam_v3b,29,gaussian,0.05,0.9855590293285693,0.9855358766404294,0.9852579013685906,0.9705234924618819,0.997299381318574,
TON_IoT,binary,trades,aam_v3b,29,fgsm,0.05,0.9855590293285693,0.9855358766404294,0.9852579013685906,0.9705234924618819,0.9967480738650566,
TON_IoT,binary,trades,aam_v3b,29,pgd,0.05,0.9855590293285693,0.9855358766404294,0.9852579013685906,0.9705234924618819,0.9967466249624192,0.0
TON_IoT,binary,trades,aam_v3b,29,transfer_mlp,0.05,0.9857079053148727,0.9857099713479504,0.9854105152384673,0.9708299493844678,0.9970696849723442,
TON_IoT,binary,trades,aam_v3b,29,transfer_tf,0.05,0.9855590293285693,0.9855358766404294,0.9852579013685906,0.9705234924618819,0.9971768584893017,
TON_IoT,binary,trades,aam_v3b,29,gaussian,0.1,0.9854101533422659,0.9854939490203607,0.9851091470165723,0.9702330279093073,0.9973051769291232,
TON_IoT,binary,trades,aam_v3b,29,fgsm,0.1,0.9854101533422659,0.9853617819329086,0.9851052735711774,0.9702170988591329,0.9963441469766835,
TON_IoT,binary,trades,aam_v3b,29,pgd,0.1,0.9854101533422659,0.9853617819329086,0.9851052735711774,0.9702170988591329,0.996328797664369,0.0
TON_IoT,binary,trades,aam_v3b,29,transfer_mlp,0.1,0.9857079053148727,0.9857099713479504,0.9854105152384673,0.9708299493844678,0.9969069098166777,
TON_IoT,binary,trades,aam_v3b,29,transfer_tf,0.1,0.9855590293285693,0.9855358766404294,0.9852579013685906,0.9705234924618819,0.9970473175378798,
TON_IoT,binary,trades,aam_v3b,29,gaussian,0.2,0.9788596099449158,0.978935174284876,0.9784290324226469,0.9568840639990066,0.9965888304095684,
TON_IoT,binary,trades,aam_v3b,29,fgsm,0.2,0.9788596099449158,0.9795960097221368,0.9784563362558321,0.9570439748916226,0.9953141130361394,
TON_IoT,binary,trades,aam_v3b,29,pgd,0.2,0.971266934643442,0.972875908733623,0.9707743897029839,0.9420028132039807,0.9940185676872979,0.0
TON_IoT,binary,trades,aam_v3b,29,transfer_mlp,0.2,0.9729045704927796,0.9744385049498137,0.9724346636313456,0.9452803839409301,0.9960597545558932,
TON_IoT,binary,trades,aam_v3b,29,transfer_tf,0.2,0.9736489504242966,0.9750446443125138,0.9731844995987855,0.9467227560148108,0.9960995541002134,
TON_IoT,binary,trades,aam_v3b,29,pgd_constrained,0.1,0.9855590293285693,0.9855358766404294,0.9852579013685906,0.9705234924618819,0.9968259071036074,1.0
TON_IoT,binary,trades,aam_v3b,29,square,0.1,0.98,0.9798095238095238,0.9796876777328198,0.9593773758723111,0.9939027301587301,
TON_IoT,binary,trades,aam_v3b,29,square_clean_subset,0,0.98,0.9798095238095238,0.9796876777328198,0.9593773758723111,0.9946514285714285,
TON_IoT,binary,trades,transformer,30,clean,0,0.9793062379038261,0.9771665622249349,0.9787879017136406,0.9578459942041215,0.9982640335276071,
TON_IoT,binary,trades,transformer,30,gaussian,0.05,0.9794551138901295,0.9773406569324559,0.9789415109671367,0.9581462568474798,0.9982552042771606,
TON_IoT,binary,trades,transformer,30,fgsm,0.05,0.9790084859312193,0.9768183728098931,0.9784806363171711,0.9572456459848814,0.9976623314292337,
TON_IoT,binary,trades,transformer,30,pgd,0.05,0.9790084859312193,0.9768183728098931,0.9784806363171711,0.9572456459848814,0.9976569433225512,0.0
TON_IoT,binary,trades,transformer,30,transfer_mlp,0.05,0.9791573619175227,0.976992467517414,0.9786342768380456,0.9575457906037752,0.9980110189045571,
TON_IoT,binary,trades,transformer,30,transfer_tf,0.05,0.9793062379038261,0.9771665622249349,0.9787879017136406,0.9578459942041215,0.9979692723973181,
TON_IoT,binary,trades,transformer,30,gaussian,0.1,0.9793062379038261,0.9771665622249349,0.9787879017136406,0.9578459942041215,0.9982926493546949,
TON_IoT,binary,trades,transformer,30,fgsm,0.1,0.9785618579723091,0.9763401443831479,0.9780217263268111,0.9563349594128592,0.99660458722575,
TON_IoT,binary,trades,transformer,30,pgd,0.1,0.9784129819860057,0.9761660496756269,0.9778680398306885,0.9560349009772631,0.9964565727657017,0.0
TON_IoT,binary,trades,transformer,30,transfer_mlp,0.1,0.9788596099449158,0.9766442781023723,0.9783269801278276,0.9569455602859122,0.9977017687478946,
TON_IoT,binary,trades,transformer,30,transfer_tf,0.1,0.9785618579723091,0.9763401443831479,0.9780217263268111,0.9563349594128592,0.9975032690865755,
TON_IoT,binary,trades,transformer,30,gaussian,0.2,0.9794551138901295,0.9773406569324559,0.9789415109671367,0.9581462568474798,0.9979958959832795,
TON_IoT,binary,trades,transformer,30,fgsm,0.2,0.977073098109275,0.974731364395391,0.9764909488091591,0.9533028949908978,0.9938566980957796,
TON_IoT,binary,trades,transformer,30,pgd,0.2,0.9748399583147238,0.9726926678282035,0.9742146625430649,0.9486709157947962,0.9926985268282434,0.0
TON_IoT,binary,trades,transformer,30,transfer_mlp,0.2,0.9784129819860057,0.9761219939798096,0.9778659173169583,0.9560456560937401,0.9965095935465875,
TON_IoT,binary,trades,transformer,30,transfer_tf,0.2,0.9776686020544886,0.9753836875296573,0.9771037715113879,0.9545135730303803,0.9958156597397045,
TON_IoT,binary,trades,transformer,30,pgd_constrained,0.1,0.9791573619175227,0.976992467517414,0.9786342768380456,0.9575457906037752,0.9978372411444881,1.0
TON_IoT,binary,trades,transformer,30,square,0.1,0.9755,0.9727819817489136,0.9747396052831343,0.9498028222826022,0.9979693638811636,
TON_IoT,binary,trades,transformer,30,square_clean_subset,0,0.9765,0.9738085925268896,0.97577064180219,0.9518652482039545,0.9984354451743647,
TON_IoT,binary,trades,aam_noGate,30,clean,0,0.9916629447670091,0.9915723672533515,0.9914857531819098,0.9829722396532414,0.9988595325115641,
TON_IoT,binary,trades,aam_noGate,30,gaussian,0.05,0.9916629447670091,0.9915723672533515,0.9914857531819098,0.9829722396532414,0.998868090092766,
TON_IoT,binary,trades,aam_noGate,30,fgsm,0.05,0.9910674408217954,0.9909640998149027,0.9908775926949034,0.9817559182199986,0.9986651078889126,
TON_IoT,binary,trades,aam_noGate,30,pgd,0.05,0.9910674408217954,0.9909640998149027,0.9908775926949034,0.9817559182199986,0.9986647456632534,0.0
TON_IoT,binary,trades,aam_noGate,30,transfer_mlp,0.05,0.9916629447670091,0.9915723672533515,0.9914857531819098,0.9829722396532414,0.9987417186158632,
TON_IoT,binary,trades,aam_noGate,30,transfer_tf,0.05,0.9916629447670091,0.9915723672533515,0.9914857531819098,0.9829722396532414,0.9987585621090226,
TON_IoT,binary,trades,aam_noGate,30,gaussian,0.1,0.9906208128628852,0.9904858713881575,0.9904210519143715,0.9808425158877383,0.9987727794661518,
TON_IoT,binary,trades,aam_noGate,30,fgsm,0.1,0.9907696888491886,0.9906599660956783,0.9905735124514001,0.9811477575033772,0.9984221450279096,
TON_IoT,binary,trades,aam_noGate,30,pgd,0.1,0.9907696888491886,0.9906599660956783,0.9905735124514001,0.9811477575033772,0.9984023131730606,0.0
TON_IoT,binary,trades,aam_noGate,30,transfer_mlp,0.1,0.9913651927944023,0.9912241778383097,0.9911808984071804,0.9823619801111676,0.9986433743493522,
TON_IoT,binary,trades,aam_noGate,30,transfer_tf,0.1,0.9916629447670091,0.9915723672533515,0.9914857531819098,0.9829722396532414,0.9987073071782259,
TON_IoT,binary,trades,aam_noGate,30,gaussian,0.2,0.9842191454518386,0.9840130799685589,0.9838851594504674,0.9677719556048765,0.9976447634847558,
TON_IoT,binary,trades,aam_noGate,30,fgsm,0.2,0.9903230608902784,0.9900495705814809,0.9901143455528298,0.9802291032511307,0.9980409025214528,
TON_IoT,binary,trades,aam_noGate,30,pgd,0.2,0.9681405389310704,0.9670611907806326,0.9674316263491705,0.9348777619470269,0.994591970906035,0.0
TON_IoT,binary,trades,aam_noGate,30,transfer_mlp,0.2,0.9800506178353432,0.9785657041123479,0.9795787914451082,0.9592623729764633,0.9965202792035383,
TON_IoT,binary,trades,aam_noGate,30,transfer_tf,0.2,0.9807949977668602,0.979392121954135,0.9803435048483199,0.9607791579984092,0.9969506938432504,
TON_IoT,binary,trades,aam_noGate,30,pgd_constrained,0.1,0.9910674408217954,0.9909200441190853,0.990876791455704,0.9817537661507908,0.9986613045194895,1.0
TON_IoT,binary,trades,aam_noGate,30,square,0.1,0.9905,0.9906604084473641,0.9902551884069566,0.9805233980568528,0.9990062407669194,
TON_IoT,binary,trades,aam_noGate,30,square_clean_subset,0,0.992,0.992282966781955,0.991795174742266,0.9836091239599253,0.999238254802742,
TON_IoT,binary,trades,aam_trans,30,clean,0,0.9903230608902784,0.9902698490605677,0.9901186904594832,0.9802396228718923,0.9986449138084044,
TON_IoT,binary,trades,aam_trans,30,gaussian,0.05,0.9903230608902784,0.9902698490605677,0.9901186904594832,0.9802396228718923,0.9986326886924016,
TON_IoT,binary,trades,aam_trans,30,fgsm,0.05,0.9903230608902784,0.9902698490605677,0.9901186904594832,0.9802396228718923,0.9983387878480536,
TON_IoT,binary,trades,aam_trans,30,pgd,0.05,0.9903230608902784,0.9902698490605677,0.9901186904594832,0.9802396228718923,0.998336886163342,0.0
TON_IoT,binary,trades,aam_trans,30,transfer_mlp,0.05,0.9903230608902784,0.9902698490605677,0.9901186904594832,0.9802396228718923,0.9984658837762749,
TON_IoT,binary,trades,aam_trans,30,transfer_tf,0.05,0.9903230608902784,0.9902698490605677,0.9901186904594832,0.9802396228718923,0.9984876173158354,
TON_IoT,binary,trades,aam_trans,30,gaussian,0.1,0.9897275569450648,0.9897056373179364,0.9895115261464598,0.9790267554173956,0.9986160715902793,
TON_IoT,binary,trades,aam_trans,30,fgsm,0.1,0.990174184903975,0.9900957543530469,0.9899662313559514,0.9799341097449383,0.9981367112083485,
TON_IoT,binary,trades,aam_trans,30,pgd,0.1,0.990174184903975,0.9900957543530469,0.9899662313559514,0.9799341097449383,0.9981171510227442,0.0
TON_IoT,binary,trades,aam_trans,30,transfer_mlp,0.1,0.9903230608902784,0.9902698490605677,0.9901186904594832,0.9802396228718923,0.998304150019379,
TON_IoT,binary,trades,aam_trans,30,transfer_tf,0.1,0.9903230608902784,0.9902698490605677,0.9901186904594832,0.9802396228718923,0.9983721126087131,
TON_IoT,binary,trades,aam_trans,30,gaussian,0.2,0.9834747655203215,0.983671274780763,0.9831389106836289,0.9663061684467804,0.9979157535561505,
TON_IoT,binary,trades,aam_trans,30,fgsm,0.2,0.9840702694655352,0.9846319877857508,0.9837575663344178,0.9675913229960486,0.9976210829822764,
TON_IoT,binary,trades,aam_trans,30,pgd,0.2,0.9743933303558137,0.9759591735459356,0.9739492425527003,0.9483101932405382,0.9962245219526861,0.0
TON_IoT,binary,trades,aam_trans,30,transfer_mlp,0.2,0.9737978264106,0.9756592959782084,0.9733580448792203,0.9472557531093064,0.9970998402584842,
TON_IoT,binary,trades,aam_trans,30,transfer_tf,0.2,0.9758820902188478,0.9777001206211446,0.9754734664070107,0.9514493136767141,0.9975337413201677,
TON_IoT,binary,trades,aam_trans,30,pgd_constrained,0.1,0.9903230608902784,0.9902698490605677,0.9901186904594832,0.9802396228718923,0.998362241959496,1.0
TON_IoT,binary,trades,aam_trans,30,square,0.1,0.9915,0.9918523035605942,0.9912837833507444,0.9825930992050007,0.998764987234095,
TON_IoT,binary,trades,aam_trans,30,square_clean_subset,0,0.9915,0.9918523035605942,0.9912837833507444,0.9825930992050007,0.999102742180049,
TON_IoT,binary,trades,aam_v3b,30,clean,0,0.9906208128628852,0.9905739827797921,0.9904227307530374,0.9808477041618316,0.9988492090802729,
TON_IoT,binary,trades,aam_v3b,30,gaussian,0.05,0.9906208128628852,0.9905739827797921,0.9904227307530374,0.9808477041618316,0.9989013695752179,
TON_IoT,binary,trades,aam_v3b,30,fgsm,0.05,0.9903230608902784,0.9902698490605677,0.9901186904594832,0.9802396228718923,0.9984712266047503,
TON_IoT,binary,trades,aam_v3b,30,pgd,0.05,0.9903230608902784,0.9902698490605677,0.9901186904594832,0.9802396228718923,0.9984685099123052,0.0
TON_IoT,binary,trades,aam_v3b,30,transfer_mlp,0.05,0.9906208128628852,0.9905739827797921,0.9904227307530374,0.9808477041618316,0.9986105476489743,
TON_IoT,binary,trades,aam_v3b,30,transfer_tf,0.05,0.9906208128628852,0.9905739827797921,0.9904227307530374,0.9808477041618316,0.9986158451992423,
TON_IoT,binary,trades,aam_v3b,30,gaussian,0.1,0.9898764329313682,0.9897916206338224,0.9896621777606771,0.9793260020379352,0.9987386396977589,
TON_IoT,binary,trades,aam_v3b,30,fgsm,0.1,0.9898764329313682,0.9897916206338224,0.9896621777606771,0.9793260020379352,0.9982577398567759,
TON_IoT,binary,trades,aam_v3b,30,pgd,0.1,0.9898764329313682,0.9897916206338224,0.9896621777606771,0.9793260020379352,0.9982429791611579,0.0
TON_IoT,binary,trades,aam_v3b,30,transfer_mlp,0.1,0.990174184903975,0.9901398100488643,0.9899671087769433,0.9799371451077018,0.9984492213959453,
TON_IoT,binary,trades,aam_v3b,30,transfer_tf,0.1,0.9904719368765819,0.9904439437680886,0.9902711357837026,0.9805452000390448,0.9984942279341184,
TON_IoT,binary,trades,aam_v3b,30,gaussian,0.2,0.9831770135477148,0.9834552524531732,0.9828380444838694,0.9657142081480705,0.9979215491667,
TON_IoT,binary,trades,aam_v3b,30,fgsm,0.2,0.9886854250409409,0.9887513085401944,0.9884499912304534,0.9769089294478442,0.9978499643207726,
TON_IoT,binary,trades,aam_v3b,30,pgd,0.2,0.9711180586571386,0.9714682545432153,0.9705548167070116,0.9411961597821283,0.9964840566376042,0.0
TON_IoT,binary,trades,aam_v3b,30,transfer_mlp,0.2,0.9794551138901295,0.9807329455103941,0.9790837678236086,0.9584411544089906,0.9975758953312734,
TON_IoT,binary,trades,aam_v3b,30,transfer_tf,0.2,0.9877921691231204,0.9880591858616081,0.9875435257651904,0.9751132978207937,0.9977708632924139,
TON_IoT,binary,trades,aam_v3b,30,pgd_constrained,0.1,0.9904719368765819,0.9903998880722713,0.9902702849512256,0.9805422174519414,0.998476297763981,1.0
TON_IoT,binary,trades,aam_v3b,30,square,0.1,0.99,0.9902297452260032,0.9897439684278324,0.9795066715245967,0.9990093205992533,
TON_IoT,binary,trades,aam_v3b,30,square_clean_subset,0,0.991,0.9912563560039791,0.9907695715850491,0.981557897742261,0.9993019046709763,
