dataset,mode,method,backbone,seed,attack,eps,acc,bal_acc,f1_macro,mcc,auroc,valid_rate
CICIoT2023,binary,trades,grp_none,1,clean,0,0.8861280635474184,0.8898782261368292,0.8687688844770952,0.7444313737182526,0.955659548682234,
CICIoT2023,binary,trades,grp_none,1,gaussian,0.1,0.8846749975782234,0.8872798374982931,0.8669101585254385,0.7403066943660921,0.9551004142200373,
CICIoT2023,binary,trades,grp_none,1,fgsm,0.1,0.8521747554005619,0.8486303768947152,0.8296188144877575,0.6657389862920967,0.9341324536847376,
CICIoT2023,binary,trades,grp_none,1,pgd,0.1,0.8497529787852368,0.8454967909326778,0.8267711821760997,0.6599300414343043,0.9326591447039011,0.0
CICIoT2023,binary,trades,grp_none,1,transfer_mlp,0.1,0.8739223094061803,0.8761097910692339,0.8549490957556263,0.717153906336397,0.9469637557467341,
CICIoT2023,binary,trades,grp_none,1,transfer_tf,0.1,0.8723723723723724,0.8737382903181756,0.8530472866220302,0.7130974285278787,0.9459810130183439,
CICIoT2023,binary,trades,grp_none,1,pgd_constrained,0.1,0.8547902741451129,0.8523924621056944,0.8327961834398735,0.6723913535463791,0.9360280053712048,1.0
CICIoT2023,binary,trades,grp_none,1,square,0.1,0.8565,0.8568898229476285,0.8373030168952597,0.6818426660401408,0.9452227825514434,
CICIoT2023,binary,trades,grp_none,1,square_clean_subset,0,0.889,0.8934966292778115,0.8737051937885711,0.7539214892121991,0.9566088101565371,
CICIoT2023,binary,trades,grp_learn,1,clean,0,0.8994478349317059,0.903841526696709,0.8836964097831536,0.7734026301880241,0.961644567344895,
CICIoT2023,binary,trades,grp_learn,1,gaussian,0.1,0.8983338176886564,0.9010885566024853,0.8821298062335823,0.7696440279566288,0.9610633164914196,
CICIoT2023,binary,trades,grp_learn,1,fgsm,0.1,0.8756659885692144,0.8747314966543767,0.8561238478285542,0.7179239651379437,0.9450488131002777,
CICIoT2023,binary,trades,grp_learn,1,pgd,0.1,0.8748910200523103,0.8736933292366517,0.8552031398507258,0.7160333494450205,0.9443449349082798,0.0
CICIoT2023,binary,trades,grp_learn,1,transfer_mlp,0.1,0.8813329458490748,0.881480643179025,0.8626531262585384,0.7309797360532793,0.950899671127498,
CICIoT2023,binary,trades,grp_learn,1,transfer_tf,0.1,0.8809454615906229,0.880568004916018,0.8621018915437197,0.7296838594278199,0.949900570121535,
CICIoT2023,binary,trades,grp_learn,1,pgd_constrained,0.1,0.8765862636830378,0.8758720811142975,0.8571946660578968,0.7200844337270329,0.9456620237607538,1.0
CICIoT2023,binary,trades,grp_learn,1,square,0.1,0.8785,0.8792945099928912,0.8613722266957728,0.7283731281051566,0.9529076951703014,
CICIoT2023,binary,trades,grp_learn,1,square_clean_subset,0,0.9,0.9066169208822561,0.886220895305019,0.7790593660053893,0.9611150339457727,
CICIoT2023,binary,trades,grp_none,2,clean,0,0.8890826310181149,0.8951091424279667,0.8725191139872772,0.752771931223723,0.9577522986936138,
CICIoT2023,binary,trades,grp_none,2,gaussian,0.1,0.8891310665504214,0.8936182575447221,0.8722504221725267,0.7514733083478236,0.9575193682006463,
CICIoT2023,binary,trades,grp_none,2,fgsm,0.1,0.8584713746004069,0.8578402976922026,0.8372974226880807,0.6818983048830888,0.9377201738813782,
CICIoT2023,binary,trades,grp_none,2,pgd,0.1,0.8562433401143078,0.8550892393827667,0.8347227726908341,0.6766996126673797,0.9360086940689153,0.0
CICIoT2023,binary,trades,grp_none,2,transfer_mlp,0.1,0.8783299428460719,0.8820697118667213,0.860160704950236,0.7279288783261662,0.9493605762665573,
CICIoT2023,binary,trades,grp_none,2,transfer_tf,0.1,0.8755206819722948,0.8786630137921616,0.856931931418036,0.7214383509925701,0.9478479960398745,
CICIoT2023,binary,trades,grp_none,2,pgd_constrained,0.1,0.8612806354741839,0.8612961900860303,0.8405397848627238,0.6884393977116872,0.9393358710000456,1.0
CICIoT2023,binary,trades,grp_none,2,square,0.1,0.8525,0.8500480827022479,0.8312993467281652,0.6691595440193734,0.9439043154225267,
CICIoT2023,binary,trades,grp_none,2,square_clean_subset,0,0.892,0.8972833273229955,0.8764266712434565,0.7597053786375145,0.9562014665224186,
CICIoT2023,binary,trades,grp_learn,2,clean,0,0.8972198004456069,0.9000573876826438,0.8809026499503807,0.767317917052128,0.9612860280395104,
CICIoT2023,binary,trades,grp_learn,2,gaussian,0.1,0.8961057832025574,0.8974520005462242,0.8793552763963672,0.7636852529623992,0.9610284207292095,
CICIoT2023,binary,trades,grp_learn,2,fgsm,0.1,0.8721786302431463,0.8703057148709545,0.8520394385459188,0.7096399553048887,0.9446413298283944,
CICIoT2023,binary,trades,grp_learn,2,pgd,0.1,0.8714036617262424,0.8694643247303018,0.8511669904388994,0.7079301588751344,0.9439768025399426,0.0
CICIoT2023,binary,trades,grp_learn,2,transfer_mlp,0.1,0.8787658626368304,0.8779986685784514,0.8595947800560336,0.7246823297499342,0.9505003357003049,
CICIoT2023,binary,trades,grp_learn,2,transfer_tf,0.1,0.8797345732829603,0.8789274204560973,0.8606588728640276,0.7267145335591191,0.9501368519277162,
CICIoT2023,binary,trades,grp_learn,2,pgd_constrained,0.1,0.8734863896154219,0.8719653830397378,0.8535714146070623,0.7127469306162016,0.9453770312713368,1.0
CICIoT2023,binary,trades,grp_learn,2,square,0.1,0.865,0.8603918740233201,0.8443811210092402,0.6934108860264896,0.9500456785671355,
CICIoT2023,binary,trades,grp_learn,2,square_clean_subset,0,0.895,0.8964539007092198,0.878963094118298,0.7627959184830276,0.9595011419641784,
CICIoT2023,binary,trades,grp_none,3,clean,0,0.8863218056766444,0.8916873890482042,0.8693302735894183,0.7463248735345218,0.9562530611315946,
CICIoT2023,binary,trades,grp_none,3,gaussian,0.1,0.8843843843843844,0.8890427761846238,0.8670391476938298,0.7415733658541329,0.9559024534571442,
CICIoT2023,binary,trades,grp_none,3,fgsm,0.1,0.8523684975297878,0.8514234261914515,0.830553065525659,0.668812766261556,0.9352281624106695,
CICIoT2023,binary,trades,grp_none,3,pgd,0.1,0.8500920275113824,0.8487366175064864,0.8279607888133219,0.6636361020084381,0.9335038975374391,0.0
CICIoT2023,binary,trades,grp_none,3,transfer_mlp,0.1,0.8719364525816139,0.8743657312576812,0.8528242731329227,0.7132051325250676,0.9472126405389412,
CICIoT2023,binary,trades,grp_none,3,transfer_tf,0.1,0.8689334495786109,0.8705273112112522,0.849324717930851,0.706074601036604,0.9457347626200554,
CICIoT2023,binary,trades,grp_none,3,pgd_constrained,0.1,0.8547418386128064,0.853981735627475,0.8331905258029952,0.6739607830383333,0.9366186330738768,1.0
CICIoT2023,binary,trades,grp_none,3,square,0.1,0.8575,0.8578699255344704,0.8329284045454026,0.675169887655092,0.9453506585795499,
CICIoT2023,binary,trades,grp_none,3,square_clean_subset,0,0.89,0.8943270077668348,0.8701481137833056,0.7480408401977598,0.955993774521579,
CICIoT2023,binary,trades,grp_learn,3,clean,0,0.8955245568148794,0.899551242660112,0.8792530341851288,0.7646913571764976,0.9596467408621239,
CICIoT2023,binary,trades,grp_learn,3,gaussian,0.1,0.8955245568148794,0.8983213846784105,0.8790035719460105,0.7636441422493034,0.9594121318676316,
CICIoT2023,binary,trades,grp_learn,3,fgsm,0.1,0.8708224353385644,0.8693498224771269,0.8506422568960044,0.7071299344700236,0.9434450134280121,
CICIoT2023,binary,trades,grp_learn,3,pgd,0.1,0.8704833866124189,0.8690616550594019,0.8502810514913668,0.7064580328829853,0.9427597922072011,0.0
CICIoT2023,binary,trades,grp_learn,3,transfer_mlp,0.1,0.8774096677322484,0.8778790796121808,0.85838662946923,0.7229197936892833,0.9489262995584689,
CICIoT2023,binary,trades,grp_learn,3,transfer_tf,0.1,0.8774581032645549,0.8777656356684418,0.8584019098931546,0.7228738861086208,0.9487320371887659,
CICIoT2023,binary,trades,grp_learn,3,pgd_constrained,0.1,0.8717427104523878,0.8707363785333879,0.8517733769357145,0.7095192232880427,0.9441141665528698,1.0
CICIoT2023,binary,trades,grp_learn,3,square,0.1,0.8755,0.8759057971014492,0.8529633639620291,0.7133643193903229,0.9519965069260948,
CICIoT2023,binary,trades,grp_learn,3,square_clean_subset,0,0.8985,0.9052416126191047,0.8802373660008042,0.768457509073264,0.9601799583633597,
CICIoT2023,binary,trades,grp_none,4,clean,0,0.8927637314734089,0.9002618120988666,0.8768880016995884,0.7619051922704877,0.9594224418498795,
CICIoT2023,binary,trades,grp_none,4,gaussian,0.1,0.8927152959411024,0.8980631230370066,0.876400432803584,0.759858973379615,0.9589876815057581,
CICIoT2023,binary,trades,grp_none,4,fgsm,0.1,0.8598275695049888,0.8619446265191861,0.8394969968265442,0.6875388456791063,0.9382917520142019,
CICIoT2023,binary,trades,grp_none,4,pgd,0.1,0.8580354548096484,0.8596484022941417,0.8374128508264984,0.6832831953091576,0.9365606308889799,0.0
CICIoT2023,binary,trades,grp_none,4,transfer_mlp,0.1,0.8793955245568149,0.8851820975010242,0.8617938142154795,0.7321363764556422,0.9498805532796213,
CICIoT2023,binary,trades,grp_none,4,transfer_tf,0.1,0.8765378281507313,0.8818888433702035,0.8585582541404275,0.7257179191348239,0.9482383472165324,
CICIoT2023,binary,trades,grp_none,4,pgd_constrained,0.1,0.8635086699602829,0.8663101870817971,0.8436873131764134,0.6959180340846512,0.9402275763575949,1.0
CICIoT2023,binary,trades,grp_none,4,square,0.1,0.858,0.8584618980832164,0.8412299091544375,0.6887238033992042,0.949107059373539,
CICIoT2023,binary,trades,grp_none,4,square_clean_subset,0,0.9,0.9079943899018232,0.8882711525054077,0.7834375939281155,0.9608017765310892,
CICIoT2023,binary,trades,grp_learn,4,clean,0,0.8988666085440279,0.9038746074013383,0.8831683736536888,0.7726778950166024,0.9622442703354728,
CICIoT2023,binary,trades,grp_learn,4,gaussian,0.1,0.8989634796086409,0.9032049706404479,0.8831265408728242,0.7722363483026714,0.9618382038326734,
CICIoT2023,binary,trades,grp_learn,4,fgsm,0.1,0.8761987794245859,0.8774683531339615,0.8572388978731423,0.7210943892417243,0.9462318664936957,
CICIoT2023,binary,trades,grp_learn,4,pgd,0.1,0.8751816332461494,0.8762594906459101,0.8560718368220191,0.718761163130332,0.9456225875096725,0.0
CICIoT2023,binary,trades,grp_learn,4,transfer_mlp,0.1,0.8816719945752204,0.8840809436023488,0.8635447684056938,0.7337511009857003,0.9518485934726205,
CICIoT2023,binary,trades,grp_learn,4,transfer_tf,0.1,0.8830281894798023,0.8857747507851973,0.8651197073826838,0.7369379789056927,0.9516294380718285,
CICIoT2023,binary,trades,grp_learn,4,pgd_constrained,0.1,0.8767800058122639,0.878123992899085,0.8578975665164859,0.7223949190004927,0.9468464199553916,1.0
CICIoT2023,binary,trades,grp_learn,4,square,0.1,0.882,0.8820710612435718,0.8670834389344146,0.7385595169996624,0.9554686769518467,
CICIoT2023,binary,trades,grp_learn,4,square_clean_subset,0,0.905,0.9080645161290323,0.8928286578425167,0.7898138162470979,0.9634011220196355,
CICIoT2023,binary,trades,grp_none,5,clean,0,0.8869030320643224,0.8914575310665027,0.8697992057392372,0.7468081444587135,0.9555863261868996,
CICIoT2023,binary,trades,grp_none,5,gaussian,0.1,0.8879686137750654,0.8922085893759388,0.8709109770576908,0.7487820510644954,0.9553296975283354,
CICIoT2023,binary,trades,grp_none,5,fgsm,0.1,0.8512544802867383,0.8490148163321043,0.8289802003110456,0.6651449746813993,0.9337475363011516,
CICIoT2023,binary,trades,grp_none,5,pgd,0.1,0.8483967838806549,0.8455739792434794,0.8257015763215332,0.6585662193213083,0.9319248145113568,0.0
CICIoT2023,binary,trades,grp_none,5,transfer_mlp,0.1,0.8732442119538893,0.8759270107879285,0.854321357503253,0.7162025847418743,0.946702108653102,
CICIoT2023,binary,trades,grp_none,5,transfer_tf,0.1,0.8684490942555458,0.868956063088898,0.8485238272924271,0.7039959514942148,0.9445352485320225,
CICIoT2023,binary,trades,grp_none,5,pgd_constrained,0.1,0.8538215634989829,0.8523492079748737,0.8319924393072502,0.6713046226227255,0.9354132812144387,1.0
CICIoT2023,binary,trades,grp_none,5,square,0.1,0.847,0.8448345362407862,0.8256410256410256,0.6583472806417845,0.9400721744471745,
CICIoT2023,binary,trades,grp_none,5,square_clean_subset,0,0.8735,0.8763820638820639,0.855782892259845,0.7188067164591861,0.9526487158323096,
CICIoT2023,binary,trades,grp_learn,5,clean,0,0.8967354451225419,0.8983877509217534,0.8801216135661286,0.7652938529810127,0.9596592812599574,
CICIoT2023,binary,trades,grp_learn,5,gaussian,0.1,0.8947980238302818,0.895005223269152,0.8776567820752408,0.7599308232841016,0.9594680743320132,
CICIoT2023,binary,trades,grp_learn,5,fgsm,0.1,0.8706771287416448,0.8661973576403114,0.8497196458701204,0.704055786750983,0.9434080977741363,
CICIoT2023,binary,trades,grp_learn,5,pgd,0.1,0.8702412089508864,0.8656441349173836,0.8492067434592948,0.7030171977313882,0.9427576585188219,0.0
CICIoT2023,binary,trades,grp_learn,5,transfer_mlp,0.1,0.8769737479414899,0.8746201693295097,0.8572283258646032,0.7194339377687953,0.9488566673494468,
CICIoT2023,binary,trades,grp_learn,5,transfer_tf,0.1,0.8779908941199264,0.8752878943056124,0.8582722371131378,0.7213024928308271,0.9485291774773543,
CICIoT2023,binary,trades,grp_learn,5,pgd_constrained,0.1,0.8718395815170009,0.8675578314898266,0.8510579565148786,0.7067218120017433,0.9441140015476354,1.0
CICIoT2023,binary,trades,grp_learn,5,square,0.1,0.8685,0.8645097512285012,0.8486058643640942,0.7017753153119732,0.9485061233108107,
CICIoT2023,binary,trades,grp_learn,5,square_clean_subset,0,0.896,0.8982359490171989,0.8804156476125099,0.7659014601230862,0.9580246084152334,
CICIoT2023,binary,trades,grp_none,6,clean,0,0.8883076625012108,0.8935298374982931,0.8714940956573908,0.7503942907451262,0.9571721744276025,
CICIoT2023,binary,trades,grp_none,6,gaussian,0.1,0.8880654848396784,0.8923260617233374,0.8710225974839272,0.7490063225047727,0.95701041239929,
CICIoT2023,binary,trades,grp_none,6,fgsm,0.1,0.8551293228712583,0.8538612931858528,0.8334754360059438,0.6742506709941385,0.9365473565023441,
CICIoT2023,binary,trades,grp_none,6,pgd,0.1,0.8531919015789984,0.8519054007920251,0.8313566562828802,0.6701790975081853,0.9350407335336155,0.0
CICIoT2023,binary,trades,grp_none,6,transfer_mlp,0.1,0.8756659885692144,0.8784702649187491,0.8570127742480357,0.7214205876895933,0.948426504392553,
CICIoT2023,binary,trades,grp_none,6,transfer_tf,0.1,0.8734863896154219,0.875408985388502,0.854406476257452,0.7159808177311586,0.9466940518457827,
CICIoT2023,binary,trades,grp_none,6,pgd_constrained,0.1,0.8583260680034873,0.8581314352041514,0.8372544439549405,0.6820361423673507,0.9380062758887523,1.0
CICIoT2023,binary,trades,grp_none,6,square,0.1,0.8445,0.8363065713406082,0.8189755002839059,0.6434595226741747,0.9388228078834586,
CICIoT2023,binary,trades,grp_none,6,square_clean_subset,0,0.876,0.8766120480279136,0.8560843809771406,0.7187701309821065,0.9504742683171171,
CICIoT2023,binary,trades,grp_learn,6,clean,0,0.9000290613193839,0.9030705312030589,0.8840807612471084,0.7735282534546649,0.9615944797214255,
CICIoT2023,binary,trades,grp_learn,6,gaussian,0.1,0.8990119151409474,0.9011729482452546,0.8827692434817151,0.7706169515914831,0.9613623401156174,
CICIoT2023,binary,trades,grp_learn,6,fgsm,0.1,0.8737285672769544,0.871939300832992,0.8537730458220101,0.713016297923764,0.9454066810050525,
CICIoT2023,binary,trades,grp_learn,6,pgd,0.1,0.8729051632277439,0.8709653830397378,0.8528256124181421,0.7111247143493474,0.944746716964814,0.0
CICIoT2023,binary,trades,grp_learn,6,transfer_mlp,0.1,0.8809454615906229,0.8807155878738222,0.8621361872422993,0.729815438455923,0.9510444262369704,
CICIoT2023,binary,trades,grp_learn,6,transfer_tf,0.1,0.8808970260583164,0.8804846715826846,0.8620400672317425,0.7295493320684392,0.9505534958350403,
CICIoT2023,binary,trades,grp_learn,6,pgd_constrained,0.1,0.8746972779230844,0.8729172470299058,0.8548467002449975,0.7150889227426673,0.9459736105421277,1.0
CICIoT2023,binary,trades,grp_learn,6,square,0.1,0.867,0.8614530545225307,0.8445535296867696,0.6938771314805697,0.9464682770450225,
CICIoT2023,binary,trades,grp_learn,6,square_clean_subset,0,0.89,0.8911137608671218,0.8717755933001582,0.7491436918953234,0.95486998548607,
CICIoT2023,binary,trades,grp_none,7,clean,0,0.8878233071781458,0.8942215280622696,0.8712058866736774,0.7504552485176987,0.9566645500477946,
CICIoT2023,binary,trades,grp_none,7,gaussian,0.1,0.8879686137750654,0.8944715280622696,0.8713881296001853,0.7508593676200251,0.9565320679138788,
CICIoT2023,binary,trades,grp_none,7,fgsm,0.1,0.8554199360650974,0.8568210091492557,0.8345088437281999,0.6776171091340307,0.9366812497155081,
CICIoT2023,binary,trades,grp_none,7,pgd,0.1,0.8537731279666764,0.8548239792434794,0.8326238523334792,0.6738246709173664,0.9351184965178205,0.0
CICIoT2023,binary,trades,grp_none,7,transfer_mlp,0.1,0.8769253124091834,0.8824079270790659,0.8590133225008323,0.7266590093132312,0.9486534605580591,
CICIoT2023,binary,trades,grp_none,7,transfer_tf,0.1,0.8754722464399883,0.8800063157176021,0.8572016684502223,0.7226841740630554,0.9474674370704174,
CICIoT2023,binary,trades,grp_none,7,pgd_constrained,0.1,0.8590041654557784,0.8611674860030042,0.8386114720578861,0.6858712393703,0.9382893793527243,1.0
CICIoT2023,binary,trades,grp_none,7,square,0.1,0.8515,0.8515272705767554,0.8280194529107707,0.665080402428582,0.9459110151741404,
CICIoT2023,binary,trades,grp_none,7,square_clean_subset,0,0.887,0.8901858450256517,0.8680459947288461,0.7431337004502978,0.9576760254495813,
CICIoT2023,binary,trades,grp_learn,7,clean,0,0.8981885110917369,0.9035934384814966,0.8824909129112476,0.7715685601860542,0.9617978628977195,
CICIoT2023,binary,trades,grp_learn,7,gaussian,0.1,0.8978010268332849,0.9016969138331286,0.8817623661065068,0.7694533749804907,0.9616704333378853,
CICIoT2023,binary,trades,grp_learn,7,fgsm,0.1,0.8746004068584714,0.8744231872183532,0.8551295546840155,0.716356741876654,0.9456673892757976,
CICIoT2023,binary,trades,grp_learn,7,pgd,0.1,0.8735348251477284,0.8731801857162365,0.8539105055488578,0.7139303481520756,0.9449915676635259,0.0
CICIoT2023,binary,trades,grp_learn,7,transfer_mlp,0.1,0.8809938971229294,0.8825207223815377,0.8625946166628291,0.7315038216271184,0.9509605921980975,
CICIoT2023,binary,trades,grp_learn,7,transfer_tf,0.1,0.8796861377506539,0.8810086371705586,0.8611017187554116,0.7285387698611238,0.9504270449269425,
CICIoT2023,binary,trades,grp_learn,7,pgd_constrained,0.1,0.8752300687784559,0.875211354636078,0.8558628977643212,0.7178404246604094,0.9462022395193226,1.0
CICIoT2023,binary,trades,grp_learn,7,square,0.1,0.875,0.8689844315980898,0.85244103839012,0.709172825183141,0.9541855788991233,
CICIoT2023,binary,trades,grp_learn,7,square_clean_subset,0,0.899,0.9017623490101572,0.8814240849989727,0.7685900409421057,0.9634026740787834,
CICIoT2023,binary,trades,grp_none,8,clean,0,0.8866124188704834,0.8956801857162365,0.8704266841040742,0.750444329856193,0.9578480472483955,
CICIoT2023,binary,trades,grp_none,8,gaussian,0.1,0.8871936452581614,0.8942204697528335,0.8706428182888244,0.7497162094374098,0.9573274443534072,
CICIoT2023,binary,trades,grp_none,8,fgsm,0.1,0.8564370822435339,0.8592597296190085,0.835988806142959,0.6812246017821986,0.9360111691474351,
CICIoT2023,binary,trades,grp_none,8,pgd,0.1,0.8545480964835803,0.8569936160043699,0.8338372567500634,0.6769070804842368,0.9341910931312305,0.0
CICIoT2023,binary,trades,grp_none,8,transfer_mlp,0.1,0.8762472149568924,0.8834550047794619,0.8586592234619623,0.7269491945015205,0.9484633460785652,
CICIoT2023,binary,trades,grp_none,8,transfer_tf,0.1,0.8718880170493074,0.8778735832309164,0.8536118716463257,0.716628845783959,0.9468372251809367,
CICIoT2023,binary,trades,grp_none,8,pgd_constrained,0.1,0.8598275695049888,0.8632236788201557,0.8398246447898898,0.6888665800787503,0.9381561518503346,1.0
CICIoT2023,binary,trades,grp_none,8,square,0.1,0.8615,0.8651432149754297,0.843336380827201,0.6952409066045763,0.946295579265378,
CICIoT2023,binary,trades,grp_none,8,square_clean_subset,0,0.887,0.8953756285971051,0.8721312996552071,0.7530304693839779,0.9575720855083271,
CICIoT2023,binary,trades,grp_learn,8,clean,0,0.8965417029933159,0.9006617165096271,0.880404011213747,0.7669468887288046,0.9608931335063042,
CICIoT2023,binary,trades,grp_learn,8,gaussian,0.1,0.8962995253317834,0.8987692202649187,0.8798012993143456,0.7650334263164345,0.9604620431061951,
CICIoT2023,binary,trades,grp_learn,8,fgsm,0.1,0.8709193064031774,0.8700576266557422,0.8509013504882478,0.7079087798210619,0.9445018776457736,
CICIoT2023,binary,trades,grp_learn,8,pgd,0.1,0.8702412089508864,0.8691369315854158,0.8500935021237843,0.7062429321789397,0.9438233306022124,0.0
CICIoT2023,binary,trades,grp_learn,8,transfer_mlp,0.1,0.8773127966676354,0.8778599959033183,0.8582979671775315,0.7227856964374269,0.9499488313077519,
CICIoT2023,binary,trades,grp_learn,8,transfer_tf,0.1,0.8773612321999419,0.8772054144476308,0.8581850284748865,0.7222435019652189,0.9500897173289636,
CICIoT2023,binary,trades,grp_learn,8,pgd_constrained,0.1,0.8718880170493074,0.8710847671719241,0.8519838636527035,0.7100176022514649,0.9451970788383631,1.0
CICIoT2023,binary,trades,grp_learn,8,square,0.1,0.872,0.8702078433622058,0.8534234778944283,0.7119104630115167,0.9522373754756305,
CICIoT2023,binary,trades,grp_learn,8,square_clean_subset,0,0.9005,0.9030598099390046,0.8858261154688114,0.7764177289254001,0.960680414539475,
CICIoT2023,binary,trades,grp_none,9,clean,0,0.8829313184151893,0.8922493172197187,0.8664389593392863,0.7429949550018821,0.954834084391643,
CICIoT2023,binary,trades,grp_none,9,gaussian,0.1,0.8821563498982854,0.8908667895671173,0.8654606489245482,0.7407765797028186,0.9546539726432701,
CICIoT2023,binary,trades,grp_none,9,fgsm,0.1,0.8498014143175433,0.8533528267103646,0.8289859132805892,0.6682875716670605,0.932334186808685,
CICIoT2023,binary,trades,grp_none,9,pgd,0.1,0.8470405889760728,0.8506689881196231,0.8260228922682038,0.6626899768110807,0.9307241738358596,0.0
CICIoT2023,binary,trades,grp_none,9,transfer_mlp,0.1,0.8719364525816139,0.879924689334972,0.8541267769973837,0.718774483155563,0.946354072784378,
CICIoT2023,binary,trades,grp_none,9,transfer_tf,0.1,0.8716942749200813,0.8796556056261096,0.8538565541362193,0.7182442675574773,0.945358977422732,
CICIoT2023,binary,trades,grp_none,9,pgd_constrained,0.1,0.8524169330620943,0.8563769971323228,0.8319250861706933,0.6741257850128545,0.9340914072101598,1.0
CICIoT2023,binary,trades,grp_none,9,square,0.1,0.849,0.8534508378064039,0.8273662259741803,0.6660537818633213,0.9443700461432533,
CICIoT2023,binary,trades,grp_none,9,square_clean_subset,0,0.885,0.8943450360841952,0.8678768382352942,0.7459104684338372,0.9568909744872938,
CICIoT2023,binary,trades,grp_learn,9,clean,0,0.8964932674610094,0.8982170558514271,0.8798656116652976,0.7648310505607385,0.9601185306568345,
CICIoT2023,binary,trades,grp_learn,9,gaussian,0.1,0.8959604766056379,0.8963656971186672,0.8789984347692007,0.762602872683983,0.9599701966407211,
CICIoT2023,binary,trades,grp_learn,9,fgsm,0.1,0.8733895185508088,0.8697817492830806,0.8529457176063074,0.7106440472844114,0.9435882038326734,
CICIoT2023,binary,trades,grp_learn,9,pgd,0.1,0.8729051632277439,0.8693419705038918,0.8524202857774138,0.709648042665853,0.9429344701625016,0.0
CICIoT2023,binary,trades,grp_learn,9,transfer_mlp,0.1,0.8798314443475734,0.8781102007374026,0.8605505053812784,0.726110762626418,0.9496410111975966,
CICIoT2023,binary,trades,grp_learn,9,transfer_tf,0.1,0.8810907681875424,0.8793421753379762,0.8619425829778695,0.7287849619819344,0.9489857640311348,
CICIoT2023,binary,trades,grp_learn,9,pgd_constrained,0.1,0.8745035357938584,0.8711572784377988,0.8542457294357835,0.7132622407093773,0.9442823467158268,1.0
CICIoT2023,binary,trades,grp_learn,9,square,0.1,0.88,0.878308023642761,0.8598718528093943,0.7250413223267108,0.9531902195381761,
CICIoT2023,binary,trades,grp_learn,9,square_clean_subset,0,0.901,0.9019018651756024,0.8839813385740956,0.7725886019095299,0.9615603341686326,
CICIoT2023,binary,trades,grp_none,10,clean,0,0.8879201782427589,0.8969954936501434,0.8718659351390567,0.7531915915340297,0.9567136533296918,
CICIoT2023,binary,trades,grp_none,10,gaussian,0.1,0.8879686137750654,0.8953570258090946,0.8715722911275143,0.7516884873313154,0.9563606388547499,
CICIoT2023,binary,trades,grp_none,10,fgsm,0.1,0.8551777584035648,0.8576342004642906,0.8345242394362995,0.678224685623027,0.9351056545586963,
CICIoT2023,binary,trades,grp_none,10,pgd,0.1,0.8530465949820788,0.8553941690563976,0.8321809304081031,0.6736906796744837,0.9334053552733398,0.0
CICIoT2023,binary,trades,grp_none,10,transfer_mlp,0.1,0.8761019083599729,0.8829590331831216,0.858421368822577,0.7262953790789113,0.9482589444216851,
CICIoT2023,binary,trades,grp_none,10,transfer_tf,0.1,0.8752300687784559,0.8820985593336064,0.8574696952400784,0.7244873961937105,0.9474445241021439,
CICIoT2023,binary,trades,grp_none,10,pgd_constrained,0.1,0.8587135522619394,0.8619465383039737,0.8385705952183967,0.6863818291363223,0.9374845634758067,1.0
CICIoT2023,binary,trades,grp_none,10,square,0.1,0.8575,0.8573063463539203,0.8318603414297003,0.6731297157969789,0.9486528579085092,
CICIoT2023,binary,trades,grp_none,10,square_clean_subset,0,0.893,0.9006399949557048,0.8734552971967392,0.7561569680428478,0.9599192912765219,
CICIoT2023,binary,trades,grp_learn,10,clean,0,0.8983822532209629,0.9004339751467978,0.8820432453646988,0.7691703097466367,0.9609463789885749,
CICIoT2023,binary,trades,grp_learn,10,gaussian,0.1,0.8966870095902354,0.896631810733306,0.8797163666328995,0.7638028175119875,0.9608691565387593,
CICIoT2023,binary,trades,grp_learn,10,fgsm,0.1,0.8720333236462269,0.8684323023351086,0.8514452640908592,0.7077501142149314,0.9442094314716192,
CICIoT2023,binary,trades,grp_learn,10,pgd,0.1,0.8715005327908554,0.8678108015840502,0.8508329990201393,0.7065312851200539,0.9435724998862034,0.0
CICIoT2023,binary,trades,grp_learn,10,transfer_mlp,0.1,0.8783783783783784,0.8762005325686194,0.858828876742838,0.7225962122271898,0.9502676441804361,
CICIoT2023,binary,trades,grp_learn,10,transfer_tf,0.1,0.8817688656398334,0.8810007851973235,0.8629246579400545,0.7310978439719698,0.9504439437389047,
CICIoT2023,binary,trades,grp_learn,10,pgd_constrained,0.1,0.8734379540831154,0.8702094428512905,0.8530943269331086,0.7110886826995289,0.9449856217852429,1.0
CICIoT2023,binary,trades,grp_learn,10,square,0.1,0.875,0.8699076263438318,0.8501829565734326,0.7058530335849712,0.9560351839591413,
CICIoT2023,binary,trades,grp_learn,10,square_clean_subset,0,0.9045,0.9079699864434566,0.8857067288517805,0.7775264629725447,0.9648904442132475,
TON_IoT,binary,trades,grp_none,1,clean,0,0.9726068185201727,0.9701253029112076,0.9719085616782094,0.944152035605026,0.9968628541208602,
TON_IoT,binary,trades,grp_none,1,gaussian,0.1,0.9726068185201727,0.9700812472153902,0.9719058542154403,0.9441624477777291,0.9966800659975151,
TON_IoT,binary,trades,grp_none,1,fgsm,0.1,0.970522554711925,0.9678201440933674,0.9697594793949922,0.9399184893352395,0.9936181724991034,
TON_IoT,binary,trades,grp_none,1,pgd,0.1,0.9700759267530147,0.9672978599708046,0.9692968140200158,0.9390189873289613,0.9934336185256691,0.0
TON_IoT,binary,trades,grp_none,1,transfer_mlp,0.1,0.9718624385886556,0.9692988850694205,0.9711410336541658,0.942640569390408,0.9959937842076856,
TON_IoT,binary,trades,grp_none,1,transfer_tf,0.1,0.9718624385886556,0.9692988850694205,0.9711410336541658,0.942640569390408,0.9952371853617367,
TON_IoT,binary,trades,grp_none,1,pgd_constrained,0.1,0.972011314574959,0.9694729797769415,0.971295111915776,0.9429407371117723,0.9960734738527408,1.0
TON_IoT,binary,trades,grp_none,1,square,0.1,0.973,0.9707861325775069,0.9722630571658393,0.9447311938865393,0.9960945779758363,
TON_IoT,binary,trades,grp_none,1,square_clean_subset,0,0.9745,0.9725570888939177,0.9738170908169607,0.9477824439560781,0.9973100305040699,
TON_IoT,binary,trades,grp_learn,1,clean,0,0.9752865862736341,0.9730387291674967,0.9746663568222541,0.949608798361914,0.997393288320758,
TON_IoT,binary,trades,grp_learn,1,gaussian,0.1,0.9752865862736341,0.9730827848633141,0.974668774061918,0.9495996054656328,0.9971392775771449,
TON_IoT,binary,trades,grp_learn,1,fgsm,0.1,0.9737978264106,0.9713858934839226,0.9731325129247532,0.9465848912013811,0.9951038410408917,
TON_IoT,binary,trades,grp_learn,1,pgd,0.1,0.9737978264106,0.9713858934839226,0.9731325129247532,0.9465848912013811,0.9949343647105273,0.0
TON_IoT,binary,trades,grp_learn,1,transfer_mlp,0.1,0.974542206342117,0.9722563670215271,0.973902048299548,0.9480871059056962,0.9967088629374327,
TON_IoT,binary,trades,grp_learn,1,transfer_tf,0.1,0.9742444543695102,0.9718641219106678,0.9735917496264399,0.9474959143313835,0.9962299553375762,
TON_IoT,binary,trades,grp_learn,1,pgd_constrained,0.1,0.9748399583147238,0.9725164450449341,0.9742048188371473,0.94870731135997,0.9967310039808599,1.0
TON_IoT,binary,trades,grp_learn,1,square,0.1,0.9755,0.9738943938660094,0.9748604433950817,0.9498075665090931,0.9962543173140036,
TON_IoT,binary,trades,grp_learn,1,square_clean_subset,0,0.9765,0.9749183639824656,0.9758865477463029,0.9518598688301968,0.9973294859362825,
TON_IoT,binary,trades,grp_none,2,clean,0,0.9727556945064761,0.9704315647061807,0.9720706130924988,0.9444236898740223,0.9971535402124816,
TON_IoT,binary,trades,grp_none,2,gaussian,0.1,0.9724579425338693,0.9701274309869563,0.9717653738913239,0.9438131205354099,0.9971494198956065,
TON_IoT,binary,trades,grp_none,2,fgsm,0.1,0.9708203066845318,0.9683005005958611,0.9700765113528752,0.9404872874837438,0.9935289744304907,
TON_IoT,binary,trades,grp_none,2,pgd,0.1,0.9706714306982284,0.9681264058883403,0.9699223918704909,0.9401868454805722,0.9933212832930659,0.0
TON_IoT,binary,trades,grp_none,2,transfer_mlp,0.1,0.9726068185201727,0.9702574699986598,0.9719166503064809,0.9441229419517988,0.995862749075419,
TON_IoT,binary,trades,grp_none,2,transfer_tf,0.1,0.9714158106297455,0.9689968794259448,0.9706928275345765,0.9416896264305012,0.995666739715508,
TON_IoT,binary,trades,grp_none,2,pgd_constrained,0.1,0.9724579425338693,0.9700833752911389,0.9717626715081198,0.9438222516151079,0.9963484936845957,1.0
TON_IoT,binary,trades,grp_none,2,square,0.1,0.97,0.9676114522950947,0.9691286880927292,0.9384624626598151,0.9963591087918805,
TON_IoT,binary,trades,grp_none,2,square_clean_subset,0,0.972,0.9699867492072087,0.9712065681931299,0.9425444979847415,0.9976021398184272,
TON_IoT,binary,trades,grp_learn,2,clean,0,0.9739467023969034,0.9710753755374524,0.9732579200498317,0.9470167514298962,0.9973821951599408,
TON_IoT,binary,trades,grp_learn,2,gaussian,0.1,0.9737978264106,0.9709453365257488,0.9731064266566207,0.9467041403222739,0.9971730098416711,
TON_IoT,binary,trades,grp_learn,2,fgsm,0.1,0.9714158106297455,0.968688489555223,0.9706730101023919,0.9417632194591044,0.9948136530095518,
TON_IoT,binary,trades,grp_learn,2,pgd,0.1,0.9714158106297455,0.968688489555223,0.9706730101023919,0.9417632194591044,0.9945940084253687,0.0
TON_IoT,binary,trades,grp_learn,2,transfer_mlp,0.1,0.9730534464790829,0.9702510857714138,0.9723464641892787,0.9451557682086948,0.9966581513451248,
TON_IoT,binary,trades,grp_learn,2,transfer_tf,0.1,0.9727556945064761,0.9699469520521895,0.9720409002576686,0.9445444910681856,0.9960388813022737,
TON_IoT,binary,trades,grp_learn,2,pgd_constrained,0.1,0.9736489504242966,0.9707712418182279,0.9729522962789725,0.946405342424593,0.9964486038011962,1.0
TON_IoT,binary,trades,grp_learn,2,square,0.1,0.972,0.9696626586095283,0.971186775553214,0.942579085808839,0.9966770457706177,
TON_IoT,binary,trades,grp_learn,2,square_clean_subset,0,0.9745,0.9719835985543097,0.9737457076162415,0.9477642623062278,0.9978411053540587,
TON_IoT,binary,trades,grp_none,3,clean,0,0.9767753461366682,0.9747356205468883,0.976201537852167,0.9526256170403584,0.9972469038761769,
TON_IoT,binary,trades,grp_none,3,gaussian,0.1,0.9769242221229716,0.9749537709502265,0.9763574475703547,0.9529187443819898,0.9971365156064925,
TON_IoT,binary,trades,grp_none,3,fgsm,0.1,0.9732023224653863,0.9713503500910997,0.9725557487882001,0.9452635190607718,0.9942205084923808,
TON_IoT,binary,trades,grp_none,3,pgd,0.1,0.9729045704927796,0.9710902720676927,0.972253407502552,0.9446484609728603,0.9939099905459102,0.0
TON_IoT,binary,trades,grp_none,3,transfer_mlp,0.1,0.9746910823284204,0.972782907295587,0.9740755664239797,0.9483251903964119,0.9962305892324801,
TON_IoT,binary,trades,grp_none,3,transfer_tf,0.1,0.974542206342117,0.9725647568922486,0.9739193874204158,0.948030107872723,0.9960860611944029,
TON_IoT,binary,trades,grp_none,3,pgd_constrained,0.1,0.9754354622599375,0.9734331023541045,0.9748321216071517,0.9498677661650181,0.9961196576243069,1.0
TON_IoT,binary,trades,grp_none,3,square,0.1,0.9825,0.9810417775075372,0.9822199599237897,0.9646634488374733,0.9971665273238581,
TON_IoT,binary,trades,grp_none,3,square_clean_subset,0,0.985,0.9834004712320438,0.9847540988605213,0.9698011535774067,0.9982093182336398,
TON_IoT,binary,trades,grp_learn,3,clean,0,0.9764775941640613,0.9744314868276639,0.9758964293630923,0.9520153287885412,0.9973102480883541,
TON_IoT,binary,trades,grp_learn,3,gaussian,0.1,0.9764775941640613,0.9743874311318466,0.9758941430694327,0.9520236955739507,0.997296709904336,
TON_IoT,binary,trades,grp_learn,3,fgsm,0.1,0.974542206342117,0.9723444784131619,0.9739070283964358,0.9480690338858263,0.9950685693173131,
TON_IoT,binary,trades,grp_learn,3,pgd,0.1,0.9739467023969034,0.971736210974713,0.9732966664875806,0.9468481462729305,0.994923814888199,0.0
TON_IoT,binary,trades,grp_learn,3,transfer_mlp,0.1,0.9751377102873307,0.9729527458516106,0.974517390305291,0.949289921498722,0.9967086818246031,
TON_IoT,binary,trades,grp_learn,3,transfer_tf,0.1,0.9752865862736341,0.9730827848633141,0.974668774061918,0.9495996054656328,0.9964087589786685,
TON_IoT,binary,trades,grp_learn,3,pgd_constrained,0.1,0.9760309662051511,0.9739532584009186,0.9754376023904523,0.9511039884789777,0.9964908030905093,1.0
TON_IoT,binary,trades,grp_learn,3,square,0.1,0.984,0.982270527729219,0.9837334894918341,0.9678106189343294,0.9965574725748017,
TON_IoT,binary,trades,grp_learn,3,square_clean_subset,0,0.9845,0.9828354994806313,0.9842438643193412,0.9688055244140786,0.9979032707557447,
TON_IoT,binary,trades,grp_none,4,clean,0,0.9757332142325443,0.9735169575942421,0.9751253811462117,0.9505199167865466,0.9974973829196113,
TON_IoT,binary,trades,grp_none,4,gaussian,0.1,0.9757332142325443,0.9735610132900594,0.9751277522141464,0.9505108091116179,0.9974671823552635,
TON_IoT,binary,trades,grp_none,4,fgsm,0.1,0.9737978264106,0.9716061719630096,0.9731453540830151,0.9465387080162001,0.9943590145288712,
TON_IoT,binary,trades,grp_none,4,pgd,0.1,0.9737978264106,0.9716061719630096,0.9731453540830151,0.9465387080162001,0.9940045314429984,0.0
TON_IoT,binary,trades,grp_none,4,transfer_mlp,0.1,0.9752865862736341,0.9730827848633141,0.974668774061918,0.9495996054656328,0.9966854541041977,
TON_IoT,binary,trades,grp_none,4,transfer_tf,0.1,0.9746910823284204,0.9725185731206827,0.9740608533756395,0.948369945740214,0.9965592184619175,
TON_IoT,binary,trades,grp_none,4,pgd_constrained,0.1,0.9749888343010272,0.9727345954482723,0.9743611322056548,0.9489982604971554,0.9967020259281126,1.0
TON_IoT,binary,trades,grp_none,4,square,0.1,0.973,0.969991789819376,0.9721570261228969,0.9447190432596649,0.9962910509031199,
TON_IoT,binary,trades,grp_none,4,square_clean_subset,0,0.974,0.9710180623973728,0.9731882473776043,0.9467819287589655,0.99747947454844,
TON_IoT,binary,trades,grp_learn,4,clean,0,0.9819860056572874,0.9818862720097365,0.9816103718103038,0.9632284042867435,0.9976074089636361,
TON_IoT,binary,trades,grp_learn,4,gaussian,0.1,0.9812416257257704,0.9810598541679496,0.980847969890511,0.9617004702894549,0.9976058695045841,
TON_IoT,binary,trades,grp_learn,4,fgsm,0.1,0.9723090665475659,0.9709666172832352,0.9716723910099846,0.9433968570039015,0.9949710853367432,
TON_IoT,binary,trades,grp_learn,4,pgd,0.1,0.9717135626023522,0.9702702384531516,0.9710578980826546,0.942180826668259,0.9947762532102248,0.0
TON_IoT,binary,trades,grp_learn,4,transfer_mlp,0.1,0.9742444543695102,0.9729655143061025,0.9736534801697173,0.9473561149630947,0.9970063860383741,
TON_IoT,binary,trades,grp_learn,4,transfer_tf,0.1,0.9743933303558137,0.9732717761010754,0.9738141048132088,0.9476587081920768,0.9967358034708462,
TON_IoT,binary,trades,grp_learn,4,pgd_constrained,0.1,0.9809438737531636,0.9807557204487252,0.9805439694125826,0.9610924678999916,0.9968122330849672,1.0
TON_IoT,binary,trades,grp_learn,4,square,0.1,0.971,0.9689244663382595,0.9701577318229715,0.9404468571344364,0.9966800082101807,
TON_IoT,binary,trades,grp_learn,4,square_clean_subset,0,0.9805,0.9800697865353037,0.9799909651511876,0.9599824459459507,0.9974897372742201,
TON_IoT,binary,trades,grp_none,5,clean,0,0.9724579425338693,0.9705239322493127,0.9717894415285837,0.9437469499728885,0.9963090563659348,
TON_IoT,binary,trades,grp_none,5,gaussian,0.1,0.9729045704927796,0.9709581049802406,0.9722456064068489,0.9446649353905033,0.9959238293772255,
TON_IoT,binary,trades,grp_none,5,fgsm,0.1,0.9714158106297455,0.9695255477757534,0.9707261320407468,0.9416039926429782,0.9929939671316436,
TON_IoT,binary,trades,grp_none,5,pgd,0.1,0.971266934643442,0.9693955087640498,0.9705750405455963,0.9412965854571433,0.9926954479101391,0.0
TON_IoT,binary,trades,grp_none,5,transfer_mlp,0.1,0.9721601905612625,0.9702197985300882,0.9714844625180818,0.9431369379198782,0.9954306138638248,
TON_IoT,binary,trades,grp_none,5,transfer_tf,0.1,0.9718624385886556,0.9699597205066812,0.9711821867559045,0.9425214696991867,0.994409726121179,
TON_IoT,binary,trades,grp_none,5,pgd_constrained,0.1,0.9721601905612625,0.9702638542259057,0.971487137160604,0.9431314210365469,0.9953251609187492,1.0
TON_IoT,binary,trades,grp_none,5,square,0.1,0.9755,0.9744950725014974,0.9750554316670277,0.9501517814402896,0.9947597977951085,
TON_IoT,binary,trades,grp_none,5,square_clean_subset,0,0.977,0.975954864906916,0.9765794607980904,0.9532095320575962,0.996264334795329,
TON_IoT,binary,trades,grp_learn,5,clean,0,0.9733511984516897,0.9713041663195338,0.9726966652586676,0.9455963966612577,0.9967103571182776,
TON_IoT,binary,trades,grp_learn,5,gaussian,0.1,0.9736489504242966,0.9716523557345755,0.9730042782070971,0.9461997052552689,0.9963544704079748,
TON_IoT,binary,trades,grp_learn,5,fgsm,0.1,0.9718624385886556,0.9698275534192291,0.9711740597804596,0.9425389000203607,0.9930689478431274,
TON_IoT,binary,trades,grp_learn,5,pgd,0.1,0.9715646866160488,0.9695674753958221,0.9708717668397261,0.9419226628920342,0.9925779056836829,0.0
TON_IoT,binary,trades,grp_learn,5,transfer_mlp,0.1,0.9727556945064761,0.9707399545769023,0.9720891689937783,0.9443693026378148,0.995996953682205,
TON_IoT,binary,trades,grp_learn,5,transfer_tf,0.1,0.9724579425338693,0.9704798765534952,0.9717867898709389,0.9437528819193144,0.9944171064689881,
TON_IoT,binary,trades,grp_learn,5,pgd_constrained,0.1,0.9727556945064761,0.9707840102727197,0.9720917975480099,0.9443629549284077,0.995669456407953,1.0
TON_IoT,binary,trades,grp_learn,5,square,0.1,0.976,0.9745443932480407,0.9755409276714657,0.9512114951761432,0.9954919820736882,
TON_IoT,binary,trades,grp_learn,5,square_clean_subset,0,0.9775,0.976135368670038,0.9770728149564727,0.9542597211450745,0.9970366875169699,
TON_IoT,binary,trades,grp_none,6,clean,0,0.9754354622599375,0.973477158049922,0.9748344966337346,0.9498605104901771,0.9966541668628721,
TON_IoT,binary,trades,grp_none,6,gaussian,0.1,0.9751377102873307,0.973217080026515,0.9745318589645773,0.9492435390011547,0.9965363529671715,
TON_IoT,binary,trades,grp_none,6,fgsm,0.1,0.9740955783832068,0.9720865284655034,0.9734605811887435,0.9471183516391019,0.994412759761076,
TON_IoT,binary,trades,grp_none,6,pgd,0.1,0.9740955783832068,0.9720865284655034,0.9734605811887435,0.9471183516391019,0.9941835614751279,0.0
TON_IoT,binary,trades,grp_none,6,transfer_mlp,0.1,0.9749888343010272,0.9730429853189941,0.9743781492151258,0.9489418612487261,0.9959678850730428,
TON_IoT,binary,trades,grp_none,6,transfer_tf,0.1,0.974542206342117,0.9725207011964314,0.97391692602923,0.9480371792348351,0.9956100061216135,
TON_IoT,binary,trades,grp_none,6,pgd_constrained,0.1,0.9748399583147238,0.9728688906114731,0.9742244238248554,0.948640242078541,0.9959575163635442,1.0
TON_IoT,binary,trades,grp_none,6,square,0.1,0.9795,0.9784808416709391,0.9789986935650716,0.958022547470028,0.9967212410164152,
TON_IoT,binary,trades,grp_none,6,square_clean_subset,0,0.9805,0.9795041746870392,0.9800231475375072,0.9600714823857307,0.997393570807993,
TON_IoT,binary,trades,grp_learn,6,clean,0,0.9746910823284204,0.9724745174248653,0.9740583830754582,0.9483786552682262,0.9971419942695899,
TON_IoT,binary,trades,grp_learn,6,gaussian,0.1,0.9751377102873307,0.9729527458516106,0.974517390305291,0.949289921498722,0.9969990509687726,
TON_IoT,binary,trades,grp_learn,6,fgsm,0.1,0.9711180586571386,0.9690892469690768,0.9704128627841333,0.9410105147430151,0.9952376834220182,
TON_IoT,binary,trades,grp_learn,6,pgd,0.1,0.9709691826708352,0.9689592079573732,0.9702617514855842,0.9407025168738474,0.9951397919375813,0.0
TON_IoT,binary,trades,grp_learn,6,transfer_mlp,0.1,0.9730534464790829,0.9710440882961267,0.972394205398218,0.9449794368436328,0.9965365793582086,
TON_IoT,binary,trades,grp_learn,6,transfer_tf,0.1,0.9737978264106,0.9715621162671921,0.9731427965957685,0.946547229972116,0.9961107830956529,
TON_IoT,binary,trades,grp_learn,6,pgd_constrained,0.1,0.974542206342117,0.9723444784131619,0.9739070283964358,0.9480690338858263,0.9963692763818004,1.0
TON_IoT,binary,trades,grp_learn,6,square,0.1,0.9745,0.972746083448714,0.9738428741449889,0.9478009542442813,0.9968532509754923,
TON_IoT,binary,trades,grp_learn,6,square_clean_subset,0,0.978,0.97640501064778,0.9774367305412313,0.9549741650485263,0.9976463340629698,
TON_IoT,binary,trades,grp_none,7,clean,0,0.9751377102873307,0.973921971159593,0.9745695501342744,0.94918251111045,0.9975631268767817,
TON_IoT,binary,trades,grp_none,7,gaussian,0.1,0.9764775941640613,0.9753126007440116,0.9759411480936742,0.951923006312354,0.9974333595343227,
TON_IoT,binary,trades,grp_none,7,fgsm,0.1,0.9709691826708352,0.9695759876988166,0.9703003433515808,0.9406557952964367,0.9948439894085218,
TON_IoT,binary,trades,grp_none,7,pgd,0.1,0.9708203066845318,0.9694459486871132,0.9701494012793386,0.9403507940315374,0.994606278819579,0.0
TON_IoT,binary,trades,grp_none,7,transfer_mlp,0.1,0.9717135626023522,0.970314294148969,0.971060549467474,0.9421794536773761,0.9968489084329755,
TON_IoT,binary,trades,grp_none,7,transfer_tf,0.1,0.9733511984516897,0.972141224540064,0.9727446914063842,0.945527293266163,0.9964878147288198,
TON_IoT,binary,trades,grp_none,7,pgd_constrained,0.1,0.9711180586571386,0.9697060267105202,0.9704512978773157,0.940960913033434,0.9968220131777695,1.0
TON_IoT,binary,trades,grp_none,7,square,0.1,0.967,0.9654771770747006,0.9664148116786895,0.932957681725688,0.9959720664944182,
TON_IoT,binary,trades,grp_none,7,square_clean_subset,0,0.97,0.9686499618128341,0.9694761807376386,0.9390506689439458,0.9968749492191944,
TON_IoT,binary,trades,grp_learn,7,clean,0,0.9803483698079499,0.9803677314893633,0.9799446639529444,0.9599074174982953,0.9976188190719054,
TON_IoT,binary,trades,grp_learn,7,gaussian,0.1,0.9799017418490398,0.9798013916709831,0.9794844268679019,0.9589790285642353,0.9977056626737325,
TON_IoT,binary,trades,grp_learn,7,fgsm,0.1,0.977073098109275,0.9766257593155383,0.9765837647363067,0.953167710013083,0.9955894045372387,
TON_IoT,binary,trades,grp_learn,7,pgd,0.1,0.974542206342117,0.9737102049835007,0.9739815660768262,0.9479707492462266,0.9954657044745736,0.0
TON_IoT,binary,trades,grp_learn,7,transfer_mlp,0.1,0.9776686020544886,0.9772780824498046,0.9771939817372584,0.9543886859720352,0.9970887018194595,
TON_IoT,binary,trades,grp_learn,7,transfer_tf,0.1,0.9799017418490398,0.979889503062618,0.9794879760716466,0.958992271613828,0.9967622912221855,
TON_IoT,binary,trades,grp_learn,7,pgd_constrained,0.1,0.9797528658627364,0.9797154083550971,0.9793351427985084,0.958684931341124,0.9969657714863205,1.0
TON_IoT,binary,trades,grp_learn,7,square,0.1,0.9695,0.9683310583532394,0.9689797832093668,0.9380201759443617,0.9964595622288305,
TON_IoT,binary,trades,grp_learn,7,square_clean_subset,0,0.976,0.9754992768813273,0.9756190476190476,0.9512401081277339,0.9972771332000845,
TON_IoT,binary,trades,grp_none,8,clean,0,0.9724579425338693,0.9699071525078693,0.9717518054286809,0.9438623442182689,0.9965653762981262,
TON_IoT,binary,trades,grp_none,8,gaussian,0.1,0.9721601905612625,0.9696030187886449,0.9714464195414233,0.9432514568043384,0.9963128597353579,
TON_IoT,binary,trades,grp_none,8,fgsm,0.1,0.9708203066845318,0.968168333508409,0.9700678412428704,0.9405184408352925,0.9922370966164501,
TON_IoT,binary,trades,grp_none,8,pgd,0.1,0.9708203066845318,0.968168333508409,0.9700678412428704,0.9405184408352925,0.9919893342654608,0.0
TON_IoT,binary,trades,grp_none,8,transfer_mlp,0.1,0.9715646866160488,0.9689066399585613,0.9708300034471129,0.9420514857344715,0.9955563061676163,
TON_IoT,binary,trades,grp_none,8,transfer_tf,0.1,0.9711180586571386,0.9685165229234509,0.9703761379208751,0.941118619707546,0.9955347084626782,
TON_IoT,binary,trades,grp_none,8,pgd_constrained,0.1,0.9718624385886556,0.9692548293736032,0.9711382439405198,0.9426513570943793,0.9953921726657272,1.0
TON_IoT,binary,trades,grp_none,8,square,0.1,0.974,0.9716023722903812,0.973487756952071,0.9474936432008246,0.9949902068392712,
TON_IoT,binary,trades,grp_none,8,square_clean_subset,0,0.975,0.9727426231455694,0.9745146571303911,0.9494849217606394,0.9966797682132991,
TON_IoT,binary,trades,grp_learn,8,clean,0,0.9724579425338693,0.9700393195953215,0.9717599634733605,0.9438317392903735,0.9963356799518964,
TON_IoT,binary,trades,grp_learn,8,gaussian,0.1,0.9723090665475659,0.9698652248878006,0.9716059511591142,0.9435312531152371,0.9962070898428302,
TON_IoT,binary,trades,grp_learn,8,fgsm,0.1,0.9717135626023522,0.9693010131451691,0.9709981105810913,0.942300290554305,0.9935792785189318,
TON_IoT,binary,trades,grp_learn,8,pgd,0.1,0.9717135626023522,0.9693010131451691,0.9709981105810913,0.942300290554305,0.9932449442353597,0.0
TON_IoT,binary,trades,grp_learn,8,transfer_mlp,0.1,0.9723090665475659,0.9698652248878006,0.9716059511591142,0.9435312531152371,0.9956183373117784,
TON_IoT,binary,trades,grp_learn,8,transfer_tf,0.1,0.972011314574959,0.9696051468643936,0.9713033936276061,0.9429109546781087,0.9953514675572588,
TON_IoT,binary,trades,grp_learn,8,pgd_constrained,0.1,0.9723090665475659,0.9698652248878006,0.9716059511591142,0.9435312531152371,0.9955247925352535,1.0
TON_IoT,binary,trades,grp_learn,8,square,0.1,0.9745,0.9722973871705025,0.9740086000955566,0.9484425899464458,0.9940611511558367,
TON_IoT,binary,trades,grp_learn,8,square_clean_subset,0,0.9745,0.9722973871705025,0.9740086000955566,0.9484425899464458,0.9951826178250754,
TON_IoT,binary,trades,grp_none,9,clean,0,0.9743933303558137,0.9721703837056409,0.9737531875822283,0.9477681801695228,0.9971921625234087,
TON_IoT,binary,trades,grp_none,9,gaussian,0.1,0.974542206342117,0.9723004227173444,0.9739045409570686,0.9480778909806883,0.9970072916025225,
TON_IoT,binary,trades,grp_none,9,fgsm,0.1,0.9711180586571386,0.9686046343150856,0.9703818530737642,0.9410980788372908,0.9936793886355323,
TON_IoT,binary,trades,grp_none,9,pgd,0.1,0.9709691826708352,0.9684305396075648,0.9702277482982016,0.9407976687934321,0.9932661344364312,0.0
TON_IoT,binary,trades,grp_none,9,transfer_mlp,0.1,0.9733511984516897,0.9710838878404469,0.9726837007679257,0.94563586517483,0.9964711070702826,
TON_IoT,binary,trades,grp_none,9,transfer_tf,0.1,0.9727556945064761,0.9703434533145459,0.9720652611655405,0.9444424351305418,0.9957441654501922,
TON_IoT,binary,trades,grp_none,9,pgd_constrained,0.1,0.9729045704927796,0.9705616037178841,0.9722219041074973,0.9447335428248518,0.996269935994726,1.0
TON_IoT,binary,trades,grp_none,9,square,0.1,0.975,0.972358221134231,0.9743845897692052,0.9492293286828669,0.9963096695226438,
TON_IoT,binary,trades,grp_none,9,square_clean_subset,0,0.9775,0.9751223990208078,0.976957056402213,0.9542874741479211,0.99781109751122,
TON_IoT,binary,trades,grp_learn,9,clean,0,0.974542206342117,0.9716395872800837,0.9738666015770179,0.9482538188634594,0.9974103582049545,
TON_IoT,binary,trades,grp_learn,9,gaussian,0.1,0.9737978264106,0.9707691137424792,0.9730958408100487,0.9467619189401043,0.9971548080022893,
TON_IoT,binary,trades,grp_learn,9,fgsm,0.1,0.9721601905612625,0.9690302947430189,0.971410089304848,0.9434204897596549,0.9937821248881628,
TON_IoT,binary,trades,grp_learn,9,pgd,0.1,0.9721601905612625,0.9690302947430189,0.971410089304848,0.9434204897596549,0.9935239485494674,0.0
TON_IoT,binary,trades,grp_learn,9,transfer_mlp,0.1,0.9730534464790829,0.9699867515965096,0.9723301510129125,0.9452403583736568,0.9966888952479616,
TON_IoT,binary,trades,grp_learn,9,transfer_tf,0.1,0.9727556945064761,0.9697266735731025,0.9720271698132443,0.9446137504223937,0.9955692104567303,
TON_IoT,binary,trades,grp_learn,9,pgd_constrained,0.1,0.9732023224653863,0.9701167906082131,0.9724816621798904,0.9455538480200877,0.9962487910718619,1.0
TON_IoT,binary,trades,grp_learn,9,square,0.1,0.9735,0.9704712362301102,0.9728259127993796,0.9462781583140248,0.996298449612403,
TON_IoT,binary,trades,grp_learn,9,square_clean_subset,0,0.975,0.9720726234190127,0.974368201806324,0.9493282183252826,0.9979039167686659,
TON_IoT,binary,trades,grp_none,10,clean,0,0.9748399583147238,0.972957002003108,0.9742292736125981,0.9486270463969719,0.9969821621974058,
TON_IoT,binary,trades,grp_none,10,gaussian,0.1,0.9751377102873307,0.9733051914181496,0.9745366412075982,0.9492309344101486,0.9969626472900087,
TON_IoT,binary,trades,grp_none,10,fgsm,0.1,0.9726068185201727,0.9705658598693814,0.9719353272340736,0.9440675271666691,0.9950345201053353,
TON_IoT,binary,trades,grp_none,10,pgd,0.1,0.9711180586571386,0.9692654697523463,0.9704239618433796,0.940989296687413,0.9948744616421138,0.0
TON_IoT,binary,trades,grp_none,10,transfer_mlp,0.1,0.974542206342117,0.9726088125880661,0.9739218436104354,0.9480233929829679,0.9965668252007637,
TON_IoT,binary,trades,grp_none,10,transfer_tf,0.1,0.9737978264106,0.9717383390504617,0.9731529943584116,0.9465152825312236,0.9959716431642585,
TON_IoT,binary,trades,grp_none,10,pgd_constrained,0.1,0.9748399583147238,0.972957002003108,0.9742292736125981,0.9486270463969719,0.9964089853697057,1.0
TON_IoT,binary,trades,grp_none,10,square,0.1,0.976,0.9736030259395551,0.9752943828691252,0.9508387222919066,0.9949499300538648,
TON_IoT,binary,trades,grp_none,10,square_clean_subset,0,0.978,0.9758162775528287,0.977361037934668,0.9549289552559105,0.9958837417285106,
TON_IoT,binary,trades,grp_learn,10,clean,0,0.977817478040792,0.976350784761891,0.9772959862201525,0.954683827572781,0.9969681259531064,
TON_IoT,binary,trades,grp_learn,10,gaussian,0.1,0.9779663540270954,0.9767451579484987,0.9774597519864393,0.9549718962988851,0.9968577829616295,
TON_IoT,binary,trades,grp_learn,10,fgsm,0.1,0.9732023224653863,0.9716146842660041,0.9725710648668249,0.9452376466342167,0.9949568227014065,
TON_IoT,binary,trades,grp_learn,10,pgd,0.1,0.9732023224653863,0.9716146842660041,0.9725710648668249,0.9452376466342167,0.9947541121667977,0.0
TON_IoT,binary,trades,grp_learn,10,transfer_mlp,0.1,0.9737978264106,0.9722229517044528,0.9731805967586733,0.9464567716980141,0.996525893701258,
TON_IoT,binary,trades,grp_learn,10,transfer_tf,0.1,0.9739467023969034,0.9723970464119738,0.9733342120035348,0.9467598980194645,0.9956134472653774,
TON_IoT,binary,trades,grp_learn,10,pgd_constrained,0.1,0.9739467023969034,0.9723970464119738,0.9733342120035348,0.9467598980194645,0.9961408931035856,1.0
TON_IoT,binary,trades,grp_learn,10,square,0.1,0.977,0.9747906743956121,0.9763319942044257,0.9528706436813985,0.9952524829852436,
TON_IoT,binary,trades,grp_learn,10,square_clean_subset,0,0.98,0.9781915744649428,0.9794332629950928,0.9589990318979816,0.9967211467063779,
CICIoT2023,binary,trades,ft_sin,1,clean,0,0.8999321902547709,0.89941106786836,0.8832614743715272,0.7704761841780836,0.9609566377623013,
CICIoT2023,binary,trades,ft_sin,1,gaussian,0.1,0.8972198004456069,0.8959742591833948,0.8800664734238747,0.7640154716360043,0.9604294574172698,
CICIoT2023,binary,trades,ft_sin,1,fgsm,0.1,0.8782815073137654,0.8736233442578178,0.8581188962186013,0.7202284318908194,0.9463562007829214,
CICIoT2023,binary,trades,ft_sin,1,pgd,0.1,0.8779908941199264,0.8733693158541581,0.8578043482406672,0.7196335228579882,0.9460044380718284,0.0
CICIoT2023,binary,trades,ft_sin,1,transfer_mlp,0.1,0.8797830088152668,0.8751244025672539,0.8597914685822496,0.7234667464495499,0.9494178160134735,
CICIoT2023,binary,trades,ft_sin,1,transfer_tf,0.1,0.8812845103167684,0.8767238495152261,0.8614894503641,0.7267921875082073,0.9503670569893943,
CICIoT2023,binary,trades,ft_sin,1,pgd_constrained,0.1,0.8781362007168458,0.8734717328963539,0.8579555656710117,0.7199098443376628,0.9463385167736356,1.0
CICIoT2023,binary,trades,ft_sin,1,square,0.1,0.8775,0.8757043211084022,0.8596644376224176,0.7239187540631216,0.9526918067357192,
CICIoT2023,binary,trades,ft_sin,1,square_clean_subset,0,0.897,0.8987232763515093,0.8819553241013993,0.7685374713859323,0.9600928439544081,
CICIoT2023,binary,trades,ft_learn,1,clean,0,0.912525428654461,0.9103041786153216,0.8971620245123382,0.7968651526701116,0.9672477013063863,
CICIoT2023,binary,trades,ft_learn,1,gaussian,0.1,0.9070037779715199,0.8999678751877646,0.8899469798591162,0.7814347594659186,0.9653307501479357,
CICIoT2023,binary,trades,ft_learn,1,fgsm,0.1,0.8934902644580064,0.8894100095589239,0.8752695830306174,0.7536901058078915,0.9558974691610905,
CICIoT2023,binary,trades,ft_learn,1,pgd,0.1,0.8930543446672479,0.8890043697938004,0.8747862269367463,0.7527619996058807,0.9555044892803496,0.0
CICIoT2023,binary,trades,ft_learn,1,transfer_mlp,0.1,0.8970744938486874,0.8939532636897446,0.879508741875558,0.7622518427321042,0.9588494981564932,
CICIoT2023,binary,trades,ft_learn,1,transfer_tf,0.1,0.8968807517194614,0.8935707360371432,0.8792505525677166,0.7616851460636717,0.9588738563430288,
CICIoT2023,binary,trades,ft_learn,1,pgd_constrained,0.1,0.8955729923471859,0.8910747644408029,0.8775223269119523,0.7579265074534648,0.9570620817970777,1.0
CICIoT2023,binary,trades,ft_learn,1,square,0.1,0.8915,0.8933618481004203,0.8759049431864808,0.7569068211717986,0.9592459887690303,
CICIoT2023,binary,trades,ft_learn,1,square_clean_subset,0,0.908,0.910405106894594,0.8943014705882353,0.7927156976097609,0.966038721558786,
CICIoT2023,binary,trades,ft_nobias,1,clean,0,0.9081662307468759,0.9082647480540762,0.8926557637865282,0.7889017332723554,0.9649426464563704,
CICIoT2023,binary,trades,ft_nobias,1,gaussian,0.1,0.9064709871161484,0.9044625836405844,0.890337555069086,0.7836619422889823,0.9640359995903318,
CICIoT2023,binary,trades,ft_nobias,1,fgsm,0.1,0.8923762472149569,0.8901498361327325,0.8744252986830747,0.7527219475817976,0.953322204014748,
CICIoT2023,binary,trades,ft_nobias,1,pgd,0.1,0.8917950208272789,0.8895433906868769,0.8737686997802478,0.7514411326406637,0.9529652692430243,0.0
CICIoT2023,binary,trades,ft_nobias,1,transfer_mlp,0.1,0.8951370725564274,0.8938667554281032,0.8777249174401733,0.759473898037964,0.956200293595521,
CICIoT2023,binary,trades,ft_nobias,1,transfer_tf,0.1,0.8945558461687494,0.8929159497473713,0.876994715254689,0.7579189926974634,0.9565159713687468,
CICIoT2023,binary,trades,ft_nobias,1,pgd_constrained,0.1,0.8930059091349414,0.8904952546770448,0.8750691242923004,0.753862354874455,0.9541103145341163,1.0
CICIoT2023,binary,trades,ft_nobias,1,square,0.1,0.8905,0.8936075553795582,0.8750638586270545,0.7558589929577565,0.9579947900514794,
CICIoT2023,binary,trades,ft_nobias,1,square_clean_subset,0,0.905,0.9097037676706473,0.8913893474671996,0.7880853032395149,0.9640873763710706,
CICIoT2023,binary,trades,shared_none,1,clean,0,0.7956989247311828,0.6946442714734399,0.7149630337238952,0.46292835811685396,0.8751717647594337,
CICIoT2023,binary,trades,shared_none,1,gaussian,0.1,0.7817010558946043,0.6753819814283764,0.6933736324848336,0.4213700800039672,0.8668280417861532,
CICIoT2023,binary,trades,shared_none,1,fgsm,0.1,0.7279376150343893,0.6153994264645637,0.6236279017326749,0.27105075704822895,0.7772002139378215,
CICIoT2023,binary,trades,shared_none,1,pgd,0.1,0.7218347379637702,0.6089333606445446,0.6162122563805533,0.2548729857795631,0.7628698677682189,0.0
CICIoT2023,binary,trades,shared_none,1,transfer_mlp,0.1,0.7841228325099293,0.674629216168237,0.6933939004895526,0.4268069131007408,0.864168424825891,
CICIoT2023,binary,trades,shared_none,1,transfer_tf,0.1,0.7756466143562918,0.6764767854704357,0.6924539307383729,0.4090945190399663,0.8551399415084892,
CICIoT2023,binary,trades,shared_none,1,pgd_constrained,0.1,0.7337498789111693,0.6243171514406665,0.6336261624718568,0.28975606662586667,0.7875315558286676,1.0
CICIoT2023,binary,trades,shared_none,1,square,0.1,0.71,0.6018373179261352,0.6075135441662302,0.23769072851211506,0.81483749922471,
CICIoT2023,binary,trades,shared_none,1,square_clean_subset,0,0.7935,0.6978361060882925,0.7175712081284784,0.46898055815960754,0.8770855299882155,
CICIoT2023,binary,trades,shared_learn,1,clean,0,0.9025961445316284,0.8980418885702581,0.8854434235804477,0.7733236646816356,0.9629738893440758,
CICIoT2023,binary,trades,shared_learn,1,gaussian,0.1,0.9012399496270465,0.8945770858937594,0.8834664741024332,0.7688578996263661,0.962517786426328,
CICIoT2023,binary,trades,shared_learn,1,fgsm,0.1,0.8816235590429139,0.8708627270244436,0.8603384953421112,0.7225614703540378,0.949204686148664,
CICIoT2023,binary,trades,shared_learn,1,pgd,0.1,0.8813813813813813,0.870544448996313,0.8600465273801438,0.7219705018770126,0.9489163480358688,0.0
CICIoT2023,binary,trades,shared_learn,1,transfer_mlp,0.1,0.8857890148212729,0.8763567868359962,0.8653609442942802,0.7327348895342657,0.9530000910373708,
CICIoT2023,binary,trades,shared_learn,1,transfer_tf,0.1,0.8858858858858859,0.8763758705448587,0.865451195953078,0.732889684467194,0.9531837475533705,
CICIoT2023,binary,trades,shared_learn,1,pgd_constrained,0.1,0.8815751235106074,0.8707793936911101,0.8602751161471831,0.72242826919663,0.9493275581501206,1.0
CICIoT2023,binary,trades,shared_learn,1,square,0.1,0.881,0.8753238326518733,0.8625935864690477,0.7281108707540824,0.9563046579420702,
CICIoT2023,binary,trades,shared_learn,1,square_clean_subset,0,0.903,0.9025233899016694,0.8881849536140467,0.7797295721764647,0.963376495116866,
CICIoT2023,binary,trades,ft_sin,2,clean,0,0.8964932674610094,0.8902967704492695,0.8781905899507988,0.7586953508820214,0.9602326118621693,
CICIoT2023,binary,trades,ft_sin,2,gaussian,0.1,0.8954761212825729,0.8873661067868359,0.8766157526633083,0.7550817808321618,0.9597957974873685,
CICIoT2023,binary,trades,ft_sin,2,fgsm,0.1,0.8788627337014434,0.8684248600300424,0.8573162588759624,0.7167475521532174,0.947694876871956,
CICIoT2023,binary,trades,ft_sin,2,pgd,0.1,0.8781362007168458,0.8676668032227229,0.8564923041805746,0.7151304607736195,0.9473264941508488,0.0
CICIoT2023,binary,trades,ft_sin,2,transfer_mlp,0.1,0.8816719945752204,0.8721759183394784,0.8607115865290038,0.7236422710791564,0.9510098604852292,
CICIoT2023,binary,trades,ft_sin,2,transfer_tf,0.1,0.8825438341567374,0.8728396149119213,0.8616398390709874,0.7253939975650961,0.9508261982793937,
CICIoT2023,binary,trades,ft_sin,2,pgd_constrained,0.1,0.8785236849752979,0.8681858869315855,0.8569612807211118,0.7160831664420636,0.9476553837225181,1.0
CICIoT2023,binary,trades,ft_sin,2,square,0.1,0.872,0.856485154465681,0.8491773685928365,0.6993674551830853,0.948075489842529,
CICIoT2023,binary,trades,ft_sin,2,square_clean_subset,0,0.8905,0.8799555235004207,0.8712700269892087,0.743841964907788,0.9560187522538766,
CICIoT2023,binary,trades,ft_learn,2,clean,0,0.9111207982175724,0.9093141472074286,0.8956436667402446,0.7940428349377007,0.9678955801356457,
CICIoT2023,binary,trades,ft_learn,2,gaussian,0.1,0.9085537150053279,0.902437764577359,0.8918981148558236,0.7854841828813028,0.96648895602895,
CICIoT2023,binary,trades,ft_learn,2,fgsm,0.1,0.8944105395718299,0.8904030110610406,0.8763204689065032,0.7557558285102419,0.9567484011561747,
CICIoT2023,binary,trades,ft_learn,2,pgd,0.1,0.8939746197810714,0.8899973712959169,0.8758367972960535,0.7548269248901828,0.9563657540170241,0.0
CICIoT2023,binary,trades,ft_learn,2,transfer_mlp,0.1,0.8976072847040589,0.8949683189949474,0.880210189768961,0.7637824914655713,0.9595583663343803,
CICIoT2023,binary,trades,ft_learn,2,transfer_tf,0.1,0.8980432044948174,0.895472347398607,0.8807150226416591,0.7647860199841892,0.9593966384450815,
CICIoT2023,binary,trades,ft_learn,2,pgd_constrained,0.1,0.8960573476702509,0.8921048750512086,0.878185933645619,0.7593981474726219,0.9574369736901998,1.0
CICIoT2023,binary,trades,ft_learn,2,square,0.1,0.8915,0.88312898184878,0.8729052426587404,0.7475858254710794,0.9612994350282487,
CICIoT2023,binary,trades,ft_learn,2,square_clean_subset,0,0.9085,0.905042673398245,0.8931049478682176,0.7884422153621016,0.9670188724606323,
CICIoT2023,binary,trades,ft_nobias,2,clean,0,0.9063256805192289,0.9058359961764304,0.8904666141695391,0.7844438744159159,0.9660286483226364,
CICIoT2023,binary,trades,ft_nobias,2,gaussian,0.1,0.9059381962607769,0.9035951112931859,0.8896695759089497,0.7822519491897103,0.9654091788429149,
CICIoT2023,binary,trades,ft_nobias,2,fgsm,0.1,0.891601278698053,0.8888165027993992,0.8734344418498019,0.7505936259471818,0.9550182643725249,
CICIoT2023,binary,trades,ft_nobias,2,pgd,0.1,0.8914075365688269,0.8886799467431381,0.8732299536059137,0.7502187599590467,0.9547007374027037,0.0
CICIoT2023,binary,trades,ft_nobias,2,transfer_mlp,0.1,0.8940714908456844,0.8918366448176976,0.8763239429588832,0.756395825739734,0.9581334835449952,
CICIoT2023,binary,trades,ft_nobias,2,transfer_tf,0.1,0.8942652329749103,0.8919732008739587,0.8765289796301499,0.7567717583033595,0.9579760230324549,
CICIoT2023,binary,trades,ft_nobias,2,pgd_constrained,0.1,0.8922793761503439,0.8894420319541172,0.874183029746319,0.7520246519852964,0.9556236173699302,1.0
CICIoT2023,binary,trades,ft_nobias,2,square,0.1,0.8895,0.8817105421324678,0.8707934422702469,0.7436176501369168,0.9591573506431061,
CICIoT2023,binary,trades,ft_nobias,2,square_clean_subset,0,0.9025,0.8968445726649837,0.8858925441310586,0.7737220331324288,0.964993388628441,
CICIoT2023,binary,trades,shared_none,2,clean,0,0.8056766443863218,0.7042842072920934,0.7269104990791511,0.4911920622374319,0.8848822829896672,
CICIoT2023,binary,trades,shared_none,2,gaussian,0.1,0.7948270851496658,0.6889135600163867,0.709745568306293,0.45888348127035294,0.8766271450680505,
CICIoT2023,binary,trades,shared_none,2,fgsm,0.1,0.7303593916497142,0.6101207838317629,0.6178346097812029,0.26826488196360454,0.7834398868860668,
CICIoT2023,binary,trades,shared_none,2,pgd,0.1,0.7192676547515258,0.5963504369793801,0.6017281845029863,0.23507456298075374,0.7700746108152396,0.0
CICIoT2023,binary,trades,shared_none,2,transfer_mlp,0.1,0.7929865349220188,0.6831395944285129,0.7039584227084227,0.45249924524695995,0.8686886237425464,
CICIoT2023,binary,trades,shared_none,2,transfer_tf,0.1,0.7974426038942168,0.6934627543356547,0.7146284391108955,0.46694669523354493,0.8782415619736903,
CICIoT2023,binary,trades,shared_none,2,pgd_constrained,0.1,0.7357357357357357,0.6191248122354227,0.628239295601225,0.2868778762849924,0.7920085916518731,1.0
CICIoT2023,binary,trades,shared_none,2,square,0.1,0.709,0.5905637696838563,0.594729534189647,0.21788403325953667,0.809834114677245,
CICIoT2023,binary,trades,shared_none,2,square_clean_subset,0,0.7975,0.698178867652362,0.7190183959696832,0.474120515752964,0.8790888327924029,
CICIoT2023,binary,trades,shared_learn,2,clean,0,0.9004165455778359,0.8905531203058856,0.8818411591899851,0.7648900490368596,0.9631456825526877,
CICIoT2023,binary,trades,shared_learn,2,gaussian,0.1,0.8997868836578514,0.8888302608220675,0.8808818266026164,0.7627772294212012,0.9628969627657153,
CICIoT2023,binary,trades,shared_learn,2,fgsm,0.1,0.8834641092705608,0.8695527106377168,0.8616129245243859,0.7243122592216625,0.9515138718193817,
CICIoT2023,binary,trades,shared_learn,2,pgd,0.1,0.8832219316090284,0.8693328212481224,0.86134434782708,0.7237892270139105,0.9512364411215805,0.0
CICIoT2023,binary,trades,shared_learn,2,transfer_mlp,0.1,0.8869030320643224,0.8739443534070737,0.8657518652689292,0.7326404553432516,0.9550251263143521,
CICIoT2023,binary,trades,shared_learn,2,transfer_tf,0.1,0.8872420807904678,0.874626075378943,0.8662214422165966,0.7336354356758069,0.9550940643634213,
CICIoT2023,binary,trades,shared_learn,2,pgd_constrained,0.1,0.8834641092705608,0.869651099276253,0.8616382169154203,0.7243822750996952,0.951539242796668,1.0
CICIoT2023,binary,trades,shared_learn,2,square,0.1,0.8775,0.8574287774972953,0.8540971456935283,0.7084070298232704,0.9550270465200144,
CICIoT2023,binary,trades,shared_learn,2,square_clean_subset,0,0.9,0.8842288736626999,0.8808387521910774,0.7618757460502235,0.9623644668830389,
CICIoT2023,binary,trades,ft_sin,3,clean,0,0.8961057832025574,0.8907615731257681,0.8779390685844747,0.7584654094886918,0.9607286801857162,
CICIoT2023,binary,trades,ft_sin,3,gaussian,0.1,0.8950402014918144,0.8891742113887751,0.8766221074677942,0.7557390241793331,0.9602895784969729,
CICIoT2023,binary,trades,ft_sin,3,fgsm,0.1,0.8716942749200813,0.8624375938822887,0.8496012780402795,0.7020752682088224,0.9452356331649141,
CICIoT2023,binary,trades,ft_sin,3,pgd,0.1,0.8715974038554684,0.8623693158541581,0.8495008247716334,0.7018892266860696,0.9450929434657926,0.0
CICIoT2023,binary,trades,ft_sin,3,transfer_mlp,0.1,0.8746488423907779,0.8664386521917247,0.8531731071238671,0.7093647829013113,0.9486095464062998,
CICIoT2023,binary,trades,ft_sin,3,transfer_tf,0.1,0.8754722464399883,0.8670682097501023,0.8540424822662653,0.7109907230286341,0.9485864399836132,
CICIoT2023,binary,trades,ft_sin,3,pgd_constrained,0.1,0.8717427104523878,0.862520927215622,0.8496645960117668,0.7022097857462476,0.9454087862442533,1.0
CICIoT2023,binary,trades,ft_sin,3,square,0.1,0.8735,0.8689196492913764,0.8494763950132065,0.7044749901525545,0.9543848586756345,
CICIoT2023,binary,trades,ft_sin,3,square_clean_subset,0,0.902,0.9014933141164225,0.8827716139836718,0.7701285786210623,0.9626133497477781,
CICIoT2023,binary,trades,ft_learn,3,clean,0,0.9085537150053279,0.9066684760344121,0.8927187379276528,0.7883303424172649,0.9656145591515316,
CICIoT2023,binary,trades,ft_learn,3,gaussian,0.1,0.9058413251961639,0.9003783968318995,0.8889405363285798,0.7798789496035591,0.9639547658063636,
CICIoT2023,binary,trades,ft_learn,3,fgsm,0.1,0.8929090380703284,0.8896398675406254,0.8747947198340398,0.7530534428339195,0.954706962082935,
CICIoT2023,binary,trades,ft_learn,3,pgd,0.1,0.8923762472149569,0.8891659497473713,0.8742097233433946,0.7519402807926264,0.954316081751559,0.0
CICIoT2023,binary,trades,ft_learn,3,transfer_mlp,0.1,0.8945074106364429,0.8918487300286768,0.8767218318727799,0.7570106761295634,0.9572213573671993,
CICIoT2023,binary,trades,ft_learn,3,transfer_tf,0.1,0.8950402014918144,0.892421036460467,0.8773286219503309,0.7582013420101653,0.957157255678456,
CICIoT2023,binary,trades,ft_learn,3,pgd_constrained,0.1,0.8939261842487649,0.8905043697938003,0.8759036497606549,0.7551501883702149,0.9553145682552687,1.0
CICIoT2023,binary,trades,ft_learn,3,square,0.1,0.8975,0.8978250860757466,0.8778012935776234,0.7608980584870999,0.9605427776443269,
CICIoT2023,binary,trades,ft_learn,3,square_clean_subset,0,0.9145,0.9157308431419648,0.8974750994896239,0.7991162263199605,0.9666468992713588,
CICIoT2023,binary,trades,ft_nobias,3,clean,0,0.904485130291582,0.9025217465519596,0.8881016563552169,0.7793345240317375,0.9643625221903591,
CICIoT2023,binary,trades,ft_nobias,3,gaussian,0.1,0.9034679841131454,0.8998370544858665,0.8866184656769134,0.775899299843486,0.9634501627293004,
CICIoT2023,binary,trades,ft_nobias,3,fgsm,0.1,0.8891795020827279,0.8853877509217534,0.8704956617653445,0.7445287416804378,0.9531236116800947,
CICIoT2023,binary,trades,ft_nobias,3,pgd,0.1,0.8889373244211954,0.8850694728936228,0.87020707282884,0.7439416631708609,0.9527441736082661,0.0
CICIoT2023,binary,trades,ft_nobias,3,transfer_mlp,0.1,0.8913591010365204,0.8881046702171241,0.8730591028726268,0.7496935503381722,0.9562328337657611,
CICIoT2023,binary,trades,ft_nobias,3,transfer_tf,0.1,0.8914559721011334,0.8883697255223268,0.8732049737914562,0.7500377475897728,0.9561005507760936,
CICIoT2023,binary,trades,ft_nobias,3,pgd_constrained,0.1,0.8897607284704059,0.8857974190905367,0.8711083242816234,0.7456551529581447,0.9536273499021348,1.0
CICIoT2023,binary,trades,ft_nobias,3,square,0.1,0.891,0.8910941628633198,0.8703614062338323,0.7465202399496393,0.9583846284730563,
CICIoT2023,binary,trades,ft_nobias,3,square_clean_subset,0,0.9055,0.9055919208903835,0.886903517031343,0.778315119201002,0.9643473756906078,
CICIoT2023,binary,trades,shared_none,3,clean,0,0.7979753947495883,0.7009714597842415,0.7210295253860122,0.4707893564529627,0.8780786847375848,
CICIoT2023,binary,trades,shared_none,3,gaussian,0.1,0.7890148212728858,0.6898346988938959,0.7084306722689075,0.4451999166962877,0.8713690655013884,
CICIoT2023,binary,trades,shared_none,3,fgsm,0.1,0.7256127094836772,0.6131212276389457,0.6209992701002337,0.2651021870892384,0.776000796576995,
CICIoT2023,binary,trades,shared_none,3,pgd,0.1,0.7180567664438632,0.6044995220538031,0.6111632824488857,0.24435058583619504,0.7663265567390414,0.0
CICIoT2023,binary,trades,shared_none,3,transfer_mlp,0.1,0.7946333430204398,0.6937948245254677,0.7138465429720515,0.4600220382104813,0.8592773737994447,
CICIoT2023,binary,trades,shared_none,3,transfer_tf,0.1,0.7775840356485518,0.6797117301652328,0.6958646870862693,0.4151345393078593,0.8593277288451909,
CICIoT2023,binary,trades,shared_none,3,pgd_constrained,0.1,0.7383996900125932,0.6333994264645637,0.6434801207389791,0.3067066567659567,0.7861787234284674,1.0
CICIoT2023,binary,trades,shared_none,3,square,0.1,0.728,0.6075746657058211,0.6154493234311534,0.248729474219916,0.8249296881255506,
CICIoT2023,binary,trades,shared_none,3,square_clean_subset,0,0.812,0.7137881335575307,0.7350168222033351,0.4922352905325221,0.887101899671711,
CICIoT2023,binary,trades,shared_learn,3,clean,0,0.8900029061319384,0.8906907688105967,0.8724072682205992,0.7500066070998648,0.9557973621921798,
CICIoT2023,binary,trades,shared_learn,3,gaussian,0.1,0.8874358229196939,0.8855361873549092,0.8689732844279259,0.7423014493047839,0.9544272782102052,
CICIoT2023,binary,trades,shared_learn,3,fgsm,0.1,0.8709677419354839,0.8695998224771269,0.8508286839692298,0.7075363128709234,0.9411485957485548,
CICIoT2023,binary,trades,shared_learn,3,pgd,0.1,0.8703380800154994,0.8690084323364742,0.8501438908268844,0.7062362190498589,0.9405394476307524,0.0
CICIoT2023,binary,trades,shared_learn,3,transfer_mlp,0.1,0.8754722464399883,0.874201386043971,0.8558281242880901,0.7172042704167498,0.9465192259547545,
CICIoT2023,binary,trades,shared_learn,3,transfer_tf,0.1,0.8764409570861184,0.8754744981564933,0.8569733261578776,0.7195452173422531,0.9469114718466931,
CICIoT2023,binary,trades,shared_learn,3,pgd_constrained,0.1,0.8722755013077593,0.8707675474532295,0.8522370748576829,0.7101836288614382,0.9423180276753607,1.0
CICIoT2023,binary,trades,shared_learn,3,square,0.1,0.8755,0.8775872768035872,0.8533685916112113,0.7149528747824873,0.949729511970534,
CICIoT2023,binary,trades,shared_learn,3,square_clean_subset,0,0.8915,0.8964839058371368,0.8719778740008596,0.7518503164027747,0.9571410341100168,
CICIoT2023,binary,trades,ft_sin,4,clean,0,0.9009493364332074,0.8985045746278848,0.8840147393146925,0.7712337004238944,0.9626275888752331,
CICIoT2023,binary,trades,ft_sin,4,gaussian,0.1,0.901288385159353,0.8981040215758569,0.8842458407174847,0.7714309047944449,0.9623915403523146,
CICIoT2023,binary,trades,ft_sin,4,fgsm,0.1,0.8821563498982854,0.8755181619554827,0.8619608446242115,0.7269689125111155,0.9495343722973281,
CICIoT2023,binary,trades,ft_sin,4,pgd,0.1,0.8818657367044463,0.875214939232555,0.8616324369925776,0.726326563681894,0.9493497541990987,0.0
CICIoT2023,binary,trades,ft_sin,4,transfer_mlp,0.1,0.8841906422551584,0.8781326642086577,0.8643790691342457,0.7318631794279002,0.9525488529291274,
CICIoT2023,binary,trades,ft_sin,4,transfer_tf,0.1,0.8853530950305144,0.8793455551003687,0.8656937733301162,0.7344343871622564,0.9526087555191405,
CICIoT2023,binary,trades,ft_sin,4,pgd_constrained,0.1,0.8823500920275114,0.8759498839273522,0.8622355998999454,0.7275831662057335,0.9497641790705085,1.0
CICIoT2023,binary,trades,ft_sin,4,square,0.1,0.886,0.8791958859280038,0.8698772737234275,0.741500861462761,0.9574474053295933,
CICIoT2023,binary,trades,ft_sin,4,square_clean_subset,0,0.9095,0.9077723235156615,0.896907187135384,0.7959525450294012,0.9644682094436653,
CICIoT2023,binary,trades,ft_learn,4,clean,0,0.9117504601375569,0.9105450634985661,0.8964690362839954,0.7958451405959376,0.9678508694068915,
CICIoT2023,binary,trades,ft_learn,4,gaussian,0.1,0.9084568439407149,0.9032057899767856,0.8919580433405156,0.7858303198098338,0.9664008603031544,
CICIoT2023,binary,trades,ft_learn,4,fgsm,0.1,0.8963963963963963,0.893721289089171,0.8788406326166066,0.7611130390472591,0.9569741340070099,
CICIoT2023,binary,trades,ft_learn,4,pgd,0.1,0.8959604766056379,0.8933156493240475,0.8783570652710576,0.7601861136057261,0.9564974111247667,0.0
CICIoT2023,binary,trades,ft_learn,4,transfer_mlp,0.1,0.8988181730117214,0.8971008466475487,0.8817644530842055,0.7671285563893971,0.9595834357503755,
CICIoT2023,binary,trades,ft_learn,4,transfer_tf,0.1,0.8988666085440279,0.8971349856616141,0.8818159710515906,0.7672231679515752,0.9595048648095044,
CICIoT2023,binary,trades,ft_learn,4,pgd_constrained,0.1,0.8976557202363654,0.8947564864126725,0.8802099052065583,0.763690229655585,0.9576634177704948,1.0
CICIoT2023,binary,trades,ft_learn,4,square,0.1,0.9065,0.9033777466105657,0.8933193678687634,0.7885024783873056,0.9640988779803648,
CICIoT2023,binary,trades,ft_learn,4,square_clean_subset,0,0.919,0.9173211781206172,0.9074699191561257,0.8166464867675263,0.970447639083684,
CICIoT2023,binary,trades,ft_nobias,4,clean,0,0.9096677322483774,0.908732725658883,0.8941594286883641,0.7914504054798587,0.9660184805862806,
CICIoT2023,binary,trades,ft_nobias,4,gaussian,0.1,0.9070037779715199,0.9042477809640858,0.8907953691439352,0.7843058510016261,0.9651726353042924,
CICIoT2023,binary,trades,ft_nobias,4,fgsm,0.1,0.8915044076334399,0.8886990304520006,0.8733213358997125,0.750366850605735,0.9548096749965862,
CICIoT2023,binary,trades,ft_nobias,4,pgd,0.1,0.8914075365688269,0.88863075242387,0.8732190940973252,0.750179402562213,0.9545028733670171,0.0
CICIoT2023,binary,trades,ft_nobias,4,transfer_mlp,0.1,0.8950402014918144,0.8930605626109518,0.8774654524722663,0.7587022069499464,0.9581218136920207,
CICIoT2023,binary,trades,ft_nobias,4,transfer_tf,0.1,0.8947495882979754,0.8928557285265601,0.8771577338937344,0.7581384269079939,0.9580479653147617,
CICIoT2023,binary,trades,ft_nobias,4,pgd_constrained,0.1,0.8925699893441829,0.8895484773999727,0.8744685638639886,0.7525106132542656,0.9555415642496246,1.0
CICIoT2023,binary,trades,ft_nobias,4,square,0.1,0.8955,0.8909654043945769,0.8808641283885676,0.7636905507844739,0.9617508181393175,
CICIoT2023,binary,trades,ft_nobias,4,square_clean_subset,0,0.914,0.911921458625526,0.9018372415808313,0.8054942781837489,0.9675292192613371,
CICIoT2023,binary,trades,shared_none,4,clean,0,0.7961832800542478,0.6938049979516592,0.7144443392654298,0.4638393784025688,0.8772682814420321,
CICIoT2023,binary,trades,shared_none,4,gaussian,0.1,0.7784558752300688,0.6678800696435887,0.6854629105594352,0.41007094777406355,0.8679709875278802,
CICIoT2023,binary,trades,shared_none,4,fgsm,0.1,0.7368497529787852,0.6235503891847604,0.6331479082181443,0.29349784940787643,0.7783315808639446,
CICIoT2023,binary,trades,shared_none,4,pgd,0.1,0.7306984403758597,0.6168534070736037,0.6254051005996559,0.2766763592683166,0.7637482304611043,0.0
CICIoT2023,binary,trades,shared_none,4,transfer_mlp,0.1,0.7859633827375763,0.6752377782329646,0.6944944788423686,0.43166805211695836,0.8586483852246347,
CICIoT2023,binary,trades,shared_none,4,transfer_tf,0.1,0.7668313474765087,0.6615068960808411,0.676450155673327,0.381040874037852,0.8532925087623469,
CICIoT2023,binary,trades,shared_none,4,pgd_constrained,0.1,0.7398043204494817,0.6291748600300423,0.6394076196847318,0.3041903801458397,0.784564847057217,1.0
CICIoT2023,binary,trades,shared_none,4,square,0.1,0.7165,0.6071411874707807,0.6122587772611314,0.2629138863163598,0.8173205937353905,
CICIoT2023,binary,trades,shared_none,4,square_clean_subset,0,0.7835,0.685892940626461,0.7043132367628104,0.4551135172079016,0.8836395511921459,
CICIoT2023,binary,trades,shared_learn,4,clean,0,0.8956214278794924,0.8913548750512086,0.8776271453531537,0.7582070287538479,0.9585708725931994,
CICIoT2023,binary,trades,shared_learn,4,gaussian,0.1,0.8951855080887339,0.8908016523282807,0.8771107232066384,0.7571642835953404,0.9583263575947927,
CICIoT2023,binary,trades,shared_learn,4,fgsm,0.1,0.8755691175046014,0.8687107059948109,0.8545468282144069,0.7124970019488795,0.9445525570121536,
CICIoT2023,binary,trades,shared_learn,4,pgd,0.1,0.8750847621815364,0.8681233442578178,0.8539806422596168,0.7113619834374482,0.9441743422549956,0.0
CICIoT2023,binary,trades,shared_learn,4,transfer_mlp,0.1,0.8807517194613969,0.8748232964631981,0.8605629803957628,0.7244991614078335,0.9499883472165324,
CICIoT2023,binary,trades,shared_learn,4,transfer_tf,0.1,0.8823500920275114,0.8764910214393009,0.8623666586054858,0.7280239801349184,0.9501843279166098,
CICIoT2023,binary,trades,shared_learn,4,pgd_constrained,0.1,0.8758112951661339,0.8689797897036733,0.8548236710341999,0.7130436932282349,0.9448904877327144,1.0
CICIoT2023,binary,trades,shared_learn,4,square,0.1,0.8805,0.8729897148200094,0.8636541653509864,0.7291014861870623,0.952778167367929,
CICIoT2023,binary,trades,shared_learn,4,square_clean_subset,0,0.8985,0.8931393174380552,0.8840050043555263,0.7696067522406387,0.9604990649836374,
CICIoT2023,binary,trades,ft_sin,5,clean,0,0.8961542187348639,0.8936489826573808,0.8786045049521547,0.7607162567222903,0.9596960831171195,
CICIoT2023,binary,trades,ft_sin,5,gaussian,0.1,0.8967354451225419,0.8937634849105558,0.8791588937757867,0.7616251136748673,0.9592380627247485,
CICIoT2023,binary,trades,ft_sin,5,fgsm,0.1,0.8704833866124189,0.8620760617233374,0.8484777897077587,0.7001760476050495,0.9434815307933907,
CICIoT2023,binary,trades,ft_sin,5,pgd,0.1,0.8702896444831929,0.8618411170285403,0.8482511297073215,0.6997217158631885,0.9432902555874186,0.0
CICIoT2023,binary,trades,ft_sin,5,transfer_mlp,0.1,0.8757628596338274,0.8682569302198553,0.8545977243629377,0.7123706419741622,0.9479428740497973,
CICIoT2023,binary,trades,ft_sin,5,transfer_tf,0.1,0.8740676160030999,0.8663241499385498,0.8526455368674226,0.7084978717793577,0.9473737140971368,
CICIoT2023,binary,trades,ft_sin,5,pgd_constrained,0.1,0.8706771287416448,0.8623110064181347,0.8487044497081959,0.7006303793469103,0.9436201010514815,1.0
CICIoT2023,binary,trades,ft_sin,5,square,0.1,0.8625,0.8543746160933661,0.8408947385625736,0.6852215794910809,0.9473723990325553,
CICIoT2023,binary,trades,ft_sin,5,square_clean_subset,0,0.894,0.8943680896805897,0.8778103616813294,0.7600681272817859,0.9569928593366095,
CICIoT2023,binary,trades,ft_learn,5,clean,0,0.9096192967160709,0.9061896763621466,0.8936329413050987,0.7896207099116863,0.9659672948245255,
CICIoT2023,binary,trades,ft_learn,5,gaussian,0.1,0.9048241790177274,0.8969065956575174,0.8872810400238316,0.7760003064470993,0.9638039794710729,
CICIoT2023,binary,trades,ft_learn,5,fgsm,0.1,0.8927637314734089,0.886634985661614,0.8739960327072908,0.7505436672758564,0.9550284719377305,
CICIoT2023,binary,trades,ft_learn,5,pgd,0.1,0.8922793761503439,0.8862444012016932,0.8734713528555405,0.7495514310461404,0.954649756475033,0.0
CICIoT2023,binary,trades,ft_learn,5,transfer_mlp,0.1,0.8959604766056379,0.8911019049569848,0.8778808040243846,0.7585062579959637,0.9578183861350085,
CICIoT2023,binary,trades,ft_learn,5,transfer_tf,0.1,0.8963963963963963,0.8916059333606445,0.8783871556762454,0.7595132082366675,0.9577832684692067,
CICIoT2023,binary,trades,ft_learn,5,pgd_constrained,0.1,0.8939261842487649,0.887651099276253,0.8752741763289853,0.7529881363950017,0.9556471050116072,1.0
CICIoT2023,binary,trades,ft_learn,5,square,0.1,0.8805,0.8740114404176904,0.8612471788619656,0.7253616579413172,0.9560834804975429,
CICIoT2023,binary,trades,ft_learn,5,square_clean_subset,0,0.904,0.9029388052825553,0.8886774533575923,0.7805778824720876,0.9637724105497543,
CICIoT2023,binary,trades,ft_nobias,5,clean,0,0.9064225515838419,0.9028542264099413,0.8899775948360087,0.7824577868635896,0.9640932051982337,
CICIoT2023,binary,trades,ft_nobias,5,gaussian,0.1,0.9031289353869999,0.8970891711047385,0.885741292519115,0.7734720157494722,0.9629982361509398,
CICIoT2023,binary,trades,ft_nobias,5,fgsm,0.1,0.8895185508088734,0.8825274819063226,0.870142955669333,0.7427734962081022,0.9528417998088214,
CICIoT2023,binary,trades,ft_nobias,5,pgd,0.1,0.8890341954858084,0.8821368974464018,0.8696195080168135,0.7417829054828656,0.9524715451317766,0.0
CICIoT2023,binary,trades,ft_nobias,5,transfer_mlp,0.1,0.8928606025380219,0.8873427898402294,0.8742422432504371,0.7512157991553201,0.9558622092493968,
CICIoT2023,binary,trades,ft_nobias,5,transfer_tf,0.1,0.8932965223287804,0.8876992352860849,0.8747155301519123,0.7521113110554961,0.9559685408985389,
CICIoT2023,binary,trades,ft_nobias,5,pgd_constrained,0.1,0.8899544705996318,0.8831298989485183,0.8706723852019582,0.7438558642962947,0.9532878658564341,1.0
CICIoT2023,binary,trades,ft_nobias,5,square,0.1,0.883,0.8801923372235873,0.8649029379569629,0.7338008243716493,0.9546522285780098,
CICIoT2023,binary,trades,ft_nobias,5,square_clean_subset,0,0.903,0.90320753992629,0.8878062772966171,0.7793582681231505,0.9620208365325553,
CICIoT2023,binary,trades,shared_none,5,clean,0,0.7965223287803933,0.7068344940598116,0.7249279808994502,0.470254452704085,0.8793653272793482,
CICIoT2023,binary,trades,shared_none,5,gaussian,0.1,0.7908069359682263,0.699313293732077,0.7167469115297846,0.4541528272756904,0.8734169511584505,
CICIoT2023,binary,trades,shared_none,5,fgsm,0.1,0.7309890535696987,0.6294060152942783,0.6383341989670329,0.29202424471064753,0.783358783968319,
CICIoT2023,binary,trades,shared_none,5,pgd,0.1,0.7261455003390487,0.6233848149665437,0.6316766719450245,0.2785849809474134,0.770339301970959,0.0
CICIoT2023,binary,trades,shared_none,5,transfer_mlp,0.1,0.7960864089896348,0.7043626928854295,0.7228705146120823,0.46804525238985345,0.8684893201784332,
CICIoT2023,binary,trades,shared_none,5,transfer_tf,0.1,0.7854305918822048,0.6931133415266968,0.7097201364295155,0.43950045167903656,0.8646764418043607,
CICIoT2023,binary,trades,shared_none,5,pgd_constrained,0.1,0.7351545093480577,0.6343097432746142,0.6437934280501227,0.3032518813709455,0.7906396968455551,1.0
CICIoT2023,binary,trades,shared_none,5,square,0.1,0.7275,0.6297604422604423,0.6383484668463423,0.29214322007953014,0.820082156019656,
CICIoT2023,binary,trades,shared_none,5,square_clean_subset,0,0.794,0.710764742014742,0.7275002513347196,0.472429435250215,0.8798708154176904,
CICIoT2023,binary,trades,shared_learn,5,clean,0,0.8984791242855759,0.8945497405434931,0.8809204073661991,0.7647201240954498,0.9609854226409942,
CICIoT2023,binary,trades,shared_learn,5,gaussian,0.1,0.8979463334302044,0.893239519322682,0.8801540405680122,0.7629777214588219,0.9606323569575311,
CICIoT2023,binary,trades,shared_learn,5,fgsm,0.1,0.8761987794245859,0.8672359347262051,0.8547103986568613,0.7121100999498131,0.946773060904001,
CICIoT2023,binary,trades,shared_learn,5,pgd,0.1,0.8760534728276663,0.8670843233647412,0.854546229912791,0.7117885729144221,0.9464518583003324,0.0
CICIoT2023,binary,trades,shared_learn,5,transfer_mlp,0.1,0.8791533468952824,0.8704990782466202,0.8580970757688223,0.7187999827052367,0.9510629466521007,
CICIoT2023,binary,trades,shared_learn,5,transfer_tf,0.1,0.8795892666860409,0.8711998839273521,0.858652285315203,0.7199639246570447,0.951094439892576,
CICIoT2023,binary,trades,shared_learn,5,pgd_constrained,0.1,0.8763925215538119,0.8675200737402704,0.8549504506968775,0.7126059491065567,0.9470649380945877,1.0
CICIoT2023,binary,trades,shared_learn,5,square,0.1,0.8645,0.8553055896805897,0.8428051906770136,0.6885615392514964,0.9516985469133907,
CICIoT2023,binary,trades,shared_learn,5,square_clean_subset,0,0.894,0.8948575706388207,0.877912675313367,0.7604711680322799,0.959926145961302,
CICIoT2023,binary,trades,ft_sin,6,clean,0,0.8999321902547709,0.9000505940188448,0.8833907349423499,0.7709746878122761,0.9617063362010104,
CICIoT2023,binary,trades,ft_sin,6,gaussian,0.1,0.8983338176886564,0.8965134849105558,0.8811984619548814,0.7659938774654367,0.9614260662752061,
CICIoT2023,binary,trades,ft_sin,6,fgsm,0.1,0.8765378281507313,0.8705249556192817,0.8558402887374712,0.7153091164037764,0.9466983306022122,
CICIoT2023,binary,trades,ft_sin,6,pgd,0.1,0.8763440860215054,0.8703392052437526,0.8556264409574891,0.7148974774538316,0.9464748509263051,0.0
CICIoT2023,binary,trades,ft_sin,6,transfer_mlp,0.1,0.8818657367044463,0.8774286835996177,0.8621675925899797,0.7281519843638737,0.9502744662934134,
CICIoT2023,binary,trades,ft_sin,6,transfer_tf,0.1,0.8815751235106074,0.8767319063225454,0.8617457458674163,0.7271839404511443,0.9503528153306933,
CICIoT2023,binary,trades,ft_sin,6,pgd_constrained,0.1,0.8764893926184248,0.8704908166052164,0.8557899136358333,0.7152166726814958,0.9468270062360599,1.0
CICIoT2023,binary,trades,ft_sin,6,square,0.1,0.8725,0.8642690990123687,0.8499724214009928,0.7033501218889231,0.947437094086429,
CICIoT2023,binary,trades,ft_sin,6,square_clean_subset,0,0.8895,0.8865995377044533,0.8703294775422097,0.7447085566236636,0.9550703461352386,
CICIoT2023,binary,trades,ft_learn,6,clean,0,0.9097161677806839,0.9092096135463608,0.8942941698415287,0.7918611482806472,0.9668284400746506,
CICIoT2023,binary,trades,ft_learn,6,gaussian,0.1,0.9064225515838419,0.9010832309162911,0.8896260885734653,0.7812518640008634,0.9651382800764715,
CICIoT2023,binary,trades,ft_learn,6,fgsm,0.1,0.891601278698053,0.8885213368837908,0.8733692759070675,0.7503584971281031,0.9558620556238338,
CICIoT2023,binary,trades,ft_learn,6,pgd,0.1,0.8912137944396009,0.8881498361327325,0.8729384374146729,0.7495293817444403,0.9555935750375529,0.0
CICIoT2023,binary,trades,ft_learn,6,transfer_mlp,0.1,0.8958151700087184,0.8941971186672129,0.8784118231460122,0.7606708244656677,0.9585887955755837,
CICIoT2023,binary,trades,ft_learn,6,transfer_tf,0.1,0.8960089121379444,0.8940877031271337,0.8785651485414254,0.7608541690000697,0.9586840035959762,
CICIoT2023,binary,trades,ft_learn,6,pgd_constrained,0.1,0.8931027801995544,0.8899732008739587,0.8750427597778108,0.7535846720626936,0.9565892735217808,1.0
CICIoT2023,binary,trades,ft_learn,6,square,0.1,0.891,0.8855696350992763,0.8714471046113929,0.7459727064944763,0.9554857279688806,
CICIoT2023,binary,trades,ft_learn,6,square_clean_subset,0,0.908,0.9063387267813772,0.8914966387545701,0.7861552678871534,0.961907042432476,
CICIoT2023,binary,trades,ft_nobias,6,clean,0,0.9039523394362105,0.9053930424689336,0.8881656546816055,0.7807310748627252,0.9632043504483592,
CICIoT2023,binary,trades,ft_nobias,6,gaussian,0.1,0.9019180470793374,0.9016962651918612,0.8855537181444175,0.7750272370252431,0.9624715223724339,
CICIoT2023,binary,trades,ft_nobias,6,fgsm,0.1,0.8895185508088734,0.889513075242387,0.8717167598275849,0.7483780206585217,0.9513510344121261,
CICIoT2023,binary,trades,ft_nobias,6,pgd,0.1,0.8886467112273564,0.8885542127543357,0.8707261024494097,0.7464302061174213,0.9510398743684282,0.0
CICIoT2023,binary,trades,ft_nobias,6,transfer_mlp,0.1,0.8931027801995544,0.8939087464154035,0.8758889126811235,0.7567699808884446,0.9551109574855478,
CICIoT2023,binary,trades,ft_nobias,6,transfer_tf,0.1,0.8930543446672479,0.893628635804998,0.875785824206093,0.7564728313872583,0.9548148186080386,
CICIoT2023,binary,trades,ft_nobias,6,pgd_constrained,0.1,0.8900513416642449,0.8900361873549092,0.8723086383660796,0.7495157481882869,0.9521547237015795,1.0
CICIoT2023,binary,trades,ft_nobias,6,square,0.1,0.884,0.8811812481979759,0.8641807052299795,0.732858587209353,0.951471184717858,
CICIoT2023,binary,trades,ft_nobias,6,square_clean_subset,0,0.901,0.900388992870093,0.8837721229197851,0.7715716827150977,0.9582590125640786,
CICIoT2023,binary,trades,shared_none,6,clean,0,0.8000096871064613,0.702552881332787,0.7231372534372854,0.47624715521634375,0.8760222870863489,
CICIoT2023,binary,trades,shared_none,6,gaussian,0.1,0.7902741451128548,0.6916570053256862,0.7104154149998507,0.4489239215857249,0.8682051015066685,
CICIoT2023,binary,trades,shared_none,6,fgsm,0.1,0.7284704058897608,0.6157257613000137,0.6240199304967442,0.27218138952093396,0.7775726478219309,
CICIoT2023,binary,trades,shared_none,6,pgd,0.1,0.7214472537053183,0.6062989212071556,0.6132818272109111,0.25097297062604007,0.7656921173016524,0.0
CICIoT2023,binary,trades,shared_none,6,transfer_mlp,0.1,0.7932771481158578,0.6913139082343303,0.71125166260171,0.4557914357673885,0.8608270289954026,
CICIoT2023,binary,trades,shared_none,6,transfer_tf,0.1,0.7757919209532113,0.6787437525604261,0.6944398220516079,0.41096052823115103,0.8606431505758113,
CICIoT2023,binary,trades,shared_none,6,pgd_constrained,0.1,0.7417901772740483,0.6361827120032774,0.6467982778385142,0.31473488878592687,0.786367836496882,1.0
CICIoT2023,binary,trades,shared_none,6,square,0.1,0.7245,0.6027862347347176,0.609604024408605,0.24727503920307942,0.811740401014509,
CICIoT2023,binary,trades,shared_none,6,square_clean_subset,0,0.798,0.6949240339928945,0.7157155804750084,0.46412514824864104,0.8742675840903872,
CICIoT2023,binary,trades,shared_learn,6,clean,0,0.9004165455778359,0.8937507510583094,0.8825315757346354,0.7670310580037246,0.9615833333333332,
CICIoT2023,binary,trades,shared_learn,6,gaussian,0.1,0.8990119151409474,0.8908421411989622,0.8806130493213521,0.762882934267292,0.9612037188765988,
CICIoT2023,binary,trades,shared_learn,6,fgsm,0.1,0.8835609803351738,0.871785538713642,0.86226657044166,0.7260741367665758,0.9502490270380991,
CICIoT2023,binary,trades,shared_learn,6,pgd,0.1,0.8827860118182699,0.8710425372115254,0.8613998084182182,0.7243847655679135,0.9497967021712413,0.0
CICIoT2023,binary,trades,shared_learn,6,transfer_mlp,0.1,0.8877748716458393,0.877461320497064,0.8673883274655605,0.7364635394483864,0.9540229414174518,
CICIoT2023,binary,trades,shared_learn,6,transfer_tf,0.1,0.8883076625012108,0.8781320155673904,0.8680238267263299,0.7377419977593075,0.9537195309299469,
CICIoT2023,binary,trades,shared_learn,6,pgd_constrained,0.1,0.8832703671413349,0.8715807046292503,0.861960112766174,0.7254950284770495,0.9501883278710911,1.0
CICIoT2023,binary,trades,shared_learn,6,square,0.1,0.878,0.8624011024722549,0.854203713264116,0.709556455756395,0.9504376169788546,
CICIoT2023,binary,trades,shared_learn,6,square_clean_subset,0,0.8935,0.884720545762861,0.873514500553003,0.7489876920393704,0.9562712883189742,
CICIoT2023,binary,trades,ft_sin,7,clean,0,0.8957667344764119,0.9000171036460467,0.8795675614278409,0.765401384577803,0.9608143520415131,
CICIoT2023,binary,trades,ft_sin,7,gaussian,0.1,0.8946527172333624,0.8981988256179161,0.878185284763519,0.7624140575760081,0.9605683178569802,
CICIoT2023,binary,trades,ft_sin,7,fgsm,0.1,0.8762956504891989,0.8769954936501434,0.8572108742934847,0.720768342296643,0.9457328394555965,
CICIoT2023,binary,trades,ft_sin,7,pgd,0.1,0.8761019083599729,0.8768589375938822,0.8570106170002723,0.720410690171187,0.9455362442532659,0.0
CICIoT2023,binary,trades,ft_sin,7,transfer_mlp,0.1,0.8802189286060254,0.8822696640721016,0.8618578496525773,0.7303393979730162,0.9492030474759889,
CICIoT2023,binary,trades,ft_sin,7,transfer_tf,0.1,0.8801220575414124,0.8818078314898266,0.8616671751843411,0.7297978133903925,0.9489573091629115,
CICIoT2023,binary,trades,ft_sin,7,pgd_constrained,0.1,0.8764893926184248,0.8773780213027447,0.857469451578647,0.7213546864977229,0.9459003140789293,1.0
CICIoT2023,binary,trades,ft_sin,7,square,0.1,0.88,0.8788877882421358,0.8592448014413332,0.7242831229465484,0.9545379501357738,
CICIoT2023,binary,trades,ft_sin,7,square_clean_subset,0,0.896,0.8969967128445475,0.8776803010005516,0.7606332932773964,0.9621126996564996,
CICIoT2023,binary,trades,ft_learn,7,clean,0,0.9107817494914269,0.9075501502116619,0.8949917230246149,0.7923281622288944,0.9680497974418498,
CICIoT2023,binary,trades,ft_learn,7,gaussian,0.1,0.9083599728761019,0.9010221562201284,0.8914341527172156,0.7842751445192019,0.9660140425144522,
CICIoT2023,binary,trades,ft_learn,7,fgsm,0.1,0.8939746197810714,0.8881771814829987,0.8754352546067203,0.753449123854635,0.9573788520187537,
CICIoT2023,binary,trades,ft_learn,7,pgd,0.1,0.8933449578610869,0.887585791342346,0.8747339744544939,0.7520959573030748,0.9568888319905322,0.0
CICIoT2023,binary,trades,ft_learn,7,transfer_mlp,0.1,0.8962026542671704,0.8913217943465792,0.8781490704496844,0.7590209840549953,0.9598130035504575,
CICIoT2023,binary,trades,ft_learn,7,transfer_tf,0.1,0.8968323161871549,0.8918147958486959,0.8788298662979437,0.7603021848369237,0.9596223428467385,
CICIoT2023,binary,trades,ft_learn,7,pgd_constrained,0.1,0.8946042817010559,0.8890145432199918,0.8761913227889493,0.7549860652392765,0.9577310642268653,1.0
CICIoT2023,binary,trades,ft_learn,7,square,0.1,0.8945,0.8852563439143271,0.8737388470561553,0.7494654076347661,0.9630552311111769,
CICIoT2023,binary,trades,ft_learn,7,square_clean_subset,0,0.9175,0.9114550221525695,0.9008782487529432,0.803290646276554,0.9687005633011518,
CICIoT2023,binary,trades,ft_nobias,7,clean,0,0.9058413251961639,0.9066752696982111,0.8901737927995723,0.7843735728487237,0.9648739701397424,
CICIoT2023,binary,trades,ft_nobias,7,gaussian,0.1,0.9052116632761794,0.9044604670217125,0.8891592161255765,0.7818144659268774,0.9638997849242114,
CICIoT2023,binary,trades,ft_nobias,7,fgsm,0.1,0.8908263101811489,0.8903856343028813,0.8730807244300041,0.7508283530888885,0.9541339956302062,
CICIoT2023,binary,trades,ft_nobias,7,pgd,0.1,0.8905841325196164,0.8902149392325549,0.8728259499281188,0.7503660434314473,0.9537997917520142,0.0
CICIoT2023,binary,trades,ft_nobias,7,transfer_mlp,0.1,0.8929090380703284,0.8927883039737812,0.8754757612812691,0.7555845724989723,0.9573491283171742,
CICIoT2023,binary,trades,ft_nobias,7,transfer_tf,0.1,0.8930059091349414,0.893004164959716,0.875609366837907,0.7558915973595285,0.9570121933178569,
CICIoT2023,binary,trades,ft_nobias,7,pgd_constrained,0.1,0.8912137944396009,0.8906587464154034,0.8734885508936421,0.7515688535194543,0.9545585597887932,1.0
CICIoT2023,binary,trades,ft_nobias,7,square,0.1,0.892,0.8877907062702367,0.8720341242335377,0.7477172587522672,0.960285543908413,
CICIoT2023,binary,trades,ft_nobias,7,square_clean_subset,0,0.9055,0.904156255698311,0.8879773963279702,0.7795907581201079,0.9657485301437575,
CICIoT2023,binary,trades,shared_none,7,clean,0,0.7978300881526688,0.7032303700669125,0.7227483559977297,0.47139015012741936,0.8759407176020757,
CICIoT2023,binary,trades,shared_none,7,gaussian,0.1,0.7879492395621428,0.6911498019937184,0.7091175115824011,0.4435438835670567,0.8683855546451819,
CICIoT2023,binary,trades,shared_none,7,fgsm,0.1,0.7299234718589557,0.6205378943056125,0.6292635716432141,0.27997194540231113,0.7754586121352816,
CICIoT2023,binary,trades,shared_none,7,pgd,0.1,0.7268235977913398,0.6171231394237334,0.6253715208019155,0.27166556975795775,0.7657538235695753,0.0
CICIoT2023,binary,trades,shared_none,7,transfer_mlp,0.1,0.7882882882882883,0.6840096272019665,0.7031890791200549,0.4408309893678339,0.865302335108562,
CICIoT2023,binary,trades,shared_none,7,transfer_tf,0.1,0.7661532500242177,0.6670798511538987,0.6813255440004369,0.3841067896957273,0.8606319415995266,
CICIoT2023,binary,trades,shared_none,7,pgd_constrained,0.1,0.7385934321418193,0.6331424279666803,0.6432576776223611,0.3067011825965895,0.7855833504028403,1.0
CICIoT2023,binary,trades,shared_none,7,square,0.1,0.7305,0.6147535126237611,0.6232759545568757,0.2670869389117575,0.8170940707995131,
CICIoT2023,binary,trades,shared_none,7,square_clean_subset,0,0.802,0.7025789631907585,0.7230164903111728,0.4719984388469866,0.8755957045207012,
CICIoT2023,binary,trades,shared_learn,7,clean,0,0.8960573476702509,0.8968275297009423,0.8791823836704482,0.7631089966871147,0.9585535015248758,
CICIoT2023,binary,trades,shared_learn,7,gaussian,0.1,0.8955245568148794,0.8949761709681825,0.8783113795248263,0.7608904692713331,0.9582691178478766,
CICIoT2023,binary,trades,shared_learn,7,fgsm,0.1,0.8753269398430689,0.8698190632254541,0.8546191779872155,0.7131300802567225,0.943652225863717,
CICIoT2023,binary,trades,shared_learn,7,pgd,0.1,0.8747941489876974,0.8692959511129319,0.854028998040416,0.7119908176418437,0.9432783467613457,0.0
CICIoT2023,binary,trades,shared_learn,7,transfer_mlp,0.1,0.8774096677322484,0.8726644817697664,0.8571269572834969,0.7182750228055113,0.948323967863808,
CICIoT2023,binary,trades,shared_learn,7,transfer_tf,0.1,0.8771190545384093,0.8722136760890346,0.8567638836874618,0.7175110345164504,0.9480330408757796,
CICIoT2023,binary,trades,shared_learn,7,pgd_constrained,0.1,0.8751331977138429,0.8695841185306568,0.8543932559638856,0.7126770313316743,0.9439680345031635,1.0
CICIoT2023,binary,trades,shared_learn,7,square,0.1,0.8745,0.8654274534155368,0.8510894350327233,0.7054645826966951,0.9533145073455851,
CICIoT2023,binary,trades,shared_learn,7,square_clean_subset,0,0.8965,0.8952065191142915,0.8777647242575906,0.759871957798255,0.9608375100413481,
CICIoT2023,binary,trades,ft_sin,8,clean,0,0.8974135425748329,0.9006366926123174,0.8811961929120771,0.7680564017197427,0.9611572955073058,
CICIoT2023,binary,trades,ft_sin,8,gaussian,0.1,0.8967354451225419,0.8987321111566298,0.8801917699372188,0.7655778355201328,0.9606941428831535,
CICIoT2023,binary,trades,ft_sin,8,fgsm,0.1,0.8739707449384869,0.8717164413491738,0.8539261979318491,0.713108200186252,0.9454878237516501,
CICIoT2023,binary,trades,ft_sin,8,pgd,0.1,0.8738738738738738,0.8715497746825072,0.853801756970436,0.7128381130953293,0.9452968899358187,0.0
CICIoT2023,binary,trades,ft_sin,8,transfer_mlp,0.1,0.8765862636830378,0.8748881947289362,0.8569577065066685,0.7191929548338205,0.9490779336792754,
CICIoT2023,binary,trades,ft_sin,8,transfer_tf,0.1,0.8778940230553134,0.8764986685784515,0.8584793464981837,0.7222573796898103,0.9492799342254996,
CICIoT2023,binary,trades,ft_sin,8,pgd_constrained,0.1,0.8740191804707934,0.8717997746825072,0.8539884094572693,0.7132432421218364,0.9456379443761664,1.0
CICIoT2023,binary,trades,ft_sin,8,square,0.1,0.8735,0.8683794145203542,0.8542404646330042,0.7121275314841679,0.9539152278246239,
CICIoT2023,binary,trades,ft_sin,8,square_clean_subset,0,0.897,0.8981529283542706,0.8816636029411765,0.7677690449576196,0.9614082009216238,
CICIoT2023,binary,trades,ft_learn,8,clean,0,0.91087862055604,0.9079135941554008,0.8951520653077807,0.7927212953856835,0.96760308275297,
CICIoT2023,binary,trades,ft_learn,8,gaussian,0.1,0.906131938390003,0.8987138467841049,0.8888750912965688,0.779242608726842,0.9654294915562838,
CICIoT2023,binary,trades,ft_learn,8,fgsm,0.1,0.8927152959411024,0.8873879557558377,0.8741212229659496,0.7510418605700012,0.9564539692293687,
CICIoT2023,binary,trades,ft_learn,8,pgd,0.1,0.8923278116826504,0.8869672606855115,0.873677616861564,0.7501683148775419,0.9560724771268605,0.0
CICIoT2023,binary,trades,ft_learn,8,transfer_mlp,0.1,0.8949917659595079,0.8906159019527515,0.8768942942058546,0.7567463118644275,0.959111076972097,
CICIoT2023,binary,trades,ft_learn,8,transfer_tf,0.1,0.8952823791533469,0.8910667076334835,0.8772563657769787,0.7575034939057863,0.9592150871682826,
CICIoT2023,binary,trades,ft_learn,8,pgd_constrained,0.1,0.8941683619102974,0.8885597091356001,0.8756956083813625,0.7540151741397887,0.9573238597569304,1.0
CICIoT2023,binary,trades,ft_learn,8,square,0.1,0.893,0.8851651083194707,0.8752726225737901,0.7522462905506745,0.9622722231782634,
CICIoT2023,binary,trades,ft_learn,8,square_clean_subset,0,0.9105,0.9039059064226849,0.8952552071767153,0.7917318939700924,0.9690816267997476,
CICIoT2023,binary,trades,ft_nobias,8,clean,0,0.9062772449869224,0.9061462173972417,0.8904807164757959,0.7846026118183885,0.9653692646456371,
CICIoT2023,binary,trades,ft_nobias,8,gaussian,0.1,0.903419548580839,0.9006884132186262,0.8867449491612681,0.7764388411007223,0.9640417406345305,
CICIoT2023,binary,trades,ft_nobias,8,fgsm,0.1,0.8897122929380994,0.8868455551003687,0.8713005110220033,0.7464295809332064,0.9533420274022487,
CICIoT2023,binary,trades,ft_nobias,8,pgd,0.1,0.8892279376150344,0.8864549706404479,0.8707794734898822,0.7454560250329865,0.9529925747644408,0.0
CICIoT2023,binary,trades,ft_nobias,8,transfer_mlp,0.1,0.8925215538118764,0.8905474190905367,0.8746430275299237,0.7532393373694678,0.9566964358869317,
CICIoT2023,binary,trades,ft_nobias,8,transfer_tf,0.1,0.8927637314734089,0.8907673084801311,0.8749094747332663,0.7537466044932211,0.9569714768537485,
CICIoT2023,binary,trades,ft_nobias,8,pgd_constrained,0.1,0.8904388259226969,0.8874560289498838,0.8720881315112174,0.7479118173328035,0.9540699394601483,1.0
CICIoT2023,binary,trades,ft_nobias,8,square,0.1,0.8925,0.8872229870552018,0.875288250906118,0.7530204870360319,0.9598211724889578,
CICIoT2023,binary,trades,ft_nobias,8,square_clean_subset,0,0.9085,0.9053782099084113,0.893666194943566,0.7895440933456543,0.9663724449798275,
CICIoT2023,binary,trades,shared_none,8,clean,0,0.7982660079434273,0.7001432131640037,0.7204861855738933,0.47116535809069093,0.8722063703400246,
CICIoT2023,binary,trades,shared_none,8,gaussian,0.1,0.7875617553036908,0.6871379216168237,0.7056339974404663,0.44059469840638704,0.866856894942874,
CICIoT2023,binary,trades,shared_none,8,fgsm,0.1,0.7173302334592657,0.5971494264645637,0.602754155689413,0.2335913664734851,0.7752633938731849,
CICIoT2023,binary,trades,shared_none,8,pgd,0.1,0.7121960670347767,0.5908741977331695,0.5954797733245698,0.21855151332488137,0.7663145853247758,0.0
CICIoT2023,binary,trades,shared_none,8,transfer_mlp,0.1,0.7928896638574058,0.6892698006281579,0.7093650993539263,0.45408271994426436,0.8584232498065455,
CICIoT2023,binary,trades,shared_none,8,transfer_tf,0.1,0.7795698924731183,0.6814557899767855,0.698019631467073,0.42026593547916324,0.860657414993855,
CICIoT2023,binary,trades,shared_none,8,pgd_constrained,0.1,0.7260486292744357,0.6114115116755428,0.6191548536412171,0.26356896775675154,0.784225789749192,1.0
CICIoT2023,binary,trades,shared_none,8,square,0.1,0.7045,0.5838567659037457,0.5863139205365739,0.20542120193758762,0.8161036778905906,
CICIoT2023,binary,trades,shared_none,8,square_clean_subset,0,0.7915,0.6950682613434291,0.7144304067928583,0.46197447627965776,0.8746032428918336,
CICIoT2023,binary,trades,shared_learn,8,clean,0,0.8931996512641673,0.886499487914789,0.8743589712382102,0.7510764299233209,0.9603899016796394,
CICIoT2023,binary,trades,shared_learn,8,gaussian,0.1,0.8940230553133779,0.8879653489007238,0.8754319550528162,0.7533620013714758,0.960142769356821,
CICIoT2023,binary,trades,shared_learn,8,fgsm,0.1,0.8758597306984404,0.866013075242387,0.8541015628925759,0.7106509549491792,0.9468860269015431,
CICIoT2023,binary,trades,shared_learn,8,pgd,0.1,0.8754722464399883,0.8654447972142565,0.8536204145360864,0.7096587758283366,0.9465381275888752,0.0
CICIoT2023,binary,trades,shared_learn,8,transfer_mlp,0.1,0.8799767509444929,0.8710794414857299,0.8589587762812323,0.7204032492537932,0.9519857298921207,
CICIoT2023,binary,trades,shared_learn,8,transfer_tf,0.1,0.8807032839290904,0.8718374982930492,0.8597817184627651,0.722016199338167,0.952072169875734,
CICIoT2023,binary,trades,shared_learn,8,pgd_constrained,0.1,0.8760534728276663,0.8661988256179162,0.8543164504856744,0.7110672954946847,0.9474293037917065,1.0
CICIoT2023,binary,trades,shared_learn,8,square,0.1,0.884,0.8744096445438727,0.8647815347528941,0.7312403438706991,0.9566244096445438,
CICIoT2023,binary,trades,shared_learn,8,square_clean_subset,0,0.9005,0.8929209927532076,0.8837589323812859,0.7689399182489633,0.9628267270884721,
CICIoT2023,binary,trades,ft_sin,9,clean,0,0.8971713649133004,0.8929392666939779,0.8793811990769378,0.7616280367436745,0.9606770904456279,
CICIoT2023,binary,trades,ft_sin,9,gaussian,0.1,0.8960089121379444,0.890250546224225,0.8777392838674534,0.7579480860585112,0.960268776457736,
CICIoT2023,binary,trades,ft_sin,9,fgsm,0.1,0.8749878911169233,0.8652017957121398,0.8531414427432327,0.7087987459437914,0.9458329122854933,
CICIoT2023,binary,trades,ft_sin,9,pgd,0.1,0.8746488423907779,0.8648644339751468,0.8527625275135515,0.7080611596518653,0.9455963516773636,0.0
CICIoT2023,binary,trades,ft_sin,9,transfer_mlp,0.1,0.8783783783783784,0.8695592994674314,0.8571870770563178,0.7169767312860306,0.9487771803450316,
CICIoT2023,binary,trades,ft_sin,9,transfer_tf,0.1,0.8804126707352514,0.8718294414857299,0.8595265575477962,0.7216056761057064,0.9494946344849562,
CICIoT2023,binary,trades,ft_sin,9,pgd_constrained,0.1,0.8747941489876974,0.8651144339751468,0.8529525536273119,0.7084635331806062,0.9457969980426965,1.0
CICIoT2023,binary,trades,ft_sin,9,square,0.1,0.875,0.863837655976548,0.8518913474925205,0.7061700497127748,0.9537087655059308,
CICIoT2023,binary,trades,ft_sin,9,square_clean_subset,0,0.901,0.8935464263744219,0.8822548552032055,0.7664277418278093,0.9620397445916512,
CICIoT2023,binary,trades,ft_learn,9,clean,0,0.9079724886176499,0.9038482862214939,0.891627733681674,0.7855052685658528,0.9661982054258274,
CICIoT2023,binary,trades,ft_learn,9,gaussian,0.1,0.9045820013561949,0.8960471801174382,0.8868762961870293,0.7750635536857522,0.9644188117347171,
CICIoT2023,binary,trades,ft_learn,9,fgsm,0.1,0.8918434563595854,0.8855435955209614,0.8729202799657549,0.7483957984349369,0.9550930857116846,
CICIoT2023,binary,trades,ft_learn,9,pgd,0.1,0.8911653589072944,0.8850164550047794,0.8721908538947903,0.7470230308227206,0.954629221858073,0.0
CICIoT2023,binary,trades,ft_learn,9,transfer_mlp,0.1,0.8941683619102974,0.8889532636897446,0.8757826953034133,0.7543099428585504,0.9573495379853428,
CICIoT2023,binary,trades,ft_learn,9,transfer_tf,0.1,0.8951855080887339,0.8900637375392599,0.8769496243502363,0.7566101665480149,0.9578706302061997,
CICIoT2023,binary,trades,ft_learn,9,pgd_constrained,0.1,0.8927637314734089,0.8864382083845419,0.8739517132024384,0.7503965570633536,0.9558383688379081,1.0
CICIoT2023,binary,trades,ft_learn,9,square,0.1,0.892,0.8835839842675111,0.8717935020673298,0.7457506606132691,0.9606039592941417,
CICIoT2023,binary,trades,ft_learn,9,square_clean_subset,0,0.9115,0.9040378098281583,0.8942889453411138,0.7899614776676296,0.9673218201452662,
CICIoT2023,binary,trades,ft_nobias,9,clean,0,0.9019664826116439,0.9020747644408029,0.8856737068948536,0.7753863724987036,0.9638752389730982,
CICIoT2023,binary,trades,ft_nobias,9,gaussian,0.1,0.9025477089993219,0.901402157585689,0.886078481326369,0.7756990623918505,0.9632208395921525,
CICIoT2023,binary,trades,ft_nobias,9,fgsm,0.1,0.8879201782427589,0.8873042127543357,0.8698007899524591,0.7444242618471454,0.9518956768628523,
CICIoT2023,binary,trades,ft_nobias,9,pgd,0.1,0.8875811295166134,0.8869176566980745,0.869412410615162,0.7436548701176947,0.9515823831307753,0.0
CICIoT2023,binary,trades,ft_nobias,9,transfer_mlp,0.1,0.8895669863411799,0.8891044653830398,0.8716707088329119,0.7480972890379477,0.9553000250352769,
CICIoT2023,binary,trades,ft_nobias,9,transfer_tf,0.1,0.8909231812457619,0.8909950498429605,0.8732999099026029,0.7514649376161218,0.9553896854658838,
CICIoT2023,binary,trades,ft_nobias,9,pgd_constrained,0.1,0.8884529690981304,0.8877289362283217,0.8703707092895692,0.7454792356732199,0.95259224930584,1.0
CICIoT2023,binary,trades,ft_nobias,9,square,0.1,0.8875,0.8840860199273302,0.8678631026506956,0.7397691886910108,0.9569154342027539,
CICIoT2023,binary,trades,ft_nobias,9,square_clean_subset,0,0.9035,0.9010427176700653,0.8861370031436216,0.7755045257537594,0.9637531476596333,
CICIoT2023,binary,trades,shared_none,9,clean,0,0.7907585004359198,0.6927363102553599,0.711489133886697,0.4505374744562391,0.8753184373435295,
CICIoT2023,binary,trades,shared_none,9,gaussian,0.1,0.7839290903807032,0.6851678273931449,0.7026753339616069,0.431585671882955,0.8691100243524967,
CICIoT2023,binary,trades,shared_none,9,fgsm,0.1,0.7284704058897608,0.6179886999863444,0.6264394195876016,0.2749233904370714,0.774512051071965,
CICIoT2023,binary,trades,shared_none,9,pgd,0.1,0.7239659013852562,0.6135839136965724,0.621373997979729,0.26353411099472773,0.7648988404114889,0.0
CICIoT2023,binary,trades,shared_none,9,transfer_mlp,0.1,0.7931318415189383,0.6939663730711457,0.7134130872187172,0.45652967816613066,0.8647870465200964,
CICIoT2023,binary,trades,shared_none,9,transfer_tf,0.1,0.7831541218637993,0.6836869111020074,0.7011503176448257,0.42908055630485675,0.8634042229960399,
CICIoT2023,binary,trades,shared_none,9,pgd_constrained,0.1,0.7349607672188317,0.6280238973098456,0.6375809163188296,0.2957355181058814,0.7848679616732668,1.0
CICIoT2023,binary,trades,shared_none,9,square,0.1,0.7165,0.5992342886075206,0.6054662751945792,0.23206758620678455,0.8067633559218805,
CICIoT2023,binary,trades,shared_none,9,square_clean_subset,0,0.784,0.6757803566471111,0.6941532292321547,0.4216783659455951,0.8697128796300713,
CICIoT2023,binary,trades,shared_learn,9,clean,0,0.8902450837934709,0.8866799467431381,0.8717408957868316,0.7470251285702629,0.9591745072602305,
CICIoT2023,binary,trades,shared_learn,9,gaussian,0.1,0.8901482127288579,0.8872511948654922,0.8717817849963987,0.7473503590956231,0.9589086553780326,
CICIoT2023,binary,trades,shared_learn,9,fgsm,0.1,0.8699505957570474,0.8644062201283627,0.848639383541737,0.7015423260488541,0.94470952250899,
CICIoT2023,binary,trades,shared_learn,9,pgd,0.1,0.8697084180955149,0.8640387477809641,0.8483382681201036,0.7009108326118001,0.9441910817515591,0.0
CICIoT2023,binary,trades,shared_learn,9,transfer_mlp,0.1,0.8748910200523103,0.8703481155264237,0.8543770729123237,0.7130329605021857,0.9499003880467932,
CICIoT2023,binary,trades,shared_learn,9,transfer_tf,0.1,0.8768768768768769,0.8723873412535846,0.8565974280066634,0.7173488047392249,0.9501466668942601,
CICIoT2023,binary,trades,shared_learn,9,pgd_constrained,0.1,0.8706286932093383,0.8650809436023488,0.8493903564601215,0.7029937102558238,0.9449850698711822,1.0
CICIoT2023,binary,trades,shared_learn,9,square,0.1,0.8685,0.8613715051652804,0.8456862108307743,0.6954789553347444,0.9505791449128073,
CICIoT2023,binary,trades,shared_learn,9,square_clean_subset,0,0.8975,0.8926603731818787,0.878833551285177,0.7605345867420885,0.9592880266023867,
CICIoT2023,binary,trades,ft_sin,10,clean,0,0.8956214278794924,0.8951428376348491,0.8784345270814593,0.7611562369504732,0.9609920285402158,
CICIoT2023,binary,trades,ft_sin,10,gaussian,0.1,0.8945074106364429,0.8930293936911102,0.8769749672020708,0.757942708200934,0.9605576949337702,
CICIoT2023,binary,trades,ft_sin,10,fgsm,0.1,0.8713067906616294,0.8653129182029222,0.8500271096550793,0.7040541753316435,0.9449900484774,
CICIoT2023,binary,trades,ft_sin,10,pgd,0.1,0.8712099195970163,0.8652938344940597,0.8499397384557217,0.7039146958791305,0.944759035459056,0.0
CICIoT2023,binary,trades,ft_sin,10,transfer_mlp,0.1,0.8754238109076818,0.8704776730848014,0.854868068499534,0.7138258511973806,0.9490416894260094,
CICIoT2023,binary,trades,ft_sin,10,transfer_tf,0.1,0.8803642352029449,0.8768131230370066,0.8607064407061884,0.7256638030594535,0.9499899119213436,
CICIoT2023,binary,trades,ft_sin,10,pgd_constrained,0.1,0.8716458393877748,0.8656502799399153,0.8504031330134147,0.7047815682218262,0.9450396638445082,1.0
CICIoT2023,binary,trades,ft_sin,10,square,0.1,0.881,0.8734575491030612,0.8563849559017336,0.7168560372609596,0.9569683785743561,
CICIoT2023,binary,trades,ft_sin,10,square_clean_subset,0,0.9025,0.9031526845108611,0.8828561121625693,0.7708920314830399,0.9651603140073772,
CICIoT2023,binary,trades,ft_learn,10,clean,0,0.9094255545868449,0.9066926464563703,0.8935458158630328,0.7896653235686392,0.9669723986071282,
CICIoT2023,binary,trades,ft_learn,10,gaussian,0.1,0.905550712002325,0.8983041786153216,0.8882475706156538,0.77805580393963,0.9649666973917794,
CICIoT2023,binary,trades,ft_learn,10,fgsm,0.1,0.8920371984888114,0.8866640379625836,0.873347725899702,0.7495226529587655,0.956490031407893,
CICIoT2023,binary,trades,ft_learn,10,pgd,0.1,0.8915044076334399,0.8861901201693295,0.8727615676492047,0.7484021621107934,0.9561402999681368,0.0
CICIoT2023,binary,trades,ft_learn,10,transfer_mlp,0.1,0.8953792502179599,0.8907906254267377,0.8772843892705106,0.7574341708095234,0.959220850971824,
CICIoT2023,binary,trades,ft_learn,10,transfer_tf,0.1,0.896444831928703,0.8922795985251946,0.8785766325304778,0.760086132021018,0.9594260605853704,
CICIoT2023,binary,trades,ft_learn,10,pgd_constrained,0.1,0.8931996512641673,0.8876309572579544,0.8746127734372627,0.751920460984379,0.9572311040557149,1.0
CICIoT2023,binary,trades,ft_learn,10,square,0.1,0.8995,0.8936315772880608,0.8780369038484818,0.7592613149765848,0.9639622938932502,
CICIoT2023,binary,trades,ft_learn,10,square_clean_subset,0,0.914,0.9093350988366594,0.8951505930087391,0.792809462447523,0.9697392729909518,
CICIoT2023,binary,trades,ft_nobias,10,clean,0,0.9054054054054054,0.9034655537348082,0.8891460728098661,0.7813707371344267,0.965223690199827,
CICIoT2023,binary,trades,ft_nobias,10,gaussian,0.1,0.9039523394362105,0.9002276389457873,0.8871477452629164,0.7768996473662788,0.9643180618143747,
CICIoT2023,binary,trades,ft_nobias,10,fgsm,0.1,0.8888888888888888,0.8855764713915062,0.8702785913734451,0.7442836809657483,0.9538579930811598,
CICIoT2023,binary,trades,ft_nobias,10,pgd,0.1,0.8883076625012108,0.8851176089034549,0.869655813662954,0.7431229021769775,0.9534913685192772,0.0
CICIoT2023,binary,trades,ft_nobias,10,transfer_mlp,0.1,0.8914075365688269,0.8888767240202102,0.8732733452872259,0.7503764903552343,0.9574783558650826,
CICIoT2023,binary,trades,ft_nobias,10,transfer_tf,0.1,0.8923278116826504,0.8903124743957394,0.874417057322677,0.7527862052334531,0.9577476330283582,
CICIoT2023,binary,trades,ft_nobias,10,pgd_constrained,0.1,0.8896638574057929,0.8863194728936228,0.8711391787640417,0.7459394082654554,0.9545773191770222,1.0
CICIoT2023,binary,trades,ft_nobias,10,square,0.1,0.8995,0.8947791544500142,0.8782841701296638,0.7601137137824907,0.9628462435764054,
CICIoT2023,binary,trades,ft_nobias,10,square_clean_subset,0,0.909,0.9041773069768908,0.8892830897561308,0.7813757726373981,0.9688401273684544,
CICIoT2023,binary,trades,shared_none,10,clean,0,0.7946333430204398,0.6979271473439848,0.717227518042594,0.4617408748336308,0.8742011413810369,
CICIoT2023,binary,trades,shared_none,10,gaussian,0.1,0.7824275888792018,0.6838635463607812,0.7010462452659445,0.42765005599879824,0.867318499931722,
CICIoT2023,binary,trades,shared_none,10,fgsm,0.1,0.7185411217669282,0.6023320019117848,0.6087458860913892,0.24206385512065748,0.7710244207747281,
CICIoT2023,binary,trades,shared_none,10,pgd,0.1,0.7146662791824082,0.5971411648231599,0.6027922818540905,0.23027118975730904,0.7609172072010559,0.0
CICIoT2023,binary,trades,shared_none,10,transfer_mlp,0.1,0.7937615034389228,0.6931311279530248,0.7129608786053485,0.45766792553999164,0.8603554098957622,
CICIoT2023,binary,trades,shared_none,10,transfer_tf,0.1,0.7677516225903322,0.6648612249078247,0.679788713585079,0.38533817208324767,0.859052989439665,
CICIoT2023,binary,trades,shared_none,10,pgd_constrained,0.1,0.7272110820497917,0.6148381469343165,0.6229684007935291,0.26937323718752343,0.7801198108698622,1.0
CICIoT2023,binary,trades,shared_none,10,square,0.1,0.7175,0.596982880923106,0.6033237955523821,0.21970193617860526,0.812881868911378,
CICIoT2023,binary,trades,shared_none,10,square_clean_subset,0,0.8025,0.7007314228065198,0.7201335565179654,0.46034183246886706,0.8745357672057756,
CICIoT2023,binary,trades,shared_learn,10,clean,0,0.8869999031289354,0.884589410077837,0.8683710468749073,0.7409350614289664,0.9566101040101962,
CICIoT2023,binary,trades,shared_learn,10,gaussian,0.1,0.8875811295166134,0.8831788884337021,0.8685656014178229,0.7405663670342661,0.956197841276344,
CICIoT2023,binary,trades,shared_learn,10,fgsm,0.1,0.8686428363847719,0.8597948928034959,0.8463112426836931,0.6958172656633493,0.943138553188584,
CICIoT2023,binary,trades,shared_learn,10,pgd,0.1,0.8685459653201588,0.8596774204560973,0.8461979028921618,0.6955900826510474,0.9426621603168099,0.0
CICIoT2023,binary,trades,shared_learn,10,transfer_mlp,0.1,0.8727114210985178,0.8651222859483818,0.8511742865606793,0.7056950111772956,0.9484544585552369,
CICIoT2023,binary,trades,shared_learn,10,transfer_tf,0.1,0.8758112951661339,0.8698160931312304,0.8550354294985649,0.7137554343622635,0.9492916040784742,
CICIoT2023,binary,trades,shared_learn,10,pgd_constrained,0.1,0.8688365785139979,0.859980643179025,0.8465246591680693,0.6962290627491718,0.9439035800446083,1.0
CICIoT2023,binary,trades,shared_learn,10,square,0.1,0.8775,0.8664617421734607,0.8514895447124065,0.706220185045083,0.9545433336486018,
CICIoT2023,binary,trades,shared_learn,10,square_clean_subset,0,0.8965,0.8938648759418646,0.8752777254754284,0.7550512627331011,0.9613241274945616,
TON_IoT,binary,trades,ft_sin,1,clean,0,0.9748399583147238,0.9728248349156557,0.9742219912218706,0.9486473748782294,0.9967081384861141,
TON_IoT,binary,trades,ft_sin,1,gaussian,0.1,0.9749888343010272,0.9729548739273592,0.9743733127966657,0.9489561883414946,0.9965971615997334,
TON_IoT,binary,trades,ft_sin,1,fgsm,0.1,0.9748399583147238,0.9728248349156557,0.9742219912218706,0.9486473748782294,0.9948786272371961,
TON_IoT,binary,trades,ft_sin,1,pgd,0.1,0.9748399583147238,0.9728248349156557,0.9742219912218706,0.9486473748782294,0.9948425857840917,0.0
TON_IoT,binary,trades,ft_sin,1,transfer_mlp,0.1,0.9749888343010272,0.9729548739273592,0.9743733127966657,0.9489561883414946,0.9954323344357068,
TON_IoT,binary,trades,ft_sin,1,transfer_tf,0.1,0.9748399583147238,0.9728248349156557,0.9742219912218706,0.9486473748782294,0.9962813461029951,
TON_IoT,binary,trades,ft_sin,1,pgd_constrained,0.1,0.9748399583147238,0.9728248349156557,0.9742219912218706,0.9486473748782294,0.9961332863647395,1.0
TON_IoT,binary,trades,ft_sin,1,square,0.1,0.9765,0.9749183639824656,0.9758865477463029,0.9518598688301968,0.996967000515057,
TON_IoT,binary,trades,ft_sin,1,square_clean_subset,0,0.9765,0.9749183639824656,0.9758865477463029,0.9518598688301968,0.997433930888161,
TON_IoT,binary,trades,ft_learn,1,clean,0,0.9866011612326931,0.9867104838972582,0.986324726851954,0.972664206134188,0.997883832419921,
TON_IoT,binary,trades,ft_learn,1,gaussian,0.1,0.9861545332737829,0.9862763111663304,0.9858694946271344,0.9717554172393359,0.9977826809045499,
TON_IoT,binary,trades,ft_learn,1,fgsm,0.1,0.9854101533422659,0.9855820604119955,0.985111714725087,0.9702454319237698,0.9971638636437729,
TON_IoT,binary,trades,ft_learn,1,pgd,0.1,0.985112401369659,0.9853219823885884,0.9848091777624274,0.9696445276742576,0.9971366061629074,0.0
TON_IoT,binary,trades,ft_learn,1,transfer_mlp,0.1,0.9857079053148727,0.9858861941312198,0.9854155572817178,0.9708531239614886,0.9973535340546454,
TON_IoT,binary,trades,ft_learn,1,transfer_tf,0.1,0.9860056572874796,0.9861462721546268,0.9857181697846725,0.9714545379297702,0.9975015485146936,
TON_IoT,binary,trades,ft_learn,1,pgd_constrained,0.1,0.9855590293285693,0.9857561551195164,0.9852642695769585,0.9705525890849046,0.9973686569759229,1.0
TON_IoT,binary,trades,ft_learn,1,square,0.1,0.983,0.9835325125871526,0.9826245335453822,0.9653229503858806,0.998282802114703,
TON_IoT,binary,trades,ft_learn,1,square_clean_subset,0,0.9855,0.9858574367365662,0.9851730319948075,0.9703877702904324,0.9984701886460147,
TON_IoT,binary,trades,ft_nobias,1,clean,0,0.9758820902188478,0.9741316092599368,0.9753024836011727,0.9507470681152722,0.9974451771464586,
TON_IoT,binary,trades,ft_nobias,1,gaussian,0.1,0.9760309662051511,0.9743057039674576,0.9754560832912235,0.9510492468679617,0.997345700924762,
TON_IoT,binary,trades,ft_nobias,1,fgsm,0.1,0.9757332142325443,0.9740015702482332,0.9751511899159591,0.9504394162414354,0.9964579311119242,
TON_IoT,binary,trades,ft_nobias,1,pgd,0.1,0.9757332142325443,0.9740015702482332,0.9751511899159591,0.9504394162414354,0.9964117020621507,0.0
TON_IoT,binary,trades,ft_nobias,1,transfer_mlp,0.1,0.9757332142325443,0.9740015702482332,0.9751511899159591,0.9504394162414354,0.9968710041981954,
TON_IoT,binary,trades,ft_nobias,1,transfer_tf,0.1,0.9757332142325443,0.9740015702482332,0.9751511899159591,0.9504394162414354,0.9971048661395077,
TON_IoT,binary,trades,ft_nobias,1,pgd_constrained,0.1,0.9757332142325443,0.9740015702482332,0.9751511899159591,0.9504394162414354,0.9969711595930034,1.0
TON_IoT,binary,trades,ft_nobias,1,square,0.1,0.9765,0.9750750314102834,0.975894413427735,0.9518509141615136,0.9977779848472902,
TON_IoT,binary,trades,ft_nobias,1,square_clean_subset,0,0.9765,0.9750750314102834,0.975894413427735,0.9518509141615136,0.9980810800017612,
TON_IoT,binary,trades,shared_none,1,clean,0,0.9444692571088283,0.9428164765585665,0.9432259689332347,0.8864711864123868,0.9796229049773428,
TON_IoT,binary,trades,shared_none,1,gaussian,0.1,0.9411939854101533,0.9397353398220023,0.9399096543635633,0.8798228277601484,0.9793567596741418,
TON_IoT,binary,trades,shared_none,1,fgsm,0.1,0.9182670835194283,0.9162729877459059,0.9164745877974216,0.8329542992438966,0.9663971858688526,
TON_IoT,binary,trades,shared_none,1,pgd,0.1,0.9172249516153045,0.9152746032723467,0.915420893977787,0.8308444941022434,0.9651329730395439,0.0
TON_IoT,binary,trades,shared_none,1,transfer_mlp,0.1,0.9422361173142773,0.9405134458164748,0.940940169049791,0.8819014129659551,0.9794623031756322,
TON_IoT,binary,trades,shared_none,1,transfer_tf,0.1,0.9423849933005806,0.9404232063490914,0.9410629874316797,0.8821734462365667,0.9800932549959975,
TON_IoT,binary,trades,shared_none,1,pgd_constrained,0.1,0.9389608456156022,0.9376085318631802,0.9376470879106846,0.8752943490685919,0.9748060281594227,1.0
TON_IoT,binary,trades,shared_none,1,square,0.1,0.9135,0.9118182534960899,0.9114953474945893,0.8230025967501798,0.9710943475825601,
TON_IoT,binary,trades,shared_none,1,square_clean_subset,0,0.944,0.9425010060506394,0.9426396417435909,0.885281258621473,0.9791069137438294,
TON_IoT,binary,trades,shared_learn,1,clean,0,0.9854101533422659,0.9854498933245432,0.985107858787247,0.970227361120555,0.9974042003687458,
TON_IoT,binary,trades,shared_learn,1,gaussian,0.1,0.9839213934792318,0.9837970576409691,0.9835839741918666,0.9671724917946247,0.9972817680958885,
TON_IoT,binary,trades,shared_learn,1,fgsm,0.1,0.9848146493970522,0.9848416258860946,0.9845000162887673,0.9690116687910745,0.9963902401918348,
TON_IoT,binary,trades,shared_learn,1,pgd,0.1,0.9848146493970522,0.9848416258860946,0.9845000162887673,0.9690116687910745,0.9963667860803923,0.0
TON_IoT,binary,trades,shared_learn,1,transfer_mlp,0.1,0.9854101533422659,0.9854498933245432,0.985107858787247,0.970227361120555,0.996889613541444,
TON_IoT,binary,trades,shared_learn,1,transfer_tf,0.1,0.9854101533422659,0.9854498933245432,0.985107858787247,0.970227361120555,0.9970848078936215,
TON_IoT,binary,trades,shared_learn,1,pgd_constrained,0.1,0.9854101533422659,0.9854498933245432,0.985107858787247,0.970227361120555,0.9970088310615747,1.0
TON_IoT,binary,trades,shared_learn,1,square,0.1,0.9825,0.982785526387198,0.982105383442009,0.9642523404110871,0.9973294859362825,
TON_IoT,binary,trades,shared_learn,1,square_clean_subset,0,0.983,0.9832191777315171,0.9826140137185659,0.9652609028117962,0.9977564814748447,
TON_IoT,binary,trades,ft_sin,2,clean,0,0.9737978264106,0.9710334479173836,0.9731116871018015,0.9466774147203965,0.9967129379761004,
TON_IoT,binary,trades,ft_sin,2,gaussian,0.1,0.9736489504242966,0.9708593532098626,0.9729575920524991,0.9463783224897133,0.9966185781918419,
TON_IoT,binary,trades,ft_sin,2,fgsm,0.1,0.9727556945064761,0.9700791191396416,0.9720490710412708,0.9445072481252088,0.9949618485824299,
TON_IoT,binary,trades,ft_sin,2,pgd,0.1,0.9727556945064761,0.9700791191396416,0.9720490710412708,0.9445072481252088,0.9949474501124711,0.0
TON_IoT,binary,trades,ft_sin,2,transfer_mlp,0.1,0.9730534464790829,0.9703391971630486,0.9723518574011087,0.9451304498778489,0.9955231625197866,
TON_IoT,binary,trades,ft_sin,2,transfer_tf,0.1,0.9733511984516897,0.9705992751864556,0.9726546976778248,0.9457541410070129,0.995864379090886,
TON_IoT,binary,trades,ft_sin,2,pgd_constrained,0.1,0.9735000744379931,0.9707293141981592,0.9728061380915947,0.9460661703930188,0.996011487986786,1.0
TON_IoT,binary,trades,ft_sin,2,square,0.1,0.973,0.9703641711690645,0.9721964782205745,0.9446896646977341,0.9961550137635944,
TON_IoT,binary,trades,ft_sin,2,square_clean_subset,0,0.974,0.971227729027441,0.9732168334262159,0.946782514839865,0.9970247252409142,
TON_IoT,binary,trades,ft_learn,2,clean,0,0.9864522852463897,0.9861839436231984,0.9861625250816075,0.9723250957544949,0.997992137892064,
TON_IoT,binary,trades,ft_learn,2,gaussian,0.1,0.9857079053148727,0.9853134700855939,0.9853990031600713,0.9707987355234817,0.9977840392507724,
TON_IoT,binary,trades,ft_learn,2,fgsm,0.1,0.9860056572874796,0.9856616595006358,0.9857044543014741,0.9714090909294454,0.9972283398111356,
TON_IoT,binary,trades,ft_learn,2,pgd,0.1,0.9860056572874796,0.9856616595006358,0.9857044543014741,0.9714090909294454,0.9972023953982853,0.0
TON_IoT,binary,trades,ft_learn,2,transfer_mlp,0.1,0.9866011612326931,0.9863580383307193,0.9863151871835558,0.9726305567451393,0.9975760311658957,
TON_IoT,binary,trades,ft_learn,2,transfer_tf,0.1,0.9863034092600863,0.9860098489156774,0.9860098489156774,0.972019697831355,0.9975629004857446,
TON_IoT,binary,trades,ft_learn,2,pgd_constrained,0.1,0.9861545332737829,0.9858357542081566,0.9858571586631681,0.9717143629111747,0.9976541813518985,1.0
TON_IoT,binary,trades,ft_learn,2,square,0.1,0.9855,0.9853718221686174,0.9851359458702404,0.9702765485426283,0.9984687744862755,
TON_IoT,binary,trades,ft_learn,2,square_clean_subset,0,0.9855,0.9853718221686174,0.9851359458702404,0.9702765485426283,0.9989374751291235,
TON_IoT,binary,trades,ft_nobias,2,clean,0,0.9761798421914545,0.9736427404544483,0.9755655846880574,0.9515161532324601,0.9975234178888764,
TON_IoT,binary,trades,ft_nobias,2,gaussian,0.1,0.9764775941640613,0.9739468741736728,0.9758710148794567,0.9521271372545249,0.9974249830659505,
TON_IoT,binary,trades,ft_nobias,2,fgsm,0.1,0.9755843382462409,0.9730785287118169,0.9749571475207397,0.9502824130437019,0.9961148128561131,
TON_IoT,binary,trades,ft_nobias,2,pgd,0.1,0.9755843382462409,0.9730785287118169,0.9749571475207397,0.9502824130437019,0.9960780016734825,0.0
TON_IoT,binary,trades,ft_nobias,2,transfer_mlp,0.1,0.9760309662051511,0.9735127014427448,0.9754140596530354,0.9512046817126222,0.9965600334696509,
TON_IoT,binary,trades,ft_nobias,2,transfer_tf,0.1,0.9757332142325443,0.9732526234193377,0.9751110501885134,0.9505821057715041,0.9967899562069177,
TON_IoT,binary,trades,ft_nobias,2,pgd_constrained,0.1,0.9757332142325443,0.9732526234193377,0.9751110501885134,0.9505821057715041,0.9967437724353518,1.0
TON_IoT,binary,trades,ft_nobias,2,square,0.1,0.9745,0.9721456438531499,0.9737548408810037,0.9477369806866729,0.9968965248462621,
TON_IoT,binary,trades,ft_nobias,2,square_clean_subset,0,0.9755,0.9730092017115266,0.9747752877097222,0.9498237195049436,0.9978805910756116,
TON_IoT,binary,trades,shared_none,2,clean,0,0.9397052255471192,0.9383908940091499,0.9384102070815385,0.8768204575072204,0.9806538897602428,
TON_IoT,binary,trades,shared_none,2,gaussian,0.1,0.9386630936429954,0.9375246766230426,0.9373704366075855,0.8747436419853575,0.9811173574913703,
TON_IoT,binary,trades,shared_none,2,fgsm,0.1,0.9280928986154533,0.9272345700924762,0.9266502866502866,0.8533415847557809,0.9690499907632457,
TON_IoT,binary,trades,shared_none,2,pgd,0.1,0.9266041387524192,0.9258901242796237,0.9251570541276828,0.8503788699997414,0.9675679444780508,0.0
TON_IoT,binary,trades,shared_none,2,transfer_mlp,0.1,0.9401518535060295,0.9385607325651735,0.9388311232894586,0.8776707554729598,0.9806566064526879,
TON_IoT,binary,trades,shared_none,2,transfer_tf,0.1,0.9404496054786363,0.9389089219802151,0.939140883463807,0.8782880193804212,0.9809363352181142,
TON_IoT,binary,trades,shared_none,2,pgd_constrained,0.1,0.9344945660264999,0.9333108602497184,0.9331198948557525,0.8662440951437139,0.9757201951671853,1.0
TON_IoT,binary,trades,shared_none,2,square,0.1,0.9275,0.9273452467396075,0.9258875919217475,0.851988178080199,0.9792305104632033,
TON_IoT,binary,trades,shared_none,2,square_clean_subset,0,0.9425,0.9417570223048175,0.9411124774723223,0.8822648736369738,0.985947185539816,
TON_IoT,binary,trades,shared_learn,2,clean,0,0.9842191454518386,0.9838368571852893,0.9838794910208111,0.9677591640233371,0.9964753632217799,
TON_IoT,binary,trades,shared_learn,2,gaussian,0.1,0.9833258895340181,0.9828363446359814,0.9829639946405371,0.9659296261354808,0.9964015597436892,
TON_IoT,binary,trades,shared_learn,2,fgsm,0.1,0.9807949977668602,0.9807137928286564,0.9803962301182174,0.9608026447334155,0.9945222424666118,
TON_IoT,binary,trades,shared_learn,2,pgd,0.1,0.9797528658627364,0.9798035197467319,0.9793387061491003,0.9586992832071124,0.9944848879454923,0.0
TON_IoT,binary,trades,shared_learn,2,transfer_mlp,0.1,0.9839213934792318,0.9834886677702475,0.9835738785550803,0.9671484849338862,0.9954231882378085,
TON_IoT,binary,trades,shared_learn,2,transfer_tf,0.1,0.9839213934792318,0.9834886677702475,0.9835738785550803,0.9671484849338862,0.9957598317099587,
TON_IoT,binary,trades,shared_learn,2,pgd_constrained,0.1,0.9840702694655352,0.9836627624777684,0.983726691910043,0.9674537932499189,0.995608104436902,1.0
TON_IoT,binary,trades,shared_learn,2,square,0.1,0.9775,0.9778151781062443,0.9769642754304801,0.9539904734300463,0.9959693795921382,
TON_IoT,binary,trades,shared_learn,2,square_clean_subset,0,0.9815,0.9814314548385906,0.9810415806812682,0.9620960337239225,0.9970667749703601,
TON_IoT,binary,trades,ft_sin,3,clean,0,0.9790084859312193,0.9775673196387886,0.9785149936714195,0.9571219597430323,0.9977344143354427,
TON_IoT,binary,trades,ft_sin,3,gaussian,0.1,0.9790084859312193,0.9775673196387886,0.9785149936714195,0.9571219597430323,0.9976794013134301,
TON_IoT,binary,trades,ft_sin,3,fgsm,0.1,0.9784129819860057,0.9769149965045223,0.9779034467982203,0.9559071776085301,0.9962506927565735,
TON_IoT,binary,trades,ft_sin,3,pgd,0.1,0.9784129819860057,0.9769149965045223,0.9779034467982203,0.9559071776085301,0.9962303175632355,0.0
TON_IoT,binary,trades,ft_sin,3,transfer_mlp,0.1,0.9784129819860057,0.9769149965045223,0.9779034467982203,0.9559071776085301,0.9970854870667331,
TON_IoT,binary,trades,ft_sin,3,transfer_tf,0.1,0.9788596099449158,0.9773932249312677,0.9783616178393841,0.9568193347402918,0.9970940899261422,
TON_IoT,binary,trades,ft_sin,3,pgd_constrained,0.1,0.9787107339586125,0.9772191302237467,0.9782082268423828,0.9565167696894883,0.9970904223913414,1.0
TON_IoT,binary,trades,ft_sin,3,square,0.1,0.985,0.9837500950064604,0.9847657582996149,0.9696960451215252,0.9981946239010919,
TON_IoT,binary,trades,ft_sin,3,square_clean_subset,0,0.986,0.9848800385092853,0.985784940362748,0.9716999480511073,0.9984925641610296,
TON_IoT,binary,trades,ft_learn,3,clean,0,0.9891320529998511,0.9890092584878527,0.9889015577148266,0.9778042580459767,0.9984401204762542,
TON_IoT,binary,trades,ft_learn,3,gaussian,0.1,0.9877921691231204,0.9875745732076169,0.987531614989462,0.9750634125866464,0.9983646417044891,
TON_IoT,binary,trades,ft_learn,3,fgsm,0.1,0.9886854250409409,0.9884869743652901,0.9884439358438916,0.9768880544677767,0.9978480173578536,
TON_IoT,binary,trades,ft_learn,3,pgd,0.1,0.9886854250409409,0.9884869743652901,0.9884439358438916,0.9768880544677767,0.9978178167935059,0.0
TON_IoT,binary,trades,ft_learn,3,transfer_mlp,0.1,0.9888343010272443,0.988661069072811,0.9885964903742517,0.9771933920324138,0.9981086387197495,
TON_IoT,binary,trades,ft_learn,3,transfer_tf,0.1,0.9889831770135478,0.9888351637803319,0.9887490309903808,0.9774987932036487,0.998267067167504,
TON_IoT,binary,trades,ft_learn,3,pgd_constrained,0.1,0.9891320529998511,0.9890092584878527,0.9889015577148266,0.9778042580459767,0.9980741367256974,1.0
TON_IoT,binary,trades,ft_learn,3,square,0.1,0.9935,0.9932380735223328,0.9934105665620214,0.98682572693012,0.9987595956525044,
TON_IoT,binary,trades,ft_learn,3,square_clean_subset,0,0.9935,0.9932380735223328,0.9934105665620214,0.98682572693012,0.9989551822857288,
TON_IoT,binary,trades,ft_nobias,3,clean,0,0.9807949977668602,0.979392121954135,0.9803435048483199,0.9607791579984092,0.997931646206954,
TON_IoT,binary,trades,ft_nobias,3,gaussian,0.1,0.9812416257257704,0.979958461772515,0.9808050545315332,0.9616829186970552,0.9978698414538288,
TON_IoT,binary,trades,ft_nobias,3,fgsm,0.1,0.9779663540270954,0.9765689351652292,0.9774514818862624,0.9549829704300453,0.9970302476536833,
TON_IoT,binary,trades,ft_nobias,3,pgd,0.1,0.9779663540270954,0.9765689351652292,0.9774514818862624,0.9549829704300453,0.9969678995620691,0.0
TON_IoT,binary,trades,ft_nobias,3,transfer_mlp,0.1,0.9782641059997023,0.9768730688844537,0.9777561915905021,0.9555924153626911,0.9976271955402777,
TON_IoT,binary,trades,ft_nobias,3,transfer_tf,0.1,0.9784129819860057,0.9770471635919746,0.9779095630828589,0.9558953978065111,0.9976408242807104,
TON_IoT,binary,trades,ft_nobias,3,pgd_constrained,0.1,0.9784129819860057,0.9770031078961572,0.9779075287065575,0.9558989671275666,0.9975474606170152,1.0
TON_IoT,binary,trades,ft_nobias,3,square,0.1,0.9865,0.9853284690025588,0.9862909054628457,0.9727287590813465,0.9985102987003116,
TON_IoT,binary,trades,ft_nobias,3,square_clean_subset,0,0.9875,0.9864584125053837,0.9873095641469807,0.974733595497051,0.9986288667629399,
TON_IoT,binary,trades,shared_none,3,clean,0,0.9481911567664135,0.9463758417218759,0.9470047925930278,0.8940545076109199,0.9832781241057554,
TON_IoT,binary,trades,shared_none,3,gaussian,0.1,0.9459580169718624,0.9440287552839668,0.9447129468544812,0.8894795153026929,0.9829793784932137,
TON_IoT,binary,trades,shared_none,3,fgsm,0.1,0.9341968140538931,0.9323899467890506,0.9327326114314642,0.8654791999885936,0.9725121436152294,
TON_IoT,binary,trades,shared_none,3,pgd,0.1,0.9328569301771624,0.9311314842920843,0.9313782824599335,0.8627638414550094,0.9713264884757907,0.0
TON_IoT,binary,trades,shared_none,3,transfer_mlp,0.1,0.9447670090814352,0.9421954406656259,0.9434210759033423,0.8870160920736306,0.9824373077940094,
TON_IoT,binary,trades,shared_none,3,transfer_tf,0.1,0.945064761054042,0.9429401313430241,0.9437784696049636,0.8876378519158836,0.9823381485197648,
TON_IoT,binary,trades,shared_none,3,pgd_constrained,0.1,0.9435760011910079,0.9419040754008933,0.9423127137418121,0.8846446569593445,0.9793725617685305,1.0
TON_IoT,binary,trades,shared_none,3,square,0.1,0.9445,0.9433482810164424,0.9437095555058013,0.8874428755582776,0.9819999493298878,
TON_IoT,binary,trades,shared_none,3,square_clean_subset,0,0.955,0.9538141926984368,0.9543425324675325,0.9087341540370721,0.9866443718172836,
TON_IoT,binary,trades,shared_learn,3,clean,0,0.9879410451094238,0.9873521666527814,0.9876743763782951,0.975359041424573,0.9978696603409993,
TON_IoT,binary,trades,shared_learn,3,gaussian,0.1,0.9868989132053,0.9865300049624915,0.9866157528967321,0.9732322359165454,0.99766853454365,
TON_IoT,binary,trades,shared_learn,3,fgsm,0.1,0.9867500372189966,0.9861356317758838,0.9864570308354106,0.9729243373797754,0.9966851371567459,
TON_IoT,binary,trades,shared_learn,3,pgd,0.1,0.9867500372189966,0.9861356317758838,0.9864570308354106,0.9729243373797754,0.9966399042275357,0.0
TON_IoT,binary,trades,shared_learn,3,transfer_mlp,0.1,0.9882387970820307,0.9877444117636405,0.9879808605391553,0.9759672538701868,0.9974549119610534,
TON_IoT,binary,trades,shared_learn,3,transfer_tf,0.1,0.9882387970820307,0.9877444117636405,0.9879808605391553,0.9759672538701868,0.9973475573312662,
TON_IoT,binary,trades,shared_learn,3,pgd_constrained,0.1,0.987643293136817,0.9870480329335569,0.987370039992574,0.9747503654133736,0.997297660746692,1.0
TON_IoT,binary,trades,shared_learn,3,square,0.1,0.992,0.9915431582680956,0.9918870350764037,0.9837924299808198,0.9979478604545109,
TON_IoT,binary,trades,shared_learn,3,square_clean_subset,0,0.993,0.9925565605127815,0.9929011556918534,0.9858206902466332,0.9983339667097363,
TON_IoT,binary,trades,ft_sin,4,clean,0,0.9675450349858568,0.9641179714638626,0.9666556604761779,0.9340064110703004,0.9974507916441786,
TON_IoT,binary,trades,ft_sin,4,gaussian,0.1,0.9673961589995533,0.9639438767563417,0.9665010304017183,0.9337083649435504,0.9972780552828802,
TON_IoT,binary,trades,ft_sin,4,fgsm,0.1,0.9651630192050022,0.9613765118393456,0.9641831576541011,0.9292262257783297,0.9960319084583314,
TON_IoT,binary,trades,ft_sin,4,pgd,0.1,0.9651630192050022,0.9613765118393456,0.9641831576541011,0.9292262257783297,0.9960010287208726,0.0
TON_IoT,binary,trades,ft_sin,4,transfer_mlp,0.1,0.9672472830132499,0.9638138377446381,0.9663497491043997,0.933394362278735,0.9966393608890467,
TON_IoT,binary,trades,ft_sin,4,transfer_tf,0.1,0.967991662944767,0.9645080884989731,0.9671095911279581,0.9349488935661611,0.9965715341343349,
TON_IoT,binary,trades,ft_sin,4,pgd_constrained,0.1,0.9669495310406432,0.9634656483295964,0.9660404413653584,0.9327982565155668,0.9966066700232911,1.0
TON_IoT,binary,trades,ft_sin,4,square,0.1,0.9635,0.9588464696223318,0.9622424371730964,0.9255266746754068,0.9967344006568145,
TON_IoT,binary,trades,ft_sin,4,square_clean_subset,0,0.966,0.9616584564860426,0.9648483983793044,0.9306057872856232,0.9971603037766831,
TON_IoT,binary,trades,ft_learn,4,clean,0,0.9857079053148727,0.9859743055228546,0.9854180611687404,0.9708668524796502,0.9986456382597231,
TON_IoT,binary,trades,ft_learn,4,gaussian,0.1,0.9855590293285693,0.9858442665111511,0.9852667966633692,0.9705667248213493,0.9985989564278753,
TON_IoT,binary,trades,ft_learn,4,fgsm,0.1,0.9848146493970522,0.9851500157568162,0.9845093382507883,0.9690595372774459,0.9982038587899489,
TON_IoT,binary,trades,ft_learn,4,pgd,0.1,0.9848146493970522,0.9851500157568162,0.9845093382507883,0.9690595372774459,0.9981122156981356,0.0
TON_IoT,binary,trades,ft_learn,4,transfer_mlp,0.1,0.985112401369659,0.9854100937802233,0.9848117800349594,0.9696591714349263,0.9984724943945579,
TON_IoT,binary,trades,ft_learn,4,transfer_tf,0.1,0.9852612773559625,0.9855401327919266,0.9849630192749851,0.9699591596237706,0.9984249975549768,
TON_IoT,binary,trades,ft_learn,4,pgd_constrained,0.1,0.9852612773559625,0.9855401327919266,0.9849630192749851,0.9699591596237706,0.9984167569212268,1.0
TON_IoT,binary,trades,ft_learn,4,square,0.1,0.987,0.9871510673234811,0.9866714649392885,0.9733615929399311,0.9985755336617405,
TON_IoT,binary,trades,ft_learn,4,square_clean_subset,0,0.9875,0.9875821018062397,0.98718203433933,0.974377040128668,0.99877052545156,
TON_IoT,binary,trades,ft_nobias,4,clean,0,0.9854101533422659,0.985405837628726,0.9851065676392688,0.9702220513781301,0.9982852690068857,
TON_IoT,binary,trades,ft_nobias,4,gaussian,0.1,0.9858567813011762,0.9858400103596539,0.9855618621651145,0.9711314164764768,0.9982640788058146,
TON_IoT,binary,trades,ft_nobias,4,fgsm,0.1,0.9852612773559625,0.9852317429212051,0.9849539405720666,0.969915568447287,0.9974774152301401,
TON_IoT,binary,trades,ft_nobias,4,pgd,0.1,0.9852612773559625,0.9852317429212051,0.9849539405720666,0.969915568447287,0.997462880925559,0.0
TON_IoT,binary,trades,ft_nobias,4,transfer_mlp,0.1,0.9854101533422659,0.985405837628726,0.9851065676392688,0.9702220513781301,0.9979594470263085,
TON_IoT,binary,trades,ft_nobias,4,transfer_tf,0.1,0.9854101533422659,0.985405837628726,0.9851065676392688,0.9702220513781301,0.9979696799011849,
TON_IoT,binary,trades,ft_nobias,4,pgd_constrained,0.1,0.9854101533422659,0.985405837628726,0.9851065676392688,0.9702220513781301,0.9979044792825035,1.0
TON_IoT,binary,trades,ft_nobias,4,square,0.1,0.988,0.9880131362889983,0.9876927621133988,0.9753938330086949,0.9982368637110015,
TON_IoT,binary,trades,ft_nobias,4,square_clean_subset,0,0.988,0.9880131362889983,0.9876927621133988,0.9753938330086949,0.9984431444991789,
TON_IoT,binary,trades,shared_none,4,clean,0,0.9480422807801102,0.9467304153641636,0.9469075173997054,0.8938185806291159,0.9842120324119521,
TON_IoT,binary,trades,shared_none,4,gaussian,0.1,0.9487866607116272,0.9475568332059506,0.9476751263959351,0.8953518296120158,0.9838871159955229,
TON_IoT,binary,trades,shared_none,4,fgsm,0.1,0.9307726663689146,0.9287382140826091,0.9292099410080008,0.8584467563715924,0.972442505732221,
TON_IoT,binary,trades,shared_none,4,pgd,0.1,0.9274973946702397,0.9256130216502276,0.9258940900769098,0.8517978111510935,0.9708756986427403,0.0
TON_IoT,binary,trades,shared_none,4,transfer_mlp,0.1,0.9486377847253238,0.9472065157151601,0.9475019734631086,0.8950138079462514,0.9834351942072873,
TON_IoT,binary,trades,shared_none,4,transfer_tf,0.1,0.9475956528212,0.9462962426332356,0.9464535156118363,0.8929098312500506,0.9835349420982283,
TON_IoT,binary,trades,shared_none,4,pgd_constrained,0.1,0.9444692571088283,0.9433010892125576,0.9432815588509847,0.886563161268712,0.9787526125525681,1.0
TON_IoT,binary,trades,shared_none,4,square,0.1,0.9255,0.9239532019704433,0.9236049246624067,0.847221964380452,0.9788772577996716,
TON_IoT,binary,trades,shared_none,4,square_clean_subset,0,0.946,0.9452380952380952,0.9446530772889027,0.8893378655626275,0.9850266830870279,
TON_IoT,binary,trades,shared_learn,4,clean,0,0.9760309662051511,0.976420377366692,0.9755604502788904,0.9511964436039397,0.9970350018654621,
TON_IoT,binary,trades,shared_learn,4,gaussian,0.1,0.9772219740955784,0.9774166337645026,0.9767649976345629,0.9535732718379697,0.996867381941602,
TON_IoT,binary,trades,shared_learn,4,fgsm,0.1,0.9727556945064761,0.9732070735426757,0.9722278812541525,0.9445546398349919,0.9948391899185355,
TON_IoT,binary,trades,shared_learn,4,pgd,0.1,0.9715646866160488,0.9721667614490476,0.9710234574011982,0.9421820600283837,0.9947106450876767,0.0
TON_IoT,binary,trades,shared_learn,4,transfer_mlp,0.1,0.9736489504242966,0.9741635303961662,0.9731406878493742,0.9463889327899391,0.9959926522525003,
TON_IoT,binary,trades,shared_learn,4,transfer_tf,0.1,0.9737978264106,0.9744257364953218,0.9732979942325807,0.9467265853805351,0.9961731764654744,
TON_IoT,binary,trades,shared_learn,4,pgd_constrained,0.1,0.974542206342117,0.9749878201622046,0.9740468295286351,0.9481844878563733,0.9962050523234967,1.0
TON_IoT,binary,trades,shared_learn,4,square,0.1,0.971,0.9717159277504105,0.9703233425330972,0.9408111983605448,0.9955634236453202,
TON_IoT,binary,trades,shared_learn,4,square_clean_subset,0,0.9745,0.9748973727422003,0.9738846639225082,0.9478555900914983,0.9964080459770115,
TON_IoT,binary,trades,ft_sin,5,clean,0,0.9732023224653863,0.9705573475663869,0.9725086176318112,0.9454179279247207,0.9968278540665263,
TON_IoT,binary,trades,ft_sin,5,gaussian,0.1,0.9730534464790829,0.9703832528588661,0.9723545456746996,0.9451183293039102,0.9967497038805233,
TON_IoT,binary,trades,ft_sin,5,fgsm,0.1,0.9718624385886556,0.9690786065903336,0.9711270271570329,0.942698083129933,0.995144636705775,
TON_IoT,binary,trades,ft_sin,5,pgd,0.1,0.9718624385886556,0.9690786065903336,0.9711270271570329,0.942698083129933,0.9950997207240166,0.0
TON_IoT,binary,trades,ft_sin,5,transfer_mlp,0.1,0.9724579425338693,0.9697309297245997,0.9717408487248901,0.9439081573680713,0.9959441140141486,
TON_IoT,binary,trades,ft_sin,5,transfer_tf,0.1,0.9727556945064761,0.9700350634438242,0.9720463530629994,0.9445193036229601,0.9963152142021436,
TON_IoT,binary,trades,ft_sin,5,pgd_constrained,0.1,0.9726068185201727,0.9698609687363033,0.9718922323616213,0.944219876440164,0.9961600005071161,1.0
TON_IoT,binary,trades,ft_sin,5,square,0.1,0.9775,0.9756106366037225,0.9770469000690889,0.9543626559365916,0.9970397382847974,
TON_IoT,binary,trades,ft_sin,5,square_clean_subset,0,0.978,0.9761846894165813,0.9775601795185639,0.9553664035124281,0.9975136242206559,
TON_IoT,binary,trades,ft_learn,5,clean,0,0.9822837576298943,0.9823666285122306,0.9819205897251151,0.963861162579184,0.99694824882005,
TON_IoT,binary,trades,ft_learn,5,gaussian,0.1,0.9801994938216466,0.979929302606938,0.9797813204786346,0.959564859013952,0.9969637339669866,
TON_IoT,binary,trades,ft_learn,5,fgsm,0.1,0.9748399583147238,0.973661893136186,0.9742673343445749,0.9485726398423846,0.996136908621333,
TON_IoT,binary,trades,ft_learn,5,pgd,0.1,0.9748399583147238,0.973661893136186,0.9742673343445749,0.9485726398423846,0.9960849745174248,0.0
TON_IoT,binary,trades,ft_learn,5,transfer_mlp,0.1,0.9748399583147238,0.973661893136186,0.9742673343445749,0.9485726398423846,0.9967195485943834,
TON_IoT,binary,trades,ft_learn,5,transfer_tf,0.1,0.9755843382462409,0.9745323666737904,0.9750343123301382,0.9500946401939236,0.9967183713609905,
TON_IoT,binary,trades,ft_learn,5,pgd_constrained,0.1,0.9758820902188478,0.9748805560888323,0.9753409984176963,0.9507038601933568,0.9964542182989158,1.0
TON_IoT,binary,trades,ft_learn,5,square,0.1,0.9795,0.978693945954631,0.9791336654134143,0.9582921756474018,0.9957645173329374,
TON_IoT,binary,trades,ft_learn,5,square_clean_subset,0,0.985,0.9850085268960775,0.9847540988605213,0.9695163341691002,0.9961784048348569,
TON_IoT,binary,trades,ft_nobias,5,clean,0,0.974542206342117,0.9727850353713356,0.9739316164149019,0.9480000937353297,0.9973848665741784,
TON_IoT,binary,trades,ft_nobias,5,gaussian,0.1,0.9746910823284204,0.9729150743830391,0.9740828531617245,0.9483076252583074,0.9972928612567057,
TON_IoT,binary,trades,ft_nobias,5,fgsm,0.1,0.9740955783832068,0.9723068069445904,0.9734730379420002,0.947087903829825,0.9961404855997189,
TON_IoT,binary,trades,ft_nobias,5,pgd,0.1,0.9740955783832068,0.9723068069445904,0.9734730379420002,0.947087903829825,0.9961014105067174,0.0
TON_IoT,binary,trades,ft_nobias,5,transfer_mlp,0.1,0.974542206342117,0.9727850353713356,0.9739316164149019,0.9480000937353297,0.9966980867240673,
TON_IoT,binary,trades,ft_nobias,5,transfer_tf,0.1,0.9743933303558137,0.9726549963596322,0.9737803925982949,0.9476926811144747,0.9968808748474125,
TON_IoT,binary,trades,ft_nobias,5,pgd_constrained,0.1,0.9743933303558137,0.9726549963596322,0.9737803925982949,0.9476926811144747,0.9968278540665264,1.0
TON_IoT,binary,trades,ft_nobias,5,square,0.1,0.9775,0.9762665516866169,0.9770791677904241,0.9542439831085283,0.9975075226850011,
TON_IoT,binary,trades,ft_nobias,5,square_clean_subset,0,0.978,0.9768406044994757,0.9775916070382725,0.9552562104630317,0.9979605617073725,
TON_IoT,binary,trades,shared_none,5,clean,0,0.9426827452731874,0.9417846767679329,0.9414926247714241,0.882995021515063,0.9777927598335212,
TON_IoT,binary,trades,shared_none,5,gaussian,0.1,0.9416406133690636,0.9407862922943735,0.9404365880662888,0.8808872281449414,0.9786701609368604,
TON_IoT,binary,trades,shared_none,5,fgsm,0.1,0.9321125502456454,0.9317589044122707,0.9308060152495721,0.861719047324433,0.9660929615932135,
TON_IoT,binary,trades,shared_none,5,pgd,0.1,0.9312192943278249,0.9309346146462323,0.9299072348605244,0.8599391324343281,0.9645918984609031,0.0
TON_IoT,binary,trades,shared_none,5,transfer_mlp,0.1,0.9426827452731874,0.9417846767679329,0.9414926247714241,0.882995021515063,0.9769662967135265,
TON_IoT,binary,trades,shared_none,5,transfer_tf,0.1,0.9440226291499181,0.9430871949607166,0.9428528863547212,0.8857120375741516,0.9776061230625455,
TON_IoT,binary,trades,shared_none,5,pgd_constrained,0.1,0.9394074735745125,0.9387916514230035,0.9381918564527261,0.876425246023194,0.9728555335402849,1.0
TON_IoT,binary,trades,shared_none,5,square,0.1,0.937,0.9372457057900523,0.9360950418881785,0.8723825541150562,0.9744965978854111,
TON_IoT,binary,trades,shared_none,5,square_clean_subset,0,0.9455,0.9451680413765471,0.9446419361711367,0.8893233095085364,0.9790158019604234,
TON_IoT,binary,trades,shared_learn,5,clean,0,0.9840702694655352,0.9836627624777684,0.983726691910043,0.9674537932499189,0.9966471034625151,
TON_IoT,binary,trades,shared_learn,5,gaussian,0.1,0.9839213934792318,0.9835327234660649,0.983575330474034,0.967150842872319,0.9965726208113129,
TON_IoT,binary,trades,shared_learn,5,fgsm,0.1,0.9827303855888045,0.9823161885891672,0.9823586882869254,0.9647175582682468,0.9951484853534054,
TON_IoT,binary,trades,shared_learn,5,pgd,0.1,0.9827303855888045,0.9823161885891672,0.9823586882869254,0.9647175582682468,0.9950922498197928,0.0
TON_IoT,binary,trades,shared_learn,5,transfer_mlp,0.1,0.9831770135477148,0.9827063056242777,0.9828126491326572,0.965626434690797,0.9961613588533385,
TON_IoT,binary,trades,shared_learn,5,transfer_tf,0.1,0.9834747655203215,0.9829663836476848,0.9831153527984673,0.9662329340848848,0.9960593470520264,
TON_IoT,binary,trades,shared_learn,5,pgd_constrained,0.1,0.9837725174929284,0.9833145730627266,0.9834210509332711,0.9668432390106996,0.9959327944622942,1.0
TON_IoT,binary,trades,shared_learn,5,square,0.1,0.984,0.9838604212703601,0.9837334894918341,0.967469011991598,0.9961082371748263,
TON_IoT,binary,trades,shared_learn,5,square_clean_subset,0,0.985,0.9847461608629198,0.9847461608629198,0.9694923217258397,0.9968048291620861,
TON_IoT,binary,trades,ft_sin,6,clean,0,0.9755843382462409,0.9734309742783559,0.974976352668264,0.950201183464228,0.9963738042025421,
TON_IoT,binary,trades,ft_sin,6,gaussian,0.1,0.9754354622599375,0.9733009352666524,0.9748249663881995,0.9498916786014897,0.9960234867117517,
TON_IoT,binary,trades,ft_sin,6,fgsm,0.1,0.9751377102873307,0.972996801547428,0.9745198144656322,0.949281297198143,0.9947029930706232,
TON_IoT,binary,trades,ft_sin,6,pgd,0.1,0.9751377102873307,0.972996801547428,0.9745198144656322,0.949281297198143,0.9947017705590229,0.0
TON_IoT,binary,trades,ft_sin,6,transfer_mlp,0.1,0.9754354622599375,0.973256879570835,0.9748225712597187,0.94990036530517,0.9950320298039272,
TON_IoT,binary,trades,ft_sin,6,transfer_tf,0.1,0.9754354622599375,0.973256879570835,0.9748225712597187,0.94990036530517,0.9958141202806525,
TON_IoT,binary,trades,ft_sin,6,pgd_constrained,0.1,0.9752865862736341,0.9731268405591316,0.9746711862373891,0.9495907708895567,0.9957226583016687,1.0
TON_IoT,binary,trades,ft_sin,6,square,0.1,0.976,0.9745128679010109,0.975393473734071,0.9508607272845138,0.9950982348528806,
TON_IoT,binary,trades,ft_sin,6,square_clean_subset,0,0.977,0.9753816776316799,0.9764111273840146,0.9529228503671631,0.9960785878823044,
TON_IoT,binary,trades,ft_learn,6,clean,0,0.9858567813011762,0.9856637875763843,0.9855568216836783,0.9711147820378573,0.9976671309192201,
TON_IoT,binary,trades,ft_learn,6,gaussian,0.1,0.9849635253833556,0.9847954421145285,0.9846459651755045,0.9692941596529827,0.9975060310572281,
TON_IoT,binary,trades,ft_learn,6,fgsm,0.1,0.9857079053148727,0.9855337485646809,0.9854054274268385,0.9708124941398919,0.9971136953899541,
TON_IoT,binary,trades,ft_learn,6,pgd,0.1,0.9857079053148727,0.9855337485646809,0.9854054274268385,0.9708124941398919,0.997100247762351,0.0
TON_IoT,binary,trades,ft_learn,6,transfer_mlp,0.1,0.9858567813011762,0.9856637875763843,0.9855568216836783,0.9711147820378573,0.9974134824012664,
TON_IoT,binary,trades,ft_learn,6,transfer_tf,0.1,0.9858567813011762,0.9856637875763843,0.9855568216836783,0.9711147820378573,0.9973616841319807,
TON_IoT,binary,trades,ft_learn,6,pgd_constrained,0.1,0.9858567813011762,0.9856637875763843,0.9855568216836783,0.9711147820378573,0.9974069623393982,1.0
TON_IoT,binary,trades,ft_learn,6,square,0.1,0.9875,0.9874401222268955,0.9872142349547985,0.9744331164816035,0.9980045006186049,
TON_IoT,binary,trades,ft_learn,6,square_clean_subset,0,0.988,0.98787452709223,0.9877237851662404,0.9754496371921167,0.9982787538669197,
TON_IoT,binary,trades,ft_nobias,6,clean,0,0.9784129819860057,0.9766066066338007,0.9778890217386196,0.955947191033097,0.9974182818912527,
TON_IoT,binary,trades,ft_nobias,6,gaussian,0.1,0.9784129819860057,0.9766506623296181,0.9778910956592918,0.9559403991211105,0.9973882624397347,
TON_IoT,binary,trades,ft_nobias,6,fgsm,0.1,0.9772219740955784,0.975257904669451,0.9766625127629952,0.9535289400253841,0.9966153634391153,
TON_IoT,binary,trades,ft_nobias,6,pgd,0.1,0.9772219740955784,0.975257904669451,0.9766625127629952,0.9535289400253841,0.996465402016148,0.0
TON_IoT,binary,trades,ft_nobias,6,transfer_mlp,0.1,0.9782641059997023,0.9764765676220972,0.9777375768995028,0.955638759363904,0.9969641414708534,
TON_IoT,binary,trades,ft_nobias,6,transfer_tf,0.1,0.9782641059997023,0.9764765676220972,0.9777375768995028,0.955638759363904,0.9971585208152975,
TON_IoT,binary,trades,ft_nobias,6,pgd_constrained,0.1,0.9779663540270954,0.9761283782070554,0.977430493122053,0.9550356579072444,0.9969559461153109,1.0
TON_IoT,binary,trades,ft_nobias,6,square,0.1,0.9805,0.9795041746870392,0.9800231475375072,0.9600714823857307,0.9977839723536353,
TON_IoT,binary,trades,ft_nobias,6,square_clean_subset,0,0.9815,0.9806820309885704,0.9810535797084863,0.9621200158037638,0.9981385572437139,
TON_IoT,binary,trades,shared_none,6,clean,0,0.9437248771773113,0.9423865599791358,0.9425034819118123,0.8850085318456459,0.9818716924269482,
TON_IoT,binary,trades,shared_none,6,gaussian,0.1,0.942533869286884,0.9412140807980556,0.9412918252061202,0.8825843462749217,0.9814683541552716,
TON_IoT,binary,trades,shared_none,6,fgsm,0.1,0.9237754950126544,0.9238158843196135,0.9223914709474408,0.845027430664418,0.9693337040109247,
TON_IoT,binary,trades,shared_none,6,pgd,0.1,0.9187137114783386,0.9193064465300593,0.9173364978902954,0.835144923665711,0.9672096580227549,0.0
TON_IoT,binary,trades,shared_none,6,transfer_mlp,0.1,0.9438737531636147,0.9423403762075698,0.942632591291571,0.8852749917670608,0.9823350696016604,
TON_IoT,binary,trades,shared_none,6,transfer_tf,0.1,0.9435760011910079,0.9420362424883454,0.9423282549058498,0.8846663157558614,0.9826867907168808,
TON_IoT,binary,trades,shared_none,6,pgd_constrained,0.1,0.9368765818073544,0.935787985699331,0.9355575101446856,0.8711212356256656,0.9767850480492337,1.0
TON_IoT,binary,trades,shared_none,6,square,0.1,0.9225,0.9233958487472869,0.921093712416108,0.8427715538267404,0.9716946087746713,
TON_IoT,binary,trades,shared_none,6,square_clean_subset,0,0.9445,0.9437458491054534,0.9432656738159584,0.8865554657307051,0.978736163258456,
TON_IoT,binary,trades,shared_learn,6,clean,0,0.9839213934792318,0.9833565006827953,0.9835695033951051,0.9671435580807718,0.9966567024424877,
TON_IoT,binary,trades,shared_learn,6,gaussian,0.1,0.9824326336161977,0.9818358320866734,0.9820481611168741,0.9641008663312296,0.9965453180522402,
TON_IoT,binary,trades,shared_learn,6,fgsm,0.1,0.9717135626023522,0.9723408561565685,0.9711763616488848,0.9424928389824483,0.9950499146958572,
TON_IoT,binary,trades,shared_learn,6,pgd,0.1,0.9717135626023522,0.9723408561565685,0.9711763616488848,0.9424928389824483,0.9949632069286524,0.0
TON_IoT,binary,trades,shared_learn,6,transfer_mlp,0.1,0.9801994938216466,0.9797971355194859,0.9797759981961957,0.9595520416821443,0.9959891205523217,
TON_IoT,binary,trades,shared_learn,6,transfer_tf,0.1,0.9816882536846807,0.9812737484197905,0.9812949517803191,0.9625899489300253,0.9960983768668206,
TON_IoT,binary,trades,shared_learn,6,pgd_constrained,0.1,0.982879261575108,0.982225949121784,0.9825022228002047,0.96501213080447,0.9961266757464565,1.0
TON_IoT,binary,trades,shared_learn,6,square,0.1,0.9725,0.9733263132688429,0.9719381383914074,0.9440588658184641,0.9964183344436496,
TON_IoT,binary,trades,shared_learn,6,square_clean_subset,0,0.9865,0.9862622659253643,0.9861871351581151,0.9723747863660647,0.9969371642828124,
TON_IoT,binary,trades,ft_sin,7,clean,0,0.9684382909036773,0.9647219827508141,0.967550553088331,0.9359641052081292,0.9969068645384701,
TON_IoT,binary,trades,ft_sin,7,gaussian,0.1,0.9684382909036773,0.9647660384466314,0.9675538358731803,0.9359456621981668,0.9968276276754893,
TON_IoT,binary,trades,ft_sin,7,fgsm,0.1,0.9670984070269466,0.9633754088622131,0.9661746941603617,0.9331985913861285,0.995239177602863,
TON_IoT,binary,trades,ft_sin,7,pgd,0.1,0.9670984070269466,0.9633754088622131,0.9661746941603617,0.9331985913861285,0.9952349214513657,0.0
TON_IoT,binary,trades,ft_sin,7,transfer_mlp,0.1,0.9672472830132499,0.9635054478739165,0.9663260456577019,0.9335139672336566,0.9965563206566426,
TON_IoT,binary,trades,ft_sin,7,transfer_tf,0.1,0.9681405389310704,0.9644178490315898,0.9672444262306736,0.935351570714511,0.9965277048295547,
TON_IoT,binary,trades,ft_sin,7,pgd_constrained,0.1,0.9681405389310704,0.9644619047274071,0.9672477399851915,0.9353331978361242,0.9958316882251306,1.0
TON_IoT,binary,trades,ft_sin,7,square,0.1,0.962,0.9586359869351143,0.9611723498085183,0.9233157599515235,0.9953901184614634,
TON_IoT,binary,trades,ft_sin,7,square_clean_subset,0,0.964,0.9605412827637758,0.9632048945666916,0.9274741062818637,0.9961426900014625,
TON_IoT,binary,trades,ft_learn,7,clean,0,0.985112401369659,0.9850135925178668,0.9847999761035802,0.969604501352478,0.9986305606166529,
TON_IoT,binary,trades,ft_learn,7,gaussian,0.1,0.9839213934792318,0.9839732804242387,0.9835896722223448,0.9671940551282064,0.9985309938385417,
TON_IoT,binary,trades,ft_learn,7,fgsm,0.1,0.9842191454518386,0.9841893027518284,0.9838907772424744,0.9677904593527795,0.998044932281913,
TON_IoT,binary,trades,ft_learn,7,pgd,0.1,0.9842191454518386,0.9841893027518284,0.9838907772424744,0.9677904593527795,0.9980198481550037,0.0
TON_IoT,binary,trades,ft_learn,7,transfer_mlp,0.1,0.9849635253833556,0.9848835535061633,0.9846486445878042,0.9693027923049092,0.9984013623307048,
TON_IoT,binary,trades,ft_learn,7,transfer_tf,0.1,0.9849635253833556,0.9848835535061633,0.9846486445878042,0.9693027923049092,0.9984211036291388,
TON_IoT,binary,trades,ft_learn,7,pgd_constrained,0.1,0.9848146493970522,0.9847535144944597,0.9844973255536744,0.969001198696759,0.9983712070445646,1.0
TON_IoT,binary,trades,ft_learn,7,square,0.1,0.9815,0.9811481337038301,0.9812087306268996,0.96241796727809,0.9982561871333626,
TON_IoT,binary,trades,ft_learn,7,square_clean_subset,0,0.983,0.9824826532767839,0.9827257540716414,0.965459623419652,0.9985710281285041,
TON_IoT,binary,trades,ft_nobias,7,clean,0,0.9761798421914545,0.9746119657624307,0.9756164673971441,0.9513372910094963,0.9981060125837194,
TON_IoT,binary,trades,ft_nobias,7,gaussian,0.1,0.9760309662051511,0.9744819267507272,0.9754652064449205,0.9510304409608641,0.9980960513780874,
TON_IoT,binary,trades,ft_nobias,7,fgsm,0.1,0.9752865862736341,0.9736995646047575,0.974702084924537,0.9495084259401962,0.9974073698432648,
TON_IoT,binary,trades,ft_nobias,7,pgd,0.1,0.9752865862736341,0.9736995646047575,0.974702084924537,0.9495084259401962,0.9973869040935123,0.0
TON_IoT,binary,trades,ft_nobias,7,transfer_mlp,0.1,0.9755843382462409,0.9740477540197993,0.9750091924342184,0.9501141468894063,0.9977396213292957,
TON_IoT,binary,trades,ft_nobias,7,transfer_tf,0.1,0.9757332142325443,0.9741777930315028,0.975160426400758,0.9504208488799059,0.9978651325202574,
TON_IoT,binary,trades,ft_nobias,7,pgd_constrained,0.1,0.9758820902188478,0.9743078320432063,0.9753116732396083,0.9507276693197296,0.9978178620717135,1.0
TON_IoT,binary,trades,ft_nobias,7,square,0.1,0.9715,0.9701104177838444,0.9709984987907138,0.9421100615214766,0.9975005687450236,
TON_IoT,binary,trades,ft_nobias,7,square_clean_subset,0,0.972,0.9706811940395521,0.971511102021796,0.9431207215134622,0.997778847560084,
TON_IoT,binary,trades,shared_none,7,clean,0,0.9449158850677386,0.943559039160216,0.9437153431147143,0.8874334779723029,0.9796259838954472,
TON_IoT,binary,trades,shared_none,7,gaussian,0.1,0.9440226291499181,0.9427347493941776,0.942812762376946,0.8856262217662513,0.9786942489432067,
TON_IoT,binary,trades,shared_none,7,fgsm,0.1,0.9297305344647908,0.9287971663086669,0.928305467412974,0.8566398479820666,0.9667969471621429,
TON_IoT,binary,trades,shared_none,7,pgd,0.1,0.9280928986154533,0.9272345700924762,0.9266502866502866,0.8533415847557809,0.9646497640099829,0.0
TON_IoT,binary,trades,shared_none,7,transfer_mlp,0.1,0.942533869286884,0.941037858014786,0.9412709525425738,0.8825481720443379,0.9793103495115386,
TON_IoT,binary,trades,shared_none,7,transfer_tf,0.1,0.9437248771773113,0.9418578916293272,0.9424414808823343,0.8849222425499244,0.9801324206454137,
TON_IoT,binary,trades,shared_none,7,pgd_constrained,0.1,0.9391097216019056,0.9380910164414227,0.9378400171108614,0.8756873461850825,0.9744976835669086,1.0
TON_IoT,binary,trades,shared_none,7,square,0.1,0.9275,0.9271864183688393,0.9264850340006718,0.8530504787233513,0.9708274427598758,
TON_IoT,binary,trades,shared_none,7,square_clean_subset,0,0.9425,0.9412872324867156,0.9415649070335781,0.8831419575547244,0.9792489315718488,
TON_IoT,binary,trades,shared_learn,7,clean,0,0.9843680214381421,0.9841871746760797,0.9840378845883957,0.9680779970731038,0.9980469698012467,
TON_IoT,binary,trades,shared_learn,7,gaussian,0.1,0.9825815096025011,0.9823623723607333,0.9822136428270696,0.9644295093334674,0.9979347704032658,
TON_IoT,binary,trades,shared_learn,7,fgsm,0.1,0.9827303855888045,0.982624578459889,0.982369507492414,0.9647455481284506,0.996977317429212,
TON_IoT,binary,trades,shared_learn,7,pgd,0.1,0.9827303855888045,0.982624578459889,0.982369507492414,0.9647455481284506,0.9969325825602835,0.0
TON_IoT,binary,trades,shared_learn,7,transfer_mlp,0.1,0.9830281375614114,0.982884656483296,0.9826719727580813,0.9653484846262348,0.9975404877730728,
TON_IoT,binary,trades,shared_learn,7,transfer_tf,0.1,0.982879261575108,0.9827546174715924,0.9825207339366087,0.9650469588619591,0.9976483404631417,
TON_IoT,binary,trades,shared_learn,7,pgd_constrained,0.1,0.9833258895340181,0.9831887902025204,0.9829759732360097,0.9659564870156981,0.9974847502997416,1.0
TON_IoT,binary,trades,shared_learn,7,square,0.1,0.9815,0.9812740701018866,0.9812134630416773,0.9624274318576822,0.9972781488161979,
TON_IoT,binary,trades,shared_learn,7,square_clean_subset,0,0.9835,0.9831793659305481,0.9832402192077754,0.966480945504066,0.9977077544321488,
TON_IoT,binary,trades,ft_sin,8,clean,0,0.9746910823284204,0.9723423503374131,0.9740509410462396,0.9484069317923427,0.9964635003314365,
TON_IoT,binary,trades,ft_sin,8,gaussian,0.1,0.974542206342117,0.9721682556298923,0.9738970473186197,0.9481066101715518,0.9963352271698224,
TON_IoT,binary,trades,ft_sin,8,fgsm,0.1,0.9740955783832068,0.971690027203147,0.973437825277881,0.9471956188186099,0.9944779603797573,
TON_IoT,binary,trades,ft_sin,8,pgd,0.1,0.9740955783832068,0.971690027203147,0.973437825277881,0.9471956188186099,0.9944171064689881,0.0
TON_IoT,binary,trades,ft_sin,8,transfer_mlp,0.1,0.9740955783832068,0.971690027203147,0.973437825277881,0.9471956188186099,0.9951899601914,
TON_IoT,binary,trades,ft_sin,8,transfer_tf,0.1,0.9743933303558137,0.9720382166181888,0.9737456579997248,0.9477962676685389,0.9954422050849236,
TON_IoT,binary,trades,ft_sin,8,pgd_constrained,0.1,0.9742444543695102,0.9718641219106678,0.9735917496264399,0.9474959143313835,0.9954000057956106,1.0
TON_IoT,binary,trades,ft_sin,8,square,0.1,0.9765,0.9744529994283515,0.9760538289545382,0.9524769707328903,0.9960903509190543,
TON_IoT,binary,trades,ft_sin,8,square_clean_subset,0,0.9765,0.9744529994283515,0.9760538289545382,0.9524769707328903,0.9966010777045928,
TON_IoT,binary,trades,ft_learn,8,clean,0,0.9799017418490398,0.9788762220588182,0.9794461858944071,0.9589254590661509,0.9973723245107237,
TON_IoT,binary,trades,ft_learn,8,gaussian,0.1,0.9804972457942533,0.9794404338014496,0.9800533775097001,0.9601449568320262,0.9972817228176808,
TON_IoT,binary,trades,ft_learn,8,fgsm,0.1,0.9739467023969034,0.9720886565412521,0.9733168395888004,0.946791129060708,0.9960379304599178,
TON_IoT,binary,trades,ft_learn,8,pgd,0.1,0.9739467023969034,0.9720886565412521,0.9733168395888004,0.946791129060708,0.9959708734347323,0.0
TON_IoT,binary,trades,ft_learn,8,transfer_mlp,0.1,0.974542206342117,0.9726088125880661,0.9739218436104354,0.9480233929829679,0.9967035653871648,
TON_IoT,binary,trades,ft_learn,8,transfer_tf,0.1,0.974542206342117,0.9726088125880661,0.9739218436104354,0.9480233929829679,0.9967066895834767,
TON_IoT,binary,trades,ft_learn,8,pgd_constrained,0.1,0.9751377102873307,0.9734373585056018,0.9745437765442027,0.9492146991717151,0.9965300592963403,1.0
TON_IoT,binary,trades,ft_learn,8,square,0.1,0.9745,0.9725471660755571,0.9740230568291474,0.948361886849418,0.9963396221434075,
TON_IoT,binary,trades,ft_learn,8,square_clean_subset,0,0.98,0.9786936563265647,0.9796507871584257,0.9594313494287753,0.9970011300972411,
TON_IoT,binary,trades,ft_nobias,8,clean,0,0.9758820902188478,0.9739113307808498,0.9752908859343474,0.9507793410060214,0.996861314661808,
TON_IoT,binary,trades,ft_nobias,8,gaussian,0.1,0.9764775941640613,0.9746517653067508,0.975907788699462,0.9519788693730385,0.9967746521728107,
TON_IoT,binary,trades,ft_nobias,8,fgsm,0.1,0.9742444543695102,0.9724368459562939,0.9736242591419075,0.9473954940764888,0.9951365771848546,
TON_IoT,binary,trades,ft_nobias,8,pgd,0.1,0.9742444543695102,0.9724368459562939,0.9736242591419075,0.9473954940764888,0.9950600117361114,0.0
TON_IoT,binary,trades,ft_nobias,8,transfer_mlp,0.1,0.9743933303558137,0.9726109406638148,0.9737779455518624,0.9476977645440662,0.996260835075035,
TON_IoT,binary,trades,ft_nobias,8,transfer_tf,0.1,0.9743933303558137,0.9726109406638148,0.9737779455518624,0.9476977645440662,0.9963698197202894,
TON_IoT,binary,trades,ft_nobias,8,pgd_constrained,0.1,0.9757332142325443,0.9737812917691464,0.9751395330381742,0.9504706446959951,0.9960905890151447,1.0
TON_IoT,binary,trades,ft_nobias,8,square,0.1,0.975,0.9731172915031512,0.974535917088946,0.9493629238235103,0.9958740789402876,
TON_IoT,binary,trades,ft_nobias,8,square_clean_subset,0,0.978,0.9759135968060791,0.9775791836988436,0.9555562914608005,0.9967833350763703,
TON_IoT,binary,trades,shared_none,8,clean,0,0.9461068929581659,0.9447315183412963,0.9449274095280373,0.8898591876423997,0.9833068304892583,
TON_IoT,binary,trades,shared_none,8,gaussian,0.1,0.9453625130266488,0.9440372675869613,0.9441741844778153,0.8883505072613171,0.9821000304269555,
TON_IoT,binary,trades,shared_none,8,fgsm,0.1,0.9346434420128034,0.9337052334363262,0.933303688145593,0.8666263497662637,0.9712102140391422,
TON_IoT,binary,trades,shared_none,8,pgd,0.1,0.9336013101086794,0.9327068489627668,0.9322489328204262,0.8645226126352852,0.9700135110170933,0.0
TON_IoT,binary,trades,shared_none,8,transfer_mlp,0.1,0.9444692571088283,0.9432129778209228,0.943271552172393,0.886543496575578,0.9822696878701492,
TON_IoT,binary,trades,shared_none,8,transfer_tf,0.1,0.9464046449307727,0.9449475406688859,0.9452219014532466,0.890452371055958,0.9829235957416752,
TON_IoT,binary,trades,shared_none,8,pgd_constrained,0.1,0.9426827452731874,0.9416525096804808,0.9414773560345946,0.8829582316891044,0.9774388653643448,1.0
TON_IoT,binary,trades,shared_none,8,square,0.1,0.942,0.940984149193143,0.9410942654251775,0.8821904704163941,0.9799912881991653,
TON_IoT,binary,trades,shared_none,8,square_clean_subset,0,0.954,0.9524191493099097,0.9532092360899196,0.9065150508539155,0.9857646331346948,
TON_IoT,binary,trades,shared_learn,8,clean,0,0.983623641506625,0.9830964226593883,0.9832667236286989,0.9665363586508808,0.9960617467970195,
TON_IoT,binary,trades,shared_learn,8,gaussian,0.1,0.9804972457942533,0.9799691021512582,0.9800748410298946,0.9601508152512356,0.9958978396861677,
TON_IoT,binary,trades,shared_learn,8,fgsm,0.1,0.9758820902188478,0.9763343940508058,0.9754117541574014,0.9509104762252272,0.9940342792252719,
TON_IoT,binary,trades,shared_learn,8,pgd,0.1,0.9758820902188478,0.9763343940508058,0.9754117541574014,0.9509104762252272,0.9939707539002648,0.0
TON_IoT,binary,trades,shared_learn,8,transfer_mlp,0.1,0.9760309662051511,0.9764644330625093,0.9755625069189928,0.9512080933936563,0.9953549992574374,
TON_IoT,binary,trades,shared_learn,8,transfer_tf,0.1,0.9761798421914545,0.9766825834658475,0.9757173495145368,0.9515297678169924,0.9954560602163935,
TON_IoT,binary,trades,shared_learn,8,pgd_constrained,0.1,0.9834747655203215,0.9829663836476848,0.9831153527984673,0.9662329340848848,0.9951350830040099,1.0
TON_IoT,binary,trades,shared_learn,8,square,0.1,0.9775,0.9772168131663943,0.9771572154645651,0.9543149343314784,0.9948485639236002,
TON_IoT,binary,trades,shared_learn,8,square_clean_subset,0,0.9825,0.9816691729170622,0.9822108145540951,0.9644627229985407,0.995814680298232,
TON_IoT,binary,trades,ft_sin,9,clean,0,0.9642697632871817,0.9598473309402291,0.963211963788494,0.927670675717668,0.9970634365797204,
TON_IoT,binary,trades,ft_sin,9,gaussian,0.1,0.9642697632871817,0.9598473309402291,0.963211963788494,0.927670675717668,0.9969272397318081,
TON_IoT,binary,trades,ft_sin,9,fgsm,0.1,0.963972011314575,0.9595872529168221,0.9629092497213939,0.927034724339394,0.9953192747517849,
TON_IoT,binary,trades,ft_sin,9,pgd,0.1,0.963972011314575,0.9595872529168221,0.9629092497213939,0.927034724339394,0.9952979487160912,0.0
TON_IoT,binary,trades,ft_sin,9,transfer_mlp,0.1,0.963972011314575,0.9595872529168221,0.9629092497213939,0.927034724339394,0.9962367470686888,
TON_IoT,binary,trades,ft_sin,9,transfer_tf,0.1,0.963972011314575,0.9595872529168221,0.9629092497213939,0.927034724339394,0.9965124460736551,
TON_IoT,binary,trades,ft_sin,9,pgd_constrained,0.1,0.9638231353282716,0.9594131582093013,0.9627540486974376,0.9267391307992187,0.9959365072753023,1.0
TON_IoT,binary,trades,ft_sin,9,square,0.1,0.97,0.9661158710730314,0.9691811746287102,0.9394442027160289,0.9969930640554876,
TON_IoT,binary,trades,ft_sin,9,square_clean_subset,0,0.97,0.9661158710730314,0.9691811746287102,0.9394442027160289,0.9979100367197062,
TON_IoT,binary,trades,ft_learn,9,clean,0,0.9858567813011762,0.9854875647931148,0.9855517358079822,0.9711038818216937,0.9983852885670715,
TON_IoT,binary,trades,ft_learn,9,gaussian,0.1,0.9857079053148727,0.9853134700855939,0.9853990031600713,0.9707987355234817,0.9983621966812884,
TON_IoT,binary,trades,ft_learn,9,fgsm,0.1,0.9855590293285693,0.9851393753780731,0.9852462563351128,0.9704936519704073,0.9976898605793438,
TON_IoT,binary,trades,ft_learn,9,pgd,0.1,0.9855590293285693,0.9851393753780731,0.9852462563351128,0.9704936519704073,0.9976570338789659,0.0
TON_IoT,binary,trades,ft_learn,9,transfer_mlp,0.1,0.9858567813011762,0.9854875647931148,0.9855517358079822,0.9711038818216937,0.9980716011460818,
TON_IoT,binary,trades,ft_learn,9,transfer_tf,0.1,0.9858567813011762,0.9854875647931148,0.9855517358079822,0.9711038818216937,0.9981679531714668,
TON_IoT,binary,trades,ft_learn,9,pgd_constrained,0.1,0.9858567813011762,0.9854875647931148,0.9855517358079822,0.9711038818216937,0.9980580629620641,1.0
TON_IoT,binary,trades,ft_learn,9,square,0.1,0.988,0.9871889024887801,0.9877458989608523,0.9755247506548937,0.9983797429620562,
TON_IoT,binary,trades,ft_learn,9,square_clean_subset,0,0.9885,0.9877702978376173,0.9882582101274979,0.9765416555826257,0.9987158302733579,
TON_IoT,binary,trades,ft_nobias,9,clean,0,0.9769242221229716,0.9746453810795048,0.9763416977500463,0.9529817386367243,0.9978919824972562,
TON_IoT,binary,trades,ft_nobias,9,gaussian,0.1,0.9769242221229716,0.9746894367753223,0.9763439619089469,0.9529716606145949,0.997824201020752,
TON_IoT,binary,trades,ft_nobias,9,fgsm,0.1,0.9763287181777579,0.9740811693368734,0.9757334835065972,0.9517505219373703,0.9969138373824125,
TON_IoT,binary,trades,ft_nobias,9,pgd,0.1,0.9763287181777579,0.9740811693368734,0.9757334835065972,0.9517505219373703,0.9968460106277008,0.0
TON_IoT,binary,trades,ft_nobias,9,transfer_mlp,0.1,0.9764775941640613,0.974211208348577,0.9758849497196955,0.952060753301488,0.9974253905698173,
TON_IoT,binary,trades,ft_nobias,9,transfer_tf,0.1,0.9764775941640613,0.974211208348577,0.9758849497196955,0.952060753301488,0.99763136113536,
TON_IoT,binary,trades,ft_nobias,9,pgd_constrained,0.1,0.9766264701503647,0.9743853030560978,0.976038722707772,0.9523610912759827,0.9975132302922074,1.0
TON_IoT,binary,trades,ft_nobias,9,square,0.1,0.9785,0.975999592003264,0.9779742395926361,0.9563799437612003,0.9978539371685027,
TON_IoT,binary,trades,ft_nobias,9,square_clean_subset,0,0.979,0.976438188494492,0.9784830554061323,0.9574282432039887,0.9982129742962056,
TON_IoT,binary,trades,shared_none,9,clean,0,0.9438737531636147,0.9416795407703091,0.9425542738590436,0.8851970607206207,0.9820354184249704,
TON_IoT,binary,trades,shared_none,9,gaussian,0.1,0.9411939854101533,0.9388101702098373,0.9397947737702479,0.8797029592539088,0.9820355089813853,
TON_IoT,binary,trades,shared_none,9,fgsm,0.1,0.9301771624237011,0.928218058035795,0.9286138858704747,0.8572467151637111,0.9703681752157959,
TON_IoT,binary,trades,shared_none,9,pgd,0.1,0.9288372785469704,0.9269155398430113,0.9272538196023528,0.8545215323109463,0.9683738512918778,0.0
TON_IoT,binary,trades,shared_none,9,transfer_mlp,0.1,0.9422361173142773,0.9395001648126751,0.9408145557446804,0.8818312785590441,0.9819620677289537,
TON_IoT,binary,trades,shared_none,9,transfer_tf,0.1,0.9429804972457942,0.9404146940460968,0.9415965194889058,0.8833557567248567,0.9811755399879016,
TON_IoT,binary,trades,shared_none,9,pgd_constrained,0.1,0.9373232097662647,0.935076710339007,0.9358615590198869,0.8717960336969287,0.9770734702304842,1.0
TON_IoT,binary,trades,shared_none,9,square,0.1,0.938,0.9361893104855161,0.9366871446310698,0.8734055028265195,0.9796501427988575,
TON_IoT,binary,trades,shared_none,9,square_clean_subset,0,0.9495,0.9474194206446349,0.9483768743730794,0.8968651144076842,0.9831686046511627,
TON_IoT,binary,trades,shared_learn,9,clean,0,0.9669495310406432,0.9636418711128659,0.9660539856666648,0.9327366272474261,0.9967955707046376,
TON_IoT,binary,trades,shared_learn,9,gaussian,0.1,0.9700759267530147,0.9673859713624393,0.9693027784967,0.9389964040013292,0.9967838436489165,
TON_IoT,binary,trades,shared_learn,9,fgsm,0.1,0.9618877475063272,0.9580750966236946,0.9608197263374253,0.92247144623323,0.9942668280985688,
TON_IoT,binary,trades,shared_learn,9,pgd,0.1,0.9618877475063272,0.9580750966236946,0.9608197263374253,0.92247144623323,0.9939950230194408,0.0
TON_IoT,binary,trades,shared_learn,9,transfer_mlp,0.1,0.962929879410451,0.9591175367930713,0.9618891350494574,0.9246235998323431,0.9957804332943336,
TON_IoT,binary,trades,shared_learn,9,transfer_tf,0.1,0.9636742593419682,0.9599880103306758,0.9626638355585695,0.9261126587507789,0.9957470179772596,
TON_IoT,binary,trades,shared_learn,9,pgd_constrained,0.1,0.9627810034241476,0.9589874977813678,0.9617380140013919,0.9243088393193577,0.995798137073434,1.0
TON_IoT,binary,trades,shared_learn,9,square,0.1,0.967,0.963484292125663,0.9661330049261083,0.9330796917792371,0.9967319461444308,
TON_IoT,binary,trades,shared_learn,9,square_clean_subset,0,0.9705,0.967125662994696,0.9697299216389759,0.9402360379987944,0.9977896776825785,
TON_IoT,binary,trades,ft_sin,10,clean,0,0.9846657734107489,0.9848437539618431,0.9843527810971827,0.9687295894244146,0.9971361986590406,
TON_IoT,binary,trades,ft_sin,10,gaussian,0.1,0.982879261575108,0.9827546174715924,0.9825207339366087,0.9650469588619591,0.9970324662858467,
TON_IoT,binary,trades,ft_sin,10,fgsm,0.1,0.9746910823284204,0.9733996870370303,0.9741091745790182,0.948270557759684,0.9953559500997932,
TON_IoT,binary,trades,ft_sin,10,pgd,0.1,0.9746910823284204,0.9733996870370303,0.9741091745790182,0.948270557759684,0.995290885315734,0.0
TON_IoT,binary,trades,ft_sin,10,transfer_mlp,0.1,0.9767753461366682,0.9756607901590533,0.9762478486306401,0.9525311652342989,0.9959508151888462,
TON_IoT,binary,trades,ft_sin,10,transfer_tf,0.1,0.9767753461366682,0.9756607901590533,0.9762478486306401,0.9525311652342989,0.9960821219903577,
TON_IoT,binary,trades,ft_sin,10,pgd_constrained,0.1,0.9779663540270954,0.9770976035150378,0.9774760780358749,0.9549668193560471,0.9960414168818891,1.0
TON_IoT,binary,trades,ft_sin,10,square,0.1,0.978,0.9764644587481899,0.977391933441852,0.9548581396925239,0.9956904155333752,
TON_IoT,binary,trades,ft_sin,10,square_clean_subset,0,0.989,0.9892045011671364,0.9887292194984503,0.9774771181779631,0.9964052609339552,
TON_IoT,binary,trades,ft_learn,10,clean,0,0.9863034092600863,0.9864944615696687,0.9860232423949795,0.9720685080369261,0.9981370734340079,
TON_IoT,binary,trades,ft_learn,10,gaussian,0.1,0.9858567813011762,0.985972177447106,0.9855656127911587,0.971147648400026,0.9980072155351339,
TON_IoT,binary,trades,ft_learn,10,fgsm,0.1,0.9861545332737829,0.9863644225579651,0.9858719285634756,0.9717679221918979,0.9971532232650295,
TON_IoT,binary,trades,ft_learn,10,pgd,0.1,0.9861545332737829,0.9863644225579651,0.9858719285634756,0.9717679221918979,0.9970572787435116,0.0
TON_IoT,binary,trades,ft_learn,10,transfer_mlp,0.1,0.9861545332737829,0.9863644225579651,0.9858719285634756,0.9717679221918979,0.9977671504794057,
TON_IoT,binary,trades,ft_learn,10,transfer_tf,0.1,0.9861545332737829,0.9863644225579651,0.9858719285634756,0.9717679221918979,0.9977345501700651,
TON_IoT,binary,trades,ft_learn,10,pgd_constrained,0.1,0.9861545332737829,0.9863644225579651,0.9858719285634756,0.9717679221918979,0.9976794918698451,1.0
TON_IoT,binary,trades,ft_learn,10,square,0.1,0.9885,0.9887727222379481,0.9882187793169914,0.9764629617113523,0.9966842249927181,
TON_IoT,binary,trades,ft_learn,10,square_clean_subset,0,0.989,0.9892045011671364,0.9887292194984503,0.9774771181779631,0.9974647089953602,
TON_IoT,binary,trades,ft_nobias,10,clean,0,0.9772219740955784,0.9754781831485378,0.9766734777382189,0.9534944026958343,0.9974264772467952,
TON_IoT,binary,trades,ft_nobias,10,gaussian,0.1,0.9787107339586125,0.9774394087028337,0.9782182584335082,0.95649862922978,0.9973952805618844,
TON_IoT,binary,trades,ft_nobias,10,fgsm,0.1,0.9742444543695102,0.9727011801311982,0.9736389638663515,0.9473694310620273,0.996815674228731,
TON_IoT,binary,trades,ft_nobias,10,pgd,0.1,0.9742444543695102,0.9727011801311982,0.9736389638663515,0.9473694310620273,0.9966432095366772,0.0
TON_IoT,binary,trades,ft_nobias,10,transfer_mlp,0.1,0.9743933303558137,0.9728312191429016,0.9737901286505216,0.9476758967618115,0.9971143292848579,
TON_IoT,binary,trades,ft_nobias,10,transfer_tf,0.1,0.974542206342117,0.9730053138504225,0.9739437157291683,0.9479789641045901,0.9971303124920763,
TON_IoT,binary,trades,ft_nobias,10,pgd_constrained,0.1,0.9743933303558137,0.9728312191429016,0.9737901286505216,0.9476758967618115,0.9970872076386146,1.0
TON_IoT,binary,trades,ft_nobias,10,square,0.1,0.9775,0.9757085892213211,0.9768663639244826,0.953848834171966,0.9961129640341485,
TON_IoT,binary,trades,ft_nobias,10,square_clean_subset,0,0.9785,0.9767341923785378,0.9778945255278388,0.955905283010604,0.9963909024897543,
TON_IoT,binary,trades,shared_none,10,clean,0,0.945809140985559,0.9450441643635152,0.9446911174901254,0.8893963519320238,0.9799117799406675,
TON_IoT,binary,trades,shared_none,10,gaussian,0.1,0.945809140985559,0.9448679415802457,0.9446719130170316,0.88934818594332,0.9805270202230587,
TON_IoT,binary,trades,shared_none,10,fgsm,0.1,0.9264552627661158,0.9245265257850336,0.9248255458635584,0.8496620376691795,0.9687707147798936,
TON_IoT,binary,trades,shared_none,10,pgd,0.1,0.9243709989578681,0.9222654226630106,0.9226742419517884,0.8453691401018482,0.9668105306243683,0.0
TON_IoT,binary,trades,shared_none,10,transfer_mlp,0.1,0.9440226291499181,0.9429550278732645,0.9428379240884504,0.8856774151594591,0.9799748977618077,
TON_IoT,binary,trades,shared_none,10,transfer_tf,0.1,0.9449158850677386,0.9440877075100247,0.9437745688906263,0.8875602827158853,0.9805577641258951,
TON_IoT,binary,trades,shared_none,10,pgd_constrained,0.1,0.9416406133690636,0.9410946821650952,0.9404723320858674,0.8809890263023851,0.9758810686381402,1.0
TON_IoT,binary,trades,shared_none,10,square,0.1,0.9325,0.9300425830430876,0.9306692344727973,0.8613781560499281,0.9722799978667455,
TON_IoT,binary,trades,shared_none,10,square_clean_subset,0,0.9495,0.9481260179111335,0.9481986331106644,0.8963977643857074,0.9795197305535386,
TON_IoT,binary,trades,shared_learn,10,clean,0,0.9782641059997023,0.9772255144509927,0.9777724378065611,0.9555755009661547,0.9968075241513958,
TON_IoT,binary,trades,shared_learn,10,gaussian,0.1,0.9788596099449158,0.9780100046727109,0.9783892100073935,0.9567930973023216,0.9968305254807639,
TON_IoT,binary,trades,shared_learn,10,fgsm,0.1,0.9684382909036773,0.9663079878002397,0.9676646161609979,0.9355252186438571,0.9953717974723894,
TON_IoT,binary,trades,shared_learn,10,pgd,0.1,0.967991662944767,0.9657857036776771,0.9672023905165126,0.9346189462075185,0.9953346240640996,0.0
TON_IoT,binary,trades,shared_learn,10,transfer_mlp,0.1,0.9711180586571386,0.9694416925356157,0.9704349667190373,0.9409737222834624,0.9961817793248838,
TON_IoT,binary,trades,shared_learn,10,transfer_tf,0.1,0.9723090665475659,0.9705701160208786,0.9716488790913859,0.9434197677740267,0.996290537579101,
TON_IoT,binary,trades,shared_learn,10,pgd_constrained,0.1,0.977073098109275,0.9761411466615473,0.9765608387919524,0.9531397663236019,0.9964296775104955,1.0
TON_IoT,binary,trades,shared_learn,10,square,0.1,0.9755,0.9733332923092071,0.9747927799319662,0.949771698205656,0.9957273372470349,
TON_IoT,binary,trades,shared_learn,10,square_clean_subset,0,0.986,0.9851554199024446,0.9856274491083372,0.9712735894120937,0.996308854237177,
