dataset,mode,method,backbone,attack,eps,acc_mean,acc_std,bal_acc_mean,bal_acc_std,f1_macro_mean,f1_macro_std,mcc_mean,mcc_std,auroc_mean,auroc_std,n_seeds
CICIoMT2024,binary,pgdat,aam_trans,clean,0.0,0.9961629491501112,0.00035338510361461776,0.9968597626227856,0.00043641435368669705,0.995212833356941,0.0004406010307602165,0.9904530692615378,0.0008800438755445077,0.9994071454749953,0.00024943928778088946,10
CICIoMT2024,binary,pgdat,aam_trans,fgsm,0.05,0.9959047550742308,0.0002776697010826641,0.9965768279701578,0.0003833093995826223,0.9948910913589021,0.00034629110533259755,0.9898109794246768,0.0006920235614242232,0.9992879134288909,0.0002725100050501442,10
CICIoMT2024,binary,pgdat,aam_trans,fgsm,0.1,0.9956537330560138,0.000372210675962266,0.9963068972187002,0.00046047619859541184,0.9945784498730419,0.0004636999794572341,0.9891872986624772,0.0009253171904589714,0.9991662346198413,0.00028016476208947265,10
CICIoMT2024,binary,pgdat,aam_trans,fgsm,0.2,0.9947070214444524,0.0005069156147437962,0.99517015690962,0.000752105494732859,0.993398002212999,0.0006333037833312405,0.9868281654221885,0.0012693348540940203,0.9988819748519129,0.00032474542449960797,10
CICIoMT2024,binary,pgdat,aam_trans,gaussian,0.05,0.9961414329771212,0.0003700547002489577,0.9968368557705359,0.0004920953103437115,0.9951860040679387,0.0004617109253928622,0.9903995985660293,0.0009231696697346498,0.9994048996041652,0.0002553801250980448,10
CICIoMT2024,binary,pgdat,aam_trans,gaussian,0.1,0.9960625403428244,0.0003741251556013267,0.9967260225601846,0.0004142914768405896,0.995087529097483,0.000465956852921782,0.9902022835986264,0.000929162938399194,0.9994001722006006,0.0002470121444193476,10
CICIoMT2024,binary,pgdat,aam_trans,gaussian,0.2,0.9925697482607759,0.003374544378538552,0.9904414372440075,0.0064679879266223645,0.9906768343580277,0.004283112816718607,0.9813998400306321,0.008516930943664847,0.9992042367116948,0.0002350657201533129,10
CICIoMT2024,binary,pgdat,aam_trans,pgd,0.05,0.9959047550742308,0.0002776697010826641,0.9965768279701578,0.0003833093995826223,0.9948910913589021,0.00034629110533259755,0.9898109794246768,0.0006920235614242232,0.999286294702037,0.00027228014918116527,10
CICIoMT2024,binary,pgdat,aam_trans,pgd,0.1,0.9956178727676971,0.0003963783156226731,0.9962740874153709,0.0004860086479966628,0.994533848546172,0.0004938637042195566,0.9890984702765866,0.0009857541565560526,0.999157633604203,0.0002763984905604326,10
CICIoMT2024,binary,pgdat,aam_trans,pgd,0.2,0.9940973965430683,0.0011599385215149951,0.9941936641202304,0.001958340680505774,0.9926333472505556,0.0014568230701501974,0.9852942566069576,0.0029233584374717472,0.9987658514825194,0.00029198615997279206,10
CICIoMT2024,binary,pgdat,aam_trans,pgd_constrained,0.1,0.9957254536326472,0.00035812442680579706,0.9963805692509892,0.0004434581131377476,0.994667733252798,0.0004463208781886824,0.9893652045336069,0.0008911548317272939,0.9992026205603809,0.00027703967807384564,10
CICIoMT2024,binary,pgdat,aam_trans,square,0.1,0.9960000000000001,0.0013944333775568144,0.9965319800687418,0.0016335640787704345,0.994981153768119,0.0017221875327996924,0.9899919763602479,0.0034370928680383765,0.9992489708126172,0.0004507844569923014,10
CICIoMT2024,binary,pgdat,aam_trans,square_clean_subset,0.0,0.99665,0.0014346892811105093,0.9972058510840517,0.0016347864223741598,0.9957940420067202,0.001779182292833663,0.9916125586686224,0.003553498110769526,0.9993536286084137,0.0004032707039610649,10
CICIoMT2024,binary,pgdat,aam_trans,transfer_mlp,0.05,0.9959190991895575,0.0002837775366511168,0.9965867309212371,0.00038977876682122454,0.9949089037528591,0.0003539449082036884,0.9898463227040335,0.0007074104998724002,0.9993428548469472,0.0002709960761792915,10
CICIoMT2024,binary,pgdat,aam_trans,transfer_mlp,0.1,0.9957039374596572,0.0003648440450890661,0.9963576623987395,0.00045886838814302637,0.9946409434801599,0.00045456947678919525,0.9893118998122243,0.0009072051469314327,0.9992810290106243,0.0002840739127196802,10
CICIoMT2024,binary,pgdat,aam_trans,transfer_mlp,0.2,0.9948576346553827,0.0006104914950311034,0.995314400024107,0.0008588339563343734,0.9935853160961644,0.0007622279453817152,0.9872013539825423,0.0015261515294520442,0.9990286170818565,0.0002735638531173805,10
CICIoMT2024,binary,pgdat,aam_trans,transfer_tf,0.05,0.9959406153625474,0.000298979142716524,0.9966015853478563,0.00040094543106147465,0.9949356286941559,0.0003728554541016179,0.9898993659301466,0.000745076070484455,0.9993552483451513,0.00026572183980823734,10
CICIoMT2024,binary,pgdat,aam_trans,transfer_tf,0.1,0.995825862439934,0.0003746594568201708,0.9964901520366982,0.000491281925548126,0.9947928044628457,0.00046719395396425164,0.989614856574543,0.0009334841066942779,0.9993069183381277,0.00028417721737954545,10
CICIoMT2024,binary,pgdat,aam_trans,transfer_tf,0.2,0.995180377250233,0.0006008188899548043,0.9956902125103761,0.0007683100340881006,0.9939876794826731,0.0007491462410061567,0.9880050696213033,0.0014971896543556225,0.999156012301809,0.00030128760989131195,10
CICIoMT2024,binary,pgdat,transformer,clean,0.0,0.9960625403428244,0.0003695137408071609,0.9968629137959055,0.00039107045193606207,0.9950888723519171,0.0004598510289651285,0.9902095911360448,0.0009159897986598951,0.9994339826011975,0.00013916558949647926,10
CICIoMT2024,binary,pgdat,transformer,fgsm,0.05,0.9957326256903105,0.00038733538325128167,0.9965304643878804,0.00037283444943464494,0.9946782476234828,0.0004815819185835228,0.9893912176850119,0.000958016834877681,0.9991499803872633,0.00018929448435846437,10
CICIoMT2024,binary,pgdat,transformer,fgsm,0.1,0.9952736139998566,0.00045542409292810543,0.9960444690150954,0.0004739668111155242,0.9941068527850746,0.000566381168957966,0.9882517795615966,0.0011278012091411652,0.9989335281471746,0.00023816735295081857,10
CICIoMT2024,binary,pgdat,transformer,fgsm,0.2,0.9938750627555045,0.0003974582694421446,0.9946682575776892,0.00042051066069978804,0.9923686747402671,0.0004925838959719941,0.9847914284010842,0.0009779278005373172,0.9984077084880267,0.0003400507259646743,10
CICIoMT2024,binary,pgdat,transformer,gaussian,0.05,0.9960553682851611,0.0003840010137514335,0.9968257526178432,0.00042075836469473277,0.9950796433934525,0.0004781048041915395,0.990190126495923,0.0009530190511531852,0.9994279803053612,0.00014553376977954563,10
CICIoMT2024,binary,pgdat,transformer,gaussian,0.1,0.9960697124004877,0.0003954399699373222,0.9968598128458146,0.00041254296312974605,0.9950977136962382,0.0004921451746120063,0.9902268569283666,0.000980388707680989,0.9994259417654966,0.00015009853946474275,10
CICIoMT2024,binary,pgdat,transformer,gaussian,0.2,0.9957900021516173,0.0004561764460174197,0.9965459189153062,0.0004849550141277959,0.9947492083543402,0.0005678126828016859,0.9895310708259661,0.001131787638463577,0.9994115573749169,0.0001495628165206122,10
CICIoMT2024,binary,pgdat,transformer,pgd,0.05,0.9957326256903105,0.00038733538325128167,0.9965304643878804,0.00037283444943464494,0.9946782476234828,0.0004815819185835228,0.9893912176850119,0.000958016834877681,0.9991453959261655,0.00019024196709532752,10
CICIoMT2024,binary,pgdat,transformer,pgd,0.1,0.9952090654808865,0.0004583637557181415,0.9959838008839768,0.0004910013183162926,0.9940265974654556,0.000570134200357818,0.988092067022011,0.001135621909483021,0.9989091596760075,0.0002450689932583025,10
CICIoMT2024,binary,pgdat,transformer,pgd,0.2,0.9925410600301227,0.0008418473719983664,0.993344661845771,0.0007485872717819537,0.9907135035802188,0.0010401533663087306,0.9814998187183696,0.002058911883592784,0.9980999662346713,0.00040402894586834194,10
CICIoMT2024,binary,pgdat,transformer,pgd_constrained,0.1,0.9954098830954601,0.0004168303276235249,0.9961949140297645,0.0003889287764324574,0.9942765602256911,0.0005179101367552226,0.9885904812470896,0.0010294917692523406,0.9990346605863321,0.00021261611440961167,10
CICIoMT2024,binary,pgdat,transformer,square,0.1,0.9957,0.0014944341180973262,0.9963201574921647,0.0015558851237241116,0.9946142150048383,0.0018225906451729982,0.9892623642594678,0.00363281685492652,0.9991526075885526,0.0005312319177148921,10
CICIoMT2024,binary,pgdat,transformer,square_clean_subset,0.0,0.99655,0.0012572014777097508,0.9973508636316797,0.0010343534911281024,0.9956707258269937,0.001566045505550648,0.9913736503879516,0.0031162872632043625,0.9993938715568232,0.00037449883071098396,10
CICIoMT2024,binary,pgdat,transformer,transfer_mlp,0.05,0.9958186903822707,0.0003972425135575552,0.9966220917968796,0.00040029247563339574,0.9947854002657905,0.0004941537408540459,0.9896048883409142,0.0009838855746478442,0.9993691124766624,0.00013553846440130833,10
CICIoMT2024,binary,pgdat,transformer,transfer_mlp,0.1,0.9955461521910637,0.00041193397884465546,0.9963292541931722,0.00038204545511738396,0.9944460812555711,0.0005117551015017253,0.9889281775524521,0.0010171001387321223,0.9992785487656596,0.00014213132737540002,10
CICIoMT2024,binary,pgdat,transformer,transfer_mlp,0.2,0.9948146023094026,0.0004113786243907349,0.9955906833448331,0.0004940944197289497,0.9935359922326246,0.0005119057099571603,0.9871148281386279,0.0010210393827377341,0.9989905750691339,0.0002165019119113335,10
CICIoMT2024,binary,pgdat,transformer,transfer_tf,0.05,0.9957971742092806,0.0003828084611393306,0.9965911325189991,0.000378438618485628,0.9947585282953251,0.0004760624748685122,0.9895510398111046,0.0009473910627631249,0.9993425985807229,0.00015676444562914013,10
CICIoMT2024,binary,pgdat,transformer,transfer_tf,0.1,0.9955031198450837,0.0004113786243907581,0.9962592832117807,0.00045008161210443877,0.9943921706147387,0.0005120324864692405,0.9888195664144197,0.0010207646175286024,0.999234491579401,0.00018081739684242397,10
CICIoMT2024,binary,pgdat,transformer,transfer_tf,0.2,0.9946496449831457,0.00037830290840998234,0.9954043275767441,0.0004646333000878826,0.9933306216986555,0.00047044112798940986,0.9867049991156452,0.000937864260217153,0.9989343858019755,0.00025758987274153477,10
CICIoMT2024,binary,trades,aam_noAux,clean,0.0,0.9952736139998566,0.0010800239362971206,0.9957384768411313,0.0019088892596792607,0.9941018713827429,0.0013573382972843703,0.9882341140054672,0.002723060738689546,0.9993343310975071,0.000249145562769231,10
CICIoMT2024,binary,trades,aam_noAux,fgsm,0.05,0.9950225919816396,0.0010520104525517087,0.9954282839615203,0.0018673743581097794,0.9937887948119795,0.0013223833541316473,0.9876081240810002,0.002652867189507657,0.9990974445235136,0.0002936970015741806,10
CICIoMT2024,binary,trades,aam_noAux,fgsm,0.1,0.9947500537904326,0.0010780906623723118,0.9950790793783986,0.001885634871894132,0.993448685925646,0.0013549298732834568,0.9869277147237814,0.0027173938608723207,0.9989203632747579,0.00030411610013978915,10
CICIoMT2024,binary,trades,aam_noAux,fgsm,0.2,0.9937889980635445,0.0011555696226707487,0.9939404885438696,0.001881386677002339,0.9922509708675868,0.0014493729319868494,0.9845354838045797,0.002901759951534829,0.9985851052404253,0.0003425516044680494,10
CICIoMT2024,binary,trades,aam_noAux,gaussian,0.05,0.9952807860575199,0.0011339010816634226,0.9957756380191934,0.0019767890464058905,0.9941111140545132,0.001424537205740795,0.9882538790660365,0.002856877710180127,0.9993276321181165,0.00022820641281052242,10
CICIoMT2024,binary,trades,aam_noAux,gaussian,0.1,0.9952807860575199,0.001096488545034875,0.9957273234654096,0.0019091650253731831,0.9941106300037514,0.0013775563614351082,0.988250944783438,0.002762748777025161,0.9993214624121839,0.0002437875600305655,10
CICIoMT2024,binary,trades,aam_noAux,gaussian,0.2,0.9940758803700783,0.0012915015336639345,0.9937198214326648,0.0022940643822193163,0.992599331218802,0.0016247843585433224,0.9852166311605399,0.0032585252331844075,0.9991528997617884,0.00029971174468852843,10
CICIoMT2024,binary,trades,aam_noAux,pgd,0.05,0.9950225919816396,0.0010520104525517087,0.9954282839615203,0.0018673743581097794,0.9937887948119795,0.0013223833541316473,0.9876081240810002,0.002652867189507657,0.9990959932067559,0.00029477302002247285,10
CICIoMT2024,binary,trades,aam_noAux,pgd,0.1,0.9947141935021158,0.0010908707826835333,0.9950301647238081,0.0019102466586630067,0.9934038605621218,0.0013711446492771198,0.9868380734435351,0.002749637488599015,0.9989132006981774,0.0003022176584432477,10
CICIoMT2024,binary,trades,aam_noAux,pgd,0.2,0.9932797819694471,0.0012320965140434615,0.9933795707141535,0.0019621846758704794,0.991617008934897,0.001543811537150715,0.983270524883251,0.00309113493034253,0.9985018869693392,0.00034540479405115794,10
CICIoMT2024,binary,trades,aam_noAux,pgd_constrained,0.1,0.9948217743670659,0.0010711766851728614,0.9951930135388407,0.0018753729822500978,0.9935384819831808,0.0013461619343460632,0.9871079943172697,0.002700228007248518,0.9989767624484216,0.0003040070610322362,10
CICIoMT2024,binary,trades,aam_noAux,square,0.1,0.99475,0.0010865337342004706,0.9948386162726488,0.0021074274010152456,0.9934246323225879,0.0012752313830436332,0.9868852550228482,0.00255022051090425,0.9989731219035596,0.0004848403444882753,10
CICIoMT2024,binary,trades,aam_noAux,square_clean_subset,0.0,0.9952500000000001,0.0011118053386772152,0.9953451489180531,0.0021990076041149926,0.9940453051636731,0.0013440955147592784,0.9881247745703664,0.0026878714800087147,0.9992408043346943,0.0004506881321823497,10
CICIoMT2024,binary,trades,aam_noAux,transfer_mlp,0.05,0.9950512802122929,0.0010371279238558567,0.9954561422893098,0.0018597848442902295,0.9938244814536983,0.0013039212211549151,0.987679353001958,0.0026158720966823036,0.9992231720813531,0.00026542462237208843,10
CICIoMT2024,binary,trades,aam_noAux,transfer_mlp,0.1,0.9948289464247292,0.0010715234435745144,0.9951899125887499,0.0018986191419527085,0.9935472199308103,0.0013470507365662444,0.9871253080491009,0.0027019140997287454,0.9991016400780801,0.000270626406885365,10
CICIoMT2024,binary,trades,aam_noAux,transfer_mlp,0.2,0.9940328480240981,0.0011414367262532412,0.99423767752231,0.0018488094084543863,0.9925550320493018,0.0014317163100095256,0.9851424447862183,0.002867883212381894,0.9988272909878511,0.00028749967266224126,10
CICIoMT2024,binary,trades,aam_noAux,transfer_tf,0.05,0.9950943125582731,0.0010687194871270287,0.9955180608450707,0.0018923379032882482,0.993878237533542,0.0013433558151490252,0.9877869693817714,0.002694971670536466,0.9992531281864258,0.00029305331080804097,10
CICIoMT2024,binary,trades,aam_noAux,transfer_tf,0.1,0.9949652155203328,0.0011047969687855183,0.9953725673059415,0.0019263892601764704,0.9937173575867064,0.0013883920782122089,0.9874656468322055,0.002785097671830077,0.9991640750295995,0.0003114973117848048,10
CICIoMT2024,binary,trades,aam_noAux,transfer_tf,0.2,0.994219321523345,0.001088851790957663,0.9944549925682795,0.0018150484857824064,0.9927873532184952,0.001366793960385644,0.9856063120610472,0.0027391465836301425,0.9989841606869068,0.0003612529922692326,10
CICIoMT2024,binary,trades,aam_noGate,clean,0.0,0.9956895933443304,0.0004786747796497378,0.9964121788527052,0.0005142922716835403,0.9946238780043029,0.0005960919546522016,0.9892799822397604,0.0011889408347203515,0.999390449537317,0.000169326405972877,10
CICIoMT2024,binary,trades,aam_noGate,fgsm,0.05,0.995510291902747,0.0005401045684646584,0.9961676055797527,0.000608745769341856,0.9944000136490866,0.0006728919007081871,0.9888315619491663,0.0013431000594038326,0.9992105429212443,0.000198041141022784,10
CICIoMT2024,binary,trades,aam_noGate,fgsm,0.1,0.9952090654808865,0.0005246452642652548,0.9957341756894269,0.0005950736564058785,0.9940236224483027,0.0006535837563582359,0.9880769114018472,0.0013044310376372627,0.9990259578368658,0.00022624099427029137,10
CICIoMT2024,binary,trades,aam_noGate,fgsm,0.2,0.9942982141576419,0.0004651097673466655,0.9946463500349372,0.0003853497333929659,0.9928882551133269,0.0005768926620518109,0.9858083568963931,0.0011457988012191266,0.9986732724115116,0.0002854157609191591,10
CICIoMT2024,binary,trades,aam_noGate,gaussian,0.05,0.9956967654019937,0.0005237730354587716,0.9964332351795061,0.0005722401174556627,0.9946329710520795,0.0006522553550390428,0.9892987230045209,0.0013009537673761347,0.9993872970764274,0.00016843466040527245,10
CICIoMT2024,binary,trades,aam_noGate,gaussian,0.1,0.995761313920964,0.00041331910036863093,0.9964455887568409,0.0004411854429164191,0.9947127342335481,0.0005145925458284214,0.9894558429652817,0.0010258811823620104,0.9993826701189205,0.0001711060877261256,10
CICIoMT2024,binary,trades,aam_noGate,gaussian,0.2,0.9949436993473426,0.0006318379730044868,0.995003406151574,0.0009925628831836818,0.9936873018301607,0.000790947521925978,0.9873932018441562,0.0015851415932059542,0.9993106979429935,0.00015849587095974015,10
CICIoMT2024,binary,trades,aam_noGate,pgd,0.05,0.995510291902747,0.0005401045684646584,0.9961676055797527,0.000608745769341856,0.9944000136490866,0.0006728919007081871,0.9888315619491663,0.0013431000594038326,0.9992088456404222,0.00019818504303055145,10
CICIoMT2024,binary,trades,aam_noGate,pgd,0.1,0.995180377250233,0.000503521809917553,0.9956902125103761,0.0005654359051693387,0.9939877423668403,0.0006271664424250612,0.9880049057327829,0.0012514352532781343,0.999019306504964,0.000226718907885718,10
CICIoMT2024,binary,trades,aam_noGate,pgd,0.2,0.9940543641970881,0.00046658202563392163,0.9944135804615419,0.00039683358814280163,0.9925851465623927,0.0005788187438750354,0.9852046448553018,0.0011500663677582487,0.9986066341788058,0.0003033634132315506,10
CICIoMT2024,binary,trades,aam_noGate,pgd_constrained,0.1,0.9952879581151832,0.0004981009967861248,0.9958369564741476,0.0005463313778345827,0.9941220973090055,0.000620309224901906,0.9882740148671522,0.0012374081602707443,0.9990908627311901,0.00021746935442502343,10
CICIoMT2024,binary,trades,aam_noGate,square,0.1,0.99545,0.0015536694915228677,0.9957015847927755,0.001802107076007829,0.9942915116900825,0.0019155731221104932,0.9886078206795614,0.0038276185536808543,0.9992669591120746,0.0003331910589411578,10
CICIoMT2024,binary,trades,aam_noGate,square_clean_subset,0.0,0.99595,0.0013834337312964788,0.9964813783782029,0.0015183457762266057,0.9949108306919653,0.0017412122434309902,0.9898510800521443,0.0034766919355115667,0.9994118086238256,0.00026096189254281633,10
CICIoMT2024,binary,trades,aam_noGate,transfer_mlp,0.05,0.9955461521910636,0.0005424802903633803,0.9962326250856044,0.0006090009389527428,0.9944449658495088,0.0006758164384843463,0.9889221604189624,0.001348862600095505,0.9993057181365146,0.00019354729418900562,10
CICIoMT2024,binary,trades,aam_noGate,transfer_mlp,0.1,0.9952879581151833,0.0005545669885102314,0.9958611137510396,0.0006444680675155182,0.9941223540464538,0.0006910796439617494,0.9882753209987694,0.001379813501360226,0.9992058489996989,0.00021730150914451126,10
CICIoMT2024,binary,trades,aam_noGate,transfer_mlp,0.2,0.9945922685218388,0.00046504832210338473,0.9950104090446781,0.0004625059873788667,0.9932549020851542,0.0005780418644035536,0.9865412906801545,0.0011506694918874513,0.998927400937651,0.0002521946599224529,10
CICIoMT2024,binary,trades,aam_noGate,transfer_tf,0.05,0.995574840421717,0.0005637661101650198,0.9962765882646553,0.0006548759494980753,0.9944808172353609,0.0007025371216524507,0.98899415323648,0.0014029359370633476,0.999329447873776,0.00018401526107993495,10
CICIoMT2024,binary,trades,aam_noGate,transfer_tf,0.1,0.9953453345764901,0.0005209830605466949,0.9959409876835105,0.0005918551988694923,0.9941940241280681,0.0006490126882842168,0.9884189361292492,0.0012953030788622987,0.9992547288845002,0.00020147204154304365,10
CICIoMT2024,binary,trades,aam_noGate,transfer_tf,0.2,0.9947859140787493,0.0005260052262758367,0.9952246231405567,0.0005541964415839615,0.9934960800114624,0.0006544128606854738,0.9870226670088276,0.0013041834392434157,0.999068057612768,0.00025378616981572,10
CICIoMT2024,binary,trades,aam_noPE,clean,0.0,0.995137344904253,0.0011268223470265167,0.9957007657852911,0.0019294430015974636,0.9939334941353654,0.0014146492938722104,0.9879014770190896,0.002839095049251958,0.9992938655016983,0.00018232640582821675,10
CICIoMT2024,binary,trades,aam_noPE,fgsm,0.05,0.9949652155203328,0.0011627682742319943,0.9954611439878784,0.0020002491041709335,0.9937183827926054,0.0014603905255690176,0.9874706446002627,0.002930687828848532,0.9990850999605685,0.00020207021932502743,10
CICIoMT2024,binary,trades,aam_noPE,fgsm,0.1,0.9944846876568889,0.001518207891749563,0.9947267738451859,0.002622078537565963,0.9931161448790926,0.0019075286857140842,0.9862638738052535,0.0038291785102596444,0.998917432310303,0.00021866090723312483,10
CICIoMT2024,binary,trades,aam_noPE,fgsm,0.2,0.9936240407372875,0.0014769912037204094,0.9937299754988885,0.0027206250055432585,0.9920431707306268,0.0018599426612754247,0.9841229975473291,0.0037360173143242297,0.998552800242925,0.00030821405373607767,10
CICIoMT2024,binary,trades,aam_noPE,gaussian,0.05,0.9951732051925697,0.0010519289571580067,0.995781890142404,0.0018080914588997107,0.9939788082314582,0.001320393802218766,0.987993135639711,0.0026505562246840557,0.9992971506028953,0.00017149084983401162,10
CICIoMT2024,binary,trades,aam_noPE,gaussian,0.1,0.9951516890195797,0.0011595196243539617,0.9957026163107399,0.0019630196930963597,0.9939511771406933,0.0014553618928399232,0.9879362416795054,0.002920556366586957,0.9992859212487455,0.00017901644168189063,10
CICIoMT2024,binary,trades,aam_noPE,gaussian,0.2,0.9947930861364125,0.0012786035402637178,0.9951329455085288,0.0021971702379712,0.9935019635866862,0.0016055301882069192,0.9870349067942612,0.0032216118229399385,0.9992164731019623,0.00018899883272897246,10
CICIoMT2024,binary,trades,aam_noPE,pgd,0.05,0.9949652155203328,0.0011627682742319943,0.9954611439878784,0.0020002491041709335,0.9937183827926054,0.0014603905255690176,0.9874706446002627,0.002930687828848532,0.9990822823198714,0.00020061219443748241,10
CICIoMT2024,binary,trades,aam_noPE,pgd,0.1,0.9944990317722155,0.0014733492808295665,0.9947608340731572,0.0025439532424995975,0.9931344078883123,0.0018509626524380526,0.9863006435662995,0.003715825482349685,0.9989111209496737,0.00022202872860791875,10
CICIoMT2024,binary,trades,aam_noPE,pgd,0.2,0.9934877716416839,0.0015149480508837312,0.9935714780585888,0.002812155857280828,0.9918731739300993,0.0019084015819740168,0.9837844543049247,0.0038328968189584077,0.9984984550623656,0.00032604180137314395,10
CICIoMT2024,binary,trades,aam_noPE,pgd_constrained,0.1,0.9946281288101556,0.0013937719229058904,0.9949465897404398,0.0023809955010745984,0.9932961237742216,0.001750190842796783,0.9866241057692214,0.0035133557021877096,0.9989594883020263,0.0001987933178594552,10
CICIoMT2024,binary,trades,aam_noPE,square,0.1,0.9948499999999999,0.002121974971053598,0.9950415317962733,0.003185515198145255,0.9935287868269611,0.002651316126472333,0.9870896249072201,0.0053070600237105315,0.9991953301521255,0.0003625035860671897,10
CICIoMT2024,binary,trades,aam_noPE,square_clean_subset,0.0,0.99555,0.0013834337312964937,0.9960857291032404,0.001701179093965054,0.9944082200542519,0.001742125955324713,0.9888480244915151,0.003482112310458935,0.999329263295663,0.0002939753950126752,10
CICIoMT2024,binary,trades,aam_noPE,transfer_mlp,0.05,0.9950082478663129,0.0011673795321603135,0.9955150101180086,0.0020115348692259284,0.9937720338689979,0.0014662666519768095,0.9875779368860501,0.002942662419872435,0.9991699227930392,0.00018976687215737276,10
CICIoMT2024,binary,trades,aam_noPE,transfer_mlp,0.1,0.9948289464247292,0.0011878846428738062,0.9952945941219482,0.0020211526978483837,0.9935484545586041,0.0014916764249644154,0.9871308376575076,0.0029930636722786037,0.9990385290473258,0.00019332528069309623,10
CICIoMT2024,binary,trades,aam_noPE,transfer_mlp,0.2,0.9938320304095246,0.001497951201111196,0.9939540925458467,0.002667659636782551,0.992302324620684,0.001884309099237451,0.9846390124757128,0.0037833153746253,0.9987458910479641,0.00023350181110096336,10
CICIoMT2024,binary,trades,aam_noPE,transfer_tf,0.05,0.9950154199239762,0.0011781255423589899,0.9955360664448097,0.0020237642826413244,0.9937811244205188,0.0014795906996561813,0.9875965816976665,0.0029692369764940637,0.9992334665145037,0.0002053631999434905,10
CICIoMT2024,binary,trades,aam_noPE,transfer_tf,0.1,0.9948361184823925,0.0011716800071571046,0.9952834407462265,0.001982748928368972,0.9935572239366752,0.0014710059715661813,0.9871476420756379,0.002951323019518151,0.9991680490877309,0.000224588231371017,10
CICIoMT2024,binary,trades,aam_noPE,transfer_tf,0.2,0.9940471921394248,0.0014833815828720204,0.9941831610683443,0.0026204126150059944,0.9925702736658251,0.001865427763513684,0.9851730294244415,0.003744980520180248,0.9989657584540167,0.0002912322181622445,10
CICIoMT2024,binary,trades,aam_noTok,clean,0.0,0.995510291902747,0.0005107346651644066,0.996344758943627,0.0005415058242522695,0.99440201139791,0.0006355900166630428,0.9888421576966955,0.0012667594058863249,0.9993346285723705,0.00022603120190956683,10
CICIoMT2024,binary,trades,aam_noTok,fgsm,0.05,0.9951445169619163,0.0004853151235727657,0.99594729002975,0.0005079276868520112,0.9939466612726899,0.0006036353065889647,0.9879338722282227,0.0012024408043988992,0.9989671608355154,0.0003173639043766358,10
CICIoMT2024,binary,trades,aam_noTok,fgsm,0.1,0.9946926773291258,0.0005259508953118469,0.9954018267274597,0.0005713695612777315,0.9933836291981315,0.0006539699335419909,0.9868088928736973,0.001302527230203487,0.9986453213642841,0.00041566986145747764,10
CICIoMT2024,binary,trades,aam_noTok,fgsm,0.2,0.99307179229721,0.0006208422993858017,0.9935178128205742,0.0009016326668223386,0.9913651858957031,0.0007740063204385171,0.982778826330836,0.0015490013163631984,0.9978040972204516,0.0005724569913542341,10
CICIoMT2024,binary,trades,aam_noTok,gaussian,0.05,0.9955031198450837,0.0005260052262758859,0.9963398074680871,0.0005697113726478058,0.9943931086639889,0.0006547096289871039,0.9888245179965806,0.0013053012386562233,0.9993286855139528,0.00022762025669659466,10
CICIoMT2024,binary,trades,aam_noTok,gaussian,0.1,0.9954600874991035,0.00048531512357275326,0.9963020461892181,0.0004942738931353652,0.9943396415381158,0.0006037832835652754,0.9887181450328562,0.0012028053138427785,0.9993364829611293,0.00023755906204914672,10
CICIoMT2024,binary,trades,aam_noTok,gaussian,0.2,0.995180377250233,0.00048028397537970037,0.9958915231511423,0.0005600104058640002,0.993990101001024,0.0005982122113264067,0.9880167037315065,0.0011941807206045125,0.9993046698917578,0.00020902115270726528,10
CICIoMT2024,binary,trades,aam_noTok,pgd,0.05,0.9951445169619163,0.0004853151235727657,0.99594729002975,0.0005079276868520112,0.9939466612726899,0.0006036353065889647,0.9879338722282227,0.0012024408043988992,0.9989593427840197,0.0003223582624742461,10
CICIoMT2024,binary,trades,aam_noTok,pgd,0.1,0.9946353008678189,0.000503521809917493,0.9953219527949889,0.0005566949874910944,0.9933119844447151,0.0006260009766279466,0.9866653745468558,0.0012466031370661887,0.9985968432637138,0.00043545619090720733,10
CICIoMT2024,binary,trades,aam_noTok,pgd,0.2,0.9903033780391594,0.00103425835083259,0.989633698982739,0.0018375097724743245,0.9879037424021767,0.0013000245977285484,0.9758421333769574,0.0026204121262373096,0.9972434897432985,0.0006603752255147155,10
CICIoMT2024,binary,trades,aam_noTok,pgd_constrained,0.1,0.9948719787707093,0.0004450144748616039,0.9955980854466283,0.0004422875341191469,0.9936067994866992,0.0005528513802821854,0.9872540028880776,0.0010995691082273688,0.9988099009421584,0.00038405545062712726,10
CICIoMT2024,binary,trades,aam_noTok,square,0.1,0.99495,0.001065885130354626,0.9954694369631577,0.0013416522334720247,0.9936650836204736,0.0013230997916124504,0.9873669379476787,0.0026352056462022,0.9989252914534619,0.0004834994734266925,10
CICIoMT2024,binary,trades,aam_noTok,square_clean_subset,0.0,0.9957499999999999,0.0009204467514322794,0.9965822262504149,0.0009842258858957205,0.9946727294847074,0.0011210316278614859,0.9893844078003109,0.002229729397532261,0.9992922242349025,0.00032864752358946383,10
CICIoMT2024,binary,trades,aam_noTok,transfer_mlp,0.05,0.9952951301728465,0.0004625838197403233,0.9960915331442373,0.00048238397752878293,0.9941339140351297,0.0005753793414596067,0.9883066521993789,0.0011460489190807902,0.9992576379568655,0.0002450230452761222,10
CICIoMT2024,binary,trades,aam_noTok,transfer_mlp,0.1,0.995115828731263,0.0004516435286937568,0.9959033268506993,0.0004899257583686799,0.9939107701084409,0.0005618115345979749,0.9878617724637622,0.0011194219678132417,0.9991596772951474,0.0002690167443317862,10
CICIoMT2024,binary,trades,aam_noTok,transfer_mlp,0.2,0.9943986229649286,0.0006542359928658389,0.9950136104408267,0.0008860422038062588,0.9930165942675201,0.0008159472260553808,0.9860743316030485,0.0016315894141194964,0.9988214741308905,0.000368064204021241,10
CICIoMT2024,binary,trades,aam_noTok,transfer_tf,0.05,0.9952879581151832,0.0004900031350712954,0.9961026865199587,0.0004924462760277225,0.9941252332896722,0.0006093113855048235,0.9882900756162343,0.001213103047294885,0.9991926132999337,0.00026413450556601577,10
CICIoMT2024,binary,trades,aam_noTok,transfer_tf,0.1,0.9949795596356594,0.00044980486557717134,0.9957367769847691,0.0004607627819333372,0.9937409567255603,0.0005591477832786132,0.9875223777908901,0.001113021289681127,0.9990526674738408,0.00031497216049350684,10
CICIoMT2024,binary,trades,aam_noTok,transfer_tf,0.2,0.9940041597934448,0.0004699385546029692,0.9945480210710074,0.0006799944616132284,0.9925252180663922,0.0005858487950223394,0.9850926592279612,0.0011717569344691003,0.9986829693193956,0.00048769772831757963,10
CICIoMT2024,binary,trades,aam_trans,clean,0.0,0.9956824212866671,0.0004110311468185095,0.9963428079721203,0.0004518879153426641,0.9946143089680752,0.0005114321003833714,0.9892592587521511,0.0010186527189730563,0.9993858560618294,0.00020585743413453362,10
CICIoMT2024,binary,trades,aam_trans,fgsm,0.05,0.99543139926845,0.0003972425135575535,0.9960084578156175,0.00047403681310679706,0.9943009273409752,0.0004944164012588982,0.9886318828541274,0.000985225669491896,0.9992093105253819,0.00026882611200566777,10
CICIoMT2024,binary,trades,aam_trans,fgsm,0.1,0.9950799684429462,0.00037526915528167816,0.9955725772990365,0.00045564581722387843,0.9938625444119227,0.0004672472520849058,0.9877549731961605,0.0009321655581601925,0.9990520480564846,0.0003030261957628712,10
CICIoMT2024,binary,trades,aam_trans,fgsm,0.2,0.9941260847737216,0.0005008472670645695,0.9945114097707229,0.00057239518309623,0.9926746620812972,0.0006221644164746212,0.9853845741245187,0.0012380233380242201,0.9987082134741432,0.0003540601960999825,10
CICIoMT2024,binary,trades,aam_trans,gaussian,0.05,0.9957111095173206,0.0005012465076756411,0.9964028760024324,0.0005296619628268134,0.9946504012637758,0.000623776116740635,0.9893323119328722,0.0012426918909229402,0.9993777933340391,0.00021185908733219397,10
CICIoMT2024,binary,trades,aam_trans,gaussian,0.1,0.9956537330560138,0.00046258381974034296,0.9962827399418082,0.0005147137640725143,0.9945782666416244,0.0005758884590383536,0.9891862950671856,0.0011478389030666085,0.999394988926466,0.0001859534706766594,10
CICIoMT2024,binary,trades,aam_trans,gaussian,0.2,0.994864806713046,0.0006281638059686348,0.994932835069376,0.0012662495890566313,0.9935887768275835,0.0007900665565223262,0.9871986313734407,0.001589042307925525,0.9993034207548857,0.00018346925648385804,10
CICIoMT2024,binary,trades,aam_trans,pgd,0.05,0.9954242272107867,0.000396882659770892,0.996003506340078,0.00047445369903459383,0.9942920247536315,0.0004939836985608395,0.9886142089567105,0.0009844173405349854,0.9992078836762536,0.0002690584514609457,10
CICIoMT2024,binary,trades,aam_trans,pgd,0.1,0.9950727963852829,0.00036889453008169814,0.9955595733978659,0.00045333710972819,0.9938535461411367,0.000459309640083721,0.9877368637401357,0.000916363673411517,0.9990476155522435,0.00030245334068222,10
CICIoMT2024,binary,trades,aam_trans,pgd,0.2,0.9938535465825146,0.0005238275923086138,0.9941783100388623,0.0005676885402389963,0.9923349520563718,0.0006501414622586243,0.9847056438111427,0.0012923503639860577,0.9986500899764879,0.00036150211017722665,10
CICIoMT2024,binary,trades,aam_trans,pgd_constrained,0.1,0.9952090654808865,0.000382210789485028,0.9957422281150576,0.00047979072201826225,0.9940236793414536,0.00047600259842287413,0.98807762168571,0.0009497480711391581,0.9991018589989752,0.0002892457982530642,10
CICIoMT2024,binary,trades,aam_trans,square,0.1,0.99555,0.0013426756040748593,0.9960485122760613,0.001318223483140664,0.9944172376379539,0.0016511767020292564,0.9888671674722372,0.003292365812705975,0.99920056121735,0.0003999692628525318,10
CICIoMT2024,binary,trades,aam_trans,square_clean_subset,0.0,0.9961,0.0013703203194062692,0.9966367889474673,0.001378287732998528,0.9951028730239464,0.0017105520988122192,0.9902342767837526,0.003411162630616346,0.9993317731514539,0.00034242168901109794,10
CICIoMT2024,binary,trades,aam_trans,transfer_mlp,0.05,0.9954887757297568,0.0004160755103766035,0.9961124890249804,0.0004961968546629929,0.9943728599619204,0.000517986369650372,0.9887768124085087,0.001032529521882736,0.9993024047043783,0.00021789034974521116,10
CICIoMT2024,binary,trades,aam_trans,transfer_mlp,0.1,0.9951875493078963,0.00040068066649673887,0.9957032164115466,0.0005040112761751062,0.9939967016499256,0.0004989916559834366,0.9880233271295367,0.0009956482049755988,0.9992068006617079,0.00024550528357242783,10
CICIoMT2024,binary,trades,aam_trans,transfer_mlp,0.2,0.9943412465036218,0.0004927945355889952,0.9946921637394366,0.0005249922951438568,0.9929417716109835,0.0006121226379493768,0.9859154211280903,0.0012178626220672012,0.9989643084250289,0.0002847536617168975,10
CICIoMT2024,binary,trades,aam_trans,transfer_tf,0.05,0.9955318080757369,0.0004611607670999756,0.9961744075807413,0.0005384200846977122,0.9944266421540778,0.0005741836849795992,0.9888846479711981,0.0011447520542012411,0.9993226909447364,0.00023066378942270547,10
CICIoMT2024,binary,trades,aam_trans,transfer_tf,0.1,0.9952807860575199,0.0004260521534809685,0.9958320049986078,0.0004991038203087158,0.9941131761956774,0.0005304218253306313,0.9882565927909193,0.001057763670138543,0.9992507046033399,0.0002613817868201523,10
CICIoMT2024,binary,trades,aam_trans,transfer_tf,0.2,0.9945420641181955,0.0005242638427213976,0.9949113293108551,0.0005366121433004902,0.9931918797267933,0.0006510476057718456,0.9864147400716916,0.0012949669933990352,0.9990743586712376,0.00030788513062920725,10
CICIoMT2024,binary,trades,lstm,clean,0.0,0.9928351143943198,0.0012281007157452929,0.9912607834637972,0.0020447848993882245,0.9910340463812124,0.0015423827196882187,0.9820714927772194,0.003091794442486758,0.9991235076999632,0.0002572175989213594,10
CICIoMT2024,binary,trades,lstm,fgsm,0.05,0.9923330703578858,0.0012474937080930698,0.9906001355764227,0.0020785053588364966,0.9904052464792084,0.0015675502837171392,0.98081403758358,0.0031417732724283247,0.9985802387577039,0.0004727300416161101,10
CICIoMT2024,binary,trades,lstm,fgsm,0.1,0.9912859499390375,0.0009004035279478908,0.9891283445639752,0.0015048810081174854,0.9890922569706333,0.001132940520071705,0.9781872350717133,0.002267188069209044,0.9980131306177356,0.0007362354737293933,10
CICIoMT2024,binary,trades,lstm,fgsm,0.2,0.9862583375170336,0.0012040135934116797,0.9825410714915801,0.0018263921876713295,0.9827895280900159,0.0015121829676289836,0.9655866379085394,0.003023199756012565,0.9957172827229431,0.0015113460890395132,10
CICIoMT2024,binary,trades,lstm,gaussian,0.05,0.9927849099906764,0.0012153528509809219,0.9912261231350193,0.0020656890301107653,0.9909716452910906,0.0015268958208183227,0.981947098003871,0.003062050772518807,0.9991075818487278,0.0002549701636968862,10
CICIoMT2024,binary,trades,lstm,gaussian,0.1,0.9926916732410529,0.0012710942110945045,0.991049019994174,0.0021107650732392733,0.9908538983145311,0.0015967724685492153,0.9817111389933235,0.0032003455007791485,0.9990756554555988,0.00030264257494812957,10
CICIoMT2024,binary,trades,lstm,gaussian,0.2,0.9918884027827584,0.0011149160424725616,0.9902045674110236,0.001652746358191212,0.9898529520348867,0.001397917977955661,0.9797088151819164,0.0027975666655142744,0.9989059093445999,0.00031118663584414396,10
CICIoMT2024,binary,trades,lstm,pgd,0.05,0.9923043821272323,0.0012537090502385277,0.9905561723973719,0.0020945770942358125,0.9903691659408738,0.0015754712461064765,0.9807419467603827,0.0031576082093472285,0.9985638531725887,0.0004876417846508852,10
CICIoMT2024,binary,trades,lstm,pgd,0.1,0.9908054220755936,0.000577537461347029,0.9883778695700214,0.0009599048898882098,0.9884878219840723,0.0007260295377181723,0.9769776451725829,0.001452360082202681,0.9978316657999976,0.0008842525087164497,10
CICIoMT2024,binary,trades,lstm,pgd,0.2,0.9780678476654951,0.0020239948275873935,0.9725059668821621,0.0031013587693034584,0.9725426492325114,0.0025457619320449405,0.9451039305302862,0.005094922818487449,0.9903344570414104,0.0015587796028999825,10
CICIoMT2024,binary,trades,lstm,pgd_constrained,0.1,0.9915800043032347,0.0008344829411499267,0.9894440890199323,0.0013802010047570638,0.9894593199813947,0.0010497872210883373,0.9789207665117969,0.0020998723637498267,0.9982972899396062,0.0005900182267905616,10
CICIoMT2024,binary,trades,lstm,square,0.1,0.9913500000000001,0.0019727307638566973,0.98896089645125,0.0030180521401118525,0.9891170633286418,0.0023924771438588828,0.9782473789393246,0.00478224193224861,0.9984410245828961,0.0010184984944013745,10
CICIoMT2024,binary,trades,lstm,square_clean_subset,0.0,0.9933500000000001,0.0015101508386765725,0.991821966468358,0.002534301767556067,0.9916422621512488,0.0018067622009487374,0.983298885179438,0.003617598790885799,0.9989935979848508,0.0006545159350031111,10
CICIoMT2024,binary,trades,lstm,transfer_mlp,0.05,0.9925769203184395,0.001259712262084961,0.9908892721292324,0.002105670698272328,0.9907099937111459,0.0015826048281441395,0.9814232916325472,0.003172252802229931,0.9990409230117026,0.00026713945635741155,10
CICIoMT2024,binary,trades,lstm,transfer_mlp,0.1,0.9922039733199455,0.0012527969632165235,0.9903741177809868,0.0020873225790585303,0.9902424521086923,0.0015743248031871047,0.9804883601225406,0.0031548568528342344,0.9989206015122025,0.00029691954319038783,10
CICIoMT2024,binary,trades,lstm,transfer_mlp,0.2,0.9895933443304884,0.0005580600348303706,0.986808299471422,0.0010441816798312101,0.9869689128511364,0.0007011005944500667,0.9739423091554125,0.0014013685889356575,0.9981135277402393,0.0004964518737544339,10
CICIoMT2024,binary,trades,lstm,transfer_tf,0.05,0.9926342967797461,0.0012143413603313824,0.9909852509129646,0.002024100777767679,0.9907823592091735,0.001525486222952189,0.9815679109560052,0.003057674980724644,0.9990506263584363,0.0002807419911964151,10
CICIoMT2024,binary,trades,lstm,transfer_tf,0.1,0.992361758588539,0.0012683033641445818,0.9906199414785813,0.0021059382054721045,0.9904407920534108,0.0015935287655800667,0.980884915673464,0.003193886824697484,0.9989553532726486,0.0003102831888944506,10
CICIoMT2024,binary,trades,lstm,transfer_tf,0.2,0.9909488632288603,0.000773784921997289,0.9884930039320767,0.0013366078108679154,0.9886655844214903,0.0009761787892088982,0.9773337454990779,0.0019495504184459892,0.9986058975743823,0.00041781555684035555,10
CICIoMT2024,binary,trades,mlp,clean,0.0,0.9958330344975973,0.00047986729465079886,0.9967205714298959,0.0004896985519447785,0.9948041387367063,0.0005971568708276112,0.9896452650414608,0.0011897806604894664,0.9993988445097601,0.00023362218208871152,10
CICIoMT2024,binary,trades,mlp,fgsm,0.05,0.9955891845370436,0.0005119083197151108,0.9964555921539782,0.0005383137523226861,0.9945005119470325,0.0006369777087313114,0.989039576984435,0.0012694763471835183,0.9991270039954351,0.00025302359295772877,10
CICIoMT2024,binary,trades,mlp,fgsm,0.1,0.9952736139998566,0.0004678053681259392,0.9961169408457712,0.00046308339281819706,0.9941077086278487,0.0005816145801512871,0.9882561815032952,0.0011578569783365872,0.9988587898413493,0.0002723418787900452,10
CICIoMT2024,binary,trades,mlp,fgsm,0.2,0.9937531377752278,0.0005053912228534354,0.9941331466581984,0.0005216503551070745,0.992210925597881,0.0006275196236325783,0.9844599153711009,0.0012488012081675393,0.9981655330427609,0.0003281157200383101,10
CICIoMT2024,binary,trades,mlp,gaussian,0.05,0.9958617227282508,0.00043566929781216644,0.9967484297576854,0.0004204922228631255,0.9948398360457217,0.0005418579394434124,0.9897164292794962,0.0010785722030844905,0.9994029962801477,0.00022996524118042684,10
CICIoMT2024,binary,trades,mlp,gaussian,0.1,0.9958115183246073,0.0004735730909910011,0.9967057170032769,0.00045731527470869565,0.9947774547830279,0.0005890199203708797,0.9895923750165405,0.0011726348945027003,0.9993971279123883,0.00021562840993997367,10
CICIoMT2024,binary,trades,mlp,gaussian,0.2,0.9957039374596572,0.000497412060084597,0.9965026060600909,0.00048104819515407024,0.9946426099585006,0.0006186775417603745,0.9893202439884916,0.0012317252500901683,0.9993746125422099,0.00019427279502749355,10
CICIoMT2024,binary,trades,mlp,pgd,0.05,0.9955820124793803,0.0005051084231989685,0.9964506406784384,0.0005342492580020958,0.9944916064536947,0.000628541902330178,0.9890219098858195,0.0012527712344622616,0.9991208458794322,0.0002530194304779462,10
CICIoMT2024,binary,trades,mlp,pgd,0.1,0.9952449257692031,0.0004697560896166424,0.9960649252410899,0.00047641809034944406,0.9940717477127515,0.0005841160361117001,0.9881836443395002,0.0011631557074316605,0.9988332018520193,0.0002732066359548827,10
CICIoMT2024,binary,trades,mlp,pgd,0.2,0.991587176360898,0.0007353448228674314,0.9905039082530859,0.0012848023804531497,0.989490451047933,0.0009233231555088293,0.9789945194310438,0.0018506601376162273,0.9979507510403248,0.0003519375316473861,10
CICIoMT2024,binary,trades,mlp,pgd_constrained,0.1,0.9954242272107867,0.0005213668822504935,0.996269236385889,0.0005135708706042654,0.9942950994818723,0.0006483522841721267,0.98862953083332,0.0012909548104964492,0.9989316093699173,0.00026901034207139945,10
CICIoMT2024,binary,trades,mlp,square,0.1,0.99565,0.0012030054955078952,0.9964027631103447,0.0012995484950053273,0.9945482461357592,0.0014688371831667831,0.9891342121764911,0.0029267270659064874,0.9991166930077308,0.0004278224134819397,10
CICIoMT2024,binary,trades,mlp,square_clean_subset,0.0,0.99605,0.0012122064363978677,0.9968960302641312,0.0009957009157336191,0.9950397435688769,0.001522061804625827,0.9901184414199244,0.003027887139122526,0.999387546211767,0.0003044215180294597,10
CICIoMT2024,binary,trades,mlp,transfer_mlp,0.05,0.9956465609983505,0.00048058138328198823,0.9965193612351877,0.0005089336274797775,0.9945719402907726,0.0005981391452875054,0.9891820334679211,0.0011924546365378026,0.9992002935600427,0.0002550106238094816,10
CICIoMT2024,binary,trades,mlp,transfer_mlp,0.1,0.9954098830954601,0.000510510805997396,0.9962673858604403,0.0005311090739965654,0.9942773652356518,0.0006350729567032952,0.9885946887882978,0.0012653771082062643,0.9989787172832381,0.0002671867687481373,10
CICIoMT2024,binary,trades,mlp,transfer_mlp,0.2,0.9937387936599009,0.0007552827148763514,0.9937125699999563,0.0011117069364102803,0.9921864552185207,0.0009437941034313871,0.9843978270816246,0.001890809691012034,0.9984291331170395,0.00031735032376272886,10
CICIoMT2024,binary,trades,mlp,transfer_tf,0.05,0.9956824212866671,0.0004583637557180741,0.9965602234641476,0.00047670542021885625,0.9946166116525136,0.0005703927174117864,0.9892712434758935,0.0011367536491258524,0.999341255436643,0.0002767573854548844,10
CICIoMT2024,binary,trades,mlp,transfer_tf,0.1,0.9955174639604103,0.00048319067946655175,0.9963899725473198,0.0005079512082084262,0.9944113371909177,0.0006012279016023313,0.9888621071843696,0.001198244989498868,0.9992637123678201,0.0003126894373609085,10
CICIoMT2024,binary,trades,mlp,transfer_tf,0.2,0.9947643979057592,0.00044725637557363343,0.9953949745034423,0.0005377628582031486,0.9934716998023243,0.0005566718689457243,0.9869810492526151,0.0011108771918963312,0.9990228916565641,0.0003917252701720913,10
CICIoMT2024,binary,trades,transformer,clean,0.0,0.9948934949436993,0.0012370731121474816,0.9953472098274363,0.0021886330540872847,0.9936283294866197,0.0015531192521040372,0.9872914335120961,0.003119114916588853,0.9992279406935569,0.00024297072658960398,10
CICIoMT2024,binary,trades,transformer,fgsm,0.05,0.994592268521839,0.0012068583959756979,0.9950265138959393,0.0021650796600967527,0.9932533575217748,0.0015156213136454876,0.9865439227791442,0.003044225231533681,0.9988735180665114,0.00030584673880556146,10
CICIoMT2024,binary,trades,transformer,fgsm,0.1,0.9942121494656817,0.0011325141078767885,0.9945869323284606,0.0020966911546376997,0.9927798001495145,0.0014233297685538229,0.9855983846718859,0.0028606157934287064,0.9985286288005634,0.00040831123939859574,10
CICIoMT2024,binary,trades,transformer,fgsm,0.2,0.992756221760023,0.001391124485498188,0.9929778508716014,0.002505413458384977,0.9909671687170738,0.0017498534144418504,0.9819828778913973,0.003517387131649314,0.9978277458282049,0.0005232406549942444,10
CICIoMT2024,binary,trades,transformer,gaussian,0.05,0.9948719787707093,0.0012030875842201601,0.9953162505495559,0.0021660839760430776,0.993601403922779,0.0015111255971176935,0.9872373790337766,0.003036101229754092,0.9992286901756803,0.00024170764003074788,10
CICIoMT2024,binary,trades,transformer,gaussian,0.1,0.9948791508283726,0.001150613051729984,0.9953292544507262,0.002089173740752979,0.9936105237010245,0.0014451707577329876,0.9872557832182943,0.00290372519528857,0.999217293411434,0.0002493300625946712,10
CICIoMT2024,binary,trades,transformer,gaussian,0.2,0.9947787420210858,0.0011657137360335298,0.9951633046856025,0.0021269385563440955,0.993484630070445,0.0014649936760037924,0.9870023567251345,0.002944478771766098,0.9992008923730793,0.00022011600977317244,10
CICIoMT2024,binary,trades,transformer,pgd,0.05,0.9945779244065122,0.0012049626071898671,0.9950166109448599,0.0021621599089310683,0.993235584683821,0.0015131987207720463,0.9865087202305315,0.0030393191243728904,0.9988655042739797,0.00030737527383659037,10
CICIoMT2024,binary,trades,transformer,pgd,0.1,0.9941834612350282,0.0011432628860940331,0.9945590740006711,0.0021156645510069213,0.9927441234570737,0.0014367566270338545,0.9855275799793104,0.0028872451495955973,0.998491381341913,0.00041488565705981653,10
CICIoMT2024,binary,trades,transformer,pgd,0.2,0.9914293910923044,0.0012692043078661923,0.9915062105282407,0.0023461682469458492,0.9893175645439486,0.0015949947884994552,0.9786947218648991,0.00320445371278191,0.9975386414696443,0.0005577511322416833,10
CICIoMT2024,binary,trades,transformer,pgd_constrained,0.1,0.9943484185612853,0.0011642419366131905,0.9947373773431296,0.002148125963828061,0.9929493782621396,0.0014632723616663267,0.9859367885883886,0.00294083660561765,0.9986920107523641,0.0003464174236367876,10
CICIoMT2024,binary,trades,transformer,square,0.1,0.9948499999999999,0.001472903406352371,0.9953144227985803,0.001828019596364787,0.9935344794333071,0.001862952233860717,0.9871039384348693,0.0037206393937231847,0.9989441803649932,0.0005950826795595165,10
CICIoMT2024,binary,trades,transformer,square_clean_subset,0.0,0.99535,0.00124833222073825,0.9957684143811815,0.001644834375442848,0.9941602717123527,0.0015871213184513668,0.9883493596308804,0.0031730836478974416,0.9992079231189882,0.0005520062989782867,10
CICIoMT2024,binary,trades,transformer,transfer_mlp,0.05,0.9947213655597791,0.001184873706775467,0.9951559025838075,0.0021645830921495665,0.9934138647760035,0.0014888081451456116,0.9868635739664204,0.00299196425391784,0.9990940834438884,0.0002606521290560542,10
CICIoMT2024,binary,trades,transformer,transfer_mlp,0.1,0.9945564082335222,0.0011596428451091153,0.9949856516669795,0.0021303911508196616,0.9932086739509538,0.0014570963916351496,0.986454839701184,0.002927995423430312,0.9989571188052793,0.00028587716638201415,10
CICIoMT2024,binary,trades,transformer,transfer_mlp,0.2,0.9937244495445743,0.001268303364144581,0.9940086592228411,0.002254768992937119,0.9921718652154311,0.0015934302622079102,0.9843835240037855,0.003201856050186754,0.9985479105803439,0.0003370229625270454,10
CICIoMT2024,binary,trades,transformer,transfer_tf,0.05,0.9946926773291256,0.0012147884019138066,0.995128044256018,0.00219982154207587,0.9933781591833665,0.0015261217917991205,0.986792552595482,0.0030663485698830457,0.9991058768412857,0.00027188369493802883,10
CICIoMT2024,binary,trades,transformer,transfer_tf,0.1,0.9944846876568889,0.0011347324521984292,0.99490392720906,0.002100372622411307,0.9931193408580816,0.0014261145149260836,0.9862762472766864,0.00286649154286425,0.9989485705882096,0.0003122613049318136,10
CICIoMT2024,binary,trades,transformer,transfer_tf,0.2,0.9935236319300007,0.0012998165987320347,0.9937492315232695,0.002366431705865949,0.9919210668616915,0.001634611595456128,0.9838829300157135,0.0032842152968311066,0.9985284459372273,0.00044144345795234615,10
CICIoMT2024,binary,trades,vanilla_gate,clean,0.0,0.9953453345764901,0.0005580600348303325,0.9962389274318442,0.0005608759567953004,0.994197544548927,0.0006939922400887594,0.988437268564691,0.0013817801232198386,0.999212399885543,0.0002230996938038759,10
CICIoMT2024,binary,trades,vanilla_gate,fgsm,0.05,0.9950584522699563,0.0005498057803009623,0.9959039771745349,0.0005352188900803023,0.9938402247773697,0.0006832806263242392,0.9877236962759381,0.0013594821232411887,0.9988216788863159,0.0002730518627350453,10
CICIoMT2024,binary,trades,vanilla_gate,fgsm,0.1,0.9946496449831457,0.0005283361723803366,0.9954687469817891,0.0005164205581182318,0.9933316031516005,0.0006564221928940586,0.9867095271425054,0.0013060167728923904,0.9984973372780303,0.00034390796570551047,10
CICIoMT2024,binary,trades,vanilla_gate,fgsm,0.2,0.9931219967008534,0.0009218566621753233,0.9938906750258392,0.0009887327843387504,0.9914334818679518,0.0011448101552236092,0.9829293961532792,0.002279010276746609,0.9977980807591456,0.00042150782641966556,10
CICIoMT2024,binary,trades,vanilla_gate,gaussian,0.05,0.9953309904611632,0.0005518809180049875,0.9962290244807648,0.0005412432766329381,0.9941797647288242,0.0006861491815909511,0.9884020304551306,0.0013657360418049434,0.9992057652946509,0.00022028004173770536,10
CICIoMT2024,binary,trades,vanilla_gate,gaussian,0.1,0.9953238184034999,0.0005080418450028326,0.996199915728333,0.00048240661602169275,0.9941705763936884,0.0006315052510047804,0.9883827959097035,0.0012565194751477213,0.9992090774390171,0.00022999919801162572,10
CICIoMT2024,binary,trades,vanilla_gate,gaussian,0.2,0.9952162375385498,0.0004900031350712733,0.9960531717645618,0.0005310946800966384,0.9940362625803887,0.0006096044680154841,0.9881138243198381,0.0012145329556596481,0.9991674361092245,0.0002056255706704933,10
CICIoMT2024,binary,trades,vanilla_gate,pgd,0.05,0.9950512802122929,0.0005441108645552528,0.9958909732733645,0.0005255642640021416,0.9938312366822413,0.000676146961730462,0.9877055661691856,0.0013451030576060472,0.998811714122278,0.00027257111393959007,10
CICIoMT2024,binary,trades,vanilla_gate,pgd,0.1,0.9945850964641755,0.0005390983424791655,0.9954000264250398,0.0005122945811791248,0.9932513387111728,0.0006695182209863791,0.9865495778373716,0.001331399992774062,0.9984402852049911,0.0003434831478724555,10
CICIoMT2024,binary,trades,vanilla_gate,pgd,0.2,0.9906261206340099,0.001345193721972506,0.9905409715606304,0.0021549029182618288,0.9883182663533606,0.0016831040680828505,0.9766954600607521,0.003374299318179093,0.9974271386189079,0.0004623755630630593,10
CICIoMT2024,binary,trades,vanilla_gate,pgd_constrained,0.1,0.9947715699634225,0.0005242638427213982,0.9955851317684867,0.000495757543367256,0.9934831281953173,0.0006510932561601019,0.987011207808653,0.0012943789879720814,0.9986559197111481,0.0002963033990003389,10
CICIoMT2024,binary,trades,vanilla_gate,square,0.1,0.99495,0.001363207003111895,0.9955830506172367,0.0014514763391265363,0.9936713220677733,0.0016938935618328026,0.9873837571420114,0.0033667413390494256,0.9989075175427876,0.0006048076129991936,10
CICIoMT2024,binary,trades,vanilla_gate,square_clean_subset,0.0,0.99565,0.0008834905520465692,0.9964030084647977,0.0010030790166876318,0.9945482459868765,0.0010672139890153221,0.9891339150211493,0.0021240579669702647,0.9991657131445695,0.0005519894469570056,10
CICIoMT2024,binary,trades,vanilla_gate,transfer_mlp,0.05,0.9951947213655596,0.0005356416960101812,0.9960544221892038,0.0005260288943613308,0.9940098308764946,0.0006659278617616874,0.988061975914961,0.0013255180022891777,0.9991312459097206,0.0002584443727463661,10
CICIoMT2024,binary,trades,vanilla_gate,transfer_mlp,0.1,0.9950297640393029,0.0005238275923086752,0.995884171272376,0.0005094545488878238,0.9938046491566063,0.00065086057561035,0.9876532444824535,0.0012946112028433903,0.9990327469601545,0.00028561689504524797,10
CICIoMT2024,binary,trades,vanilla_gate,transfer_mlp,0.2,0.994090224485405,0.0010977388174421268,0.9946879630337904,0.0016264157009395009,0.9926325003560524,0.001373273299280386,0.9853094729010683,0.00275172369931847,0.9986873953847869,0.0003837852400958288,10
CICIoMT2024,binary,trades,vanilla_gate,transfer_tf,0.05,0.995158861077243,0.0005326993223638787,0.9960216123858746,0.0005143096847084129,0.9939652828279671,0.0006620944616181386,0.9879734250246978,0.0013173808506733468,0.9991167211522143,0.0002785519581905472,10
CICIoMT2024,binary,trades,vanilla_gate,transfer_tf,0.1,0.9948934949436994,0.0005289848358197572,0.9957256738320763,0.0005153933724615897,0.9936349357085424,0.0006572402482946835,0.9873142684776285,0.0013073588484560272,0.9989834717299722,0.0003011889291281134,10
CICIoMT2024,binary,trades,vanilla_gate,transfer_tf,0.2,0.9939826436204546,0.0006265695368225832,0.9947425297107848,0.0006069462704439634,0.9925019610644705,0.0007778544641538453,0.9850551085770295,0.0015470129559447543,0.9985772781745397,0.0004301740697928442,10
CICIoT2023,binary,pgdat,aam_trans,clean,0.0,0.9057589847912428,0.0033586664810783266,0.9061351290454732,0.0051402938538747936,0.8899861623619654,0.004023862436274815,0.7838875136531079,0.008342528789281158,0.9645797988074104,0.0013463187456458554,10
CICIoT2023,binary,pgdat,aam_trans,fgsm,0.05,0.8997965707643127,0.0028833316144506052,0.9000189573945105,0.00503546068789312,0.8832492699640062,0.0035606758607121714,0.7708013258192624,0.007615447893542223,0.9608758824935137,0.001213277355508676,10
CICIoT2023,binary,pgdat,aam_trans,fgsm,0.1,0.8945655332752107,0.003845251189614598,0.8941280383722517,0.006029513360325519,0.8772491595667731,0.004644040058300893,0.758951696171797,0.009716172233515336,0.9573595190950887,0.0016665764523167744,10
CICIoT2023,binary,pgdat,aam_trans,fgsm,0.2,0.8530417514288482,0.016084445333866344,0.8150809299467431,0.03439053050281295,0.8184658113547219,0.024609905722464624,0.6394331539941878,0.04899927704978761,0.9262045791797533,0.015956861269789298,10
CICIoT2023,binary,pgdat,aam_trans,gaussian,0.05,0.9051583841906423,0.0030089387356218834,0.9053477673084801,0.004666609250980974,0.8892747207655483,0.003594046990798163,0.7824382268586775,0.007453754979852348,0.9642807842869499,0.0012294934298873175,10
CICIoT2023,binary,pgdat,aam_trans,gaussian,0.1,0.9008234040492106,0.002526315317218606,0.8957248839273522,0.0029979053505945043,0.8833236834830125,0.002840811744182941,0.7690582050705054,0.005586793680594311,0.9610802716327553,0.001830012532544177,10
CICIoT2023,binary,pgdat,aam_trans,gaussian,0.2,0.8823791533468952,0.008890854714014415,0.856331995083982,0.01775514289791819,0.8568822732607092,0.012591191589280865,0.7142215470974458,0.02553538749762807,0.9479884598752788,0.007773219801161234,10
CICIoT2023,binary,pgdat,aam_trans,pgd,0.05,0.8995398624430881,0.0027974006806107017,0.8998134234603304,0.00496273905878638,0.8829715524962607,0.0034609498434825118,0.7702862920693972,0.007426036076396354,0.9607545575583778,0.0011720391149084922,10
CICIoT2023,binary,pgdat,aam_trans,pgd,0.1,0.8939407149084568,0.003822968696407017,0.8935253038372253,0.00601565295008714,0.8765545622366719,0.0046128806996653185,0.7576214725321357,0.009655043061147488,0.9568924399153353,0.0016654563159032654,10
CICIoT2023,binary,pgdat,aam_trans,pgd,0.2,0.8158093577448415,0.026296710704488174,0.7737749692748873,0.044654620464073105,0.7743284514238746,0.03714920051208955,0.5500211256281117,0.07468587454971694,0.888231651417907,0.0323057280494036,10
CICIoT2023,binary,pgdat,aam_trans,pgd_constrained,0.1,0.8957570473699505,0.00449797805070836,0.894982616414038,0.006605683400447988,0.8785133258047537,0.005395595324192461,0.7612510610838416,0.011159783428827586,0.957882755815012,0.0017816246036059446,10
CICIoT2023,binary,pgdat,aam_trans,square,0.1,0.89535,0.004690711862583095,0.8941807110302908,0.006960127510538792,0.8778334029834645,0.005574915748810995,0.7599000941154154,0.011327061325398173,0.9604660707450552,0.002933622437065567,10
CICIoT2023,binary,pgdat,aam_trans,square_clean_subset,0.0,0.9079,0.0046115796281389785,0.9079320925605904,0.006519045263506395,0.8922200717812286,0.005043395674792596,0.7881992074955215,0.010160486618242441,0.9651904140899346,0.0028962338217332056,10
CICIoT2023,binary,pgdat,aam_trans,transfer_mlp,0.05,0.9008718395815171,0.0029174295419336117,0.901426208521098,0.0050761069195947965,0.8845225731940234,0.0035919593265604567,0.7733962987756111,0.007678869286141397,0.9619110633164916,0.00112638745965002,10
CICIoT2023,binary,pgdat,aam_trans,transfer_mlp,0.1,0.8964012399496271,0.003468730409064911,0.8966960398743684,0.005503963494697099,0.879458632653928,0.004148475307102575,0.7635226209202489,0.008673497132679082,0.959237143247303,0.0014329488319611199,10
CICIoT2023,binary,pgdat,aam_trans,transfer_mlp,0.2,0.8004649811101423,0.04073280890772639,0.7474782773453503,0.06857239098916668,0.7501841020336091,0.05859249958294879,0.5040975884543898,0.1164043371849502,0.8919983840866677,0.032549046457529714,10
CICIoT2023,binary,pgdat,aam_trans,transfer_tf,0.05,0.9010462074978204,0.002775468235583237,0.9015737061313669,0.004979229266099997,0.884712782837549,0.0034320467029473707,0.7737565649748567,0.007377100690827412,0.9619576613637397,0.001109683766153075,10
CICIoT2023,binary,pgdat,aam_trans,transfer_tf,0.1,0.8967790371016177,0.003100164162699102,0.8970656322545405,0.004926623352906997,0.8798817617257528,0.003666945930202044,0.7643357044081952,0.007629751563187598,0.9593644282853111,0.0013893866000209139,10
CICIoT2023,binary,pgdat,aam_trans,transfer_tf,0.2,0.8119781071393974,0.03863642127789459,0.7652745630206199,0.06472519571177145,0.766737382320861,0.054456759694542584,0.5363553511210808,0.10909188871214771,0.9010737476671673,0.028160152441953308,10
CICIoT2023,binary,pgdat,transformer,clean,0.0,0.8958103264554877,0.0019042345323288471,0.9039587771405161,0.004952766794668695,0.8803717862795739,0.002585526915366156,0.768995465428475,0.006423364487540191,0.9601696356229233,0.0009918480229778634,10
CICIoT2023,binary,pgdat,transformer,fgsm,0.05,0.8871355226193935,0.002349309173239527,0.894159825208248,0.0055564179897141935,0.8705602474915501,0.003112562979296396,0.7496585033671733,0.007478585228304077,0.9542108169466065,0.0011059852683263471,10
CICIoT2023,binary,pgdat,transformer,fgsm,0.1,0.8776954373728568,0.0026340351052752107,0.8830786426328008,0.006512091949583401,0.8598101013262163,0.0036638935942163767,0.7282484689131954,0.008934908322007409,0.94792489473804,0.0011722760894470746,10
CICIoT2023,binary,pgdat,transformer,fgsm,0.2,0.8576915625302721,0.002386260502064227,0.8580433326505531,0.006616487028837158,0.8366741211057415,0.0035826536178965576,0.6813465954488654,0.00893432973618782,0.9344772514679777,0.000997508216369977,10
CICIoT2023,binary,pgdat,transformer,gaussian,0.05,0.8958297006684104,0.001865735754401093,0.9039133995630205,0.004991138581269699,0.8803802794718919,0.002569860313932466,0.7689763984100912,0.006458102441915832,0.9601331950703264,0.0009844702435726168,10
CICIoT2023,binary,pgdat,transformer,gaussian,0.1,0.8955342439213407,0.001865421374611085,0.903109900314079,0.004930020916979247,0.8799543752598658,0.002527897580018344,0.7678986953169795,0.006292911425377988,0.9600234096909281,0.0009675129219641659,10
CICIoT2023,binary,pgdat,transformer,gaussian,0.2,0.8941247699312216,0.002216474735689418,0.8997305305202786,0.0052651435002387245,0.8780000198470811,0.002936221735924661,0.7631475093475781,0.006966084166303539,0.9592558292366518,0.0009287946728488931,10
CICIoT2023,binary,pgdat,transformer,pgd,0.05,0.8869563111498595,0.0023793686500108778,0.8939695582411581,0.005583028213898234,0.8703603016747967,0.003141086153425916,0.7492718203701962,0.007528710645311961,0.9540902686740408,0.001110037717912815,10
CICIoT2023,binary,pgdat,transformer,pgd,0.1,0.8766346992153444,0.0028300612531224757,0.8817701829851154,0.0066793429476644335,0.8585887870912645,0.003868393884920661,0.725782481521559,0.009306844157459901,0.9472445707587964,0.0011810887552865365,10
CICIoT2023,binary,pgdat,transformer,pgd,0.2,0.8523684975297879,0.0026365623464984405,0.8511135019800629,0.006307915463561891,0.8304395239223581,0.0037076408008819392,0.6685617995680317,0.008830232360018049,0.930263738677227,0.0011043908448202578,10
CICIoT2023,binary,pgdat,transformer,pgd_constrained,0.1,0.8776034098614744,0.0026849580556023685,0.8829449064591015,0.006521851028427444,0.8596998358523686,0.0037000045477811436,0.7280151802669622,0.008989212833323837,0.9479164720742865,0.001157849532033617,10
CICIoT2023,binary,pgdat,transformer,square,0.1,0.8778499999999999,0.007164922268323006,0.8821692892169171,0.010474521203891725,0.8595763938524315,0.008750501707252164,0.7272628359818798,0.018392767618898558,0.9535430984389777,0.0032792637895108123,10
CICIoT2023,binary,pgdat,transformer,square_clean_subset,0.0,0.8966,0.005825232470325435,0.9035164786979072,0.008872971336313427,0.8808436457925545,0.00749686643458724,0.7692710658677864,0.015652372205358568,0.9601074026552132,0.0027769869306900983,10
CICIoT2023,binary,pgdat,transformer,transfer_mlp,0.05,0.8896202654267171,0.0018601949086856267,0.8971508534753516,0.004978275845766534,0.873407576366177,0.0025222532261919357,0.7553668048328206,0.0063413714110322535,0.956261886635714,0.0010816180857083856,10
CICIoT2023,binary,pgdat,transformer,transfer_mlp,0.1,0.8827521069456553,0.0018713159128283282,0.8894369930356412,0.00529148474671666,0.8656617666347117,0.002627314574391591,0.7401210159436679,0.006765933153641453,0.9521625062588193,0.0010971228866156512,10
CICIoT2023,binary,pgdat,transformer,transfer_mlp,0.2,0.8678436501017146,0.002086572899700172,0.871244851836679,0.00638861139558336,0.8485436648125292,0.0031438139677990784,0.7056732009087219,0.00827968139466706,0.943944487118212,0.0007562729690359383,10
CICIoT2023,binary,pgdat,transformer,transfer_tf,0.05,0.8898769737479416,0.0017975898738418904,0.8972284821794346,0.004940588830298509,0.8736542853621124,0.0024658191691892383,0.7557402340736472,0.006245303442564916,0.9561573233875006,0.0010403702952809348,10
CICIoT2023,binary,pgdat,transformer,transfer_tf,0.1,0.8832655235881042,0.0018093334966591806,0.889621767035368,0.0055143289685895104,0.8661537781661796,0.0026998709695270832,0.7408789184264463,0.00706455374175362,0.9518985894897355,0.0010627626791544066,10
CICIoT2023,binary,pgdat,transformer,transfer_tf,0.2,0.8726726726726726,0.0016455096408870976,0.878746398334016,0.004154915851058906,0.8544779414957171,0.002003360956161846,0.7184257283947257,0.0051952779622612,0.9443794858664483,0.0012272290924759566,10
CICIoT2023,binary,trades,aam_noAux,clean,0.0,0.9100455294003682,0.0012943962417800183,0.9075674552778915,0.0018798935854966998,0.8942969003196677,0.0015673328085162234,0.7912105594049489,0.0032221243675857507,0.9664853680185717,0.0008502269411203647,10
CICIoT2023,binary,trades,aam_noAux,fgsm,0.05,0.9007410636442895,0.0013156189858957222,0.8977723644681141,0.001808430172789443,0.8836718406873558,0.001563271355174334,0.770392103643569,0.0031832603020669533,0.9610628100960443,0.0007785803705326167,10
CICIoT2023,binary,trades,aam_noAux,fgsm,0.1,0.8932529303497045,0.0016386281367790623,0.8887704629250308,0.0020066699572367126,0.8749139220511898,0.001905163888073508,0.7528657286832502,0.0038126209816205137,0.9556616220583549,0.0006944034831284913,10
CICIoT2023,binary,trades,aam_noAux,fgsm,0.2,0.84210016468081,0.009098233667494144,0.7967429537074969,0.012409494111881206,0.8037344092244103,0.01186214373910738,0.6087813545403618,0.023441264775261577,0.932488676658018,0.0037486349197422193,10
CICIoT2023,binary,trades,aam_noAux,gaussian,0.05,0.9094788336723821,0.0014743384952121345,0.9070007681278165,0.002035362843712605,0.8936539840071065,0.0017625668167394785,0.7899603419433404,0.003589801627115112,0.96624347887933,0.0008460136342748949,10
CICIoT2023,binary,trades,aam_noAux,gaussian,0.1,0.9057057057057056,0.0013706865794866428,0.8990234330192545,0.0020936672625821886,0.8885381021055577,0.0016876506139343456,0.7787715339270365,0.0034719170643183464,0.9646629648595748,0.0008105695615718471,10
CICIoT2023,binary,trades,aam_noAux,gaussian,0.2,0.8889663857405793,0.004091278435314578,0.8633608254813601,0.007891983639967156,0.8647753684945743,0.005811727667659825,0.7296762528800385,0.011405959327074784,0.9566754432381993,0.003056687836386671,10
CICIoT2023,binary,trades,aam_noAux,pgd,0.05,0.9005279473021408,0.001234668071404532,0.8975975556465929,0.001737781867735589,0.8834392647734763,0.001471579758526453,0.769953572100383,0.0030071107405251897,0.9609803621011425,0.0007591455642327561,10
CICIoT2023,binary,trades,aam_noAux,pgd,0.1,0.8925651457909523,0.001607957546222558,0.888103669944012,0.0019210678173221425,0.8741453005547146,0.001857324015451413,0.7513796747872066,0.003699999675643907,0.9552464068687696,0.000649981961552402,10
CICIoT2023,binary,trades,aam_noAux,pgd,0.2,0.8055700862152475,0.0032863904266068607,0.7567929093267787,0.00603799253829938,0.7605771295205843,0.00503206131717199,0.5216610857650276,0.009815456954347995,0.9076143645591515,0.0015264402401859,10
CICIoT2023,binary,trades,aam_noAux,pgd_constrained,0.1,0.8943717911459848,0.001622698766403418,0.889647623924621,0.0019791842862402747,0.8761199175955092,0.0018927397329095797,0.7551278597238669,0.003788189794235117,0.9563128283035187,0.0007190862390019177,10
CICIoT2023,binary,trades,aam_noAux,square,0.1,0.89305,0.00594628735711062,0.8881974169674226,0.0068678670406509944,0.8744615745431827,0.006881825238864594,0.7519872087002097,0.013487114078074793,0.9601346750769408,0.002774964583756611,10
CICIoT2023,binary,trades,aam_noAux,square_clean_subset,0.0,0.9111,0.004748099034818508,0.9086232533952169,0.004916123638193411,0.8953812119096176,0.005259704425442881,0.7934168337470856,0.01012452457972741,0.966537758178268,0.0027797206830784027,10
CICIoT2023,binary,trades,aam_noAux,transfer_mlp,0.05,0.9020585101230262,0.0014789282165455476,0.8994585381674177,0.0020274702713740283,0.8852336756995717,0.0017632451320171666,0.7735508701127191,0.003594138362683911,0.9622885059629478,0.0008031872629280166,10
CICIoT2023,binary,trades,aam_noAux,transfer_mlp,0.1,0.8954761212825728,0.001440634824902608,0.8918723064317902,0.001846064986995642,0.8776065289154422,0.0016885180802483082,0.7583950721355154,0.003401981870544454,0.9581821885383949,0.0007199312294459384,10
CICIoT2023,binary,trades,aam_noAux,transfer_mlp,0.2,0.8031676838128451,0.0026643749967441635,0.7524677181482999,0.0038544133585833016,0.7569126636951452,0.003496054783532291,0.5145115785735048,0.0068904468440921995,0.9085646541717874,0.0014754417077453813,10
CICIoT2023,binary,trades,aam_noAux,transfer_tf,0.05,0.9022183473796377,0.0013040267018581055,0.8995564386180528,0.0018551684559067465,0.8854015055011122,0.0015655566110808592,0.7738556974670066,0.0032107186709959047,0.9623230290409213,0.0008063023293344877,10
CICIoT2023,binary,trades,aam_noAux,transfer_tf,0.1,0.8958345442216411,0.0014337790248458153,0.8921938071828486,0.0019100195037371702,0.8780016924461901,0.001699095209965809,0.7591495253003457,0.0034478113355834485,0.9582583339023169,0.0007207334902326159,10
CICIoT2023,binary,trades,aam_noAux,transfer_tf,0.2,0.8163324614937519,0.003143793991458732,0.7730958316263826,0.005782902356866555,0.775353711788988,0.00467618067619902,0.5509108038297081,0.009184978248151366,0.9153608385679821,0.002530843675022262,10
CICIoT2023,binary,trades,aam_noGate,clean,0.0,0.9105831638089702,0.0016384690528462656,0.9101749009968593,0.0021949790439723684,0.8952927676120421,0.0019176124997951323,0.7938417223631808,0.003875809211392788,0.9675162097728618,0.0007764383319268466,10
CICIoT2023,binary,trades,aam_noGate,fgsm,0.05,0.9012399496270463,0.0016206412982439924,0.9001852382903183,0.0023010092684501346,0.8846230459859814,0.001929099142310942,0.7729187953223062,0.0039609568819807955,0.9618526218762803,0.0008314967776821956,10
CICIoT2023,binary,trades,aam_noGate,fgsm,0.1,0.893093093093093,0.0016415445898699164,0.8903058138740952,0.002410796711056569,0.8751051172747175,0.0019602557675912156,0.7538399927165422,0.004048161964200855,0.9561767689699121,0.0008308637411905254,10
CICIoT2023,binary,trades,aam_noGate,fgsm,0.2,0.8518114889082631,0.006516504428222673,0.8142236378533388,0.009826638016146982,0.8180193720059025,0.008656804932460009,0.6364328070098746,0.01712782382121642,0.9343875955892393,0.00376215800927446,10
CICIoT2023,binary,trades,aam_noGate,gaussian,0.05,0.9100697471665213,0.001800176424040685,0.9095670558514269,0.00239151379799247,0.8946942174949525,0.00211869490484295,0.7926454718300198,0.004287943563555255,0.9672961314807228,0.0007771451326728598,10
CICIoT2023,binary,trades,aam_noGate,gaussian,0.1,0.9068487842681391,0.0014890020639431428,0.9021707633483546,0.0026447406202928484,0.8902392499725685,0.0018649949077657263,0.7826521778528928,0.003934240807041289,0.96578561495744,0.000746181955539611,10
CICIoT2023,binary,trades,aam_noGate,gaussian,0.2,0.8925893635571056,0.0026204175071413583,0.8703960262187629,0.005745230369035391,0.8698937483082633,0.003827878818543907,0.739859974275171,0.007640487114872844,0.9590121239018616,0.001199911692854507,10
CICIoT2023,binary,trades,aam_noGate,pgd,0.05,0.9010994865833576,0.0015975487867003646,0.9000714768537484,0.002302380510373609,0.8844702733061105,0.0019094805402865543,0.7726325248287425,0.003933739750640719,0.9617622189221174,0.0008269867387884707,10
CICIoT2023,binary,trades,aam_noGate,pgd,0.1,0.8924634311731087,0.0016931357590136969,0.8897095043015157,0.0024751734810222015,0.8744061204119392,0.0020190353885561067,0.7524981962059415,0.0041661326042161904,0.9557279029541628,0.0007994949367166185,10
CICIoT2023,binary,trades,aam_noGate,pgd,0.2,0.8071539281216701,0.004006363239120475,0.7615742318721835,0.0064673372907357255,0.7639386909107901,0.005602190775658131,0.5281034766711624,0.011054183867139127,0.9073681494378443,0.0018960290918015234,10
CICIoT2023,binary,trades,aam_noGate,pgd_constrained,0.1,0.8945122541896735,0.0017323481973914832,0.8916996415403522,0.0025127903930757824,0.8766925297086908,0.0020693845155807847,0.7569076295199751,0.004264408966525042,0.9569277436387637,0.0008765287301040177,10
CICIoT2023,binary,trades,aam_noGate,square,0.1,0.893,0.006123724356957957,0.8902680102938179,0.006912685239411532,0.8748800512142625,0.0068681169352124,0.7535182310780157,0.013452294972194466,0.9612457300179141,0.00261315441253746,10
CICIoT2023,binary,trades,aam_noGate,square_clean_subset,0.0,0.9121500000000001,0.004390962941719697,0.9122930328929655,0.004127968188115728,0.8970563308715708,0.004755409850513923,0.7975547751300545,0.008853489287565375,0.9677808816859592,0.0024098063929231402,10
CICIoT2023,binary,trades,aam_noGate,transfer_mlp,0.05,0.9029981594497724,0.0017301800699575111,0.9024723235012972,0.0024488417566629066,0.8867075950918908,0.0020607752241623384,0.7771536317910297,0.004232230095951941,0.9632401548773272,0.0008185586394780936,10
CICIoT2023,binary,trades,aam_noGate,transfer_mlp,0.1,0.8965659207594692,0.0019295006919039046,0.8948886146388093,0.0027469599875899957,0.8792403639348594,0.0023109742874486564,0.762260272926379,0.004761761364790705,0.9591414339523874,0.0007728072928232827,10
CICIoT2023,binary,trades,aam_noGate,transfer_mlp,0.2,0.8093722755013077,0.003695733034862357,0.7641118462378806,0.005466677153137518,0.7665914710159495,0.004932738456367547,0.5333991286199958,0.009784378558760277,0.9126590536665301,0.0016822812592188834,10
CICIoT2023,binary,trades,aam_noGate,transfer_tf,0.05,0.9032064322386903,0.0015962020938589765,0.9026929127406801,0.0023668438509807307,0.8869443408347099,0.001919958660434406,0.7776169175709228,0.0039790687301406325,0.9632869520688242,0.0007956181701189572,10
CICIoT2023,binary,trades,aam_noGate,transfer_tf,0.1,0.8969534050179211,0.0014424882554765507,0.8953535845964768,0.0021341629272336395,0.8796921652052851,0.001734790783062335,0.7631630373000778,0.003598549592554826,0.9591929673631026,0.0007204749946303787,10
CICIoT2023,binary,trades,aam_noGate,transfer_tf,0.2,0.8204882301656495,0.0031465124185075443,0.7810181824388912,0.005978898352053816,0.7817210057215708,0.004719286604541243,0.5635063273423266,0.009408382953402189,0.9184568795803176,0.0023918347579189665,10
CICIoT2023,binary,trades,aam_noPE,clean,0.0,0.8978736801317446,0.0018732928712377177,0.896764737812372,0.0026373247310169075,0.8808270419023302,0.0018582914896541137,0.765617357821517,0.003524427373672778,0.961940081478447,0.0009560469019457745,10
CICIoT2023,binary,trades,aam_noPE,fgsm,0.05,0.8875908166230747,0.002605513516662554,0.8846517069507032,0.002898906767178165,0.868910458034817,0.002579934144810531,0.7418700070335781,0.004757949202498833,0.9552605921980973,0.0013941126737786497,10
CICIoT2023,binary,trades,aam_noPE,fgsm,0.1,0.8765087668313475,0.0028631368042447503,0.8709767376758158,0.0033111085062122766,0.8559261969231567,0.002899533806212293,0.7157500219910847,0.005530938365612941,0.9478226421320952,0.0019528886152181113,10
CICIoT2023,binary,trades,aam_noPE,fgsm,0.2,0.8521941296134845,0.0027624016427202657,0.8403843062952342,0.00537323911157968,0.8272075015209008,0.0034625717577136824,0.6578231163825933,0.0075116112098597134,0.9295504466521007,0.0019554911700325204,10
CICIoT2023,binary,trades,aam_noPE,gaussian,0.05,0.897675094449288,0.0020561122756179405,0.8964427488734126,0.002317679424212753,0.8805804265000052,0.0019695243442623598,0.7650935646479415,0.003501703680246617,0.9619090843916427,0.0009695385361757392,10
CICIoT2023,binary,trades,aam_noPE,gaussian,0.1,0.8973166715102199,0.0021827658915600846,0.8953046224225044,0.0025035676044990345,0.8800149721893264,0.002172187191475468,0.7637055250203478,0.003977103158199525,0.9615456267922982,0.0009560730764042946,10
CICIoT2023,binary,trades,aam_noPE,gaussian,0.2,0.8945074106364428,0.001419857978360336,0.8893693363375667,0.004333112384643451,0.8761683092007784,0.0019597454713733186,0.7551906322950002,0.0046652299685507525,0.959946406299786,0.000893506535339214,10
CICIoT2023,binary,trades,aam_noPE,pgd,0.05,0.8875665988569214,0.0025795982194143823,0.8846297180117437,0.0028977350074064624,0.8688837506226141,0.0025530248129743286,0.7418189489359661,0.004713835686235862,0.9552309498611681,0.0013924808970854903,10
CICIoT2023,binary,trades,aam_noPE,pgd,0.1,0.8761987794245858,0.00291633929153303,0.870610665027994,0.0033733937401996517,0.8555670663385081,0.0029761096459361776,0.7150315379293352,0.005695037152047864,0.9475899585779963,0.001914727931159468,10
CICIoT2023,binary,trades,aam_noPE,pgd,0.2,0.8476993122154413,0.006445109535001436,0.8351598832445719,0.010859918303944545,0.8219937220743516,0.008456921357180253,0.6474422580619764,0.017844819839084043,0.9259771041012336,0.004015949947559944,10
CICIoT2023,binary,trades,aam_noPE,pgd_constrained,0.1,0.8765620459168847,0.002784025073416883,0.8710684043424826,0.003349926116533142,0.8559944687842425,0.0028358558353315313,0.7158956956213467,0.005455775223235945,0.9479693852701534,0.0018899450247876872,10
CICIoT2023,binary,trades,aam_noPE,square,0.1,0.8772499999999999,0.0059826136985991615,0.8706486570091373,0.007008903373797509,0.8563221015238611,0.006900049013624694,0.7162603463814442,0.013182035126887226,0.9547168336511775,0.003483297483127928,10
CICIoT2023,binary,trades,aam_noPE,square_clean_subset,0.0,0.8994500000000001,0.005246427355829874,0.8984261157521185,0.005641310230434091,0.8824609315388006,0.006525261361326126,0.7689296899566627,0.012039283761124455,0.9619279316817597,0.00296213580056446,10
CICIoT2023,binary,trades,aam_noPE,transfer_mlp,0.05,0.8894943330427202,0.0023997458765684983,0.8868788679502936,0.002868648359307326,0.8711113816560813,0.002368170977823614,0.7462526125044443,0.004399959290094466,0.9568767399517502,0.0013451720143121146,10
CICIoT2023,binary,trades,aam_noPE,transfer_mlp,0.1,0.8806984403758598,0.0030644763165914844,0.876369800628158,0.003096168112120836,0.860892358649928,0.003070512951473513,0.7258188795467502,0.005686836000246964,0.9514047163047931,0.0017825889550633172,10
CICIoT2023,binary,trades,aam_noPE,transfer_mlp,0.2,0.858606994090865,0.0066748467198071,0.8485348525194591,0.011803300678032,0.8347675745036056,0.008883474452780007,0.6731402490434178,0.01887137564913033,0.937069452979198,0.004494575358462736,10
CICIoT2023,binary,trades,aam_noPE,transfer_tf,0.05,0.8900464981110142,0.0024303131324611084,0.8874451522600028,0.002925825897748346,0.8717324228649652,0.0024335152908779704,0.7474572704901925,0.004558391812726077,0.9569821566753152,0.0014001398516175205,10
CICIoT2023,binary,trades,aam_noPE,transfer_tf,0.1,0.8816719945752205,0.0029164286716544057,0.8774938242523556,0.0029526413783210583,0.8620139743982962,0.0029270241020606215,0.7280395596867777,0.005405644038266673,0.9516114468114161,0.001887789827132896,10
CICIoT2023,binary,trades,aam_noPE,transfer_tf,0.2,0.8673980432044948,0.003838958586425096,0.8624693499931722,0.0073113598316675455,0.8459458615469714,0.005027718298243982,0.6966990586531036,0.01096820394958094,0.9397417150302699,0.0026442109318569455,10
CICIoT2023,binary,trades,aam_noTok,clean,0.0,0.8981303884529691,0.0016210915925384004,0.9009304144476307,0.002043575424941364,0.8819113614015981,0.0018506776257680585,0.7692512142622286,0.0037023979132892056,0.9613698711821203,0.0011990369380563434,10
CICIoT2023,binary,trades,aam_noTok,fgsm,0.05,0.8860796280151119,0.0027282005985294747,0.8865234705721698,0.0036428971091325307,0.8679865882404052,0.0032185674879584153,0.7413878879745122,0.006586978293117679,0.9534515265829121,0.0013739587942083746,10
CICIoT2023,binary,trades,aam_noTok,fgsm,0.1,0.8732587426135814,0.0023186239906270775,0.8705750716919296,0.0030788062568679474,0.8530305036451837,0.002731282042227975,0.7112015257360095,0.00558041124434052,0.9448097108425509,0.001482795550458786,10
CICIoT2023,binary,trades,aam_noTok,fgsm,0.2,0.8472972972972974,0.002371533672567805,0.8373559231189404,0.0037945683133512815,0.8223970786998672,0.003020566185083399,0.6490664224141592,0.006394077942625336,0.9257240975920615,0.0014281389100380423,10
CICIoT2023,binary,trades,aam_noTok,gaussian,0.05,0.8978688365785139,0.0017243170438348495,0.9002098456916563,0.002118234007371202,0.8815273660780202,0.0019643166185437607,0.7683092031588953,0.0039119179254367255,0.9613054855705767,0.0011611954072750388,10
CICIoT2023,binary,trades,aam_noTok,gaussian,0.1,0.8973166715102199,0.0017477107965386991,0.898713788747781,0.0023827767983530816,0.8807184368302554,0.002048962896221022,0.7663432945593797,0.004187684150097108,0.9610720697346261,0.0011601705636917672,10
CICIoT2023,binary,trades,aam_noTok,gaussian,0.2,0.8958151700087184,0.002098376233120849,0.8942659907141881,0.00301467191318052,0.8784243289851001,0.0025117619742506853,0.760730448556949,0.0051879558422310125,0.9599564636533297,0.0012027435795971477,10
CICIoT2023,binary,trades,aam_noTok,pgd,0.05,0.8859730698440377,0.002755277533958501,0.8863942509900313,0.0036830729649506913,0.8678630501853217,0.00325149611188103,0.741140045747382,0.0066563032997237325,0.9533250415358004,0.0013771631952141563,10
CICIoT2023,binary,trades,aam_noTok,pgd,0.1,0.8724983047563694,0.0022814683909788747,0.8696455346169604,0.003078036745850699,0.8521466588004791,0.0026975140650854247,0.7094251197085709,0.005531047012232322,0.9441119594656107,0.0014994810872198275,10
CICIoT2023,binary,trades,aam_noTok,pgd,0.2,0.8423907778746489,0.002843660327066966,0.8313542946879695,0.004369018435178532,0.8166735330207409,0.003581191674995416,0.6375663127783712,0.007516312365154113,0.9211924091902226,0.0015510539193360265,10
CICIoT2023,binary,trades,aam_noTok,pgd_constrained,0.1,0.8742952630049403,0.0023781194189219776,0.8718959784241431,0.003209052216111054,0.8542479493153943,0.0028166077256521894,0.7136711030249785,0.0057773975190010575,0.945511886635714,0.0013774131431776103,10
CICIoT2023,binary,trades,aam_noTok,square,0.1,0.8734,0.005791756594026019,0.8698260055968685,0.007796160034746494,0.852775181598059,0.0077548543782834664,0.7104195550883741,0.015479525352342772,0.952501405734583,0.0034576725682896443,10
CICIoT2023,binary,trades,aam_noTok,square_clean_subset,0.0,0.8984,0.00593389510449176,0.9005353353727976,0.006465593629351215,0.8819367511962511,0.007130244741070739,0.7690607824926669,0.013773758737533594,0.9613163734790164,0.003164506485713711,10
CICIoT2023,binary,trades,aam_noTok,transfer_mlp,0.05,0.889106848784268,0.0024939204265430337,0.8902018605762665,0.003418500994367263,0.8714959865537713,0.002953573131977542,0.748436665728992,0.006074748925704684,0.9560838715917883,0.0012505337799661597,10
CICIoT2023,binary,trades,aam_noTok,transfer_mlp,0.1,0.8797975394749589,0.002255944099494772,0.8787651850334562,0.0031526226539619574,0.8606737039504075,0.0026880984315163525,0.7266512168618663,0.005555499052111401,0.9504855700077381,0.00123404321916759,10
CICIoT2023,binary,trades,aam_noTok,transfer_mlp,0.2,0.8615954664341761,0.0011681010769754741,0.8561805100368701,0.0019285980260116083,0.8394372479847858,0.0014386868475742278,0.6838222201994121,0.003070006427238014,0.939043412877236,0.0008511137432736122,10
CICIoT2023,binary,trades,aam_noTok,transfer_tf,0.05,0.889508863702412,0.002546826898393268,0.8904802949610815,0.003375752444928905,0.8719170547041613,0.002987177548860776,0.7491939390332316,0.006091172595758556,0.9560178973781237,0.0012713957661043005,10
CICIoT2023,binary,trades,aam_noTok,transfer_tf,0.1,0.8805967257580161,0.002506800719831294,0.8795744503618735,0.0032332347214169142,0.8615635276701481,0.002930900156564619,0.7283689675373746,0.0059505385943895055,0.9502686603850881,0.0013344087825087553,10
CICIoT2023,binary,trades,aam_noTok,transfer_tf,0.2,0.8681487939552456,0.002302576278492813,0.8665896900177522,0.0035137847408041327,0.8476699742518962,0.0028085781315634294,0.7013834733314013,0.00593899497933261,0.9401363523601439,0.0011753727665443003,10
CICIoT2023,binary,trades,aam_trans,clean,0.0,0.9106655042138913,0.0012313172257507519,0.9093867950293596,0.0017996486604864006,0.8952247325158803,0.0014657689410971168,0.7934091294825681,0.0030023310983877424,0.9673842693113024,0.0007167706995882337,10
CICIoT2023,binary,trades,aam_trans,fgsm,0.05,0.9014579095224257,0.0016362083917732958,0.8994533661067867,0.002337567394294199,0.8846764920009186,0.0019618864925065828,0.7726782319328315,0.0040289143063772445,0.9618550417633939,0.0007084091046398889,10
CICIoT2023,binary,trades,aam_trans,fgsm,0.1,0.8931366850721689,0.0016336255074116685,0.889377249761027,0.002215355190421386,0.8749418680254998,0.0019209977832450888,0.753173214533266,0.0038964075844770893,0.956190763120761,0.0007333049216016554,10
CICIoT2023,binary,trades,aam_trans,fgsm,0.2,0.850082340404921,0.009295915921835464,0.8109337942100232,0.013268894246757557,0.8154214103165526,0.012169051968636912,0.6313881882365306,0.02409825382501017,0.9335568209750102,0.003981944083268432,10
CICIoT2023,binary,trades,aam_trans,gaussian,0.05,0.9099195970163713,0.0015312915646912783,0.9084674996586098,0.0021361410550696128,0.8943470520762709,0.0018207075637903384,0.7916454185929804,0.00370951218002376,0.9671720441303655,0.0007065191505661288,10
CICIoT2023,binary,trades,aam_trans,gaussian,0.1,0.9067180083309114,0.001363373961582274,0.9009520380991397,0.0024284591424303965,0.8898742684633222,0.0017452127654979215,0.7816285369449029,0.0036779524093244515,0.9655725300423323,0.0007307309773896448,10
CICIoT2023,binary,trades,aam_trans,gaussian,0.2,0.8888452969098131,0.004045612287014067,0.8628081319131503,0.007802876317110777,0.8645180183431169,0.0056902237166487684,0.7291711176880742,0.011303786219278977,0.9572537410669579,0.002210024125806746,10
CICIoT2023,binary,trades,aam_trans,pgd,0.05,0.9012980722658142,0.001649307121934797,0.8993308684965179,0.002353199272064118,0.8845039133190931,0.00198125271944245,0.7723558330367009,0.004071516397297766,0.9617667639628568,0.0006998109079738648,10
CICIoT2023,binary,trades,aam_trans,pgd,0.1,0.8924489005134166,0.001505792071753341,0.8886711013245938,0.0021912296635484703,0.8741649041039043,0.001806180298682814,0.751658157834925,0.003714870685015857,0.9557140368246164,0.0007244894453710892,10
CICIoT2023,binary,trades,aam_trans,pgd,0.2,0.8094739901191514,0.0051711569243274354,0.7648919363648778,0.0090761132004097,0.7669943013183549,0.007658634481371753,0.5342018149080361,0.015087308064492004,0.9075254517729527,0.002785176624897078,10
CICIoT2023,binary,trades,aam_trans,pgd_constrained,0.1,0.8945170977429042,0.0017157698149111772,0.8906699747371295,0.0023923946096321737,0.8764741327246567,0.0020434886484150695,0.7561166283747652,0.004170557141144122,0.9569134251672813,0.000784092996552397,10
CICIoT2023,binary,trades,aam_trans,square,0.1,0.8929,0.0067239208138638274,0.888269988655912,0.008230399689826872,0.8743382729067422,0.00789267790879393,0.7517980512648116,0.015721512733798945,0.9612621516740413,0.002754938687087928,10
CICIoT2023,binary,trades,aam_trans,square_clean_subset,0.0,0.9116,0.004846533698313546,0.9107522277070063,0.00521806268639322,0.8962559332559119,0.005250758179733018,0.7956190966115477,0.010235516285247858,0.9676028370829947,0.0026178838202892377,10
CICIoT2023,binary,trades,aam_trans,transfer_mlp,0.05,0.903003003003003,0.0016485799490240619,0.901506609313123,0.002362199971821622,0.8865204693017938,0.00198014131803505,0.7764351333126265,0.0040734252498826245,0.9632364604670217,0.0006598254658006874,10
CICIoT2023,binary,trades,aam_trans,transfer_mlp,0.1,0.8965320158868545,0.0017314978321327963,0.8939595418544313,0.002344169573531971,0.8790139943345855,0.0020480752954484824,0.761492292404908,0.004164414506756817,0.95904126211935,0.0006589187150809382,10
CICIoT2023,binary,trades,aam_trans,transfer_mlp,0.2,0.8075510994865833,0.004451272560059183,0.7606587498293049,0.007257318220505629,0.7637386288515486,0.006374386177772001,0.5278130692500159,0.012540640215465068,0.9110351068551139,0.0022896341490191586,10
CICIoT2023,binary,trades,aam_trans,transfer_tf,0.05,0.9032258064516128,0.0015440395512938878,0.9017128430970913,0.0022747449590800163,0.8867683496944553,0.0018676730909292017,0.7769096794516015,0.003862968171523515,0.9633033632618689,0.000664980878517751,10
CICIoT2023,binary,trades,aam_trans,transfer_tf,0.1,0.8968904388259228,0.0016535688637621432,0.8943548340843916,0.0022681586114839244,0.8794247641899651,0.0019646143646160014,0.7623013056246639,0.004006442059057225,0.9591485081250853,0.0006287114466074796,10
CICIoT2023,binary,trades,aam_trans,transfer_tf,0.2,0.8192143756659886,0.0046267273034151,0.7785707053120305,0.008220772752954159,0.7797539455255861,0.006792407768780275,0.5596179443232718,0.013444335621568722,0.9171950754472211,0.002739384544879602,10
CICIoT2023,binary,trades,lstm,clean,0.0,0.8793228712583551,0.005650962019941075,0.8904832309162911,0.0018751969841436754,0.862902151798836,0.005027907904455025,0.7376704941356582,0.006303009423082556,0.9499733169466065,0.0042296459292351955,10
CICIoT2023,binary,trades,lstm,fgsm,0.05,0.8651651651651651,0.0036844837228149825,0.8736860644544585,0.003313799117388554,0.8468777729649906,0.002848823742147241,0.7055891240899298,0.003782687150303333,0.9380525046656653,0.005299771353661043,10
CICIoT2023,binary,trades,lstm,fgsm,0.1,0.8494090865058606,0.003073479534157961,0.8534403386590196,0.005956332467219033,0.8286592808144475,0.003122905333507825,0.6682126182821416,0.007713720440237647,0.9256096641858983,0.006107701895823386,10
CICIoT2023,binary,trades,lstm,fgsm,0.2,0.8190206335367625,0.004648311264057554,0.8108335279257135,0.008695643058325136,0.7921754332416133,0.005858747378989975,0.591801926162689,0.013483103702549619,0.9004023811962311,0.006560551507303475,10
CICIoT2023,binary,trades,lstm,gaussian,0.05,0.8792308437469728,0.005431848138518709,0.8901625563293732,0.002136356595784399,0.8627501883419925,0.004810217892444357,0.7372380399058805,0.006056474826012697,0.9498378015612909,0.0042538866234137105,10
CICIoT2023,binary,trades,lstm,gaussian,0.1,0.8791097549162066,0.00526032824538364,0.8894278437798716,0.0019741090571463236,0.8624856931615661,0.0046039715774798505,0.7363577649706311,0.005653637206129138,0.9495779769220265,0.004344703302779512,10
CICIoT2023,binary,trades,lstm,gaussian,0.2,0.8777244986922407,0.005337208376746016,0.8848602826710363,0.0027204209221695264,0.8602730181141528,0.004647943106791571,0.7303046947866088,0.006120739769639728,0.9484854340206654,0.004596056538895043,10
CICIoT2023,binary,trades,lstm,pgd,0.05,0.8649956408020923,0.0037111473567362453,0.8734878669944012,0.003337245361987276,0.846687018358988,0.0028839043244092595,0.705209472647175,0.0038705306320046874,0.9379163616914743,0.005329950120437136,10
CICIoT2023,binary,trades,lstm,pgd,0.1,0.8482127288578901,0.003511626197586854,0.8519526594291957,0.006222668188861468,0.8272890320301427,0.0036521304710539363,0.665426093537963,0.008570925635484776,0.924582557239747,0.006313592516296456,10
CICIoT2023,binary,trades,lstm,pgd,0.2,0.8106461300009687,0.006313123607580378,0.7989734603304657,0.010363910508311518,0.7819525247343428,0.007881329508052405,0.5704633993981292,0.01722721500984352,0.8925291968227957,0.008011426786114982,10
CICIoT2023,binary,trades,lstm,pgd_constrained,0.1,0.8524459943814783,0.0027070219923493494,0.8574994332923666,0.005437829925058181,0.8322147385013657,0.0024953227508956524,0.6755939724087524,0.0064353894796685355,0.9279275627019891,0.006084557705791414,10
CICIoT2023,binary,trades,lstm,square,0.1,0.85205,0.006938019249837175,0.8557092895102392,0.010527644976571892,0.831253804689052,0.007100154510900552,0.673053293043498,0.015148998994786014,0.9384653124730201,0.006316027288378322,10
CICIoT2023,binary,trades,lstm,square_clean_subset,0.0,0.88255,0.010180182272980712,0.8928446128018311,0.009322945657121618,0.8661011068148273,0.01085227205335387,0.7433065248581296,0.019200983426443587,0.9515448507617632,0.005049421225751586,10
CICIoT2023,binary,trades,lstm,transfer_mlp,0.05,0.8733653007846556,0.003897129470921435,0.8836030417861533,0.0026653799379375703,0.856189603023666,0.003014862270136706,0.7243521552211206,0.0028178598603285135,0.945105907756384,0.004402561544520353,10
CICIoT2023,binary,trades,lstm,transfer_mlp,0.1,0.8667247893054345,0.0025893965559547075,0.8754642223132596,0.0051248467731601745,0.8486057522761481,0.0021599657961041798,0.7090244502112111,0.005265831300103888,0.9400125221903591,0.004625187185627378,10
CICIoT2023,binary,trades,lstm,transfer_mlp,0.2,0.8532984597500727,0.004351225663432656,0.8568458247985798,0.009923762099803819,0.8327068464589248,0.0057937172308395145,0.6756836908229685,0.014234984621091242,0.9292321737448223,0.005369146096315114,10
CICIoT2023,binary,trades,lstm,transfer_tf,0.05,0.874009493364332,0.004031046994338788,0.884347337156903,0.0026010295213089174,0.856914567084478,0.003191659752050543,0.7257877452656293,0.003214221973062991,0.9452121153671081,0.004160549674405604,10
CICIoT2023,binary,trades,lstm,transfer_tf,0.1,0.8678194323355614,0.002418653200187769,0.8767916598388638,0.00469440867715142,0.8498514367117546,0.0017499893451992802,0.7115301700932702,0.004203087304732266,0.940224777527425,0.004060387642333002,10
CICIoT2023,binary,trades,lstm,transfer_tf,0.2,0.8584374697277923,0.0025148206422139167,0.8647036050798853,0.007068657716053648,0.8389981551909859,0.0031958010402113597,0.6892371745571149,0.008858666649689683,0.9313354186581091,0.003935147222474084,10
CICIoT2023,binary,trades,mlp,clean,0.0,0.9010365203913592,0.000675709913386433,0.9032591629113751,0.0011484820442100737,0.8850467301040643,0.0007741619699686899,0.7750413926628356,0.001626755705992022,0.9627872724065728,0.0007036050342774611,10
CICIoT2023,binary,trades,mlp,fgsm,0.05,0.8882301656495205,0.0012091002545323865,0.8885705414447631,0.0015909646278066275,0.8703570682687232,0.0013889873982327412,0.74590943702381,0.0028074660516801417,0.9540765971368748,0.0007642552216209676,10
CICIoT2023,binary,trades,mlp,fgsm,0.1,0.8753463140559914,0.0013025066235884328,0.87252856752697,0.001992735500575282,0.8553092790036736,0.0015563159176204405,0.7155441384934746,0.0032576368237291153,0.9448961212390186,0.0008404445677326483,10
CICIoT2023,binary,trades,mlp,fgsm,0.2,0.8485372469243437,0.0019090195983601968,0.837555919705039,0.002846069631743192,0.8234457895912998,0.0023591362078986076,0.6507012963464511,0.004908431646690272,0.9253347683098913,0.0009745971836816218,10
CICIoT2023,binary,trades,mlp,gaussian,0.05,0.9008524653685944,0.0008860746381228013,0.9030015294278302,0.0014265898524026485,0.8848259985273643,0.0010488765748811254,0.7745838348103506,0.002205061674085362,0.9626834670444717,0.0007043495324670052,10
CICIoT2023,binary,trades,mlp,gaussian,0.1,0.9004310762375278,0.0009968388709008548,0.9018534582821248,0.001706922400439765,0.8842099817162492,0.001232047240719877,0.7730893886705982,0.0026494568301832703,0.9624132470754244,0.0006592902589512334,10
CICIoT2023,binary,trades,mlp,gaussian,0.2,0.8986825535212632,0.001489177115032239,0.8972610678683599,0.002154183134806598,0.8816719921493427,0.0017894774658748498,0.7670633440420993,0.0036950965983141228,0.9613967806909736,0.0007776458999622047,10
CICIoT2023,binary,trades,mlp,pgd,0.05,0.8878087765184539,0.0011802665810384315,0.8880570770176158,0.001531490910307098,0.8698678192223323,0.0013518070376840378,0.744926147369848,0.0027234155320212364,0.9536455698939414,0.0007658027897458517,10
CICIoT2023,binary,trades,mlp,pgd,0.1,0.8733556136781943,0.0011999788406936217,0.8699497098183805,0.0019532786489016626,0.8529572026941228,0.0014635736543882807,0.7107582356810249,0.003108990634304508,0.9430475766989849,0.0008440623977423274,10
CICIoT2023,binary,trades,mlp,pgd,0.2,0.8395040201491815,0.0018774557571405134,0.8259596374436706,0.00295231464599594,0.8127070214941968,0.0023757033001689017,0.6289506513506786,0.004986482404480382,0.916840576494151,0.000990224434652612,10
CICIoT2023,binary,trades,mlp,pgd_constrained,0.1,0.8756466143562918,0.0014719939977704453,0.8727648265738086,0.00217390015910546,0.855626379738425,0.001753550024872676,0.7161292411015688,0.0036439585570030263,0.9451133517684009,0.0008514507433567631,10
CICIoT2023,binary,trades,mlp,square,0.1,0.87355,0.004855981420429371,0.8686554852263786,0.006930375852477303,0.8526249647395552,0.006199729419444805,0.7095958551783983,0.012491725887090488,0.9525229065265455,0.00328168575416452,10
CICIoT2023,binary,trades,mlp,square_clean_subset,0.0,0.9009,0.005152130088074675,0.9022590976245743,0.0053081272803397524,0.8845778307989913,0.006400203871748882,0.7738320449380371,0.012173027608788328,0.962410207834495,0.002963587995646004,10
CICIoT2023,binary,trades,mlp,transfer_mlp,0.05,0.891393005909135,0.001143245018950994,0.8923691178478765,0.0016118366514680875,0.8740175730810726,0.0013275040307997182,0.7532413657119571,0.002722054089189174,0.9567682575447221,0.0007564223487016809,10
CICIoT2023,binary,trades,mlp,transfer_mlp,0.1,0.8815509057444542,0.0014432108997728698,0.8804880411033729,0.001924737158887591,0.8626134869326911,0.001666946704660149,0.7303775362313286,0.003385010999588329,0.950319667486003,0.0008029442866958177,10
CICIoT2023,binary,trades,mlp,transfer_mlp,0.2,0.8587765184539379,0.0015879912622464285,0.8507893725249215,0.002453518181825865,0.8356132442233595,0.0019478582181083441,0.6753982495606486,0.004085228497916047,0.9371055868496517,0.0010370228078113476,10
CICIoT2023,binary,trades,mlp,transfer_tf,0.05,0.8923956214278794,0.0012418569909103316,0.8933168476034412,0.0016430444460501204,0.8751239250938608,0.0014235248188711963,0.7553504805865827,0.002873886699086561,0.9572351341663253,0.0007002262752865217,10
CICIoT2023,binary,trades,mlp,transfer_tf,0.1,0.8834447350576383,0.001779517912087929,0.8824722415676636,0.0022437323756596622,0.8647386087383444,0.0020536082744306693,0.7345129407182502,0.004132146099505716,0.951194268628522,0.0007647776070834826,10
CICIoT2023,binary,trades,mlp,transfer_tf,0.2,0.8695873292647486,0.002767685599715847,0.8670821589512496,0.004321803157939651,0.8490132996971784,0.0034140062968391867,0.7035468864878693,0.007251380904024298,0.9409251018480587,0.0014094322235260349,10
CICIoT2023,binary,trades,transformer,clean,0.0,0.8961929671607092,0.0016041190519938983,0.9024673187218353,0.0019109439185424377,0.8804436676589947,0.0017111837463258744,0.7680948385254092,0.003283232912259919,0.9604821851244937,0.0008729115713893091,10
CICIoT2023,binary,trades,transformer,fgsm,0.05,0.884360166618231,0.002129848162160838,0.8885632800764715,0.0028593614032373644,0.8669112851466843,0.0023403621775728643,0.7411318338263058,0.004697436262744177,0.9525016409486093,0.0009693768354058343,10
CICIoT2023,binary,trades,transformer,fgsm,0.1,0.8715780296425457,0.0025772882071915196,0.8727405810460194,0.0027689263760708083,0.8521242376651987,0.0026991356904238675,0.7112646687309525,0.005109933347831401,0.9437750102417042,0.0011770316703886214,10
CICIoT2023,binary,trades,transformer,fgsm,0.2,0.8450402014918144,0.004757710130653996,0.838441216031681,0.004497991797507056,0.8209455307175665,0.00501944645592472,0.6476852217988209,0.009493412607435005,0.9247550736264737,0.001851525308776234,10
CICIoT2023,binary,trades,transformer,gaussian,0.05,0.8959750072653299,0.0017153519728064788,0.9018660248532022,0.00215370489724867,0.8801257126032015,0.0018405988701849106,0.7672981850879581,0.0035831844249288895,0.9604386840548045,0.0008728600052358368,10
CICIoT2023,binary,trades,transformer,gaussian,0.1,0.895931415286254,0.0015691916482663056,0.901013754608767,0.002435453130729186,0.8799152904135926,0.0017694674311316719,0.7664957757230361,0.003680231675744044,0.9602370516409486,0.0008550272034014341,10
CICIoT2023,binary,trades,transformer,gaussian,0.2,0.8944880364235204,0.0018962440447430162,0.8965774068004915,0.002679522080879986,0.8777009522618462,0.002142447070115949,0.7608475498894178,0.004362295385247188,0.9592960506850563,0.0009621944442585237,10
CICIoT2023,binary,trades,transformer,pgd,0.05,0.8842342342342342,0.002102775330037729,0.8884105660248531,0.002799786708697278,0.8667664678276102,0.002300244592196983,0.7408407317040491,0.004600700357930624,0.9523989712777094,0.0009743790658241272,10
CICIoT2023,binary,trades,transformer,pgd,0.1,0.8708321224450257,0.002745230944237421,0.8718803188583915,0.0028012967857244508,0.8512769258191464,0.0028617151134060197,0.7095826031778818,0.005362288537113168,0.9431698529746461,0.001227296506571483,10
CICIoT2023,binary,trades,transformer,pgd,0.2,0.8398527559817882,0.005337498964045366,0.832025126314352,0.005318231290101414,0.8149127871062326,0.005718932174636414,0.6355159755053736,0.0109675137856672,0.9208510213255041,0.0022556025435428065,10
CICIoT2023,binary,trades,transformer,pgd_constrained,0.1,0.8725903322677515,0.0023344441525469796,0.8740247405434932,0.0024192258017302773,0.8533035735975545,0.0023808005466756385,0.7136626732700474,0.004411558854045096,0.9444788065000683,0.0010569966990321528,10
CICIoT2023,binary,trades,transformer,square,0.1,0.87185,0.004453774928205396,0.871663915121349,0.006489361229667438,0.8519264925391388,0.0053901554794930084,0.7102841464937788,0.011224761169174806,0.9515040403093764,0.00323232315583802,10
CICIoT2023,binary,trades,transformer,square_clean_subset,0.0,0.8963000000000001,0.005159672685570495,0.9017821366676213,0.006937255834591418,0.8802516198005007,0.006359013042632912,0.7673953113997336,0.012829512513120795,0.9602782694559192,0.0031318380344920477,10
CICIoT2023,binary,trades,transformer,transfer_mlp,0.05,0.8882156349898285,0.0019349239073186608,0.8933075515499113,0.003089710407521056,0.8713614508447283,0.0022502929573012115,0.7501049289102764,0.004786715303319489,0.9552640607219264,0.0008814286059412739,10
CICIoT2023,binary,trades,transformer,transfer_mlp,0.1,0.8797684781555748,0.0015425278607064795,0.8830541239928991,0.0033307057388661555,0.861635566454869,0.0019301130324787903,0.7305672047182221,0.004518900662850811,0.9498093262096591,0.0008865679292525043,10
CICIoT2023,binary,trades,transformer,transfer_mlp,0.2,0.8624769931221543,0.0018201924391123257,0.8613916700805682,0.002661874333323891,0.8415595395585737,0.0019465821973315449,0.6898938614615193,0.004012449208127006,0.9392180413309663,0.0008476021763912777,10
CICIoT2023,binary,trades,transformer,transfer_tf,0.05,0.8883415673738254,0.0019838277961974436,0.893219213437116,0.003083580608341318,0.8714557158797552,0.002285341139176882,0.7501782231959626,0.004818516779096347,0.9551341270654105,0.0009581553171530015,10
CICIoT2023,binary,trades,transformer,transfer_tf,0.1,0.8799912816041848,0.0022260505538445434,0.8830291444763075,0.003404150169043679,0.8618275953972123,0.002582302753461027,0.7308009587471453,0.005443221122127147,0.9494203684737584,0.0011746255469309316,10
CICIoT2023,binary,trades,transformer,transfer_tf,0.2,0.8667683812845104,0.0035566363780055754,0.8683617711320497,0.004760586028451817,0.8469462565378125,0.004092416075014421,0.7015508991788241,0.008380026797955999,0.9395412467567936,0.0018824204196638769,10
CICIoT2023,binary,trades,vanilla_gate,clean,0.0,0.8961009396493267,0.0016516208761000037,0.902077772087942,0.0019578953346726853,0.8802828335573369,0.0017390795194099848,0.7676411650050876,0.0033041785011282045,0.9604920860075561,0.0009814535008031797,10
CICIoT2023,binary,trades,vanilla_gate,fgsm,0.05,0.8836530078465563,0.003220017922937572,0.887390888297146,0.0031088943821852106,0.8660330635429337,0.003412937745541208,0.739214873952785,0.006362024048658977,0.9523847745687105,0.001386601589693128,10
CICIoT2023,binary,trades,vanilla_gate,fgsm,0.1,0.8708902450837934,0.004231281085858554,0.871990157722245,0.00358682036395187,0.8513605895351096,0.004414619912520459,0.709767952805638,0.008071376470861306,0.9435218199508398,0.0018975300899334148,10
CICIoT2023,binary,trades,vanilla_gate,fgsm,0.2,0.8438147825244598,0.006168522762944004,0.8372626553325141,0.006307626385534804,0.8196246311365506,0.006710351086587639,0.6451566330894043,0.01295763462904771,0.9241996534890072,0.0029712098788570724,10
CICIoT2023,binary,trades,vanilla_gate,gaussian,0.05,0.8958345442216411,0.001624689454017906,0.9014275809094634,0.0020007908852773745,0.8799107860813328,0.0017113357589141637,0.7667380983162791,0.00327772317892704,0.9604508756657107,0.0009528433106972769,10
CICIoT2023,binary,trades,vanilla_gate,gaussian,0.1,0.8954422164099582,0.0019248748827014601,0.9002262016932951,0.0023453347389970967,0.8793134062609141,0.002057557559720826,0.7652002483739793,0.003970955952157248,0.9602184487232008,0.0009608013678686582,10
CICIoT2023,binary,trades,vanilla_gate,gaussian,0.2,0.8942216409958345,0.002185564505600393,0.8964093199508397,0.002142396389038192,0.8774274310490695,0.0023281557054862364,0.7603585150147666,0.004338540575324957,0.9592768082297785,0.001130121460870116,10
CICIoT2023,binary,trades,vanilla_gate,pgd,0.05,0.8834980141431753,0.0032341212492242592,0.8872275297009422,0.003122969610138258,0.8658600265928532,0.003425783523792748,0.7388797470667379,0.006384650909340809,0.9522798989485184,0.0013861289110678782,10
CICIoT2023,binary,trades,vanilla_gate,pgd,0.1,0.870178242758888,0.0043200977245786325,0.8711291956848285,0.003593094810090592,0.8505421687587793,0.004498083416789802,0.7081241654313117,0.008198519797464688,0.9429184009285813,0.001913148270090344,10
CICIoT2023,binary,trades,vanilla_gate,pgd,0.2,0.8390245083793471,0.006938304298628072,0.8312691690563977,0.007171279428976002,0.8140371511206833,0.007580926771391723,0.6338557561000787,0.01469194742199083,0.9202646353953297,0.003169939327975186,10
CICIoT2023,binary,trades,vanilla_gate,pgd_constrained,0.1,0.8719994187736123,0.0038861311288956317,0.8732638843370204,0.0031744333116180976,0.8526194116362854,0.004013532432683864,0.7122654754253857,0.007257033350159329,0.9442255297237017,0.0017328074828114326,10
CICIoT2023,binary,trades,vanilla_gate,square,0.1,0.8711,0.00785917722580845,0.8709070005855493,0.010251209843596664,0.8510867679932336,0.009479505244883087,0.7086784798050617,0.019040531680465374,0.9514766682534578,0.0036580023419141424,10
CICIoT2023,binary,trades,vanilla_gate,square_clean_subset,0.0,0.89595,0.006685182620292933,0.9005489439839147,0.007868246653763017,0.8797009969090844,0.007781105238738208,0.7658881582804068,0.015226754565523009,0.9603977628437127,0.0030937568902338736,10
CICIoT2023,binary,trades,vanilla_gate,transfer_mlp,0.05,0.8877458103264555,0.0023469113293169246,0.8922975215075789,0.002765414485048732,0.8707304584134826,0.0025426099163890436,0.7486222986820431,0.004941599035465317,0.9551778238654467,0.0010778605539064233,10
CICIoT2023,binary,trades,vanilla_gate,transfer_mlp,0.1,0.8787997675094449,0.00254705717461829,0.8819728697255224,0.0025746457056869923,0.860549449445271,0.0026138325250271866,0.7284276970642922,0.004820948932809293,0.9495760668441896,0.001206109669037728,10
CICIoT2023,binary,trades,vanilla_gate,transfer_mlp,0.2,0.8605492589363557,0.0038895102982017394,0.8594967192407484,0.0030734059401828083,0.8394662009872687,0.003967478380576763,0.6858854352267854,0.007136323043978797,0.93850983829487,0.0015356037367376559,10
CICIoT2023,binary,trades,vanilla_gate,transfer_tf,0.05,0.8879104911362976,0.0020342667294458144,0.8923693192680595,0.0023256961838330433,0.870892970501996,0.0021197071672334152,0.7488922111416977,0.003997282576369225,0.9550486156629796,0.0010838071566752873,10
CICIoT2023,binary,trades,vanilla_gate,transfer_tf,0.1,0.8793325583648164,0.002752745650759417,0.8823533183121672,0.002394086063528215,0.8611035989470066,0.0027677152444771642,0.7294154305296845,0.004901287062204654,0.9492160350949066,0.0013617920826430247,10
CICIoT2023,binary,trades,vanilla_gate,transfer_tf,0.2,0.8655962414026931,0.0050417669347628535,0.8676241567663526,0.0055815201875780585,0.8457775841355192,0.005543240005517573,0.6995477047037544,0.010793094642367286,0.9392492643042469,0.002286500822695008,10
TON_IoT,binary,pgdat,aam_trans,clean,0.0,0.9876135179395563,0.0011926609209111034,0.9873744706977552,0.001214660305134282,0.9873487350473995,0.001217666272722145,0.9747033292928894,0.0024343509508359972,0.998326716677956,0.00042130009805957066,10
TON_IoT,binary,pgdat,aam_trans,fgsm,0.05,0.9870180139943427,0.0014413574012650864,0.9867265531330709,0.0014543817112788033,0.986739482924645,0.0014714458351427501,0.9734838298291475,0.0029425186836494377,0.9980149083025743,0.0005344158403789132,10
TON_IoT,binary,pgdat,aam_trans,fgsm,0.1,0.9858716688998065,0.0022396917541809024,0.9854829464159582,0.0023816448568645516,0.9855659898317228,0.0022909662309553687,0.9711401880326042,0.004575753264920188,0.9977160947727215,0.0006815370362464508,10
TON_IoT,binary,pgdat,aam_trans,fgsm,0.2,0.9757927646270657,0.007645264685469692,0.9750228111608971,0.007258659880903873,0.9752686408536245,0.007782411946732063,0.950666634585352,0.015587307058849888,0.9965974287411571,0.0012847998436092897,10
TON_IoT,binary,pgdat,aam_trans,gaussian,0.05,0.9874497543546227,0.001269186580570381,0.9872005887978093,0.0012717166446942498,0.9871813497736628,0.0012953048482849123,0.9743684804995706,0.002589918325944781,0.9983123544305631,0.00042234543212588615,10
TON_IoT,binary,pgdat,aam_trans,gaussian,0.1,0.9864225100491291,0.001465082253435107,0.9860830411379681,0.0014244033518841198,0.9861303594192166,0.001494455224066223,0.9722649440310607,0.0029898751960720366,0.9982235865049208,0.00043278569695160053,10
TON_IoT,binary,pgdat,aam_trans,gaussian,0.2,0.9799464046449307,0.0028877080721246523,0.9796157193258257,0.0028472838024653385,0.9795211586008788,0.00294351395768106,0.9590578578396883,0.005877328922300882,0.9975190530696812,0.00027259717122694025,10
TON_IoT,binary,pgdat,aam_trans,pgd,0.05,0.9870180139943427,0.0014413574012650864,0.9867265531330709,0.0014543817112788033,0.986739482924645,0.0014714458351427501,0.9734838298291475,0.0029425186836494377,0.9980124904462983,0.0005352433374145002,10
TON_IoT,binary,pgdat,aam_trans,pgd,0.1,0.9857227929135031,0.0023164452844823477,0.9853352851259277,0.002455210637300229,0.9854140326254122,0.002369329943089967,0.97083551496101,0.004733719361092302,0.9976967790894371,0.0006909201724099639,10
TON_IoT,binary,pgdat,aam_trans,pgd,0.2,0.9676492481762692,0.0037129895166246735,0.9664998949545588,0.004214803495162205,0.9669204710562838,0.0038199183708145313,0.9340848236459344,0.007529520684358204,0.9948427080352518,0.0007115851199154914,10
TON_IoT,binary,pgdat,aam_trans,pgd_constrained,0.1,0.9862587464641953,0.00215519094904489,0.9859003480988585,0.0022722881576774695,0.9859621658594454,0.0022035650235604897,0.9719321333103682,0.004403272778014565,0.9979521572349143,0.0006049854065700701,10
TON_IoT,binary,pgdat,aam_trans,square,0.1,0.98655,0.0042781745847706686,0.9861591460304991,0.004407815674575028,0.9862683227924229,0.004362658807787373,0.9725637146265994,0.008698099204419286,0.9979955528842446,0.0010016415681332485,10
TON_IoT,binary,pgdat,aam_trans,square_clean_subset,0.0,0.9885999999999999,0.002942032555148831,0.988342377290981,0.0029737591534584463,0.9883618734918104,0.0030077478179088186,0.976738437314089,0.0060140538431005305,0.9984125380618913,0.0008161206421139558,10
TON_IoT,binary,pgdat,aam_trans,transfer_mlp,0.05,0.9871966651779068,0.0014227850912442315,0.9869090333646054,0.0014375735550224134,0.9869219632308848,0.0014525358553960142,0.9738490471478117,0.00290477590281641,0.9981849189157861,0.0005260243402918279,10
TON_IoT,binary,pgdat,aam_trans,transfer_mlp,0.1,0.9864225100491291,0.002159471712308339,0.9860786355683864,0.0022772676075474693,0.9861297648090768,0.002207943762130463,0.9722670633483694,0.004412448265967864,0.9980059613287885,0.0006369951021426707,10
TON_IoT,binary,pgdat,aam_trans,transfer_mlp,0.2,0.9669644186392734,0.006791040846947734,0.9652981524680244,0.00875685808221653,0.9661584474635472,0.007115173088934708,0.932864973677048,0.013577627744676149,0.9961171220446914,0.0008382014142061963,10
TON_IoT,binary,pgdat,aam_trans,transfer_tf,0.05,0.9872562155724282,0.0013827579381166634,0.9869830768171954,0.001404970339596744,0.9869831150072693,0.001411840018525068,0.9739716418117685,0.0028233415452193367,0.9981927429900279,0.000502501933670503,10
TON_IoT,binary,pgdat,aam_trans,transfer_tf,0.1,0.9864076224504987,0.002125273868838753,0.986065631667216,0.002252125589306897,0.9861145848799582,0.002173337387402682,0.9722377177425731,0.0043421614203722194,0.9980258339340242,0.0005973836858773776,10
TON_IoT,binary,pgdat,aam_trans,transfer_tf,0.2,0.9703141283311002,0.005841978349961871,0.9690302494648115,0.007216880322176319,0.9696198858195746,0.006068328490167331,0.939618219260508,0.011731661954700387,0.9965342520583473,0.0009070766559923536,10
TON_IoT,binary,pgdat,transformer,clean,0.0,0.9804228078011017,0.004668079294488619,0.9788599626545345,0.005535463330148136,0.9799487389868446,0.004805824354093842,0.9600760758140998,0.009489276917584364,0.997782259817221,0.00035951955132925497,10
TON_IoT,binary,pgdat,transformer,fgsm,0.05,0.9794997766860206,0.004528185485496078,0.9778863091378668,0.0053946557963966005,0.9790024866861534,0.004664792303300413,0.9581907065699576,0.009203975318964035,0.9970580575286793,0.0005786826581866215,10
TON_IoT,binary,pgdat,transformer,fgsm,0.1,0.977207086496948,0.004393705654805475,0.9755268572215119,0.00515975020052595,0.9766552641461189,0.004522624892728762,0.953494299465017,0.00895970316206378,0.9962135782099534,0.0008170812994117434,10
TON_IoT,binary,pgdat,transformer,fgsm,0.2,0.9718028881941343,0.00397820605398221,0.969987005154471,0.0034294685698206527,0.9711306943825466,0.004022944358764215,0.9424503325031944,0.008089248942612768,0.9939637493615774,0.0011609071617316165,10
TON_IoT,binary,pgdat,transformer,gaussian,0.05,0.9805121333928838,0.004706014695865307,0.9789688250486288,0.005573558944829135,0.9800408942490642,0.004844517437045888,0.9602563469001343,0.009568612431063724,0.9977787235892215,0.00036812856172088797,10
TON_IoT,binary,pgdat,transformer,gaussian,0.1,0.98034836980795,0.004390088939426607,0.9788037542878463,0.005225432330870555,0.979874039922685,0.004520467845391052,0.9599194412377556,0.008926526430013343,0.9977361394351453,0.00042840693574952847,10
TON_IoT,binary,pgdat,transformer,gaussian,0.2,0.9798421914545183,0.003521790394537389,0.9783131603826553,0.004282278922208773,0.979358638053111,0.003631686078025115,0.9588781766160587,0.007156295173735315,0.9975688092918127,0.00046740178422222323,10
TON_IoT,binary,pgdat,transformer,pgd,0.05,0.9794997766860206,0.004528185485496078,0.9778863091378668,0.0053946557963966005,0.9790024866861534,0.004664792303300413,0.9581907065699576,0.009203975318964035,0.9970347211405761,0.0005769978329971307,10
TON_IoT,binary,pgdat,transformer,pgd,0.1,0.9770879857079052,0.004441092639708463,0.9754096093034038,0.005199421224982404,0.9765335508059281,0.0045709857046191,0.9532492546390458,0.009056933632352757,0.9960783820104249,0.0008392968181958562,10
TON_IoT,binary,pgdat,transformer,pgd,0.2,0.9691528956379336,0.005853601507201862,0.9674828712541339,0.005072478884251611,0.9684352226703016,0.005918141480630907,0.9370445403447081,0.011899568969805232,0.9929886378866307,0.0012840093144646314,10
TON_IoT,binary,pgdat,transformer,pgd_constrained,0.1,0.9795742146791723,0.0048240312181205116,0.9779777620612089,0.00564329461294242,0.9790795240452891,0.004964132056700421,0.9583415105878812,0.009813751252771903,0.9970720937729787,0.0006113252983476793,10
TON_IoT,binary,pgdat,transformer,square,0.1,0.9791000000000001,0.005947922139518799,0.9775302964610418,0.0066677889790647685,0.9786089561416234,0.0061169887615120586,0.9574127949908787,0.012157950011621623,0.9969788401824446,0.0008096253532468805,10
TON_IoT,binary,pgdat,transformer,square_clean_subset,0.0,0.9821,0.0057387571244419434,0.9806961053706587,0.006461714799391029,0.9816835661027892,0.005895106592495679,0.9635268088762305,0.011701509774533174,0.9977527021097652,0.0005581151155055704,10
TON_IoT,binary,pgdat,transformer,transfer_mlp,0.05,0.9800357302367129,0.004550645353858891,0.9784337498324707,0.005413883119884928,0.9795512721981087,0.004686522979765793,0.9592877916921108,0.009247653179102571,0.9974674585523289,0.0004281886023302741,10
TON_IoT,binary,pgdat,transformer,transfer_mlp,0.1,0.9780556796188774,0.004346226977223966,0.9763914355365106,0.005117707681446546,0.9775240868398839,0.004473152534185882,0.9552336219155612,0.008858045830208933,0.9971265362895776,0.0005464015555117219,10
TON_IoT,binary,pgdat,transformer,transfer_mlp,0.2,0.9729194580914099,0.0047528786544215945,0.9711120871080265,0.004090508476113085,0.9722750491572443,0.004807440724088788,0.9447551547873386,0.009674886202424914,0.995744115644164,0.0007723924995869541,10
TON_IoT,binary,pgdat,transformer,transfer_tf,0.05,0.9799464046449307,0.004597271815372433,0.9783381041471216,0.005473883622508612,0.9794594147387311,0.004735291938472779,0.9591067245176672,0.009340366087484219,0.997417820053537,0.00043877728300788075,10
TON_IoT,binary,pgdat,transformer,transfer_tf,0.1,0.9782045556051809,0.00433374333738352,0.9765435023961228,0.005148535479918094,0.9776761268593577,0.004463020923770031,0.9555378568555234,0.008828871839236484,0.9969681531200308,0.0005702055203192386,10
TON_IoT,binary,pgdat,transformer,transfer_tf,0.2,0.973142772070865,0.004755857046431576,0.9712763066385097,0.004124434415799565,0.9724997275620092,0.004811409147664396,0.9452204285074138,0.009662075283950529,0.9953731150682252,0.0009566448615235864,10
TON_IoT,binary,trades,aam_noAux,clean,0.0,0.9859461068929581,0.0013575951768756104,0.9859180337666759,0.001306934096571203,0.9856528818747196,0.0013833547672861231,0.971318135448953,0.0027614483457860848,0.9979118460468502,0.0005561250552494789,10
TON_IoT,binary,trades,aam_noAux,fgsm,0.05,0.9856334673217211,0.001442126056942145,0.9856097072854446,0.0014085654840331337,0.9853340050637687,0.0014701819822013863,0.970680148586451,0.0029367587778702854,0.997410349149313,0.0007979654317336349,10
TON_IoT,binary,trades,aam_noAux,fgsm,0.1,0.9850379633765074,0.001904281063406279,0.9849661952903419,0.0019883065576780344,0.9847247014334636,0.0019456776809227622,0.9694609022590306,0.0038910661219576387,0.9969545741856262,0.0010037752960889007,10
TON_IoT,binary,trades,aam_noAux,fgsm,0.2,0.9750483846955487,0.010012320540217076,0.9736501026909744,0.011747896741275526,0.9744335367152445,0.010374788852727567,0.9493361505355521,0.02003436381926547,0.9958773331860282,0.001106126833153597,10
TON_IoT,binary,trades,aam_noAux,gaussian,0.05,0.985901444097067,0.001424601358171101,0.9858834276327467,0.0013798636145873526,0.9856075968090472,0.001451908998783985,0.9712277792346372,0.0028987722331750665,0.9979033518551388,0.0005631586213054912,10
TON_IoT,binary,trades,aam_noAux,gaussian,0.1,0.984889087390204,0.0015992142369433166,0.984827345139475,0.0016023947840672398,0.9845733528822592,0.0016312232191698136,0.9691588568032307,0.0032586115014190914,0.9978194060585863,0.0005425372010466814,10
TON_IoT,binary,trades,aam_noAux,gaussian,0.2,0.977207086496948,0.0036544261924732874,0.9769983174618124,0.004201193157886795,0.9767280933676126,0.003756805182715458,0.9534905870412835,0.007509725414449035,0.9969954468234621,0.0005949758879205457,10
TON_IoT,binary,trades,aam_noAux,pgd,0.05,0.9856036921244604,0.001453691824419389,0.9855748883439406,0.0014231744317600727,0.9853034754653425,0.0014820730581582573,0.9706188709722132,0.002960779686194066,0.9974052417675164,0.0008018956266194135,10
TON_IoT,binary,trades,aam_noAux,pgd,0.1,0.9850528509751377,0.0018768611627925905,0.984983604761094,0.0019532443840325794,0.9847399937132624,0.0019174138840269527,0.9694914368907691,0.00383453795715414,0.9969227254945286,0.0010308909579892233,10
TON_IoT,binary,trades,aam_noAux,pgd,0.2,0.9609051659967248,0.014715261433709681,0.9590363393837092,0.01809890668838441,0.9598652268235949,0.01552336987771192,0.9208335648338982,0.0292132497056513,0.9935606646478623,0.002130047976211359,10
TON_IoT,binary,trades,aam_noAux,pgd_constrained,0.1,0.9855590293285692,0.0015279444512273316,0.9855182543621025,0.0015083861224496732,0.9852575443524707,0.0015581462540916354,0.9705267677804986,0.003113334453047188,0.9974767224735667,0.0008081719963840704,10
TON_IoT,binary,trades,aam_noAux,square,0.1,0.9863,0.003529242915351048,0.9862085525760209,0.0035236073528032066,0.9860196579605555,0.003608041559812348,0.9720573803284538,0.007215336101871995,0.9977141639179443,0.0011411777006686739,10
TON_IoT,binary,trades,aam_noAux,square_clean_subset,0.0,0.9869,0.002884826203122521,0.9868630499821544,0.0027941544478316616,0.986633118342977,0.0029500781424460494,0.9732859405494182,0.0058936755381482795,0.9981153648165684,0.0008653426479876885,10
TON_IoT,binary,trades,aam_noAux,transfer_mlp,0.05,0.9857525681107637,0.0013842709488964644,0.9857313607731346,0.0013401518477710406,0.9854556061334337,0.0014108102488080883,0.9709235878825389,0.0028172166487702003,0.9977267079845402,0.0005467153843887872,10
TON_IoT,binary,trades,aam_noAux,transfer_mlp,0.1,0.9853208277504837,0.0018530924389268742,0.9852352972604873,0.0019288867563092308,0.9850129283392046,0.0018932036786464819,0.9700369715916283,0.003785091380016314,0.9975413163642687,0.0005537650658046595,10
TON_IoT,binary,trades,aam_noAux,transfer_mlp,0.2,0.9620366234926306,0.01282677959742512,0.9603506480217046,0.016046667072176654,0.961054579458815,0.013510384636857413,0.9233002904510915,0.02556701910583498,0.9949250192885163,0.0014854876907474184,10
TON_IoT,binary,trades,aam_noAux,transfer_tf,0.05,0.9857525681107637,0.0013842709488964644,0.9857313607731346,0.0013401518477710406,0.9854556061334337,0.0014108102488080883,0.9709235878825389,0.0028172166487702003,0.997792393080041,0.0005386919431072183,10
TON_IoT,binary,trades,aam_noAux,transfer_tf,0.1,0.9854994789340479,0.0015522498229981747,0.9854442109095125,0.00154470982782326,0.9851963346977979,0.0015833377275377783,0.970403802720789,0.003164204473963037,0.9976391037088284,0.0005590381654877886,10
TON_IoT,binary,trades,aam_noAux,transfer_tf,0.2,0.9659073991365194,0.009464787495514571,0.9647096987731416,0.01173425050315916,0.9650941643494964,0.009866655145963054,0.930983178386002,0.019066678940418604,0.9956224893233987,0.001330561050005236,10
TON_IoT,binary,trades,aam_noGate,clean,0.0,0.986065207682001,0.0014127103050891863,0.9859868204193848,0.001360097750664958,0.9857729942297253,0.0014397109635773968,0.9715537938330572,0.00287622302385235,0.9982331900127142,0.0004179023558074856,10
TON_IoT,binary,trades,aam_noGate,fgsm,0.05,0.9858567813011762,0.001389509205498573,0.9857739268159278,0.001331731503110359,0.9855602027843775,0.0014158384215128262,0.9711287457769376,0.002828494775014304,0.9978425115278317,0.0005150762033493189,10
TON_IoT,binary,trades,aam_noGate,fgsm,0.1,0.9855888045258299,0.001535661391481616,0.9854737730511355,0.0015073790058302452,0.9852857859605002,0.0015657848409052942,0.9705791571398394,0.0031298250735049197,0.9974983745123538,0.0005640851739900836,10
TON_IoT,binary,trades,aam_noGate,fgsm,0.2,0.9821497692422213,0.0046279177860164295,0.9817914141651964,0.0045221203169703884,0.9817696772519297,0.004713710287408245,0.9635926585901091,0.009367334430459782,0.9965271705467071,0.0007524440397309833,10
TON_IoT,binary,trades,aam_noGate,gaussian,0.05,0.9860056572874795,0.0013698748192984762,0.9859303992451217,0.00131580958247213,0.9857123136218782,0.0013959530264079174,0.971432732229295,0.00278857727797886,0.9982092740635562,0.00043096235218644717,10
TON_IoT,binary,trades,aam_noGate,gaussian,0.1,0.9855292541313085,0.0014379361825757,0.9854041351681271,0.0014216351164635882,0.9852246764380024,0.0014663394330785861,0.9704560925134968,0.002931006763641328,0.9981526400817181,0.0004553082761675771,10
TON_IoT,binary,trades,aam_noGate,gaussian,0.2,0.9789340479380677,0.002342662448895277,0.978691803920006,0.0027416111728214266,0.9784898541906697,0.002408457312339516,0.9570016309792017,0.004804807211180758,0.9974025658254579,0.00035271263782944945,10
TON_IoT,binary,trades,aam_noGate,pgd,0.05,0.9858567813011762,0.001389509205498573,0.9857739268159278,0.001331731503110359,0.9855602027843775,0.0014158384215128262,0.9711287457769376,0.002828494775014304,0.9978391428291997,0.0005159640608421401,10
TON_IoT,binary,trades,aam_noGate,pgd,0.1,0.9854994789340479,0.0016610776969342182,0.9853693162266228,0.0016599211993763839,0.9851941357137395,0.0016946241676424737,0.9703954396304149,0.003388756407565805,0.997476663611897,0.0005691399415509548,10
TON_IoT,binary,trades,aam_noGate,pgd,0.2,0.9665326782789936,0.006048918428788044,0.9656215248975807,0.006367028373536664,0.965798752877807,0.0061940416736985466,0.9317296186520849,0.012341901770895291,0.9944043651814207,0.001029492936557766,10
TON_IoT,binary,trades,aam_noGate,pgd_constrained,0.1,0.9858418937025458,0.00139207671649426,0.9857565173451757,0.0013318786512113243,0.9855449458783954,0.0014184031561608704,0.9710980548011191,0.002833702949026779,0.9978684287737576,0.0005114455662224958,10
TON_IoT,binary,trades,aam_noGate,square,0.1,0.9864499999999999,0.002976295236251499,0.9862503969198269,0.003001225478053249,0.9861736156520298,0.003020934712503959,0.9723628061938079,0.006046270774052099,0.997972832947462,0.0010103562856362764,10
TON_IoT,binary,trades,aam_noGate,square_clean_subset,0.0,0.9871500000000001,0.003000462927246036,0.9869861807487039,0.0030058978141247862,0.9868878331250116,0.0030502967133555596,0.9737874518480254,0.0061034333420310425,0.9983209484092856,0.0008032539060242869,10
TON_IoT,binary,trades,aam_noGate,transfer_mlp,0.05,0.9859609944915885,0.0013789235005709872,0.9858825764024471,0.0013218860875555342,0.9856666603640111,0.001405110837288585,0.9713412939226307,0.0028071290344505993,0.9980604808183402,0.00045934671835422047,10
TON_IoT,binary,trades,aam_noGate,transfer_mlp,0.1,0.9858270061039154,0.001490082617504774,0.98573029673526,0.0014489202675305232,0.9855294032084204,0.0015189088501498151,0.9710666838344274,0.003035147712872174,0.9978703576253934,0.0004931744015206829,10
TON_IoT,binary,trades,aam_noGate,transfer_mlp,0.2,0.9705076671132946,0.0044422015406208005,0.969137622205882,0.004799636044816223,0.9698261071250599,0.004544863563413463,0.9399657659186517,0.008895940965076968,0.9959062614327474,0.0007470849630696196,10
TON_IoT,binary,trades,aam_noGate,transfer_tf,0.05,0.9860056572874795,0.001351777923862505,0.9859215881059583,0.0012896436101277001,0.9857120799274304,0.001377257829845538,0.9714319920911851,0.0027511726757935544,0.9980741865317256,0.00045755189617818065,10
TON_IoT,binary,trades,aam_noGate,transfer_tf,0.1,0.9857972309066548,0.0014956912733334827,0.985695477793756,0.0014562854558060586,0.985498872909929,0.0015246769085287925,0.9710056590238276,0.0030467714775085897,0.9979091972717165,0.0004938627680615576,10
TON_IoT,binary,trades,aam_noGate,transfer_tf,0.2,0.9758374274229566,0.0037328342510596336,0.974929655776956,0.004115205308489525,0.9752972276869173,0.00381432694132384,0.9507755240469992,0.007483729233051456,0.9966114649854567,0.0005639083153206054,10
TON_IoT,binary,trades,aam_noPE,clean,0.0,0.9739615899955337,0.003173267192287457,0.9715773976621955,0.003896479779082716,0.9732969897327324,0.0032993019939111965,0.9469520713492849,0.006315405295827114,0.9969505897033735,0.0005621377609901473,10
TON_IoT,binary,trades,aam_noPE,fgsm,0.05,0.972800357302367,0.003795640237285874,0.9702723257785134,0.004438258592963507,0.9720991002085457,0.003930374826768509,0.9445921675999216,0.00762998098319011,0.9964168547221549,0.0006899915468795812,10
TON_IoT,binary,trades,aam_noPE,fgsm,0.1,0.9722048533571535,0.004200337780272548,0.9696376249225743,0.0048340469703945,0.9714863894912987,0.004345162993786395,0.9433765882323542,0.008469358248384405,0.995687060574997,0.0007829195777227118,10
TON_IoT,binary,trades,aam_noPE,fgsm,0.2,0.9709691826708351,0.004495956191913529,0.9683688616334203,0.005088183113163384,0.9702186854951517,0.004646122299444008,0.9408483477199882,0.009096748049074335,0.9941715401110583,0.0010146362028630486,10
TON_IoT,binary,trades,aam_noPE,gaussian,0.05,0.9737680512133393,0.0031781914077018566,0.9713510745424184,0.0038760905716311157,0.9730970541283306,0.0033031459548256703,0.9465591651126074,0.006328587291155763,0.9969305178740251,0.000571173051730737,10
TON_IoT,binary,trades,aam_noPE,gaussian,0.1,0.974021140390055,0.0032528257932835565,0.9716250076972953,0.003987332047618435,0.973357106363831,0.0033815839073078197,0.9470752626879948,0.006475630358626,0.9969444635619098,0.0005677628430053774,10
TON_IoT,binary,trades,aam_noPE,gaussian,0.2,0.973887152002382,0.003186239825829296,0.9715211892955073,0.003927837422853875,0.9732216789114011,0.003313297746256807,0.9467930500437683,0.006341936271504963,0.9967941399132831,0.0005864268190043927,10
TON_IoT,binary,trades,aam_noPE,pgd,0.05,0.972800357302367,0.003795640237285874,0.9702723257785134,0.004438258592963507,0.9720991002085457,0.003930374826768509,0.9445921675999216,0.00762998098319011,0.9964133411332592,0.0006899155428704417,10
TON_IoT,binary,trades,aam_noPE,pgd,0.1,0.9722048533571535,0.004200337780272548,0.9696376249225743,0.0048340469703945,0.9714863894912987,0.004345162993786395,0.9433765882323542,0.008469358248384405,0.9956621802000211,0.0007845468971507997,10
TON_IoT,binary,trades,aam_noPE,pgd,0.2,0.9708203066845318,0.004563372113571603,0.9682388226217169,0.005158260367936613,0.9700673670951833,0.004715918982802487,0.9405349817258039,0.009237686608501489,0.9940612107030438,0.0010477613174430717,10
TON_IoT,binary,trades,aam_noPE,pgd_constrained,0.1,0.9726812565133244,0.003803547559625545,0.9701330500124967,0.004440146673525973,0.9719759121221578,0.003938268214345929,0.9443518684937476,0.007648356508823092,0.9963885784816224,0.0006632843159886406,10
TON_IoT,binary,trades,aam_noPE,square,0.1,0.9737,0.005303038961031912,0.9713058568549874,0.006091845357844582,0.9730396627466996,0.0055263525487783466,0.9464700783934932,0.010867734001050917,0.9968074881459629,0.0006256576595507409,10
TON_IoT,binary,trades,aam_noPE,square_clean_subset,0.0,0.9755499999999999,0.0037524066351550507,0.9733449868552675,0.00447198399355271,0.9749493033313439,0.003911783145960498,0.9502375087779544,0.007615399560820379,0.997292858311417,0.000613889311920408,10
TON_IoT,binary,trades,aam_noPE,transfer_mlp,0.05,0.9729938960845615,0.0037703494664243172,0.9704854321895455,0.004412139219166472,0.9722985626540256,0.0039042039149532986,0.9449858863087754,0.0075769166198968625,0.9966314688974938,0.0006237879523402635,10
TON_IoT,binary,trades,aam_noPE,transfer_mlp,0.1,0.972443054935239,0.0041876544728231485,0.9698897430371172,0.004831692152028005,0.9717311670489396,0.0043320734810464905,0.9438641507273934,0.008440730320253624,0.9962641811345632,0.0006861757686883789,10
TON_IoT,binary,trades,aam_noPE,transfer_mlp,0.2,0.9712967098407027,0.0043516631606836526,0.9686945975854038,0.004979758190523898,0.9705538107478503,0.00450078527516778,0.9415235566325831,0.008787516468674856,0.9950469263341677,0.0007536180590023046,10
TON_IoT,binary,trades,aam_noPE,transfer_tf,0.05,0.9730087836831919,0.0037123261984979895,0.9704940305211341,0.004362500933544326,0.9723134130870712,0.0038456294345257606,0.9450177744464024,0.007454484947208363,0.9966852548800851,0.0006147899369216073,10
TON_IoT,binary,trades,aam_noPE,transfer_tf,0.1,0.9725472681256514,0.00401762934883497,0.9699851759148915,0.00469683409248767,0.9718371920570531,0.004160992935711414,0.9440817020710635,0.008077719939085633,0.9964215546000847,0.0006719715103865262,10
TON_IoT,binary,trades,aam_noPE,transfer_tf,0.2,0.971534911418788,0.004088476609662724,0.9689202822824564,0.004752423795574056,0.9707968909678646,0.004233600456557797,0.9420184181663995,0.008232296216169074,0.9955067401139562,0.0008123614085505099,10
TON_IoT,binary,trades,aam_noTok,clean,0.0,0.9782641059997023,0.004495956191913486,0.9767893630624005,0.005340049835805595,0.9777452273663092,0.004634670813440704,0.9556412750000733,0.00913739605008692,0.9971962511455386,0.00032322525765690494,10
TON_IoT,binary,trades,aam_noTok,fgsm,0.05,0.9770582105106447,0.004552809519696595,0.9755818521322412,0.005327488503321449,0.9765127410197463,0.0046900726718840414,0.9531665315610903,0.009264940942167545,0.9961431298470321,0.00033378299407278684,10
TON_IoT,binary,trades,aam_noTok,fgsm,0.1,0.9746910823284205,0.004202067020002329,0.9730296191921644,0.00478351950602392,0.9740848350318961,0.004322659563184322,0.9483188229980758,0.008565974580124239,0.9947512370006267,0.0005014299924267015,10
TON_IoT,binary,trades,aam_noTok,fgsm,0.2,0.9706863182968586,0.002990270944699587,0.9686812948480645,0.0034293725756475565,0.9699702690897934,0.003080461574233269,0.9401434300160707,0.0061030516674078885,0.9908017548022066,0.0009831858260443633,10
TON_IoT,binary,trades,aam_noTok,gaussian,0.05,0.978115230013399,0.004481142457434124,0.9766593240506971,0.005306469600579468,0.9775940860818327,0.004618685938512792,0.95533209493177,0.009108957754954225,0.9971437555918585,0.00033541759240951735,10
TON_IoT,binary,trades,aam_noTok,gaussian,0.1,0.9781598928092899,0.0041785882361739385,0.9767335803108621,0.00495599092283369,0.9776419616527375,0.004307199075026994,0.9554171298289704,0.00849361726835222,0.9971370589449815,0.00031153910505148623,10
TON_IoT,binary,trades,aam_noTok,gaussian,0.2,0.9768497841298199,0.003330632324132353,0.9752808471371495,0.003988254612761736,0.9762972930217242,0.003438644089473291,0.9527389855296349,0.006752898539450649,0.9967331999739197,0.00039810194019794954,10
TON_IoT,binary,trades,aam_noTok,pgd,0.05,0.9770284353133839,0.004515659511224598,0.9755470331907372,0.00528397717664631,0.9764821515911197,0.004651897145856264,0.9531055343455425,0.009188870291101806,0.9961226550416379,0.00033905826170870385,10
TON_IoT,binary,trades,aam_noTok,pgd,0.1,0.9745124311448563,0.004188448304747839,0.9728295166823028,0.004758339786960806,0.973901081062705,0.0043082579467159645,0.9479535336804579,0.008539587408610055,0.9945691325782136,0.000531340726370679,10
TON_IoT,binary,trades,aam_noTok,pgd,0.2,0.9646866160488313,0.006585713044406253,0.9630221935661478,0.005994316642014411,0.963870888035361,0.006675854984368194,0.9278800080652942,0.013443339988557344,0.9888080557175509,0.0014996810942042734,10
TON_IoT,binary,trades,aam_noTok,pgd_constrained,0.1,0.9770433229120143,0.0047478759366509065,0.9755864705093981,0.005520060626260641,0.9764983062035684,0.00488911755909452,0.9531317141443992,0.00966713602845907,0.9963473073955612,0.00034511860214165544,10
TON_IoT,binary,trades,aam_noTok,square,0.1,0.97685,0.0060555300713021456,0.9751953313831556,0.006650448603625626,0.9762995432101637,0.006244193827656764,0.952787410015467,0.01243549024089536,0.9964787012757528,0.0006930287197945868,10
TON_IoT,binary,trades,aam_noTok,square_clean_subset,0.0,0.97965,0.006888194409438691,0.9781415875426364,0.007640099528853631,0.9791663381552917,0.007076070434800812,0.9585046060814515,0.014038111353180359,0.9972796558546314,0.0007380340913072446,10
TON_IoT,binary,trades,aam_noTok,transfer_mlp,0.05,0.9775346136668155,0.0046247238787915056,0.9760860883613273,0.00544379302270724,0.9770006697412568,0.004764786763843005,0.954142879572168,0.009409441567744491,0.9969106814913555,0.0003135778219657382,10
TON_IoT,binary,trades,aam_noTok,transfer_mlp,0.1,0.9757481018311747,0.004261108264770338,0.9741291189585286,0.004881074874486172,0.9751676453945478,0.004383760051112933,0.9504842820939636,0.008681686290710868,0.9965738569063755,0.0003314919731665768,10
TON_IoT,binary,trades,aam_noTok,transfer_mlp,0.2,0.9685425040940896,0.00568033372773384,0.966707404979154,0.005238691901674293,0.9677970099596939,0.005768749833197738,0.9357670905950662,0.011634083206178052,0.9948214499168693,0.00049809815642656,10
TON_IoT,binary,trades,aam_noTok,transfer_tf,0.05,0.9774006252791425,0.004507335053779185,0.9759426198333037,0.005305915631415223,0.9768635529343517,0.004644495479792461,0.9538672543996578,0.009168652833347841,0.9966408324307878,0.0003301285872645035,10
TON_IoT,binary,trades,aam_noTok,transfer_tf,0.1,0.9759714158106298,0.004005351252313301,0.9743550164631563,0.004641988026677375,0.9753962072891804,0.0041239452827488005,0.9509436687143212,0.008154814138852632,0.9958996870370302,0.0004665249870006515,10
TON_IoT,binary,trades,aam_noTok,transfer_tf,0.2,0.9702248027393182,0.0029165173450280807,0.9681724402418219,0.00275916600922929,0.969498604005846,0.002968297211089275,0.9392022412183236,0.005987789548286679,0.9934279044158931,0.0011077090003977275,10
TON_IoT,binary,trades,aam_trans,clean,0.0,0.9861396456751527,0.0007984898908567508,0.986029812077328,0.000771931986806312,0.9858479348705298,0.0008126840733026896,0.9717058464518761,0.0016265278163961278,0.9981714078986927,0.0004123370844920921,10
TON_IoT,binary,trades,aam_trans,fgsm,0.05,0.9859758820902188,0.0008238402449286906,0.9858647413165453,0.0008325472512165224,0.9856807378088284,0.00083954415498835,0.9713716752354109,0.0016819895405029315,0.9977758076726639,0.0004758807474777622,10
TON_IoT,binary,trades,aam_trans,fgsm,0.1,0.9856930177162424,0.0009054412883746652,0.9855692059289096,0.0009136645355931185,0.9853917343887671,0.0009226906586701567,0.9707940900330406,0.001848537759269662,0.9974396939555404,0.0005508385510547326,10
TON_IoT,binary,trades,aam_trans,fgsm,0.2,0.9792466875093047,0.006019697612668859,0.9781586666111254,0.007178018965465613,0.978761332096799,0.006206183661099656,0.9576779130800015,0.012285903291430991,0.9962623292558799,0.0008375895424263169,10
TON_IoT,binary,trades,aam_trans,gaussian,0.05,0.986154533273783,0.0007846453427047047,0.9860472215480801,0.0008060406086691844,0.9858631306050085,0.0007997133505611806,0.9717367902258042,0.0016019925126071657,0.9981456898768795,0.0004124277412030987,10
TON_IoT,binary,trades,aam_trans,gaussian,0.1,0.9853952657436356,0.0008521985349621841,0.9852386387921948,0.000972020238681269,0.9850867449992974,0.0008715520581866244,0.9701845359426999,0.0017472532672359663,0.9980709355564329,0.00039123817525782005,10
TON_IoT,binary,trades,aam_trans,gaussian,0.2,0.9777579276462707,0.0022905193959270463,0.9774001615526441,0.0028133768997431327,0.9772843524345998,0.002361156264919325,0.954596576119682,0.004716225329488729,0.9972158249146054,0.0004012856966177841,10
TON_IoT,binary,trades,aam_trans,pgd,0.05,0.9859758820902188,0.0008238402449286906,0.9858647413165453,0.0008325472512165224,0.9856807378088284,0.00083954415498835,0.9713716752354109,0.0016819895405029315,0.9977716964114304,0.00047793495155543255,10
TON_IoT,binary,trades,aam_trans,pgd,0.1,0.9856632425189817,0.0009285375095735149,0.9855343869874055,0.0009442902303284676,0.9853611930444025,0.0009465117658799227,0.9707329254653464,0.0018965006142519266,0.9974150716663466,0.0005537525727495305,10
TON_IoT,binary,trades,aam_trans,pgd,0.2,0.9671579574214679,0.006479935499091133,0.9659826548243023,0.007892100980442525,0.9664029072528735,0.006714990692160221,0.9330985418446739,0.013306732233977317,0.9938340771033538,0.0015959006043885773,10
TON_IoT,binary,trades,aam_trans,pgd_constrained,0.1,0.9859461068929581,0.000851475781431297,0.9858299223750413,0.0008626317524600911,0.9856502073735752,0.000867913655684854,0.9713101595575431,0.0017390367789317457,0.997801285719978,0.00047924169766275736,10
TON_IoT,binary,trades,aam_trans,square,0.1,0.9864499999999999,0.002793345266482082,0.9862700841889313,0.0027286294275079975,0.9861743763988494,0.0028385451767003185,0.9723668580438021,0.0056825730011105064,0.9979650496009181,0.0008838836382090382,10
TON_IoT,binary,trades,aam_trans,square_clean_subset,0.0,0.9872,0.002740640638812612,0.9870650731938232,0.002621728795322651,0.986939780850852,0.002787364757099953,0.9738966112784825,0.00557594325766711,0.9982990080718327,0.0007946505802600691,10
TON_IoT,binary,trades,aam_trans,transfer_mlp,0.05,0.9860503200833707,0.0008215952405419764,0.9859385719615605,0.0008350956101392164,0.9857566733600256,0.0008373608849679196,0.9715235060502115,0.0016773120923245038,0.9979778118672371,0.00043426588105310133,10
TON_IoT,binary,trades,aam_trans,transfer_mlp,0.1,0.985856781301176,0.0008709209853002499,0.985734276689692,0.0009130711123389296,0.9855588280733946,0.0008885044626675926,0.9711280656050061,0.0017812199713846983,0.9977956757500788,0.0004745879016672811,10
TON_IoT,binary,trades,aam_trans,transfer_mlp,0.2,0.9692422212297156,0.0029635920599411303,0.9678340399752237,0.004249626909114896,0.9685243552956819,0.0030929915615440467,0.9374739740315674,0.006019946567671617,0.9954119682980103,0.0010974702198914225,10
TON_IoT,binary,trades,aam_trans,transfer_tf,0.05,0.9860354324847401,0.0008589626926075681,0.9859255680603903,0.0008613260231204539,0.9857415520263346,0.0008753735159520482,0.9714928667933791,0.0017531858835009263,0.998020753719152,0.00040949678820378487,10
TON_IoT,binary,trades,aam_trans,transfer_tf,0.1,0.9859461068929581,0.0008368896425520413,0.9858255168054594,0.0008654090398908122,0.9856500561322251,0.0008534360508905064,0.9713101938316004,0.001710362572184593,0.997860794867987,0.00042154234270231386,10
TON_IoT,binary,trades,aam_trans,transfer_tf,0.2,0.9708798570790531,0.003495821757779244,0.9695640478355205,0.004529224579166035,0.9702044544458372,0.003621866553583894,0.9408086303654978,0.00699578898166393,0.9961682501965076,0.0010056511917820414,10
TON_IoT,binary,trades,lstm,clean,0.0,0.9596992705076671,0.01494143574787639,0.9580226735151465,0.016956031615144057,0.9587019996416435,0.01549957866375548,0.9182418476815837,0.03015968466695884,0.9908129792698256,0.004000099210304576,10
TON_IoT,binary,trades,lstm,fgsm,0.05,0.9494119398541014,0.009352709177527153,0.9482527864208844,0.011759851104950793,0.9482599124079094,0.009845676713524508,0.897296095307882,0.018963215701562744,0.9861342960687649,0.005403620879501583,10
TON_IoT,binary,trades,lstm,fgsm,0.1,0.9403751674854846,0.009382009317199035,0.9396324994294947,0.011346566681614434,0.939110718163693,0.009819536298380999,0.8789176700394135,0.01926518259379474,0.9808636410561051,0.006741681961412874,10
TON_IoT,binary,trades,lstm,fgsm,0.2,0.9136072651481315,0.03266402697298599,0.9101762046719866,0.0370844272503873,0.9111214166195378,0.03474310683697258,0.8238279209281225,0.06689432026314265,0.9615039518819435,0.02364596433561515,10
TON_IoT,binary,trades,lstm,gaussian,0.05,0.9595652821199941,0.014807020620072968,0.9579188551133585,0.016921387943309253,0.9585657663293945,0.01537639677605351,0.9179136786025379,0.0299261145254226,0.9908049967218577,0.003940594025101329,10
TON_IoT,binary,trades,lstm,gaussian,0.1,0.9584487122227185,0.013690736936621354,0.956930345816837,0.015992665468848425,0.9574342155483127,0.014259908254330565,0.9156397344312387,0.027674166388692426,0.9905991484074749,0.0041495049791947835,10
TON_IoT,binary,trades,lstm,gaussian,0.2,0.9545034985856781,0.012932174056885296,0.9527177428994715,0.015733509847787815,0.9533647181284917,0.013589392929800109,0.9076246560158893,0.025981204116611506,0.988972958948966,0.004680191193605091,10
TON_IoT,binary,trades,lstm,pgd,0.05,0.949173738276016,0.009344911915191337,0.9480359128629955,0.01174962170407764,0.9480194589914689,0.009836769872107071,0.8968113657779935,0.018965391459199607,0.9859888805778223,0.005489023763934088,10
TON_IoT,binary,trades,lstm,pgd,0.1,0.9395116867649248,0.009853608579159115,0.9387725394916524,0.011740278060275276,0.9382328802858622,0.010293562114092521,0.877142186438429,0.020242690857258,0.9799506829764807,0.0072033506013081455,10
TON_IoT,binary,trades,lstm,pgd,0.2,0.8548756885514367,0.0780234158561752,0.8427866744424442,0.09170838150642939,0.8435158916636027,0.09592355948044783,0.7048513734841851,0.15590689808023167,0.9157135347428742,0.06247091582200007,10
TON_IoT,binary,trades,lstm,pgd_constrained,0.1,0.9552032157213042,0.012366259534225236,0.9537210219472527,0.014545255025523616,0.9541313285225744,0.012893809207947509,0.9090710819774637,0.02502947145858135,0.9880722757913725,0.004669023431751926,10
TON_IoT,binary,trades,lstm,square,0.1,0.94055,0.010771490147607235,0.9399620554102969,0.01285872180181735,0.9393401922550566,0.011285241239345593,0.8793069499744488,0.022351276484634017,0.9867113070525256,0.005466641537691033,10
TON_IoT,binary,trades,lstm,square_clean_subset,0.0,0.96085,0.017096214655752204,0.9592470509690006,0.019039000777002425,0.9598966025276535,0.01771813319450535,0.9205040439535297,0.03475513333749345,0.9912755056212891,0.00440869504219821,10
TON_IoT,binary,trades,lstm,transfer_mlp,0.05,0.9568557391692719,0.012592870861455416,0.9552085106729791,0.014829953925495964,0.9558015953199741,0.013131032101903455,0.9123952120916098,0.025472694822438333,0.9895007398459092,0.00411817424433843,10
TON_IoT,binary,trades,lstm,transfer_mlp,0.1,0.9539675450349859,0.01099171346225564,0.9522363857485937,0.013290225439453407,0.9528493533422349,0.011506021394741441,0.9064442834165977,0.022340506256030658,0.9878209500454593,0.004316532973046989,10
TON_IoT,binary,trades,lstm,transfer_mlp,0.2,0.9347476552032157,0.03273316553877287,0.9315758536753226,0.037409082683258627,0.9327340691977243,0.034922915698234344,0.867316502204425,0.06621704138412943,0.9800513092646457,0.009196034710483542,10
TON_IoT,binary,trades,lstm,transfer_tf,0.05,0.9580169718624386,0.013977262584066454,0.9564563101520985,0.016103107266440948,0.956993458272548,0.014527552697482115,0.914799567791202,0.02824516185567357,0.9902916233505149,0.0041040250154742615,10
TON_IoT,binary,trades,lstm,transfer_tf,0.1,0.9569599523596845,0.013661024694125777,0.9553259713986619,0.015838147935706502,0.9559085218138389,0.014221552202148978,0.9125257702524902,0.027666688327172118,0.9896721042775228,0.004302585956502013,10
TON_IoT,binary,trades,lstm,transfer_tf,0.2,0.953580467470597,0.01295188757425249,0.9513872382466829,0.015537684760763164,0.9523925724796083,0.013557470058512227,0.905563866439157,0.026264617791723868,0.9878073937501585,0.005056573472709643,10
TON_IoT,binary,trades,mlp,clean,0.0,0.9800059550394522,0.0034759345876885037,0.9784121475997116,0.004422540416461739,0.9795218110267087,0.0035952429091808654,0.9592397984348169,0.00701296645968805,0.9980541192301982,0.0002868763973210625,10
TON_IoT,binary,trades,mlp,fgsm,0.05,0.975197260681852,0.0011514787365211009,0.9731104951262537,0.0014500574331819947,0.9745829957858015,0.001190897152459025,0.9494118837452439,0.002328011360044443,0.9973752494829229,0.0004641584115891004,10
TON_IoT,binary,trades,mlp,fgsm,0.1,0.9738871520023821,0.0010876894004503638,0.971710628787522,0.001366581432145108,0.9732370170700533,0.0011280125243043615,0.9467282603668506,0.002184250231033165,0.996477817300622,0.0007183191204490808,10
TON_IoT,binary,trades,mlp,fgsm,0.2,0.9721601905612625,0.0013334354466323466,0.9699642754943474,0.001637359551435692,0.9714679740053771,0.0013825078412974833,0.9431872383498844,0.002683902744536228,0.9934232317048876,0.0009540291155541035,10
TON_IoT,binary,trades,mlp,gaussian,0.05,0.9796337650736936,0.0030012453579524928,0.977998938678818,0.0038603838020107853,0.9791406124989521,0.0031079517334535707,0.9584716050254667,0.006037290028582658,0.9980571302309913,0.0002914503374253405,10
TON_IoT,binary,trades,mlp,gaussian,0.1,0.9795891022778026,0.0025761712201912215,0.9779202768490715,0.003277301799983785,0.9790950227673376,0.002666361535165165,0.9583710253617529,0.005182958581299418,0.9980047524006505,0.0003273307372411444,10
TON_IoT,binary,trades,mlp,gaussian,0.2,0.9799761798421915,0.0013613087910619836,0.9784390066323517,0.0018452239273491445,0.9794990021203919,0.0014136103272568714,0.9591334640745638,0.0027262525676335298,0.9979002276588268,0.0003259738809814818,10
TON_IoT,binary,trades,mlp,pgd,0.05,0.975018609498288,0.0011377086898640937,0.9729324204643008,0.001414758627074176,0.9744002378113802,0.0011761820730317686,0.9490427539367319,0.0023023341418919457,0.9973459635383651,0.00047512129404249804,10
TON_IoT,binary,trades,mlp,pgd,0.1,0.973753163614709,0.0012237449107373225,0.9715847825378254,0.001496978201024995,0.9731002941549723,0.0012674207026276989,0.9464503596530134,0.002464395626983644,0.996342861075593,0.0007370785406935027,10
TON_IoT,binary,trades,mlp,pgd,0.2,0.9677981241625726,0.001982592439914153,0.9660263709335641,0.001584703327341992,0.9670360377253246,0.0019941203201079747,0.9342235620852748,0.004081497057774042,0.992309953780006,0.0008523853435913788,10
TON_IoT,binary,trades,mlp,pgd_constrained,0.1,0.9755396754503499,0.0015247982884108208,0.9734976962448065,0.0019030643970899702,0.9749354353587567,0.0015775565540140518,0.9501094506528853,0.0030782434800436637,0.997525301462305,0.0004002030234271827,10
TON_IoT,binary,trades,mlp,square,0.1,0.9760500000000001,0.004418710219057147,0.9740497963296273,0.0047587957257324304,0.9754691899755178,0.004574994582077946,0.9511821177716895,0.009116711835293492,0.9973517533891512,0.000784615704848096,10
TON_IoT,binary,trades,mlp,square_clean_subset,0.0,0.9817500000000001,0.0044984565254219564,0.9802463145345506,0.005183838205605209,0.981318088211016,0.004645156938354903,0.962812087848997,0.009161208127062382,0.9981096370114448,0.0006070626663151294,10
TON_IoT,binary,trades,mlp,transfer_mlp,0.05,0.9754056870626767,0.0012111020563371905,0.9733366054384561,0.0015216430959454099,0.9747972323978559,0.001252390053554506,0.9498375012969549,0.0024499669409935223,0.9975423532352184,0.00041125411675584507,10
TON_IoT,binary,trades,mlp,transfer_mlp,0.1,0.974155128777728,0.0011100998590029758,0.972019593691478,0.0013567530665127361,0.9735137526770272,0.0011487267794955882,0.9472705024856858,0.0022375917842393494,0.9968589239724563,0.0006065057236085724,10
TON_IoT,binary,trades,mlp,transfer_mlp,0.2,0.9726961441119547,0.0012675362053077572,0.9705293384672784,0.0015490236742160964,0.9720184236974052,0.0013135775922433633,0.9442788228752612,0.002553596898068169,0.9941761177378284,0.0009234016186689298,10
TON_IoT,binary,trades,mlp,transfer_tf,0.05,0.9773410748846212,0.003341373291071361,0.9754941029662658,0.0039513535538089044,0.9767863777302417,0.0034448958657023114,0.9537850136613631,0.006771098407046952,0.9978019739487307,0.0003107024885784733,10
TON_IoT,binary,trades,mlp,transfer_tf,0.1,0.9761054041983028,0.0033483309267171206,0.9741856895508765,0.0038404160826199106,0.975519126999988,0.0034479265159548162,0.9512454736036927,0.006799279688888974,0.9975026849976999,0.0003554011600682568,10
TON_IoT,binary,trades,mlp,transfer_tf,0.2,0.974631531933899,0.0025499887182744603,0.9725326410597275,0.002929500627368005,0.9740022394317205,0.0026293533044351902,0.9482431645714906,0.005170480313080325,0.9962002437778688,0.0005763818104947635,10
TON_IoT,binary,trades,transformer,clean,0.0,0.9738722644037517,0.0014557233034462416,0.97149056311601,0.0016664704495467696,0.973209900362615,0.001501013342592534,0.9467466929969237,0.0029556434075242903,0.9967456197862145,0.0006098474403427239,10
TON_IoT,binary,trades,transformer,fgsm,0.05,0.9734107488462111,0.0014741312290592785,0.9710257642055847,0.0016774467571731766,0.9727371078486426,0.001519615839319124,0.9457968215210725,0.0029911553622670815,0.9953186408568809,0.0010880503611885462,10
TON_IoT,binary,trades,transformer,fgsm,0.1,0.9728747952955189,0.0013838261174479516,0.9704783235109808,0.0015529733016231343,0.9721877198590864,0.0014251772288178415,0.9446963484616762,0.002813320359018326,0.9937266726675384,0.0014593635018733309,10
TON_IoT,binary,trades,transformer,fgsm,0.2,0.971788000595504,0.0013881793192098717,0.9693616270814391,0.001548351246182192,0.9710730189046975,0.0014292572242883953,0.9424687341180655,0.0028264563699197894,0.990129554534884,0.0017686786513609644,10
TON_IoT,binary,trades,transformer,gaussian,0.05,0.9739020396010124,0.0014937965847593593,0.971525382057514,0.001674275669599862,0.9732407798553162,0.0015382333867579292,0.946805802733978,0.0030398502736189805,0.9966980323902185,0.0006477916403892485,10
TON_IoT,binary,trades,transformer,gaussian,0.1,0.9738424892064911,0.0014536918244193971,0.9714733664528328,0.0016330038329727004,0.9731802496604693,0.001497084243380945,0.9466813077873159,0.0029567685908111546,0.9966351817105019,0.0006602369808697341,10
TON_IoT,binary,trades,transformer,gaussian,0.2,0.9737233884174483,0.0015235056754512504,0.9713561185347247,0.0017250315124958647,0.9730583067136174,0.0015703629567029684,0.9464348396393378,0.0030950567741958725,0.9963956690489042,0.0007220998447753465,10
TON_IoT,binary,trades,transformer,pgd,0.05,0.9734107488462111,0.0014741312290592785,0.9710257642055847,0.0016774467571731766,0.9727371078486426,0.001519615839319124,0.9457968215210725,0.0029911553622670815,0.9953024810646536,0.0010931689261948242,10
TON_IoT,binary,trades,transformer,pgd,0.1,0.9728747952955189,0.0013838261174479516,0.9704783235109808,0.0015529733016231343,0.9721877198590864,0.0014251772288178415,0.9446963484616762,0.002813320359018326,0.9935772726943431,0.0014687345883795228,10
TON_IoT,binary,trades,transformer,pgd,0.2,0.9713413726365937,0.0015007047317787876,0.9689450766288383,0.0015593646166033883,0.9706178958303597,0.001537137185949781,0.9415476864530146,0.0030772880933565157,0.9889680643747443,0.001676050622217846,10
TON_IoT,binary,trades,transformer,pgd_constrained,0.1,0.9735596248325145,0.001410966002281629,0.9711646143564516,0.0015954070256910477,0.972889049741485,0.0014535390246220017,0.9461055650469407,0.0028673049170793146,0.9958020581661964,0.0009186256264853227,10
TON_IoT,binary,trades,transformer,square,0.1,0.9749000000000001,0.004351245032554871,0.9727550944333652,0.004614868342875661,0.9742903088971053,0.004472746210997582,0.9488775739126556,0.008928429915645344,0.9956934319239255,0.0009291073497905687,10
TON_IoT,binary,trades,transformer,square_clean_subset,0.0,0.9755499999999999,0.004016977857931392,0.9734090054086039,0.004257358028896607,0.9749554779760677,0.004135570011583241,0.9502116228458487,0.008262190847655842,0.9969945060159697,0.0005956575435297775,10
TON_IoT,binary,trades,transformer,transfer_mlp,0.05,0.9737382760160787,0.0015055379318335987,0.9713559057271499,0.0017153598182628412,0.9730726348377194,0.0015521432736028233,0.9464711215893464,0.0030566211284115226,0.9962178388892712,0.0007133656161252374,10
TON_IoT,binary,trades,transformer,transfer_mlp,0.1,0.973663838022927,0.0014594403374306717,0.9712732639429712,0.001681658422938675,0.9729958946997158,0.0015056769137951238,0.9463198999024283,0.0029589260520312822,0.9955991710465785,0.0009454220061174064,10
TON_IoT,binary,trades,transformer,transfer_mlp,0.2,0.9728450200982582,0.001544296856321563,0.970421476721568,0.0017533744912968077,0.9721554119859992,0.0015924444969291445,0.9446421052808056,0.0031343680554562488,0.9944630049878473,0.0010942205195323652,10
TON_IoT,binary,trades,transformer,transfer_tf,0.05,0.9736340628256663,0.001466174438654,0.9712472561406305,0.0016658959608437222,0.9729656970890233,0.0015110012886943882,0.9462580723273615,0.0029796229768862792,0.9961454526190726,0.0007233334075726008,10
TON_IoT,binary,trades,transformer,transfer_tf,0.1,0.9732618728599078,0.0014265879496863348,0.9708648862068092,0.001625624458470612,0.972583964584541,0.0014706775184409168,0.9454932237863094,0.002895597762318941,0.9953465593995748,0.0008605757677528673,10
TON_IoT,binary,trades,transformer,transfer_tf,0.2,0.972398392139348,0.001492394616750112,0.9699873039906401,0.0017045241664288408,0.9716988163856163,0.001539861248112653,0.9437197946219807,0.0030251490040061318,0.9934369962799424,0.001122160043080006,10
TON_IoT,binary,trades,vanilla_gate,clean,0.0,0.9740806907845764,0.0014339058200803607,0.9716594010236497,0.0016721359083359285,0.9734209867558474,0.0014804466997545677,0.9471801088540687,0.0029033071773756883,0.9966758460685838,0.0006095627039953268,10
TON_IoT,binary,trades,vanilla_gate,fgsm,0.05,0.9735149620366235,0.0013885340800945968,0.9710771413875416,0.0016467352443834242,0.9728405591121595,0.0014354343088655197,0.9460206270343479,0.002804461916515179,0.9952479842142058,0.0012745880209374346,10
TON_IoT,binary,trades,vanilla_gate,fgsm,0.1,0.9728301324996279,0.0014658384683382275,0.9703423892766715,0.0017328611314476638,0.9721360939722986,0.0015156346550893865,0.9446247526132046,0.0029587546146196083,0.9937251422641278,0.0018745005725740978,10
TON_IoT,binary,trades,vanilla_gate,fgsm,0.2,0.9709840702694656,0.0016658890993735335,0.9685140326220429,0.0018096464277514784,0.970246993320427,0.0017114670785254135,0.9408298559090538,0.003402277322001542,0.9897455500577751,0.002566753296990868,10
TON_IoT,binary,trades,vanilla_gate,gaussian,0.05,0.9740509155873157,0.0014536918244193358,0.9716333932213089,0.0016844398199897623,0.9733907279630314,0.0015001815006502304,0.9471181833198626,0.002946235744623119,0.9966116189313619,0.0006512061887569753,10
TON_IoT,binary,trades,vanilla_gate,gaussian,0.1,0.9740062527914247,0.001398694975332486,0.9715811648090528,0.0016548388684326525,0.9733444810300863,0.0014454980901231977,0.9470280657583648,0.0028268445670968766,0.9966115102636641,0.0007065445840845123,10
TON_IoT,binary,trades,vanilla_gate,gaussian,0.2,0.9739467023969034,0.0015455720810280125,0.971520338065208,0.0018541197991037968,0.9732831629556398,0.0015995318947023174,0.9469069297496462,0.0031111806256523718,0.9963703721144199,0.0008441365848505568,10
TON_IoT,binary,trades,vanilla_gate,pgd,0.05,0.9735149620366235,0.0013885340800945968,0.9710771413875416,0.0016467352443834242,0.9728405591121595,0.0014354343088655197,0.9460206270343479,0.002804461916515179,0.9952341064436323,0.0012795979271776382,10
TON_IoT,binary,trades,vanilla_gate,pgd,0.1,0.9728152449009976,0.0014923946167500644,0.9703249798059195,0.0017626194492946089,0.9721206698491832,0.0015431103242732318,0.9445947927136904,0.0030124734121935942,0.9935929525375717,0.001883530104305611,10
TON_IoT,binary,trades,vanilla_gate,pgd,0.2,0.970433229120143,0.001850432623519915,0.9679712103045957,0.0019294587427273345,0.96968368896784,0.001895806401467236,0.9396981909012088,0.003796072733071955,0.9885941207153233,0.0027494139150302122,10
TON_IoT,binary,trades,vanilla_gate,pgd_constrained,0.1,0.9736489504242967,0.0014071209248928767,0.971225015485147,0.001609544862483694,0.9729787835510099,0.0014510053136806078,0.9462919205316256,0.002856175572929195,0.9955968663858211,0.0011387791889066975,10
TON_IoT,binary,trades,vanilla_gate,square,0.1,0.9743999999999999,0.00417532433869914,0.9720612998867955,0.004505021446469162,0.9737695924302061,0.004280480649274606,0.9478972879109868,0.00849023552574947,0.9953349022478568,0.001361485059041478,10
TON_IoT,binary,trades,vanilla_gate,square_clean_subset,0.0,0.9757,0.0042830414945975665,0.973492065018433,0.004673263030967842,0.9751066118533537,0.004390370255742052,0.9505388806857413,0.008687203378729361,0.9967192487848486,0.0006121652362212818,10
TON_IoT,binary,trades,vanilla_gate,transfer_mlp,0.05,0.9738871520023821,0.0014300363181442,0.9714507001821995,0.0016673798515208652,0.9732218843114435,0.0014764465255822326,0.9467859152068684,0.0028945510601431816,0.9961393581723543,0.0009105203741731666,10
TON_IoT,binary,trades,vanilla_gate,transfer_mlp,0.1,0.9734851868393628,0.0014287441553086089,0.9710247001677106,0.0017215458790612057,0.9728085781345841,0.001478823813745832,0.9459662321774603,0.0028768708360529982,0.995555853385542,0.0010966713458372848,10
TON_IoT,binary,trades,vanilla_gate,transfer_mlp,0.2,0.9725770433229121,0.0017087262541140287,0.9700948895392851,0.001953923437169215,0.971877196398985,0.0017622032679693266,0.9441068082855155,0.0034650030885811415,0.994244804778481,0.0013563060638245924,10
TON_IoT,binary,trades,vanilla_gate,transfer_tf,0.05,0.9737978264106,0.0014036162596129554,0.971363865636014,0.0016438140559983901,0.9731305437958992,0.0014495629610322225,0.9466016060215091,0.0028403804550573212,0.995951227220534,0.0009234400213396299,10
TON_IoT,binary,trades,vanilla_gate,transfer_tf,0.1,0.9732172100640166,0.0015715645095740955,0.9707333575420816,0.0018370267901532953,0.972532746695913,0.0016236509259774,0.9454204316435059,0.003175533625050149,0.99526351463935,0.0010468752523013648,10
TON_IoT,binary,trades,vanilla_gate,transfer_tf,0.2,0.972353729343457,0.0017305654988429542,0.9698293419084221,0.0020236009084972145,0.9716456842626047,0.0017893947396482581,0.94365281039291,0.003492797975603881,0.99324134461787,0.0013201574156635099,10
