dataset,mode,method,backbone,seed,attack,eps,acc,bal_acc,f1_macro,mcc,auroc,valid_rate
CICIoT2023,binary,trades,transformer,41,clean,0,0.8962995253317834,0.9054104533661068,0.8811130351195682,0.7708514105204051,0.9618654922845828,
CICIoT2023,binary,trades,transformer,41,gaussian,0.05,0.8968807517194614,0.9055249556192817,0.8816664692302435,0.771653747749419,0.961954282170331,
CICIoT2023,binary,trades,transformer,41,fgsm,0.05,0.8853046594982079,0.8926922709272156,0.8686381496926185,0.746085282877953,0.9539133153534526,
CICIoT2023,binary,trades,transformer,41,pgd,0.05,0.8851109173689818,0.8925065205516864,0.8684266525388405,0.7456859671957239,0.9538086622058354,0.0
CICIoT2023,binary,trades,transformer,41,transfer_mlp,0.05,0.8888404533565823,0.897201386043971,0.8727329711816705,0.7544412531612166,0.9567140402385179,
CICIoT2023,binary,trades,transformer,41,transfer_tf,0.05,0.8888888888888888,0.8969895534616961,0.8727331472453677,0.7542967649841956,0.9566384906003915,
CICIoT2023,binary,trades,transformer,41,gaussian,0.1,0.896444831928703,0.9045781783422095,0.8810855628384279,0.7702688831079563,0.9616258933042015,
CICIoT2023,binary,trades,transformer,41,fgsm,0.1,0.8731473408892764,0.8777773112112522,0.8546740163176851,0.7179046179225717,0.945200151349629,
CICIoT2023,binary,trades,transformer,41,pgd,0.1,0.8720817591785334,0.8765343097091356,0.8534648503442339,0.7154978469081534,0.9445973587782786,0.0
CICIoT2023,binary,trades,transformer,41,transfer_mlp,0.1,0.8798798798798799,0.8863105967499658,0.8624685463301007,0.7337781352509992,0.9512575959306295,
CICIoT2023,binary,trades,transformer,41,transfer_tf,0.1,0.8810423326552359,0.8875234876416769,0.8637564593095739,0.7362649899279021,0.950969860940416,
CICIoT2023,binary,trades,transformer,41,gaussian,0.2,0.8944589751041364,0.8995380991396968,0.8782807336809406,0.763331339674215,0.9608172197186946,
CICIoT2023,binary,trades,transformer,41,fgsm,0.2,0.8453937808776518,0.8415387819199782,0.8221345271418121,0.6512138578343667,0.9262973109836588,
CICIoT2023,binary,trades,transformer,41,pgd,0.2,0.8405986631793083,0.835699303564113,0.816610631629568,0.6401005042197772,0.9223541695115846,0.0
CICIoT2023,binary,trades,transformer,41,transfer_mlp,0.2,0.8607962801511189,0.8611515772224498,0.8400984610059317,0.6877657529081047,0.9399805407619829,
CICIoT2023,binary,trades,transformer,41,transfer_tf,0.2,0.8637508476218153,0.8655461900860304,0.8436983711962828,0.6954038424406681,0.9397492261823479,
CICIoT2023,binary,trades,transformer,41,pgd_constrained,0.1,0.8743097936646324,0.8790393964222314,0.8559715479855032,0.720438069573244,0.9460239200691885,1.0
CICIoT2023,binary,trades,transformer,41,square,0.1,0.873,0.8781150839718288,0.8549219720102217,0.7185682421463508,0.953665544462503,
CICIoT2023,binary,trades,transformer,41,square_clean_subset,0,0.8975,0.908999883909914,0.8831442407639061,0.7760445367793005,0.9622416995588576,
CICIoT2023,binary,trades,ft,41,clean,0,0.9125738641867674,0.9126996449542537,0.8976444428053847,0.7985843978155344,0.968242216304793,
CICIoT2023,binary,trades,ft,41,gaussian,0.05,0.912041073331396,0.9121765328417315,0.8970429597504651,0.7974209983525347,0.9679610360052802,
CICIoT2023,binary,trades,ft,41,fgsm,0.05,0.9028867577254674,0.9022314625153625,0.8865577744095805,0.7768081812994431,0.9629736901998271,
CICIoT2023,binary,trades,ft,41,pgd,0.05,0.9026930155962414,0.9020949064591015,0.8863509675575603,0.7764288641702749,0.9628679616732669,0.0
CICIoT2023,binary,trades,ft,41,transfer_mlp,0.05,0.9039523394362105,0.9038680185716237,0.8878698625992174,0.7795632178700168,0.9642851290454731,
CICIoT2023,binary,trades,ft,41,transfer_tf,0.05,0.9049694856146469,0.9049784924211388,0.8890335515600738,0.7818516823383505,0.9644769561655058,
CICIoT2023,binary,trades,ft,41,gaussian,0.1,0.9075850043591979,0.9030340365970231,0.8911038297737673,0.7843591671707693,0.9660780190268106,
CICIoT2023,binary,trades,ft,41,fgsm,0.1,0.8952339436210404,0.8932463129864809,0.8776811562048762,0.7591170289060226,0.9578228298966726,
CICIoT2023,binary,trades,ft,41,pgd,0.1,0.8941683619102974,0.8921017001229005,0.8764687875430683,0.7567392737199222,0.9573300332286405,0.0
CICIoT2023,binary,trades,ft,41,transfer_mlp,0.1,0.8982369466240434,0.897035538713642,0.8812178135597193,0.7662613681934702,0.9604953343347444,
CICIoT2023,binary,trades,ft,41,transfer_tf,0.1,0.8993993993993994,0.8979532636897446,0.882473946048924,0.7686031936070095,0.9608611680094679,
CICIoT2023,binary,trades,ft,41,gaussian,0.2,0.8927637314734089,0.8707452205380308,0.8701621263325141,0.740330222334088,0.9589133438026309,
CICIoT2023,binary,trades,ft,41,fgsm,0.2,0.8435047951176984,0.7989333265055305,0.8057200996500745,0.6126113387073678,0.9365161705129956,
CICIoT2023,binary,trades,ft,41,pgd,0.2,0.8095514869708418,0.7650154308343575,0.7671529690855599,0.5344426722906711,0.9117268765078065,0.0
CICIoT2023,binary,trades,ft,41,transfer_mlp,0.2,0.8098421001646808,0.7636460467021713,0.7666795750211838,0.5336390651938747,0.9124201943647867,
CICIoT2023,binary,trades,ft,41,transfer_tf,0.2,0.8190932868352223,0.7769554144476307,0.778986412676671,0.5580877140823052,0.9164706859665892,
CICIoT2023,binary,trades,ft,41,pgd_constrained,0.1,0.8958151700087184,0.8937051754745323,0.8783075912163598,0.7602852042941718,0.9584013951477082,1.0
CICIoT2023,binary,trades,ft,41,square,0.1,0.8965,0.89420807213064,0.8792994118032931,0.7620834682587797,0.9630168427366304,
CICIoT2023,binary,trades,ft,41,square_clean_subset,0,0.913,0.911897298970668,0.8981355289224846,0.7990762926157161,0.9689688781828032,
CICIoT2023,binary,trades,aam_noGate,41,clean,0,0.9136878814298169,0.9152558377714052,0.8991620493455993,0.8020511201895916,0.9690034195912423,
CICIoT2023,binary,trades,aam_noGate,41,gaussian,0.05,0.9133488327036714,0.9147216987573399,0.898744186963927,0.8011689241082116,0.9687452660567162,
CICIoT2023,binary,trades,aam_noGate,41,fgsm,0.05,0.9043398236946624,0.9053217943465792,0.8885127382990543,0.7812188585702748,0.9635915380763803,
CICIoT2023,binary,trades,aam_noGate,41,pgd,0.05,0.9042429526300494,0.9052535163184487,0.8884093322499405,0.7810302237199992,0.9635161932723382,0.0
CICIoT2023,binary,trades,aam_noGate,41,transfer_mlp,0.05,0.9057444541315509,0.907000546224225,0.8901450931487189,0.7844831495334411,0.9649443989257591,
CICIoT2023,binary,trades,aam_noGate,41,transfer_tf,0.05,0.9064709871161484,0.9079061859893487,0.8909965051420121,0.7862000254293569,0.9652205380308617,
CICIoT2023,binary,trades,aam_noGate,41,gaussian,0.1,0.9090380703283929,0.9059767854704356,0.8930433347697874,0.7885846413998376,0.9668660954071647,
CICIoT2023,binary,trades,aam_noGate,41,fgsm,0.1,0.8950402014918144,0.8945855865082617,0.8777886907186279,0.7599174055966733,0.9580008933042014,
CICIoT2023,binary,trades,aam_noGate,41,pgd,0.1,0.8945558461687494,0.8942441963676089,0.8772766994303021,0.7589853720212794,0.9575531999635851,0.0
CICIoT2023,binary,trades,aam_noGate,41,transfer_mlp,0.1,0.8996900125932384,0.9001750648641267,0.8831928574932141,0.7707378424743596,0.9608805020711002,
CICIoT2023,binary,trades,aam_noGate,41,transfer_tf,0.1,0.9009493364332074,0.9017022053803085,0.8846592919235262,0.7736791176560026,0.9613743684282398,
CICIoT2023,binary,trades,aam_noGate,41,gaussian,0.2,0.8950402014918144,0.8738747780964086,0.8730115277822147,0.746035966617383,0.9602146262915926,
CICIoT2023,binary,trades,aam_noGate,41,fgsm,0.2,0.8537731279666764,0.8162064386180528,0.8203153542478172,0.6410164316646906,0.9348946583822658,
CICIoT2023,binary,trades,aam_noGate,41,pgd,0.2,0.8040298362879008,0.7564501229004507,0.759474226504905,0.5192395899140143,0.9063851904956985,0.0
CICIoT2023,binary,trades,aam_noGate,41,transfer_mlp,0.2,0.8090186961154703,0.763410043697938,0.7660394033938798,0.5322886579963692,0.9125203013336975,
CICIoT2023,binary,trades,aam_noGate,41,transfer_tf,0.2,0.8169621234137363,0.7760436296599754,0.7771438159471027,0.5543212805639464,0.9160456666211481,
CICIoT2023,binary,trades,aam_noGate,41,pgd_constrained,0.1,0.8963479608640899,0.8958025058036323,0.8792345562128159,0.7626765690749964,0.9587222734307435,1.0
CICIoT2023,binary,trades,aam_noGate,41,square,0.1,0.8955,0.8929988004024456,0.8781332225453538,0.7597457028555784,0.9639383077935144,
CICIoT2023,binary,trades,aam_noGate,41,square_clean_subset,0,0.9165,0.9173873926166705,0.9024509633551494,0.8081401457764741,0.969812949849083,
CICIoT2023,binary,trades,aam_trans,41,clean,0,0.9122832509929284,0.9140690290864399,0.8976132605219664,0.7991352657807193,0.9685616152305521,
CICIoT2023,binary,trades,aam_trans,41,gaussian,0.05,0.9121379443960089,0.9136222518093677,0.8973953116596145,0.798598640971538,0.9683044403477626,
CICIoT2023,binary,trades,aam_trans,41,fgsm,0.05,0.9033226775162259,0.9044572920934044,0.8873990819438631,0.7791267932861676,0.9630308332195366,
CICIoT2023,binary,trades,aam_trans,41,pgd,0.05,0.9029836287900804,0.9041691246756793,0.8870281475417228,0.7784304083340412,0.9629391073785788,0.0
CICIoT2023,binary,trades,aam_trans,41,transfer_mlp,0.05,0.9053569698730989,0.9066290454731667,0.8897122439871015,0.7836526331324754,0.9644536449087351,
CICIoT2023,binary,trades,aam_trans,41,transfer_tf,0.05,0.9057444541315509,0.9070989348627612,0.8901637803474409,0.7845582006553466,0.964574161318221,
CICIoT2023,binary,trades,aam_trans,41,gaussian,0.1,0.9077303109561174,0.9052026150484773,0.891662771193551,0.7860667298514118,0.9664252014201831,
CICIoT2023,binary,trades,aam_trans,41,fgsm,0.1,0.8943136685072169,0.8932371978697256,0.8768434577174287,0.7578439587306413,0.9573218683144431,
CICIoT2023,binary,trades,aam_trans,41,pgd,0.1,0.8935871355226194,0.8925283353816742,0.8760337043495947,0.7562849118924645,0.9568866300241249,0.0
CICIoT2023,binary,trades,aam_trans,41,transfer_mlp,0.1,0.8983338176886564,0.8985304520005462,0.8816136204144165,0.7675703153556672,0.9601765726705814,
CICIoT2023,binary,trades,aam_trans,41,transfer_tf,0.1,0.8992056572701734,0.8996860917656698,0.882648738379308,0.7696845153356688,0.9604219411443398,
CICIoT2023,binary,trades,aam_trans,41,gaussian,0.2,0.8952823791533469,0.8749801652328281,0.8735079047619911,0.7470531295248845,0.9596761117938915,
CICIoT2023,binary,trades,aam_trans,41,fgsm,0.2,0.8499467209144629,0.8132634849105558,0.8162621220137274,0.632731483250055,0.9346849765578771,
CICIoT2023,binary,trades,aam_trans,41,pgd,0.2,0.8072750169524363,0.7641980062815785,0.7653025493422356,0.5306414640151869,0.9055680333651963,0.0
CICIoT2023,binary,trades,aam_trans,41,transfer_mlp,0.2,0.8111498595369563,0.7701759524784924,0.7706145608864274,0.5412346254791662,0.9105821157084983,
CICIoT2023,binary,trades,aam_trans,41,transfer_tf,0.2,0.8201588685459653,0.7835605967499659,0.7826262790097746,0.5652754858719927,0.9150309356365789,
CICIoT2023,binary,trades,aam_trans,41,pgd_constrained,0.1,0.8953792502179599,0.8944801993718421,0.8780748138167267,0.7602949595894816,0.958046742000091,1.0
CICIoT2023,binary,trades,aam_trans,41,square,0.1,0.898,0.8952673941645384,0.880891074887985,0.765014790632756,0.9636940349044192,
CICIoT2023,binary,trades,aam_trans,41,square_clean_subset,0,0.9115,0.9103349198978408,0.8964255400574224,0.7957307384122083,0.9695674676882593,
CICIoT2023,binary,trades,aam_v4d,41,clean,0,0.913106655042139,0.9139606718557969,0.8983780835588863,0.8002684142661307,0.9688101301834403,
CICIoT2023,binary,trades,aam_v4d,41,gaussian,0.05,0.9131550905744454,0.9135028676771815,0.8983425313318733,0.8000173100189194,0.9685129898948517,
CICIoT2023,binary,trades,aam_v4d,41,fgsm,0.05,0.9030320643223869,0.902825822750239,0.8868100350452912,0.7774651385639022,0.963263678364969,
CICIoT2023,binary,trades,aam_v4d,41,pgd,0.05,0.9027898866608544,0.9026551276799126,0.886551617412388,0.7769920008121134,0.9631692669215712,0.0
CICIoT2023,binary,trades,aam_v4d,41,transfer_mlp,0.05,0.9048726145500339,0.9053037689471528,0.8890059795740588,0.7819586581098869,0.9646008181983705,
CICIoT2023,binary,trades,aam_v4d,41,transfer_tf,0.05,0.9050663566792599,0.905489519322682,0.8892225673472169,0.7823747608939704,0.9648365310209842,
CICIoT2023,binary,trades,aam_v4d,41,gaussian,0.1,0.9083599728761019,0.9042689812918203,0.8920744741053162,0.7863861088487278,0.9667129534799036,
CICIoT2023,binary,trades,aam_v4d,41,fgsm,0.1,0.8945074106364429,0.8924882561791616,0.8768592688954268,0.757513345077268,0.9577152464836814,
CICIoT2023,binary,trades,aam_v4d,41,pgd,0.1,0.8931996512641673,0.891369725522327,0.875433923255287,0.7548252998455193,0.9571757590240794,0.0
CICIoT2023,binary,trades,aam_v4d,41,transfer_mlp,0.1,0.8986244308824954,0.8976530110610406,0.881700469727296,0.7672828768217564,0.9605711855341618,
CICIoT2023,binary,trades,aam_v4d,41,transfer_tf,0.1,0.8991572217378669,0.8982253174928307,0.8823071070410399,0.7684723232434626,0.9609895193226821,
CICIoT2023,binary,trades,aam_v4d,41,gaussian,0.2,0.8935871355226194,0.8715223610542127,0.8711022762193752,0.7422076429408326,0.9597823353361555,
CICIoT2023,binary,trades,aam_v4d,41,fgsm,0.2,0.8511091736898189,0.8132465178205653,0.8171451206448331,0.6346423113209114,0.9343248213391598,
CICIoT2023,binary,trades,aam_v4d,41,pgd,0.2,0.8074203235493558,0.764890755154991,0.7657246423401074,0.531469877434226,0.909169272611407,0.0
CICIoT2023,binary,trades,aam_v4d,41,transfer_mlp,0.2,0.8092124382446964,0.76428451454322,0.7665849711422242,0.5333292505120836,0.9123659873002868,
CICIoT2023,binary,trades,aam_v4d,41,transfer_tf,0.2,0.8151700087183958,0.7733538508807866,0.774725707398373,0.549504664856223,0.915645910146115,
CICIoT2023,binary,trades,aam_v4d,41,pgd_constrained,0.1,0.8950886370241209,0.893094701625017,0.8775167519245345,0.7587962264339693,0.9583857879284445,1.0
CICIoT2023,binary,trades,aam_v4d,41,square,0.1,0.8935,0.8910833139849856,0.8759099572355418,0.7554658977088798,0.963487249438898,
CICIoT2023,binary,trades,aam_v4d,41,square_clean_subset,0,0.9175,0.918093607305936,0.9035335654958858,0.8101394502429802,0.969608582927018,
CICIoT2023,binary,trades,transformer,42,clean,0,0.8994962704640124,0.9002352860849379,0.883026711675644,0.7705192119606246,0.9613745049842961,
CICIoT2023,binary,trades,transformer,42,gaussian,0.05,0.8991572217378669,0.8996027584323365,0.8825873722875643,0.769551906950382,0.9613154672493057,
CICIoT2023,binary,trades,transformer,42,fgsm,0.05,0.8867092899350963,0.8855652396558787,0.8683332988563989,0.7413719854996281,0.9536837930720561,
CICIoT2023,binary,trades,transformer,42,pgd,0.05,0.8867092899350963,0.8855652396558787,0.8683332988563989,0.7413719854996281,0.953593501069689,0.0
CICIoT2023,binary,trades,transformer,42,transfer_mlp,0.05,0.8905356969873099,0.8899348286221493,0.8727214293052041,0.7500686453321909,0.9562775331148438,
CICIoT2023,binary,trades,transformer,42,transfer_tf,0.05,0.8902450837934709,0.8895824115799535,0.8723835215953948,0.7493907449395385,0.9562671377850609,
CICIoT2023,binary,trades,transformer,42,gaussian,0.1,0.8982369466240434,0.8981670080568074,0.8814505292847057,0.7671489506965855,0.9610654046611133,
CICIoT2023,binary,trades,transformer,42,fgsm,0.1,0.8737285672769544,0.869577973508125,0.8531852862978762,0.7108852742651234,0.945231792525832,
CICIoT2023,binary,trades,transformer,42,pgd,0.1,0.8730504698246634,0.8689032500341389,0.8524341568766349,0.7094352557257321,0.9446893804906915,0.0
CICIoT2023,binary,trades,transformer,42,transfer_mlp,0.1,0.8816235590429139,0.8797668988119622,0.8625093090397151,0.7298334396427463,0.9507549330875325,
CICIoT2023,binary,trades,transformer,42,transfer_tf,0.1,0.8813813813813813,0.8790550662296873,0.8621295933483677,0.7289061019775692,0.9508556830078747,
CICIoT2023,binary,trades,transformer,42,gaussian,0.2,0.8961057832025574,0.8927293458964906,0.8783641716440722,0.759941356944957,0.9599603361554917,
CICIoT2023,binary,trades,transformer,42,fgsm,0.2,0.8428751331977138,0.830023077973508,0.8166363657947193,0.6368125004394006,0.9252830465656152,
CICIoT2023,binary,trades,transformer,42,pgd,0.2,0.8366269495301754,0.8227166803222723,0.8094343581502503,0.6224616189514055,0.92046258933042,0.0
CICIoT2023,binary,trades,transformer,42,transfer_mlp,0.2,0.8593916497142303,0.8521920660931313,0.8365158749991308,0.677443385280946,0.9377144555965223,
CICIoT2023,binary,trades,transformer,42,transfer_tf,0.2,0.8647679938002518,0.8607041513041103,0.8432988683607272,0.6918376377298264,0.9398118940325004,
CICIoT2023,binary,trades,transformer,42,pgd_constrained,0.1,0.8744066647292453,0.8705478628977195,0.8540105947276284,0.7125979992020666,0.9459036483226364,1.0
CICIoT2023,binary,trades,transformer,42,square,0.1,0.8755,0.8720550594323095,0.8559374178257485,0.7163248234294105,0.9547701978826448,
CICIoT2023,binary,trades,transformer,42,square_clean_subset,0,0.9085,0.9118413707710467,0.8941226805707307,0.7929261804654207,0.9640054446964245,
CICIoT2023,binary,trades,ft,42,clean,0,0.909328683522232,0.9036727092721561,0.8928719739480403,0.7875080274095204,0.9676289316764531,
CICIoT2023,binary,trades,ft,42,gaussian,0.05,0.9089896347960864,0.9036797077700396,0.8925532410814827,0.7869771435561275,0.9672942612317356,
CICIoT2023,binary,trades,ft,42,fgsm,0.05,0.8995447059963189,0.893431414720743,0.8816611533740378,0.7654877731719149,0.9623868462378806,
CICIoT2023,binary,trades,ft,42,pgd,0.05,0.8993509638670929,0.8931964700259456,0.8814329203043638,0.7650306482842987,0.9622631549000864,0.0
CICIoT2023,binary,trades,ft,42,transfer_mlp,0.05,0.9012399496270465,0.8954133893213163,0.8836427042878656,0.7694361416286274,0.9636047271154811,
CICIoT2023,binary,trades,ft,42,transfer_tf,0.05,0.9016758694178049,0.895917417724976,0.8841511548392365,0.7704476950141956,0.9636980461104283,
CICIoT2023,binary,trades,ft,42,gaussian,0.1,0.9058897607284704,0.896427795985252,0.8881770188377499,0.777416115450432,0.9656354863671537,
CICIoT2023,binary,trades,ft,42,fgsm,0.1,0.8920371984888114,0.8837615731257682,0.8726870348614355,0.7473614167071315,0.9571359529336791,
CICIoT2023,binary,trades,ft,42,pgd,0.1,0.8902935193257774,0.8816962651918612,0.8706423566091231,0.7432795615167275,0.9563788178797396,0.0
CICIoT2023,binary,trades,ft,42,transfer_mlp,0.1,0.8935386999903129,0.8857545746278848,0.8744967580826244,0.7510315889440113,0.9592762073831307,
CICIoT2023,binary,trades,ft,42,transfer_tf,0.1,0.8945074106364429,0.8869292981018708,0.8756387348061674,0.7533186763702296,0.9595015817743183,
CICIoT2023,binary,trades,ft,42,gaussian,0.2,0.8902450837934709,0.8632142564522736,0.8659057456023815,0.7319441228840325,0.959599537985343,
CICIoT2023,binary,trades,ft,42,fgsm,0.2,0.8463140559914754,0.8036682712003278,0.8097508771319957,0.6204143429866931,0.9356646922936867,
CICIoT2023,binary,trades,ft,42,pgd,0.2,0.8137653782815073,0.7688218284855933,0.77169159654389,0.5436255142258547,0.9060180652282762,0.0
CICIoT2023,binary,trades,ft,42,transfer_mlp,0.2,0.8152184442507023,0.7678782261368292,0.7721874800456676,0.5449312903188182,0.9098237345805453,
CICIoT2023,binary,trades,ft,42,transfer_tf,0.2,0.8245665019858568,0.7808131230370067,0.784437111303361,0.5692362792385239,0.9167860451090173,
CICIoT2023,binary,trades,ft,42,pgd_constrained,0.1,0.8924731182795699,0.8836752696982111,0.8730595336322393,0.7479479774024679,0.9574761026901543,1.0
CICIoT2023,binary,trades,ft,42,square,0.1,0.892,0.887217863812662,0.8739960518762921,0.7508528280098045,0.9631699321583109,
CICIoT2023,binary,trades,ft,42,square_clean_subset,0,0.915,0.9129559903114304,0.9004772409012781,0.8032928005348002,0.9699685688140424,
CICIoT2023,binary,trades,aam_noGate,42,clean,0,0.9104911362975879,0.9095098661750649,0.8950831470656136,0.7932282353915788,0.9678096806864217,
CICIoT2023,binary,trades,aam_noGate,42,gaussian,0.05,0.9098614743776035,0.9086725044380719,0.8943312989627672,0.7916972828591485,0.9675197039009513,
CICIoT2023,binary,trades,aam_noGate,42,fgsm,0.05,0.9011430785624334,0.8990838795575584,0.8843117439842987,0.7719451063066541,0.9624031817561108,
CICIoT2023,binary,trades,aam_noGate,42,pgd,0.05,0.9011915140947399,0.8991180185716237,0.8843634256253138,0.7720403353520101,0.9623231086986208,0.0
CICIoT2023,binary,trades,aam_noGate,42,transfer_mlp,0.05,0.9033711130485323,0.9020317151440667,0.8869679672170203,0.777353648588815,0.9638003493559105,
CICIoT2023,binary,trades,aam_noGate,42,transfer_tf,0.05,0.9033226775162259,0.9017516045336611,0.8868673320715151,0.7770758925031225,0.9638348582092948,
CICIoT2023,binary,trades,aam_noGate,42,gaussian,0.1,0.9055991475346314,0.899322204014748,0.8885005296529462,0.7787985794877785,0.9656673551367836,
CICIoT2023,binary,trades,aam_noGate,42,fgsm,0.1,0.8917465852949724,0.8875414789020892,0.8732825195352687,0.7497889753791237,0.9564473803996539,
CICIoT2023,binary,trades,aam_noGate,42,pgd,0.1,0.8908263101811489,0.8866960603577769,0.8722660549443377,0.7478421754804949,0.955989291729255,0.0
CICIoT2023,binary,trades,aam_noGate,42,transfer_mlp,0.1,0.8965901385256224,0.8943005940188448,0.8791401051518026,0.7618328574763116,0.9594593859529337,
CICIoT2023,binary,trades,aam_noGate,42,transfer_tf,0.1,0.8968807517194614,0.8943578451454322,0.8794174609766746,0.7622862880932668,0.9594302767536073,
CICIoT2023,binary,trades,aam_noGate,42,gaussian,0.2,0.8886951467596629,0.8610395329782876,0.8639297040914022,0.7280138579157991,0.9589590730119714,
CICIoT2023,binary,trades,aam_noGate,42,fgsm,0.2,0.8464109270560883,0.8067374027038099,0.8110548490437317,0.6225572664253657,0.9322865401247212,
CICIoT2023,binary,trades,aam_noGate,42,pgd,0.2,0.8123123123123123,0.7702573740270381,0.7714140785269945,0.542866640033675,0.9100330977741362,0.0
CICIoT2023,binary,trades,aam_noGate,42,transfer_mlp,0.2,0.8042720139494333,0.7549974054349311,0.7588919616490348,0.5182755051592982,0.9108996483681552,
CICIoT2023,binary,trades,aam_noGate,42,transfer_tf,0.2,0.8152184442507023,0.7703379421002321,0.7733573287318094,0.5469807866825591,0.9174971209431471,
CICIoT2023,binary,trades,aam_noGate,42,pgd_constrained,0.1,0.8937324421195388,0.8894331216714462,0.8754937664704266,0.7540507891439997,0.9571756053985161,1.0
CICIoT2023,binary,trades,aam_noGate,42,square,0.1,0.8975,0.8960896084183012,0.880882895975033,0.7654177803393852,0.9642526020850438,
CICIoT2023,binary,trades,aam_noGate,42,square_clean_subset,0,0.9165,0.9170051517244955,0.902623196962077,0.8082995607908016,0.9705279884643809,
CICIoT2023,binary,trades,aam_trans,42,clean,0,0.9105880073622009,0.9074135941554008,0.8947822950594905,0.7919373084274124,0.9680340707360373,
CICIoT2023,binary,trades,aam_trans,42,gaussian,0.05,0.9101036520391359,0.9067278437798716,0.8941936145134013,0.7907294962891297,0.967719878009923,
CICIoT2023,binary,trades,aam_trans,42,fgsm,0.05,0.9006587232393684,0.896479550730575,0.8833290860694842,0.7693240179147851,0.9627236788201556,
CICIoT2023,binary,trades,aam_trans,42,pgd,0.05,0.9006102877070619,0.8964454117165096,0.8832773188007981,0.7692278372940606,0.9626453297828759,0.0
CICIoT2023,binary,trades,aam_trans,42,transfer_mlp,0.05,0.9025477089993219,0.898942441622286,0.8855826994455845,0.7738923449192222,0.9641672925485911,
CICIoT2023,binary,trades,aam_trans,42,transfer_tf,0.05,0.9027898866608544,0.8992115253311485,0.8858620376826545,0.7744444052971051,0.9641439926714915,
CICIoT2023,binary,trades,aam_trans,42,gaussian,0.1,0.9059381962607769,0.8980853475351631,0.8885650764148165,0.7785316562353226,0.966092585006145,
CICIoT2023,binary,trades,aam_trans,42,fgsm,0.1,0.8931996512641673,0.8875325686194182,0.8745908024329673,0.7518464146783471,0.9573626132277299,
CICIoT2023,binary,trades,aam_trans,42,pgd,0.1,0.8927152959411024,0.8869452068824253,0.8740220532376519,0.7507068825413433,0.9568617597523783,0.0
CICIoT2023,binary,trades,aam_trans,42,transfer_mlp,0.1,0.8970744938486874,0.8923298511538986,0.8791619698658428,0.761035301783856,0.9601209715963402,
CICIoT2023,binary,trades,aam_trans,42,transfer_tf,0.1,0.8971229293809939,0.8920688242523556,0.8791499860311252,0.7609137089712364,0.9600763746642997,
CICIoT2023,binary,trades,aam_trans,42,gaussian,0.2,0.8896154218734864,0.8616881742455278,0.8649249392809015,0.730043305245088,0.9590645341162547,
CICIoT2023,binary,trades,aam_trans,42,fgsm,0.2,0.8601181826988279,0.82102300969548,0.8270660889523507,0.6549549786729805,0.9388411170285402,
CICIoT2023,binary,trades,aam_trans,42,pgd,0.2,0.8035454809648358,0.7542885429468797,0.7580846137931532,0.516637995248299,0.90216526696709,0.0
CICIoT2023,binary,trades,aam_trans,42,transfer_mlp,0.2,0.8036423520294488,0.7548487641676909,0.7584285294434755,0.5172715097494398,0.90602477354454,
CICIoT2023,binary,trades,aam_trans,42,transfer_tf,0.2,0.8141044270076528,0.7695035504574628,0.7722348895490516,0.5446881299039741,0.9135991510765169,
CICIoT2023,binary,trades,aam_trans,42,pgd_constrained,0.1,0.8943621040395234,0.888450293595521,0.8758468625316849,0.75421505614556,0.9579414629705494,1.0
CICIoT2023,binary,trades,aam_trans,42,square,0.1,0.8995,0.8994967634438549,0.8834090159633939,0.7708505215308893,0.9652183243693568,
CICIoT2023,binary,trades,aam_trans,42,square_clean_subset,0,0.9175,0.9162190706641059,0.9034475373416649,0.80931677046941,0.9712875453172114,
CICIoT2023,binary,trades,aam_v4d,42,clean,0,0.911944202266783,0.9098453161272703,0.8965242353830832,0.7956622340687869,0.9684874652920022,
CICIoT2023,binary,trades,aam_v4d,42,gaussian,0.05,0.9113145403467984,0.9093523146251536,0.8958346265200343,0.7943640309059807,0.9681844018844735,
CICIoT2023,binary,trades,aam_v4d,42,fgsm,0.05,0.9029836287900804,0.9001351904956985,0.8862288085810095,0.775396642754541,0.9632459488369977,
CICIoT2023,binary,trades,aam_v4d,42,pgd,0.05,0.9022570958054829,0.8994263280076471,0.885411755400099,0.7738148884115311,0.9631335176840092,0.0
CICIoT2023,binary,trades,aam_v4d,42,transfer_mlp,0.05,0.9039523394362105,0.9014574969274887,0.8873942595059414,0.7777797475412037,0.9645100823888205,
CICIoT2023,binary,trades,aam_v4d,42,transfer_tf,0.05,0.9044366947592754,0.9019464700259456,0.8879425894510702,0.7788467170659622,0.9645523578679047,
CICIoT2023,binary,trades,aam_v4d,42,gaussian,0.1,0.9066647292453744,0.8987450157039465,0.8893806611742887,0.7801146820986729,0.9662559174291045,
CICIoT2023,binary,trades,aam_v4d,42,fgsm,0.1,0.8943136685072169,0.8893016523282807,0.875991200329049,0.7547811645156245,0.9575843290545769,
CICIoT2023,binary,trades,aam_v4d,42,pgd,0.1,0.8927152959411024,0.8875355387136419,0.8741541949860655,0.7511540752905795,0.9566704504073921,0.0
CICIoT2023,binary,trades,aam_v4d,42,transfer_mlp,0.1,0.8969291872517678,0.8929161545814557,0.8791550919518145,0.7612610564061704,0.9597461081523965,
CICIoT2023,binary,trades,aam_v4d,42,transfer_tf,0.1,0.8982369466240434,0.8942314625153626,0.8806311348377984,0.7641326796998493,0.9597781134780828,
CICIoT2023,binary,trades,aam_v4d,42,gaussian,0.2,0.8908263101811489,0.8642142564522737,0.8666964691299588,0.7335051935016218,0.9599724725749921,
CICIoT2023,binary,trades,aam_v4d,42,fgsm,0.2,0.8457328296037974,0.7994706404479038,0.8075837109780111,0.6168504265327843,0.9322681960944967,
CICIoT2023,binary,trades,aam_v4d,42,pgd,0.2,0.8060641286447738,0.7618195070326369,0.763390279358469,0.5268554826778075,0.9040659679548455,0.0
CICIoT2023,binary,trades,aam_v4d,42,transfer_mlp,0.2,0.8062094352416933,0.7591178478765532,0.7621615473125161,0.5246130704519014,0.9068327017615732,
CICIoT2023,binary,trades,aam_v4d,42,transfer_tf,0.2,0.8165262036229778,0.7733750512085211,0.7756350619466833,0.551415646787874,0.9139560289498838,
CICIoT2023,binary,trades,aam_v4d,42,pgd_constrained,0.1,0.8947980238302818,0.8892986822340571,0.8764297564758246,0.7554786126738939,0.9578499590331833,1.0
CICIoT2023,binary,trades,aam_v4d,42,square,0.1,0.9,0.9008464839148767,0.8841385702699571,0.7726009043078789,0.9653063365126213,
CICIoT2023,binary,trades,aam_v4d,42,square_clean_subset,0,0.9185,0.918420579891516,0.9047874672268824,0.8123099260341664,0.9715588156217938,
CICIoT2023,binary,trades,transformer,43,clean,0,0.8981400755594304,0.904985934726205,0.8827166769510929,0.7727183329204939,0.9605490577632119,
CICIoT2023,binary,trades,transformer,43,gaussian,0.05,0.8975588491717524,0.9039859347262051,0.8819901172717111,0.7711141826204714,0.9605007169192953,
CICIoT2023,binary,trades,transformer,43,fgsm,0.05,0.8832703671413349,0.8877656356684418,0.8657741993961616,0.7390671570890911,0.9522963550912649,
CICIoT2023,binary,trades,transformer,43,pgd,0.05,0.8828828828828829,0.8872957462788476,0.8653286365725803,0.7381715650526404,0.9521971926350767,0.0
CICIoT2023,binary,trades,transformer,43,transfer_mlp,0.05,0.8888888888888888,0.8943822545404889,0.8721937190773176,0.7518730982307575,0.9552046463198143,
CICIoT2023,binary,trades,transformer,43,transfer_tf,0.05,0.8888888888888888,0.8942346715826848,0.8721628167554443,0.7517382891474134,0.9550955778597114,
CICIoT2023,binary,trades,transformer,43,gaussian,0.1,0.8967838806548484,0.9021114638809231,0.8809134843007995,0.7685039761991359,0.9603260275843233,
CICIoT2023,binary,trades,transformer,43,fgsm,0.1,0.8683522231909329,0.8692813396149119,0.8485224561477159,0.7042023750566766,0.9431877531976877,
CICIoT2023,binary,trades,transformer,43,pgd,0.1,0.8671413348832704,0.8678867267513315,0.8471476641020679,0.7014744349754569,0.9425831228094133,0.0
CICIoT2023,binary,trades,transformer,43,transfer_mlp,0.1,0.8786205560399108,0.8816842141198962,0.8603262144300181,0.7279014945167386,0.9494769163366562,
CICIoT2023,binary,trades,transformer,43,transfer_tf,0.1,0.8791533468952824,0.881961354636078,0.8608550209191521,0.7287871402101458,0.949218768491966,
CICIoT2023,binary,trades,transformer,43,gaussian,0.2,0.8953308146856533,0.8981848286221494,0.8787992854146349,0.763276871144412,0.9592500568983569,
CICIoT2023,binary,trades,transformer,43,fgsm,0.2,0.8373534825147728,0.8291812781646866,0.8120761483618446,0.6298625828441675,0.9237485434020666,
CICIoT2023,binary,trades,transformer,43,pgd,0.2,0.8315896541702993,0.8223146592926396,0.8054564641108306,0.6166196002118021,0.9195888524739405,0.0
CICIoT2023,binary,trades,transformer,43,transfer_mlp,0.2,0.8598275695049888,0.858501024170422,0.8385964492578365,0.6840469499526731,0.9384261914515908,
CICIoT2023,binary,trades,transformer,43,transfer_tf,0.2,0.8620556039910878,0.8628754950157039,0.8415957357174194,0.6908719184962322,0.9388156379443762,
CICIoT2023,binary,trades,transformer,43,pgd_constrained,0.1,0.8703380800154994,0.8716649255769493,0.8508014201163625,0.7087708424746163,0.9440737630297236,1.0
CICIoT2023,binary,trades,transformer,43,square,0.1,0.8385,0.8413186607499887,0.8163194222307523,0.6438331365789992,0.9343197704309524,
CICIoT2023,binary,trades,transformer,43,square_clean_subset,0,0.879,0.8907991282988093,0.8624360640343068,0.7369508015641072,0.9469273505364268,
CICIoT2023,binary,trades,ft,43,clean,0,0.9093771190545384,0.9080359483818108,0.8937542408147334,0.7905247737283191,0.9673507214711639,
CICIoT2023,binary,trades,ft,43,gaussian,0.05,0.909328683522232,0.9081001980062815,0.8937205905339982,0.7904976819022188,0.9670555384860484,
CICIoT2023,binary,trades,ft,43,fgsm,0.05,0.901288385159353,0.8994322681960945,0.8845167297772671,0.7724147945609279,0.9620780702353315,
CICIoT2023,binary,trades,ft,43,pgd,0.05,0.9010462074978204,0.8992123788065001,0.8842483995109636,0.7719022841664309,0.9619469309026356,0.0
CICIoT2023,binary,trades,ft,43,transfer_mlp,0.05,0.9024508379347089,0.9008911306841458,0.8858865454229303,0.7751774649321964,0.9631263086622058,
CICIoT2023,binary,trades,ft,43,transfer_tf,0.05,0.9024024024024024,0.9009553803086167,0.8858545182468203,0.775155751081398,0.9632406117711321,
CICIoT2023,binary,trades,ft,43,gaussian,0.1,0.9054538409377119,0.9000068960808412,0.8885033752047171,0.7790299036929562,0.9657263359734172,
CICIoT2023,binary,trades,ft,43,fgsm,0.1,0.8943621040395234,0.8916971186672129,0.8765573346944242,0.7566895102889608,0.9567504722563611,
CICIoT2023,binary,trades,ft,43,pgd,0.1,0.8932480867964739,0.8906167554281033,0.8753144773205428,0.7542930794769839,0.9562381366926123,0.0
CICIoT2023,binary,trades,ft,43,transfer_mlp,0.1,0.8966870095902354,0.8946640379625836,0.8793052127695498,0.7622504139490411,0.958979408484683,
CICIoT2023,binary,trades,ft,43,transfer_tf,0.1,0.8972682359779134,0.8956640379625836,0.8800459993770797,0.7638408401256894,0.9592399745095362,
CICIoT2023,binary,trades,ft,43,gaussian,0.2,0.8887435822919694,0.8637793595520962,0.8647292366981829,0.7294748537019421,0.9580153284173153,
CICIoT2023,binary,trades,ft,43,fgsm,0.2,0.8487358326068003,0.8062115253311484,0.8125910401144318,0.6261740906685965,0.9344020096499612,
CICIoT2023,binary,trades,ft,43,pgd,0.2,0.8078562433401143,0.7621479584869589,0.7646871353443412,0.5295713562238684,0.9092663696572443,0.0
CICIoT2023,binary,trades,ft,43,transfer_mlp,0.2,0.8057250799186283,0.7579401543083436,0.7612735627320288,0.5228985153508963,0.9131556795939734,
CICIoT2023,binary,trades,ft,43,transfer_tf,0.2,0.8145403467984114,0.7712866311620921,0.7733555086190366,0.546834291805321,0.9189979345896491,
CICIoT2023,binary,trades,ft,43,pgd_constrained,0.1,0.8952823791533469,0.8924933428922572,0.8775642342253382,0.7585967897848969,0.957153250034139,1.0
CICIoT2023,binary,trades,ft,43,square,0.1,0.87,0.8706498500776048,0.850018747656543,0.7070030678756377,0.9452281895427457,
CICIoT2023,binary,trades,ft,43,square_clean_subset,0,0.8935,0.8938395082885754,0.8760185902265978,0.7568718886679944,0.9536109601961206,
CICIoT2023,binary,trades,aam_noGate,43,clean,0,0.9106848784268139,0.9100891711047385,0.8953739204320804,0.7939254913668443,0.9679253834949245,
CICIoT2023,binary,trades,aam_noGate,43,gaussian,0.05,0.9097646033129904,0.9088501980062815,0.8942729306415134,0.7916778732874129,0.967651361008694,
CICIoT2023,binary,trades,aam_noGate,43,fgsm,0.05,0.900707158771675,0.899612931858528,0.8840166686409965,0.771722415493435,0.9622341936364877,
CICIoT2023,binary,trades,aam_noGate,43,pgd,0.05,0.9005618521747554,0.8994613204970641,0.8838519222534573,0.7714009126135447,0.9621482771177569,0.0
CICIoT2023,binary,trades,aam_noGate,43,transfer_mlp,0.05,0.9027898866608544,0.9019664072101599,0.8864153452810353,0.7764699733437214,0.9635956119987255,
CICIoT2023,binary,trades,aam_noGate,43,transfer_tf,0.05,0.9027898866608544,0.902163184487232,0.8864543633525032,0.7766184899879442,0.9636339045928353,
CICIoT2023,binary,trades,aam_noGate,43,gaussian,0.1,0.9069069069069069,0.9021133415266968,0.8902853079913012,0.7826925658464902,0.9661889708225226,
CICIoT2023,binary,trades,aam_noGate,43,fgsm,0.1,0.8927152959411024,0.8897000887614366,0.8746329648547224,0.7528316019474951,0.9567521507578861,
CICIoT2023,binary,trades,aam_noGate,43,pgd,0.1,0.8923278116826504,0.8891810050525741,0.8741693514603189,0.7518850092105394,0.956354812463016,0.0
CICIoT2023,binary,trades,aam_noGate,43,transfer_mlp,0.1,0.8969776227840744,0.8955083981974601,0.8797478769355178,0.763314053237372,0.9595897571578133,
CICIoT2023,binary,trades,aam_noGate,43,transfer_tf,0.1,0.8978494623655914,0.8968116209203878,0.8808165038016674,0.7655463978946997,0.9597201625017069,
CICIoT2023,binary,trades,aam_noGate,43,gaussian,0.2,0.8932965223287804,0.8700384746688516,0.8704574409496648,0.7409179827655462,0.95921947403159,
CICIoT2023,binary,trades,aam_noGate,43,fgsm,0.2,0.8524169330620943,0.8128892188993582,0.8180107652545137,0.6366343850513977,0.9366610678683599,
CICIoT2023,binary,trades,aam_noGate,43,pgd,0.2,0.8052891601278698,0.757485320223952,0.7607747588289495,0.5218925593708028,0.9086462344667485,0.0
CICIoT2023,binary,trades,aam_noGate,43,transfer_mlp,0.2,0.8081952920662598,0.7607143247303018,0.7641999146116835,0.5287778120027105,0.9134253379762393,
CICIoT2023,binary,trades,aam_noGate,43,transfer_tf,0.2,0.8173980432044948,0.7751702171241295,0.7770389035580945,0.554175954899686,0.9189763644225954,
CICIoT2023,binary,trades,aam_noGate,43,pgd_constrained,0.1,0.8940230553133779,0.8908678137375392,0.8760704696928981,0.7555685111175896,0.9573506475032999,1.0
CICIoT2023,binary,trades,aam_noGate,43,square,0.1,0.8685,0.8690825624514591,0.8483520101575324,0.7037735236715457,0.9459939058703704,
CICIoT2023,binary,trades,aam_noGate,43,square_clean_subset,0,0.8965,0.8995325484133263,0.8799286880817042,0.765575289772396,0.9542320412174161,
CICIoT2023,binary,trades,aam_trans,43,clean,0,0.9107333139591204,0.9100249214802676,0.8954079501730055,0.7939525513629554,0.9676589569393235,
CICIoT2023,binary,trades,aam_trans,43,gaussian,0.05,0.9098614743776035,0.9093612249078247,0.89445972479352,0.7921846050347585,0.9673829885292913,
CICIoT2023,binary,trades,aam_trans,43,fgsm,0.05,0.9011430785624334,0.8999693773043835,0.8844911408662646,0.77261235308021,0.9620860360052802,
CICIoT2023,binary,trades,aam_trans,43,pgd,0.05,0.9006102877070619,0.8995938481496655,0.8839234393432016,0.7715707323854089,0.9619623674268286,0.0
CICIoT2023,binary,trades,aam_trans,43,transfer_mlp,0.05,0.9024508379347089,0.9016290454731667,0.8860338761964293,0.7757314805042138,0.9633458111429742,
CICIoT2023,binary,trades,aam_trans,43,transfer_tf,0.05,0.9026930155962414,0.9018981291820292,0.8863119272800266,0.7762801529782618,0.963388638536119,
CICIoT2023,binary,trades,aam_trans,43,gaussian,0.1,0.9067131647776809,0.9021735627475078,0.8901155251428996,0.7824347213129527,0.9658905958395922,
CICIoT2023,binary,trades,aam_trans,43,fgsm,0.1,0.8931996512641673,0.8903858391369657,0.875220407990273,0.7540437661219689,0.956511664163139,
CICIoT2023,binary,trades,aam_trans,43,pgd,0.1,0.8923762472149569,0.8895595043015158,0.8742961745037414,0.7522514947344652,0.956067140060995,0.0
CICIoT2023,binary,trades,aam_trans,43,transfer_mlp,0.1,0.8964932674610094,0.8951178137375393,0.8792238497158619,0.7623348634675435,0.9591913833128499,
CICIoT2023,binary,trades,aam_trans,43,transfer_tf,0.1,0.8970260583163809,0.896034480404206,0.8799019589870518,0.7637940242197407,0.9593258511994175,
CICIoT2023,binary,trades,aam_trans,43,gaussian,0.2,0.8892279376150344,0.8654489963129866,0.8656108391317037,0.731222149262634,0.9574151076516911,
CICIoT2023,binary,trades,aam_trans,43,fgsm,0.2,0.8438438438438438,0.8020255701215349,0.8072486058958797,0.6151724940098149,0.9324482168054987,
CICIoT2023,binary,trades,aam_trans,43,pgd,0.2,0.8054829022570958,0.7599340092858118,0.7621064553948111,0.5243587013672867,0.9082794619691382,0.0
CICIoT2023,binary,trades,aam_trans,43,transfer_mlp,0.2,0.8040298362879008,0.7573356206472757,0.7599156159181264,0.5200410498519448,0.9122331239473804,
CICIoT2023,binary,trades,aam_trans,43,transfer_tf,0.2,0.8128451031676838,0.7712232350129729,0.7722106363894976,0.5444491183718749,0.9176504392553144,
CICIoT2023,binary,trades,aam_trans,43,pgd_constrained,0.1,0.8941683619102974,0.8913145910146114,0.8762990180371082,0.7561201483711226,0.9571096203741637,1.0
CICIoT2023,binary,trades,aam_trans,43,square,0.1,0.87,0.8701381571031128,0.8498921532855144,0.7065114718165586,0.9456693879981866,
CICIoT2023,binary,trades,aam_trans,43,square_clean_subset,0,0.8955,0.8983171256710654,0.8787685787878077,0.7632463240303111,0.9541785626167565,
CICIoT2023,binary,trades,aam_v4d,43,clean,0,0.9111207982175724,0.9108883654240065,0.8959342262203703,0.7951398854400205,0.9678376063999271,
CICIoT2023,binary,trades,aam_v4d,43,gaussian,0.05,0.9101036520391359,0.9096795029359552,0.8947478429323374,0.7927704308079674,0.9675640789294006,
CICIoT2023,binary,trades,aam_v4d,43,fgsm,0.05,0.9012399496270465,0.9001360439710502,0.8846142457560846,0.7728766243778088,0.9621477308935319,
CICIoT2023,binary,trades,aam_v4d,43,pgd,0.05,0.9011430785624334,0.9000185716236515,0.8845010669878219,0.772649722471112,0.9620635896035323,0.0
CICIoT2023,binary,trades,aam_v4d,43,transfer_mlp,0.05,0.902838322193161,0.9024924894169056,0.8865644526133962,0.7769369082692454,0.963478014474942,
CICIoT2023,binary,trades,aam_v4d,43,transfer_tf,0.05,0.9031289353869999,0.9027465178205654,0.8868843542916145,0.7775426310453741,0.9635524830442898,
CICIoT2023,binary,trades,aam_v4d,43,gaussian,0.1,0.9067616003099874,0.9022568960808411,0.890177448355149,0.7825656650291839,0.9661620465200966,
CICIoT2023,binary,trades,aam_v4d,43,fgsm,0.1,0.8928121670057154,0.89045708725932,0.8748857788708514,0.7535652422287396,0.9563498679958122,
CICIoT2023,binary,trades,aam_v4d,43,pgd,0.1,0.8917950208272789,0.8892482247712685,0.8737039275493628,0.751204397603432,0.9558146251536255,0.0
CICIoT2023,binary,trades,aam_v4d,43,transfer_mlp,0.1,0.8956698634117989,0.8940947016250171,0.8782578622785231,0.7603889453628259,0.9589900086485501,
CICIoT2023,binary,trades,aam_v4d,43,transfer_tf,0.1,0.8966385740579289,0.8958105626109518,0.8795014116790404,0.7630821952896796,0.9591468717283446,
CICIoT2023,binary,trades,aam_v4d,43,gaussian,0.2,0.8916497142303594,0.8673035299740544,0.8682626480164716,0.7365417574046259,0.9589558980836633,
CICIoT2023,binary,trades,aam_v4d,43,fgsm,0.2,0.8540153056282088,0.817951351904957,0.8211531553082633,0.642537377571749,0.9357465007510583,
CICIoT2023,binary,trades,aam_v4d,43,pgd,0.2,0.8089702605831638,0.7654912604123993,0.7670060219407848,0.5340801445483415,0.908301293868633,0.0
CICIoT2023,binary,trades,aam_v4d,43,transfer_mlp,0.2,0.8063547418386128,0.7604993172197188,0.7629325799964283,0.5260478459064486,0.9133788065000683,
CICIoT2023,binary,trades,aam_v4d,43,transfer_tf,0.2,0.8151215731860894,0.7743527925713506,0.7751491766479959,0.5503161147011871,0.9179541740634529,
CICIoT2023,binary,trades,aam_v4d,43,pgd_constrained,0.1,0.8941683619102974,0.891708145568756,0.876384047795326,0.7564287340609199,0.9568941064682052,1.0
CICIoT2023,binary,trades,aam_v4d,43,square,0.1,0.8685,0.8680591765024752,0.8480958994267787,0.702785560642805,0.9456353561614034,
CICIoT2023,binary,trades,aam_v4d,43,square_clean_subset,0,0.896,0.8996923765039337,0.8795041130807555,0.7650612886134549,0.9541980093806327,
CICIoT2023,binary,trades,transformer,44,clean,0,0.8978978978978979,0.9030934384814966,0.8821265793624831,0.7707678229849134,0.961235758341299,
CICIoT2023,binary,trades,transformer,44,gaussian,0.05,0.8980916400271239,0.9038203263689745,0.8824462969471195,0.7716411617645803,0.9612466885156357,
CICIoT2023,binary,trades,transformer,44,fgsm,0.05,0.8874842584520004,0.891867199235286,0.8704054228847173,0.7478839535730936,0.9534077279348172,
CICIoT2023,binary,trades,transformer,44,pgd,0.05,0.8873873873873874,0.8917989212071555,0.8703043528141152,0.7477045077319237,0.9533082070189812,0.0
CICIoT2023,binary,trades,transformer,44,transfer_mlp,0.05,0.8902935193257774,0.8949295370749693,0.8735693421270185,0.7540763194696934,0.9559169113296009,
CICIoT2023,binary,trades,transformer,44,transfer_tf,0.05,0.8902935193257774,0.8949787313942373,0.8735796069073565,0.7541204281784881,0.9558222438435978,
CICIoT2023,binary,trades,transformer,44,gaussian,0.1,0.8963479608640899,0.9019517957121399,0.8804836111558108,0.7678151689172295,0.9609355569211161,
CICIoT2023,binary,trades,transformer,44,fgsm,0.1,0.8755691175046014,0.8772213232281851,0.8566351950010951,0.7201217215116118,0.9447823353361554,
CICIoT2023,binary,trades,transformer,44,pgd,0.1,0.8748910200523103,0.876448211115663,0.8558656062896874,0.7185984701284357,0.9442086064454458,0.0
CICIoT2023,binary,trades,transformer,44,transfer_mlp,0.1,0.8822047854305919,0.8860798852929127,0.8644615943161313,0.7362364219876213,0.9502169306750421,
CICIoT2023,binary,trades,transformer,44,transfer_tf,0.1,0.8822047854305919,0.8857847193773043,0.8643959168815977,0.7359616888920519,0.9500575242386999,
CICIoT2023,binary,trades,transformer,44,gaussian,0.2,0.8962026542671704,0.8990944967909327,0.8797789297853839,0.7651792394624001,0.9600062076107242,
CICIoT2023,binary,trades,transformer,44,fgsm,0.2,0.8503826407052214,0.8453010719650417,0.8272223252980304,0.6604166526119722,0.9259652237243389,
CICIoT2023,binary,trades,transformer,44,pgd,0.2,0.8462171849268624,0.8401021780690974,0.8223684006754922,0.6506049343373108,0.9221772099321772,0.0
CICIoT2023,binary,trades,transformer,44,transfer_mlp,0.2,0.8661726242371404,0.8660232828075926,0.845858882234384,0.6985604826842965,0.9381427010787928,
CICIoT2023,binary,trades,transformer,44,transfer_tf,0.2,0.8698052891601279,0.8720765055305202,0.8504469948447962,0.70857084422476,0.9396128180618144,
CICIoT2023,binary,trades,transformer,44,pgd_constrained,0.1,0.8765378281507313,0.8784452410214393,0.8577628456958626,0.7224105818418599,0.9453567754563248,1.0
CICIoT2023,binary,trades,transformer,44,square,0.1,0.885,0.889519439748853,0.8700680956163235,0.7467716262791145,0.9542416580251998,
CICIoT2023,binary,trades,transformer,44,square_clean_subset,0,0.9085,0.9138398416599192,0.8960153715419074,0.797198383397193,0.962516158359021,
CICIoT2023,binary,trades,ft,44,clean,0,0.9070037779715199,0.9073962173972416,0.8913996683497574,0.7865777629882675,0.9661604761254494,
CICIoT2023,binary,trades,ft,44,gaussian,0.05,0.9065678581807614,0.9066954117165096,0.8908578288459256,0.785429168426286,0.9658743456688971,
CICIoT2023,binary,trades,ft,44,fgsm,0.05,0.8972198004456069,0.8971057285265602,0.8803011640117642,0.7649095448933918,0.9606629512039693,
CICIoT2023,binary,trades,ft,44,pgd,0.05,0.8970744938486874,0.8969541171650963,0.8801370220894824,0.7645897591047132,0.9605710432882698,0.0
CICIoT2023,binary,trades,ft,44,transfer_mlp,0.05,0.8992540928024799,0.8998186194182711,0.8827200324208991,0.769856143075944,0.9621822738859303,
CICIoT2023,binary,trades,ft,44,transfer_tf,0.05,0.8993509638670929,0.8999852860849378,0.8828427216184295,0.7701213720000682,0.9620733362920479,
CICIoT2023,binary,trades,ft,44,gaussian,0.1,0.9041945170977429,0.9006443056124539,0.8874570020572343,0.7775567086802013,0.964529291274068,
CICIoT2023,binary,trades,ft,44,fgsm,0.1,0.8892279376150344,0.8866517479175201,0.8708235756837821,0.7456162758722311,0.9550465997541991,
CICIoT2023,binary,trades,ft,44,pgd,0.1,0.8884529690981304,0.8859087464154035,0.8699641839712164,0.7439652707669431,0.954488443943739,0.0
CICIoT2023,binary,trades,ft,44,transfer_mlp,0.1,0.8928606025380219,0.8916226956165506,0.8751820246971109,0.7545674796513544,0.9579516989849333,
CICIoT2023,binary,trades,ft,44,transfer_tf,0.1,0.8937324421195388,0.8930735012972826,0.876281709805841,0.756923098654917,0.9579006156402203,
CICIoT2023,binary,trades,ft,44,gaussian,0.2,0.8915528431657463,0.8702852997405435,0.8689583153933063,0.7379475304695852,0.9582035368018571,
CICIoT2023,binary,trades,ft,44,fgsm,0.2,0.8482030417514288,0.8081973235012974,0.8129794635644312,0.6265053358144137,0.9359976842368793,
CICIoT2023,binary,trades,ft,44,pgd,0.2,0.8062578707739998,0.7634318926669398,0.7642870654736345,0.5285959834256881,0.9033221584960626,0.0
CICIoT2023,binary,trades,ft,44,transfer_mlp,0.2,0.8021892860602537,0.7536770107879285,0.7569412375932983,0.5142286663370835,0.9101390709636307,
CICIoT2023,binary,trades,ft,44,transfer_tf,0.2,0.8138138138138138,0.7713156834630616,0.7728907989655276,0.5458527547340059,0.9177633085256498,
CICIoT2023,binary,trades,ft,44,pgd_constrained,0.1,0.8908263101811489,0.888417861532159,0.8726494833101999,0.7492147830715193,0.9557969752833537,1.0
CICIoT2023,binary,trades,ft,44,square,0.1,0.895,0.893428223740595,0.8797614467102732,0.7628046192027895,0.9619491360900796,
CICIoT2023,binary,trades,ft,44,square_clean_subset,0,0.9165,0.9163139054221061,0.9039476647060296,0.8103914702025066,0.9684456250503098,
CICIoT2023,binary,trades,aam_noGate,44,clean,0,0.9075850043591979,0.9090849378669944,0.8922627429632657,0.7886738301987166,0.9663728207929355,
CICIoT2023,binary,trades,aam_noGate,44,gaussian,0.05,0.9066647292453744,0.90828871364195,0.8912500473878058,0.7867650602212072,0.966059657927079,
CICIoT2023,binary,trades,aam_noGate,44,fgsm,0.05,0.8986244308824954,0.8997683667895671,0.8821314937558322,0.7689566625687286,0.960860900587191,
CICIoT2023,binary,trades,aam_noGate,44,pgd,0.05,0.8986244308824954,0.8997683667895671,0.8821314937558322,0.7689566625687286,0.9607932029222995,0.0
CICIoT2023,binary,trades,aam_noGate,44,transfer_mlp,0.05,0.9004649811101424,0.9018035641130684,0.8842324456953962,0.773093006682159,0.962320388957167,
CICIoT2023,binary,trades,aam_noGate,44,transfer_tf,0.05,0.900707158771675,0.902121842141199,0.8845189903523564,0.7736776270375468,0.9622843495379854,
CICIoT2023,binary,trades,aam_noGate,44,gaussian,0.1,0.9045820013561949,0.902491635941554,0.8881859994466568,0.7794547981589048,0.9648331057399062,
CICIoT2023,binary,trades,aam_noGate,44,fgsm,0.1,0.8915528431657463,0.891389662706541,0.8739518821996715,0.7526249846371187,0.955232088397287,
CICIoT2023,binary,trades,aam_noGate,44,pgd,0.1,0.8910684878426814,0.8909498839273522,0.8734208576710485,0.7516185479860441,0.9547958999044108,0.0
CICIoT2023,binary,trades,aam_noGate,44,transfer_mlp,0.1,0.8944105395718299,0.8951748600300423,0.8773404157719796,0.7595521654317975,0.9581441462970549,
CICIoT2023,binary,trades,aam_noGate,44,transfer_tf,0.1,0.8955245568148794,0.8967471664618325,0.8786803408797035,0.7623309475486753,0.9582823239564842,
CICIoT2023,binary,trades,aam_noGate,44,gaussian,0.2,0.8928606025380219,0.8734699918066366,0.8709447242693792,0.7419995337572174,0.9583337486913378,
CICIoT2023,binary,trades,aam_noGate,44,fgsm,0.2,0.8529981594497723,0.8181691246756794,0.8204441694045488,0.6410043115152392,0.9355448984933316,
CICIoT2023,binary,trades,aam_noGate,44,pgd,0.2,0.8073234524847428,0.766839444216851,0.7665768972092154,0.5331557937462229,0.9060686307979426,0.0
CICIoT2023,binary,trades,aam_noGate,44,transfer_mlp,0.2,0.8011721398818173,0.7546326983476717,0.7567974959320417,0.5137446946076797,0.9091133187673539,
CICIoT2023,binary,trades,aam_noGate,44,transfer_tf,0.2,0.8146856533953308,0.7740947357640311,0.7747420150951454,0.5494957671512556,0.9171096033046566,
CICIoT2023,binary,trades,aam_noGate,44,pgd_constrained,0.1,0.8930059091349414,0.8928565820019118,0.8755779127545564,0.7557700672529437,0.9560156185989348,1.0
CICIoT2023,binary,trades,aam_noGate,44,square,0.1,0.8985,0.8978045939457647,0.8838167291891008,0.7710175248504235,0.9617561827918802,
CICIoT2023,binary,trades,aam_noGate,44,square_clean_subset,0,0.9165,0.9172467103238301,0.9041067297839616,0.8110185549343953,0.9678466411920963,
CICIoT2023,binary,trades,aam_trans,44,clean,0,0.9068584713746004,0.905817970777004,0.8909624991184462,0.7852086136851748,0.966554719149711,
CICIoT2023,binary,trades,aam_trans,44,gaussian,0.05,0.906616293713068,0.9056472757066776,0.8907026453386306,0.7847296872662392,0.9662630126541946,
CICIoT2023,binary,trades,aam_trans,44,fgsm,0.05,0.8981885110917369,0.8966570394647002,0.8810950631088742,0.7659000854562156,0.9608041729254859,
CICIoT2023,binary,trades,aam_trans,44,pgd,0.05,0.8981400755594304,0.896622900450635,0.8810435979564859,0.7658057012716014,0.9607590013200419,0.0
CICIoT2023,binary,trades,aam_trans,44,transfer_mlp,0.05,0.8998353191901579,0.8984572920934044,0.8829781807220535,0.7696053574739966,0.9621745470890802,
CICIoT2023,binary,trades,aam_trans,44,transfer_tf,0.05,0.8998353191901579,0.8987524580090127,0.8830384223375294,0.7698316971526799,0.9622121967317584,
CICIoT2023,binary,trades,aam_trans,44,gaussian,0.1,0.9047757434854209,0.9004636419500205,0.8879623696986125,0.778304835092817,0.9648571851244936,
CICIoT2023,binary,trades,aam_trans,44,fgsm,0.1,0.8901966482611644,0.8870885566024853,0.8717889111682413,0.7472856259588686,0.955123992899085,
CICIoT2023,binary,trades,aam_trans,44,pgd,0.1,0.8896638574057929,0.8865654444899631,0.871194395323047,0.7461374090388362,0.9546510594474031,0.0
CICIoT2023,binary,trades,aam_trans,44,transfer_mlp,0.1,0.8936840065872323,0.891219172470299,0.8758396088989475,0.7553720987469857,0.957771934316537,
CICIoT2023,binary,trades,aam_trans,44,transfer_tf,0.1,0.8945558461687494,0.892719172470299,0.8769526624922711,0.7577628939161141,0.958001376940234,
CICIoT2023,binary,trades,aam_trans,44,gaussian,0.2,0.8882107914365979,0.8622723610542127,0.8638444805816743,0.7277342112333732,0.9558217374482225,
CICIoT2023,binary,trades,aam_trans,44,fgsm,0.2,0.8511091736898189,0.8160997883381128,0.8182192458758045,0.6365400897125555,0.9326391620010014,
CICIoT2023,binary,trades,aam_trans,44,pgd,0.2,0.8053375956601763,0.7617501706950702,0.7628958631388326,0.5258314522262131,0.9048821066047612,0.0
CICIoT2023,binary,trades,aam_trans,44,transfer_mlp,0.2,0.8034970454325293,0.7567141198962174,0.7592751355741745,0.5187577984876445,0.9077116391278619,
CICIoT2023,binary,trades,aam_trans,44,transfer_tf,0.2,0.8150247021214763,0.773546599754199,0.7747175137792496,0.5494737156971778,0.9151751331421549,
CICIoT2023,binary,trades,aam_trans,44,pgd_constrained,0.1,0.8914075365688269,0.8881880035504575,0.873121149530806,0.7498265415302688,0.955772002594565,1.0
CICIoT2023,binary,trades,aam_trans,44,square,0.1,0.8975,0.895221624027539,0.8823836867894792,0.7676515596222703,0.962460521518436,
CICIoT2023,binary,trades,aam_trans,44,square_clean_subset,0,0.9145,0.9130135753891027,0.9014826855819911,0.8051634085612462,0.9689096599760407,
CICIoT2023,binary,trades,aam_v4d,44,clean,0,0.9076334398915044,0.9092174655195958,0.8923329626298737,0.7888427155936387,0.966353224998862,
CICIoT2023,binary,trades,aam_v4d,44,gaussian,0.05,0.9060835028576965,0.9077314625153625,0.8906007114832599,0.7855196433105114,0.966034286949793,
CICIoT2023,binary,trades,aam_v4d,44,fgsm,0.05,0.8979463334302044,0.8987984773999727,0.8813130611266305,0.7672559886805174,0.960602906368064,
CICIoT2023,binary,trades,aam_v4d,44,pgd,0.05,0.8978494623655914,0.8987301993718422,0.8812104200993026,0.7670696213346638,0.9605396922936865,0.0
CICIoT2023,binary,trades,aam_v4d,44,transfer_mlp,0.05,0.8994478349317059,0.9007914789020893,0.8830937837290085,0.7708970401792195,0.9620648868860667,
CICIoT2023,binary,trades,aam_v4d,44,transfer_tf,0.05,0.8996900125932384,0.9009621739724156,0.8833507728903062,0.7713634518857174,0.9619975192316446,
CICIoT2023,binary,trades,aam_v4d,44,gaussian,0.1,0.9042429526300494,0.9024986344394375,0.8878714619193874,0.778963482525027,0.9648566502799397,
CICIoT2023,binary,trades,aam_v4d,44,fgsm,0.1,0.8896638574057929,0.8891235490919023,0.8717617093993231,0.7482406533046809,0.9547919227092722,
CICIoT2023,binary,trades,aam_v4d,44,pgd,0.1,0.8892279376150344,0.8886195206882426,0.8712604764790869,0.747244813649952,0.9544213607811007,0.0
CICIoT2023,binary,trades,aam_v4d,44,transfer_mlp,0.1,0.8930059091349414,0.8936436911102008,0.8757452026409532,0.7564213331611712,0.9577805316582457,
CICIoT2023,binary,trades,aam_v4d,44,transfer_tf,0.1,0.8939261842487649,0.8950794414857299,0.8768809936686487,0.7588315733196308,0.9578414868678592,
CICIoT2023,binary,trades,aam_v4d,44,gaussian,0.2,0.8934418289256999,0.8752079065956575,0.8719029073379927,0.7439926572310233,0.9583609517957121,
CICIoT2023,binary,trades,aam_v4d,44,fgsm,0.2,0.8653976557202364,0.8365016045336611,0.8366837405161354,0.6733681563256677,0.93830508898903,
CICIoT2023,binary,trades,aam_v4d,44,pgd,0.2,0.8075656301462754,0.7680432199918066,0.7672915631254364,0.5345993338240872,0.9059319154262826,0.0
CICIoT2023,binary,trades,aam_v4d,44,transfer_mlp,0.2,0.8014627530756563,0.755329475624744,0.7573247897894531,0.5147759871501679,0.9101102803951022,
CICIoT2023,binary,trades,aam_v4d,44,transfer_tf,0.2,0.8146372178630243,0.7747001229004506,0.7749839211763561,0.5499700844904315,0.9171894316992124,
CICIoT2023,binary,trades,aam_v4d,44,pgd_constrained,0.1,0.8914559721011334,0.8908786358049979,0.8737542145028627,0.7520728206315034,0.9556283171741999,1.0
CICIoT2023,binary,trades,aam_v4d,44,square,0.1,0.894,0.8945764734292654,0.8791057015347874,0.7623808209972648,0.9613548872821285,
CICIoT2023,binary,trades,aam_v4d,44,square_clean_subset,0,0.918,0.9192555553977205,0.905868199407888,0.8146277125000186,0.9677957394017738,
CICIoT2023,binary,trades,transformer,45,clean,0,0.8992540928024799,0.9020323637853338,0.8831626860280251,0.7716438430525906,0.9623623514952886,
CICIoT2023,binary,trades,transformer,45,gaussian,0.05,0.8983338176886564,0.9007933906868769,0.882070830468973,0.7694005466580197,0.9623543800355047,
CICIoT2023,binary,trades,transformer,45,fgsm,0.05,0.8842875133197714,0.8852357298921207,0.86611151790579,0.7379977216699888,0.9545466054440347,
CICIoT2023,binary,trades,transformer,45,pgd,0.05,0.8841906422551584,0.8850690632254541,0.8659883600148317,0.7377290438378814,0.9544503960125632,0.0
CICIoT2023,binary,trades,transformer,45,transfer_mlp,0.05,0.8886951467596629,0.8906545131776594,0.8712274489633899,0.7483015758014532,0.956975704401657,
CICIoT2023,binary,trades,transformer,45,transfer_tf,0.05,0.8887920178242759,0.8905260139287178,0.8712863583222875,0.7483121560366742,0.9571196686239701,
CICIoT2023,binary,trades,transformer,45,gaussian,0.1,0.8990119151409474,0.9013205312030589,0.8827986665315328,0.7707374009191594,0.9620495186399016,
CICIoT2023,binary,trades,transformer,45,fgsm,0.1,0.8707255642739514,0.8690847671719241,0.8504933066351787,0.7067670494898313,0.945705619281715,
CICIoT2023,binary,trades,transformer,45,pgd,0.1,0.8701443378862733,0.8684783217260685,0.849845861356779,0.7055094950619805,0.9450884086667577,0.0
CICIoT2023,binary,trades,transformer,45,transfer_mlp,0.1,0.8774096677322484,0.8774363307387683,0.8582818818803952,0.7225134068128883,0.9510068790113342,
CICIoT2023,binary,trades,transformer,45,transfer_tf,0.1,0.8795408311537344,0.8794795848695889,0.8606192319094599,0.7269706502365575,0.9512403614183622,
CICIoT2023,binary,trades,transformer,45,gaussian,0.2,0.8975588491717524,0.8962132322818517,0.8804263092236109,0.764674352447879,0.9613079452865401,
CICIoT2023,binary,trades,transformer,45,fgsm,0.2,0.8424392134069554,0.8327658746415403,0.8171587239037883,0.6390329658940469,0.9253865958851109,
CICIoT2023,binary,trades,transformer,45,pgd,0.2,0.8380315799670638,0.8272487027174655,0.8119888524783379,0.6285929807556963,0.9213574127179207,0.0
CICIoT2023,binary,trades,transformer,45,transfer_mlp,0.2,0.8577448416158093,0.8529499180663662,0.8353723486462188,0.6762404629652592,0.9379916018025399,
CICIoT2023,binary,trades,transformer,45,transfer_tf,0.2,0.8660273176402209,0.8656748941690564,0.845647735285995,0.6980563874117405,0.9399718751422459,
CICIoT2023,binary,trades,transformer,45,pgd_constrained,0.1,0.8714520972585489,0.8700887955755838,0.8513641651146222,0.7085688538286599,0.9462478720014567,1.0
CICIoT2023,binary,trades,transformer,45,square,0.1,0.8595,0.8620535714285714,0.8367224086291917,0.6832406229656082,0.9497693452380952,
CICIoT2023,binary,trades,transformer,45,square_clean_subset,0,0.8865,0.8922619047619047,0.8674034052791553,0.7433364587424657,0.9593588789682539,
CICIoT2023,binary,trades,ft,45,clean,0,0.9098614743776035,0.9074426464563703,0.8941000497136165,0.7908432531266946,0.9667200031863079,
CICIoT2023,binary,trades,ft,45,gaussian,0.05,0.9091349413930059,0.9067337839683189,0.8932792625234471,0.7892519319702244,0.9664344986116802,
CICIoT2023,binary,trades,ft,45,fgsm,0.05,0.8996900125932384,0.8964854909190223,0.8824380696296932,0.767911564177519,0.9610129443761665,
CICIoT2023,binary,trades,ft,45,pgd,0.05,0.8993509638670929,0.8962465178205654,0.8820765937673412,0.7672434182684646,0.960874630160681,0.0
CICIoT2023,binary,trades,ft,45,transfer_mlp,0.05,0.9013368206916594,0.8986792981018707,0.8844083036622048,0.7719244945145805,0.9623266193272338,
CICIoT2023,binary,trades,ft,45,transfer_tf,0.05,0.901288385159353,0.8984483818107334,0.8843163712813473,0.7716837567271205,0.9624912945514135,
CICIoT2023,binary,trades,ft,45,gaussian,0.1,0.9057444541315509,0.8997689812918203,0.8887269605623143,0.7793215372485504,0.9645966987573399,
CICIoT2023,binary,trades,ft,45,fgsm,0.1,0.8917950208272789,0.8873788406390823,0.8732898267040217,0.7497303422565994,0.9555334220947699,
CICIoT2023,binary,trades,ft,45,pgd,0.1,0.8905841325196164,0.8864269766489143,0.8719882356995287,0.7472935881101438,0.9550383096636169,0.0
CICIoT2023,binary,trades,ft,45,transfer_mlp,0.1,0.8941683619102974,0.8906258705448586,0.8761495152404177,0.7555848397038297,0.9582298807410441,
CICIoT2023,binary,trades,ft,45,transfer_tf,0.1,0.8948464593625884,0.8913989826573808,0.876932420893543,0.7571375354082589,0.9585729323137148,
CICIoT2023,binary,trades,ft,45,gaussian,0.2,0.8888888888888888,0.8626027242933224,0.8645349986614221,0.7291383477762212,0.956259388228868,
CICIoT2023,binary,trades,ft,45,fgsm,0.2,0.8418579870192774,0.7959032158951249,0.803236382697277,0.607868513560673,0.9314153409349537,
CICIoT2023,binary,trades,ft,45,pgd,0.2,0.8048532403371113,0.7560957940734672,0.7598067267123376,0.5200557763252542,0.9044454060266739,0.0
CICIoT2023,binary,trades,ft,45,transfer_mlp,0.2,0.8098421001646808,0.7633016864672948,0.7665123336588756,0.5333393939964396,0.910785043697938,
CICIoT2023,binary,trades,ft,45,transfer_tf,0.2,0.8254383415673738,0.7874785265601529,0.7879594722043677,0.5759249505808155,0.9193351313214073,
CICIoT2023,binary,trades,ft,45,pgd_constrained,0.1,0.8929090380703284,0.888410009558924,0.8745235907935512,0.7520984747729736,0.9562297100459739,1.0
CICIoT2023,binary,trades,ft,45,square,0.1,0.875,0.8711805555555556,0.8523045220810648,0.7099682356924049,0.9561755952380953,
CICIoT2023,binary,trades,ft,45,square_clean_subset,0,0.8955,0.8914186507936508,0.8754169285742599,0.7544476788879177,0.9637140376984128,
CICIoT2023,binary,trades,aam_noGate,45,clean,0,0.9110239271529594,0.9078192339205244,0.8952721312246226,0.7928826992125736,0.967969246438163,
CICIoT2023,binary,trades,aam_noGate,45,gaussian,0.05,0.9108301850237334,0.9077318721835314,0.8950719191155763,0.7925246456988452,0.9677514679776049,
CICIoT2023,binary,trades,aam_noGate,45,fgsm,0.05,0.9005618521747554,0.8965588556602485,0.8832562466515648,0.7692386585033854,0.9624578667668077,
CICIoT2023,binary,trades,aam_noGate,45,pgd,0.05,0.9001743679163035,0.8961873549091903,0.8828218456515857,0.7683987992918367,0.962353896399472,0.0
CICIoT2023,binary,trades,aam_noGate,45,transfer_mlp,0.05,0.901772740482418,0.8981994401201694,0.8847131919154396,0.7722114534662985,0.9637050275388047,
CICIoT2023,binary,trades,aam_noGate,45,transfer_tf,0.05,0.9023055313377895,0.8987717465519596,0.8853234656376752,0.7734111839896245,0.9639092471209431,
CICIoT2023,binary,trades,aam_noGate,45,gaussian,0.1,0.9065678581807614,0.8992670695070326,0.889396149358753,0.7802914961675805,0.965834152669671,
CICIoT2023,binary,trades,aam_noGate,45,fgsm,0.1,0.8914559721011334,0.8856148436433156,0.8725879457084927,0.7478935891645232,0.9568252196276572,
CICIoT2023,binary,trades,aam_noGate,45,pgd,0.1,0.8905841325196164,0.8848035641130685,0.8716206964695621,0.7460314148940639,0.9563762802130276,0.0
CICIoT2023,binary,trades,aam_noGate,45,transfer_mlp,0.1,0.8953792502179599,0.8908398197460057,0.8772950956075218,0.7574711704484627,0.9594522565888297,
CICIoT2023,binary,trades,aam_noGate,45,transfer_tf,0.1,0.8960089121379444,0.8917263758022669,0.8780601822359086,0.7590433665508968,0.9598527356729938,
CICIoT2023,binary,trades,aam_noGate,45,gaussian,0.2,0.8934902644580064,0.8676661204424416,0.8700080623509086,0.7401145860615576,0.9596532898629887,
CICIoT2023,binary,trades,aam_noGate,45,fgsm,0.2,0.8516419645451904,0.8162785402157586,0.8186962452076545,0.637524786279525,0.9329021689653604,
CICIoT2023,binary,trades,aam_noGate,45,pgd,0.2,0.8091640027123899,0.7643979584869589,0.7666084248644314,0.5333637200353489,0.9097833253675635,0.0
CICIoT2023,binary,trades,aam_noGate,45,transfer_mlp,0.2,0.8130388452969098,0.7670798852929127,0.770390424752458,0.5411079966313036,0.9141551390595841,
CICIoT2023,binary,trades,aam_noGate,45,transfer_tf,0.2,0.8312990409764603,0.7943150348217943,0.794966834803229,0.5899443167467553,0.9233190461559472,
CICIoT2023,binary,trades,aam_noGate,45,pgd_constrained,0.1,0.8927152959411024,0.8868468182438891,0.87399996374642,0.75063278290279,0.9574881310027767,1.0
CICIoT2023,binary,trades,aam_noGate,45,square,0.1,0.8765,0.8727678571428572,0.8540092056948231,0.7132830768543073,0.9574776785714286,
CICIoT2023,binary,trades,aam_noGate,45,square_clean_subset,0,0.9015,0.8994047619047619,0.8826821947005106,0.7691995154325785,0.9646738591269843,
CICIoT2023,binary,trades,aam_trans,45,clean,0,0.9097161677806839,0.9078321726068551,0.8940361882299702,0.7908918070904796,0.9675145033911421,
CICIoT2023,binary,trades,aam_trans,45,gaussian,0.05,0.9092802479899255,0.9075249214802676,0.8935664311208769,0.7900210552073229,0.967320741726979,
CICIoT2023,binary,trades,aam_trans,45,fgsm,0.05,0.9011915140947399,0.898576881059675,0.8842531440788742,0.771637898387584,0.9620446310710546,
CICIoT2023,binary,trades,aam_trans,45,pgd,0.05,0.9008040298362879,0.8982053803086167,0.8838194033512146,0.7708012234790669,0.9619455368928944,0.0
CICIoT2023,binary,trades,aam_trans,45,transfer_mlp,0.05,0.902353966870096,0.8998881605899222,0.8855950014605196,0.7742946510763683,0.9633995175019345,
CICIoT2023,binary,trades,aam_trans,45,transfer_tf,0.05,0.9026930155962414,0.9003239109654513,0.8859971929589442,0.7751088006961047,0.9635096385816376,
CICIoT2023,binary,trades,aam_trans,45,gaussian,0.1,0.9054538409377119,0.8987770380991398,0.8882537309663494,0.7782116397464972,0.9653689573945106,
CICIoT2023,binary,trades,aam_trans,45,fgsm,0.1,0.8933933933933934,0.8883086508261642,0.8749386921064353,0.7527106261747288,0.956248975829578,
CICIoT2023,binary,trades,aam_trans,45,pgd,0.1,0.8924731182795699,0.8874140379625837,0.8739086194272895,0.7507162591639338,0.9557371523510401,0.0
CICIoT2023,binary,trades,aam_trans,45,transfer_mlp,0.1,0.8965417029933159,0.8926922367882015,0.8787535667600382,0.7605357038850754,0.9589887625745369,
CICIoT2023,binary,trades,aam_trans,45,transfer_tf,0.1,0.8970260583163809,0.8934763758022668,0.8793631447318413,0.7618215082300126,0.9591971129773774,
CICIoT2023,binary,trades,aam_trans,45,gaussian,0.2,0.8857890148212729,0.8534814283763485,0.8591994646745857,0.7190302504739459,0.955129921707861,
CICIoT2023,binary,trades,aam_trans,45,fgsm,0.2,0.8582776324711808,0.8230217465519596,0.8263396154819125,0.6529214108211883,0.9378412706541035,
CICIoT2023,binary,trades,aam_trans,45,pgd,0.2,0.8054829022570958,0.7577694592380173,0.7610373279312321,0.5224125255459584,0.908011311393327,0.0
CICIoT2023,binary,trades,aam_trans,45,transfer_mlp,0.2,0.8089218250508573,0.7631449883927353,0.7658492497768217,0.5319209903080828,0.9122970208020392,
CICIoT2023,binary,trades,aam_trans,45,transfer_tf,0.2,0.8238884045335658,0.7866320497064045,0.7865192498813112,0.5730388303213478,0.9205684373435294,
CICIoT2023,binary,trades,aam_trans,45,pgd_constrained,0.1,0.8945558461687494,0.8895707360371432,0.8762699572327468,0.7553320547973699,0.9569056625244663,1.0
CICIoT2023,binary,trades,aam_trans,45,square,0.1,0.8775,0.8740079365079365,0.8551913173896019,0.7156559413814341,0.9571230158730158,
CICIoT2023,binary,trades,aam_trans,45,square_clean_subset,0,0.8985,0.8956845238095238,0.8791090635746378,0.762034840363348,0.9645238095238096,
CICIoT2023,binary,trades,aam_v4d,45,clean,0,0.9101520875714424,0.9075490919022259,0.8943950823176733,0.7913592570135548,0.967649528881606,
CICIoT2023,binary,trades,aam_v4d,45,gaussian,0.05,0.9101520875714424,0.9076474805407619,0.8944136528272908,0.7914263704472791,0.9674404956984843,
CICIoT2023,binary,trades,aam_v4d,45,fgsm,0.05,0.8990603506732538,0.895500546224225,0.8816537648625853,0.7662682231749626,0.9618123264600119,
CICIoT2023,binary,trades,aam_v4d,45,pgd,0.05,0.8989150440763344,0.8953489348627612,0.8814885625763489,0.7659450803674537,0.9617292719286268,0.0
CICIoT2023,binary,trades,aam_v4d,45,transfer_mlp,0.05,0.9016758694178049,0.8986722996039874,0.8847203179803493,0.7724133823912075,0.9630835097182394,
CICIoT2023,binary,trades,aam_v4d,45,transfer_tf,0.05,0.9016274338854984,0.8985889662706541,0.8846585056164233,0.7722815808351471,0.9632636783649688,
CICIoT2023,binary,trades,aam_v4d,45,gaussian,0.1,0.9063256805192289,0.8998834835449951,0.8892941225371722,0.7803070199828741,0.965595583549547,
CICIoT2023,binary,trades,aam_v4d,45,fgsm,0.1,0.8896638574057929,0.883958145568756,0.8706030585289679,0.7440767935174353,0.9561652555874187,
CICIoT2023,binary,trades,aam_v4d,45,pgd,0.1,0.8889373244211954,0.8832000887614366,0.8697793960504474,0.7424650338260986,0.9557389958577996,0.0
CICIoT2023,binary,trades,aam_v4d,45,transfer_mlp,0.1,0.8938777487164584,0.8892895671173016,0.8755937001759393,0.7541478547864597,0.958878283035186,
CICIoT2023,binary,trades,aam_v4d,45,transfer_tf,0.1,0.8947011527656689,0.8905094565068961,0.8766072907599145,0.7562504221700799,0.9592439517046748,
CICIoT2023,binary,trades,aam_v4d,45,gaussian,0.2,0.8927152959411024,0.8679070053256862,0.8693764361796328,0.7387914822442679,0.959155702353316,
CICIoT2023,binary,trades,aam_v4d,45,fgsm,0.2,0.8521747554005619,0.8172935955209614,0.8194838807561444,0.6390756683659254,0.9348210660476126,
CICIoT2023,binary,trades,aam_v4d,45,pgd,0.2,0.8083405986631793,0.7633256520551687,0.7655658200738341,0.5312835216188083,0.910141728116892,0.0
CICIoT2023,binary,trades,aam_v4d,45,transfer_mlp,0.2,0.8135716361522813,0.7686852724293323,0.7715006696778339,0.5432346520912569,0.9152596954799945,
CICIoT2023,binary,trades,aam_v4d,45,transfer_tf,0.2,0.8296522328780394,0.7934494742591833,0.7934350383345627,0.5868700818933209,0.9238201158450543,
CICIoT2023,binary,trades,aam_v4d,45,pgd_constrained,0.1,0.8910200523103748,0.8853567868359962,0.8721377529472436,0.7470751158795447,0.9568539077791433,1.0
CICIoT2023,binary,trades,aam_v4d,45,square,0.1,0.8755,0.8726190476190476,0.8530990351438434,0.7118905213940773,0.9573053075396826,
CICIoT2023,binary,trades,aam_v4d,45,square_clean_subset,0,0.8995,0.8969246031746032,0.880300107283262,0.7644230653864249,0.9648536706349208,
CICIoT2023,binary,trades,transformer,46,clean,0,0.8987213019471084,0.9042149392325549,0.8831010736750207,0.7727826137837351,0.9622979766944331,
CICIoT2023,binary,trades,transformer,46,gaussian,0.05,0.8984791242855759,0.9032079407346716,0.8826822227115356,0.7716113205254713,0.9621538645363923,
CICIoT2023,binary,trades,transformer,46,fgsm,0.05,0.8848687397074494,0.8866292844462652,0.8669376273797176,0.7399603371998428,0.9544771609995903,
CICIoT2023,binary,trades,transformer,46,pgd,0.05,0.8845296909813039,0.8863411170285402,0.8665731830771859,0.7392835087707177,0.9543751706950705,0.0
CICIoT2023,binary,trades,transformer,46,transfer_mlp,0.05,0.8884529690981304,0.8910741499385497,0.8711012672795853,0.7483657582387722,0.9568001615913333,
CICIoT2023,binary,trades,transformer,46,transfer_tf,0.05,0.8887435822919694,0.8912789840229414,0.8714053854927233,0.7489101216685035,0.9568316150029588,
CICIoT2023,binary,trades,transformer,46,gaussian,0.1,0.8978010268332849,0.9014509422367882,0.8817135087369454,0.7692461178348005,0.962188982202194,
CICIoT2023,binary,trades,transformer,46,fgsm,0.1,0.8735348251477284,0.8723930766079475,0.8537181132098051,0.7131996333941325,0.9459160464745778,
CICIoT2023,binary,trades,transformer,46,pgd,0.1,0.8729535987600504,0.871737436842824,0.853057929018832,0.711895310040182,0.9453220959078702,0.0
CICIoT2023,binary,trades,transformer,46,transfer_mlp,0.1,0.8802673641383318,0.8810247507851974,0.8616139228894975,0.7292587050503936,0.9508825845509581,
CICIoT2023,binary,trades,transformer,46,transfer_tf,0.1,0.8807517194613969,0.8814645295643861,0.8621397221967881,0.7302492867288384,0.9509698836997588,
CICIoT2023,binary,trades,transformer,46,gaussian,0.2,0.8961542187348639,0.8970433906868769,0.8793152905396446,0.7634151702663757,0.9610518173335154,
CICIoT2023,binary,trades,transformer,46,fgsm,0.2,0.8476218153637508,0.8398131571760208,0.8234012441679627,0.6518589346444162,0.9269228742773907,
CICIoT2023,binary,trades,transformer,46,pgd,0.2,0.8421970357454228,0.8328411511675543,0.8169923226342815,0.6388411683943868,0.9229358186535572,0.0
CICIoT2023,binary,trades,transformer,46,transfer_mlp,0.2,0.8619587329264748,0.8589700600846648,0.8404922700377433,0.6869075898629289,0.9391962822613683,
CICIoT2023,binary,trades,transformer,46,transfer_tf,0.2,0.8698537246924344,0.8713235354362966,0.8503044253972902,0.7078896526083612,0.9408570314989304,
CICIoT2023,binary,trades,transformer,46,pgd_constrained,0.1,0.8749394555846168,0.8740718284855933,0.855336878491674,0.7164392402548406,0.9465409383676999,1.0
CICIoT2023,binary,trades,transformer,46,square,0.1,0.863,0.8586833855799374,0.8375206360652006,0.6817378351415284,0.9498520376175549,
CICIoT2023,binary,trades,transformer,46,square_clean_subset,0,0.892,0.9001253918495298,0.8729756971928806,0.7553950131976841,0.9598721003134796,
CICIoT2023,binary,trades,ft,46,clean,0,0.9110723626852659,0.9090832309162911,0.8955547579920303,0.7938109472668071,0.9676813692020574,
CICIoT2023,binary,trades,ft,46,gaussian,0.05,0.9105395718298944,0.9082157585688926,0.894887486384572,0.7924057411849288,0.9674346579270792,
CICIoT2023,binary,trades,ft,46,fgsm,0.05,0.9005618521747554,0.8980838795575583,0.8835710988721637,0.7703609958882086,0.9620380991396968,
CICIoT2023,binary,trades,ft,46,pgd,0.05,0.9005134166424489,0.8980497405434931,0.8835194339348176,0.7702656882567936,0.9619360576266557,0.0
CICIoT2023,binary,trades,ft,46,transfer_mlp,0.05,0.9020633536762569,0.9000276867404069,0.8853539878264602,0.7739757737847531,0.9632245550548502,
CICIoT2023,binary,trades,ft,46,transfer_tf,0.05,0.9022086602731764,0.9001792981018708,0.8855191293396478,0.7742984651134185,0.9632104328826983,
CICIoT2023,binary,trades,ft,46,gaussian,0.1,0.9062772449869224,0.8997509558923938,0.8892219546835276,0.7801441656189008,0.9655300537120487,
CICIoT2023,binary,trades,ft,46,fgsm,0.1,0.8927637314734089,0.8882092038781919,0.8743478783157372,0.7517383558777462,0.9564730187992171,
CICIoT2023,binary,trades,ft,46,pgd,0.1,0.8924731182795699,0.8879551754745323,0.874029248026664,0.7511317453380506,0.9560838055896944,0.0
CICIoT2023,binary,trades,ft,46,transfer_mlp,0.1,0.8949433304272014,0.8911229004506349,0.876960554887525,0.7570629416219005,0.9588867267513315,
CICIoT2023,binary,trades,ft,46,transfer_tf,0.1,0.8951370725564274,0.8913086508261641,0.8771768044645063,0.7574801479783569,0.9588337600710091,
CICIoT2023,binary,trades,ft,46,gaussian,0.2,0.8830766250121089,0.8503397856069916,0.8559004564051227,0.7124059816551135,0.9531764930128818,
CICIoT2023,binary,trades,ft,46,fgsm,0.2,0.8432141819238593,0.7967607196504165,0.8045892923101394,0.610766817184008,0.9319097592061543,
CICIoT2023,binary,trades,ft,46,pgd,0.2,0.8021408505279473,0.7525114024306978,0.7563171330740643,0.5131110543954339,0.9075271575856889,0.0
CICIoT2023,binary,trades,ft,46,transfer_mlp,0.2,0.7976363460234428,0.7459912604123993,0.7502123683104793,0.5010405480291606,0.9083542434794483,
CICIoT2023,binary,trades,ft,46,transfer_tf,0.2,0.8134747650876684,0.7702896012563157,0.7721911552907698,0.5444869269280082,0.9154375995721244,
CICIoT2023,binary,trades,ft,46,pgd_constrained,0.1,0.8942652329749103,0.8895134849105557,0.8759939240453279,0.754871594959801,0.9570816150029587,1.0
CICIoT2023,binary,trades,ft,46,square,0.1,0.8875,0.8829153605015674,0.8650988151179262,0.7345898806903256,0.9573517241379311,
CICIoT2023,binary,trades,ft,46,square_clean_subset,0,0.907,0.9036990595611285,0.8877630327635396,0.7788131540691037,0.9646206896551726,
CICIoT2023,binary,trades,aam_noGate,46,clean,0,0.9116535890729439,0.9117558377714052,0.8965983532664222,0.7965467763625463,0.9682981132504891,
CICIoT2023,binary,trades,aam_noGate,46,gaussian,0.05,0.9107333139591204,0.9108612249078247,0.895561893932816,0.7945458716140584,0.9680911511675543,
CICIoT2023,binary,trades,aam_noGate,46,fgsm,0.05,0.9011915140947399,0.9012825686194182,0.8847994082521529,0.7736883416973024,0.962682154399381,
CICIoT2023,binary,trades,aam_noGate,46,pgd,0.05,0.9010462074978204,0.9011309572579544,0.8846349102501238,0.7733676943352368,0.9625733647412262,0.0
CICIoT2023,binary,trades,aam_noGate,46,transfer_mlp,0.05,0.902838322193161,0.9029844326095862,0.8866614301332124,0.7773120758860698,0.9639631071054668,
CICIoT2023,binary,trades,aam_noGate,46,transfer_tf,0.05,0.9029836287900804,0.9032344326095862,0.8868454187212426,0.7777084727142619,0.963999806545587,
CICIoT2023,binary,trades,aam_noGate,46,gaussian,0.1,0.9080693596822629,0.9044577017615731,0.8918375267995762,0.7860673277072384,0.9664784582821248,
CICIoT2023,binary,trades,aam_noGate,46,fgsm,0.1,0.8921825050857309,0.8901608630342756,0.8742529448283995,0.7524661372056421,0.956971482543584,
CICIoT2023,binary,trades,aam_noGate,46,pgd,0.1,0.8914559721011334,0.8893536119076881,0.8734217897277463,0.7508265297430918,0.9564337703127135,0.0
CICIoT2023,binary,trades,aam_noGate,46,transfer_mlp,0.1,0.8953308146856533,0.8944460603577769,0.878023554371331,0.7602014106266793,0.9595436637989895,
CICIoT2023,binary,trades,aam_noGate,46,transfer_tf,0.1,0.8952823791533469,0.8943627270244435,0.8779619201258162,0.7600685511822648,0.9596320667759115,
CICIoT2023,binary,trades,aam_noGate,46,gaussian,0.2,0.8945558461687494,0.8733858049979517,0.8724504164983237,0.7449160178944534,0.9600583094360235,
CICIoT2023,binary,trades,aam_noGate,46,fgsm,0.2,0.8579870192773419,0.8245879079612182,0.8266687061478848,0.6534313706325243,0.9364906231508033,
CICIoT2023,binary,trades,aam_noGate,46,pgd,0.2,0.8107623752785044,0.7697552574081661,0.7701666396332598,0.54033813172791,0.9078792389275798,0.0
CICIoT2023,binary,trades,aam_noGate,46,transfer_mlp,0.2,0.8054829022570958,0.7597864263280076,0.7620342003518231,0.5242247290071858,0.9101863534981111,
CICIoT2023,binary,trades,aam_noGate,46,transfer_tf,0.2,0.8183183183183184,0.7802955414447631,0.7799508503933282,0.5599048909761711,0.9178102553598252,
CICIoT2023,binary,trades,aam_noGate,46,pgd_constrained,0.1,0.8937808776518454,0.8915334220947699,0.8759952640847624,0.7557544554068929,0.9574957667622559,1.0
CICIoT2023,binary,trades,aam_noGate,46,square,0.1,0.8845,0.8831034482758621,0.8624344516538982,0.7307374741054609,0.9579498432601881,
CICIoT2023,binary,trades,aam_noGate,46,square_clean_subset,0,0.908,0.9083385579937304,0.8896268427518428,0.7836926139391571,0.9653379310344827,
CICIoT2023,binary,trades,aam_trans,46,clean,0,0.9107817494914269,0.9115840843916427,0.8957399514736732,0.7951373122650743,0.9678211969138332,
CICIoT2023,binary,trades,aam_trans,46,gaussian,0.05,0.9097161677806839,0.9106362488051345,0.8945581339842729,0.7928923648391755,0.967621950248077,
CICIoT2023,binary,trades,aam_trans,46,fgsm,0.05,0.9013368206916594,0.9018277345350266,0.8850422140783396,0.7743148688583268,0.9623539305384861,
CICIoT2023,binary,trades,aam_trans,46,pgd,0.05,0.9010946430301269,0.9016078451454322,0.8847747262348555,0.7738065819768419,0.9622667167372205,0.0
CICIoT2023,binary,trades,aam_trans,46,transfer_mlp,0.05,0.9025961445316284,0.9034532636897445,0.8865288026613722,0.7773339870754489,0.9635488529291274,
CICIoT2023,binary,trades,aam_trans,46,transfer_tf,0.05,0.9029836287900804,0.9040215417178752,0.8869993941530955,0.778315663245937,0.9635727957576586,
CICIoT2023,binary,trades,aam_trans,46,gaussian,0.1,0.9062288094546159,0.9028652533114844,0.8897983000664573,0.7821725269142397,0.965904240065547,
CICIoT2023,binary,trades,aam_trans,46,fgsm,0.1,0.8925699893441829,0.8909751126587464,0.8747795884969412,0.7536496278077655,0.9567568334926488,
CICIoT2023,binary,trades,aam_trans,46,pgd,0.1,0.8919403274241984,0.8904329168373617,0.874093853514372,0.7523572586365196,0.9562813054758978,0.0
CICIoT2023,binary,trades,aam_trans,46,transfer_mlp,0.1,0.8955245568148794,0.8949269766489143,0.8783010493395522,0.76085101678722,0.9592370783831763,
CICIoT2023,binary,trades,aam_trans,46,transfer_tf,0.1,0.8958636055410248,0.8953135327051756,0.8786908426386058,0.7616234426264914,0.9592768332650552,
CICIoT2023,binary,trades,aam_trans,46,gaussian,0.2,0.8932965223287804,0.8728425508671309,0.871177870295154,0.7424038266257804,0.9595048534298329,
CICIoT2023,binary,trades,aam_trans,46,fgsm,0.2,0.8436985372469243,0.8039893144885976,0.8079356237687003,0.6162497717924433,0.9325706563794438,
CICIoT2023,binary,trades,aam_trans,46,pgd,0.2,0.8100842778262133,0.7696216714461286,0.7696614629847938,0.5393229712678688,0.908516568801493,0.0
CICIoT2023,binary,trades,aam_trans,46,transfer_mlp,0.2,0.8015111886079628,0.7552652260002731,0.7573227027753369,0.514779947329699,0.9082566855569211,
CICIoT2023,binary,trades,aam_trans,46,transfer_tf,0.2,0.8149278310568633,0.7757412604123993,0.775646307510079,0.5512928638093733,0.9152425804542763,
CICIoT2023,binary,trades,aam_trans,46,pgd_constrained,0.1,0.8937808776518454,0.8920745596067186,0.876111833877027,0.7561846962535634,0.9573128442350585,1.0
CICIoT2023,binary,trades,aam_trans,46,square,0.1,0.886,0.8847021943573667,0.8641561774978284,0.73408129214212,0.9577855799373041,
CICIoT2023,binary,trades,aam_trans,46,square_clean_subset,0,0.907,0.9082131661442006,0.8886446254867307,0.7821381257638543,0.9648188087774294,
CICIoT2023,binary,trades,aam_v4d,46,clean,0,0.9105395718298944,0.9107246688515636,0.8953533009773617,0.794162022224499,0.9681128863398425,
CICIoT2023,binary,trades,aam_v4d,46,gaussian,0.05,0.9096192967160709,0.9096824730301789,0.8942904922896289,0.7920573954008312,0.9678856001638674,
CICIoT2023,binary,trades,aam_v4d,46,fgsm,0.05,0.9009493364332074,0.9008659019527516,0.8844924408715935,0.7730267418884984,0.9623185170012292,
CICIoT2023,binary,trades,aam_v4d,46,pgd,0.05,0.9008524653685944,0.900797623924621,0.8843893330254202,0.7728383509685434,0.9622181938185626,0.0
CICIoT2023,binary,trades,aam_v4d,46,transfer_mlp,0.05,0.9027414511285479,0.9029161545814557,0.886558115196266,0.7771231920791549,0.9635698029040921,
CICIoT2023,binary,trades,aam_v4d,46,transfer_tf,0.05,0.9024992734670154,0.9025978765533251,0.8862707865272618,0.7765378776688091,0.9636656993946016,
CICIoT2023,binary,trades,aam_v4d,46,gaussian,0.1,0.907681875423811,0.9039386180527107,0.8913720323594514,0.7851205136905828,0.9663684566889709,
CICIoT2023,binary,trades,aam_v4d,46,fgsm,0.1,0.8914075365688269,0.8891718899358187,0.8733382939591775,0.7506139873904192,0.9563976967545176,
CICIoT2023,binary,trades,aam_v4d,46,pgd,0.1,0.8908263101811489,0.8885162501706951,0.8726712208639769,0.7492943288416946,0.9558316832809868,0.0
CICIoT2023,binary,trades,aam_v4d,46,transfer_mlp,0.1,0.8944589751041364,0.8931920319541171,0.8769656781907428,0.7580061847089387,0.9588440871227639,
CICIoT2023,binary,trades,aam_v4d,46,transfer_tf,0.1,0.8948948948948949,0.8936468660385088,0.8774581940721431,0.7589664112435514,0.959048278255724,
CICIoT2023,binary,trades,aam_v4d,46,gaussian,0.2,0.8917465852949724,0.8686508603031544,0.8687052715559842,0.7374105956422669,0.9591122320087396,
CICIoT2023,binary,trades,aam_v4d,46,fgsm,0.2,0.8521263198682554,0.816275570121535,0.8190687275343573,0.6383143858848442,0.9351389457872457,
CICIoT2023,binary,trades,aam_v4d,46,pgd,0.2,0.8162355904291388,0.7787783695206882,0.777873410469476,0.5557689049283921,0.9116962481223543,0.0
CICIoT2023,binary,trades,aam_v4d,46,transfer_mlp,0.2,0.8089702605831638,0.7653436774545952,0.7669358795678827,0.5339471181703004,0.9127101028722291,
CICIoT2023,binary,trades,aam_v4d,46,transfer_tf,0.2,0.8214666279182408,0.785859791069234,0.7845104963824138,0.5690680877467751,0.9192826710364604,
CICIoT2023,binary,trades,aam_v4d,46,pgd_constrained,0.1,0.8930543446672479,0.8907753652874505,0.8751738012663353,0.7541516035211683,0.9569525126314351,1.0
CICIoT2023,binary,trades,aam_v4d,46,square,0.1,0.8815,0.8776489028213166,0.8584546895245422,0.7220847258425024,0.9574106583072101,
CICIoT2023,binary,trades,aam_v4d,46,square_clean_subset,0,0.9065,0.9067398119122256,0.8878821263424541,0.780295022673514,0.964808777429467,
CICIoT2023,binary,trades,transformer,47,clean,0,0.8989150440763344,0.9066144339751467,0.8837404128887751,0.7751177958044164,0.9612821589512495,
CICIoT2023,binary,trades,transformer,47,gaussian,0.05,0.8990119151409474,0.9066335176840092,0.8838331174709568,0.775254780836478,0.9612670751968684,
CICIoT2023,binary,trades,transformer,47,fgsm,0.05,0.8887435822919694,0.8952637238836543,0.8722471733453231,0.7525112376785725,0.9538554383449407,
CICIoT2023,binary,trades,transformer,47,pgd,0.05,0.8886467112273564,0.8951954458555238,0.8721461584495154,0.7523332300328004,0.9537770437889754,0.0
CICIoT2023,binary,trades,transformer,47,transfer_mlp,0.05,0.8919403274241984,0.8986975624743958,0.8758284640637581,0.759486476072163,0.956507692657836,
CICIoT2023,binary,trades,transformer,47,transfer_tf,0.05,0.8920371984888114,0.898569063225454,0.8758899806196344,0.7594862793583289,0.956235035732168,
CICIoT2023,binary,trades,transformer,47,gaussian,0.1,0.8980432044948174,0.905360405571487,0.8826999026375694,0.772928025891741,0.9611857674450361,
CICIoT2023,binary,trades,transformer,47,fgsm,0.1,0.8779908941199264,0.8825194592380172,0.8599672567922383,0.7279701570735717,0.9456868086849652,
CICIoT2023,binary,trades,transformer,47,pgd,0.1,0.8770706190061028,0.8814772634166326,0.8589279128877733,0.7259175972505701,0.9452366345759935,0.0
CICIoT2023,binary,trades,transformer,47,transfer_mlp,0.1,0.8849656107720624,0.8911742455277891,0.8680143983999014,0.7442520938266081,0.951444592380172,
CICIoT2023,binary,trades,transformer,47,transfer_tf,0.1,0.8852562239659014,0.8912806909736446,0.8682953399081847,0.7446909410380278,0.9508689118758251,
CICIoT2023,binary,trades,transformer,47,gaussian,0.2,0.8970744938486874,0.9022179093267786,0.881200278125021,0.7689646698123417,0.960282784833174,
CICIoT2023,binary,trades,transformer,47,fgsm,0.2,0.8533372081759178,0.8505319882561792,0.8310956903005888,0.6689292056816887,0.9276383085256498,
CICIoT2023,binary,trades,transformer,47,pgd,0.2,0.8501888985759953,0.8467879284446265,0.8274908843437039,0.6617191775001908,0.9246024113523601,0.0
CICIoT2023,binary,trades,transformer,47,transfer_mlp,0.2,0.8683037876586264,0.8705754472210843,0.8488008612460349,0.7054191704828989,0.9419079953570941,
CICIoT2023,binary,trades,transformer,47,transfer_tf,0.2,0.8720333236462269,0.8761066161409259,0.8533222523823722,0.71502053460037,0.9405644885975694,
CICIoT2023,binary,trades,transformer,47,pgd_constrained,0.1,0.8788627337014434,0.8836259046838728,0.860978976679198,0.730029446962594,0.9463950339114205,1.0
CICIoT2023,binary,trades,transformer,47,square,0.1,0.884,0.8897125403672278,0.8666174531062611,0.741367359599963,0.9555191739014706,
CICIoT2023,binary,trades,transformer,47,square_clean_subset,0,0.903,0.9122938794956967,0.8883717932783708,0.7848462857454861,0.962778893940996,
CICIoT2023,binary,trades,ft,47,clean,0,0.9112176692821854,0.9086445104465383,0.8956107920152833,0.7937353442973577,0.9660957485547818,
CICIoT2023,binary,trades,ft,47,gaussian,0.05,0.9107817494914269,0.908435647958487,0.8951582186884706,0.7929255437118781,0.9658034503163548,
CICIoT2023,binary,trades,ft,47,fgsm,0.05,0.9029836287900804,0.9000859961764305,0.8862188867901016,0.7753609714542603,0.960882374027038,
CICIoT2023,binary,trades,ft,47,pgd,0.05,0.902838322193161,0.8998359961764304,0.8860335578132612,0.7749659959037838,0.9608207246574718,0.0
CICIoT2023,binary,trades,ft,47,transfer_mlp,0.05,0.9039523394362105,0.9011623310118804,0.8873353357369607,0.7775666737375146,0.9621869338613501,
CICIoT2023,binary,trades,ft,47,transfer_tf,0.05,0.9045820013561949,0.9016061381947289,0.8880103491486273,0.7788179199919235,0.9622551208521098,
CICIoT2023,binary,trades,ft,47,gaussian,0.1,0.9073912622299719,0.902110371432473,0.8907394448011933,0.7834420664433768,0.964431676453184,
CICIoT2023,binary,trades,ft,47,fgsm,0.1,0.8954761212825729,0.8906129318585279,0.8773337403370527,0.7574406196246815,0.9560019516136374,
CICIoT2023,binary,trades,ft,47,pgd,0.1,0.8949917659595079,0.8900747644408029,0.876776088209573,0.756338544743813,0.9556720663207247,0.0
CICIoT2023,binary,trades,ft,47,transfer_mlp,0.1,0.8973651070425264,0.8935185716236516,0.8796819035476109,0.7623404572750464,0.9586005564659292,
CICIoT2023,binary,trades,ft,47,transfer_tf,0.1,0.8977525913009784,0.8936932950976375,0.8800734479141347,0.7630307598381253,0.9587315990714187,
CICIoT2023,binary,trades,ft,47,gaussian,0.2,0.8888888888888888,0.8623567526969822,0.8644670897052342,0.7290158428421455,0.9555783148982656,
CICIoT2023,binary,trades,ft,47,fgsm,0.2,0.8599728761019083,0.8246101665983887,0.8282505995710776,0.6567909887592162,0.9349854966088579,
CICIoT2023,binary,trades,ft,47,pgd,0.2,0.8142012980722658,0.7691782739314488,0.7721446538575982,0.5445478694002835,0.9091495516409487,0.0
CICIoT2023,binary,trades,ft,47,transfer_mlp,0.2,0.8122638767800058,0.7654021917247029,0.7690828816817861,0.5385756968542594,0.9115408757795074,
CICIoT2023,binary,trades,ft,47,transfer_tf,0.2,0.8193354644967549,0.7763390004096682,0.7788689267402111,0.557917451125924,0.9159226694433065,
CICIoT2023,binary,trades,ft,47,pgd_constrained,0.1,0.8963479608640899,0.8912274341117028,0.8782609924307978,0.759162431012778,0.9567029109199326,1.0
CICIoT2023,binary,trades,ft,47,square,0.1,0.8965,0.895439004617391,0.87908592463782,0.7622347940702647,0.9626853063898421,
CICIoT2023,binary,trades,ft,47,square_clean_subset,0,0.908,0.9060903618191961,0.8918924000357225,0.7867540289673317,0.9677754968344313,
CICIoT2023,binary,trades,aam_noGate,47,clean,0,0.9138816235590429,0.9153431995083982,0.8993624504452721,0.8023995286718383,0.9679077393144886,
CICIoT2023,binary,trades,aam_noGate,47,gaussian,0.05,0.9117020246052504,0.91306902908644,0.8968818255229072,0.7975601437378229,0.9676716282033776,
CICIoT2023,binary,trades,aam_noGate,47,fgsm,0.05,0.9050663566792599,0.9056371022804861,0.8892509631017393,0.78248639526717,0.9626405275615639,
CICIoT2023,binary,trades,aam_noGate,47,pgd,0.05,0.9048726145500339,0.905500546224225,0.8890438935485391,0.7821078288582335,0.9625552938231143,0.0
CICIoT2023,binary,trades,aam_noGate,47,transfer_mlp,0.05,0.9068584713746004,0.9078349378669944,0.8913462735116062,0.7866971180318011,0.9639452239519323,
CICIoT2023,binary,trades,aam_noGate,47,transfer_tf,0.05,0.9071006490361329,0.9080548272565888,0.8916148982810961,0.787208265459617,0.9641545985251945,
CICIoT2023,binary,trades,aam_noGate,47,gaussian,0.1,0.9086021505376344,0.9059647002594564,0.8926299505836808,0.7879130766053483,0.9659163366561974,
CICIoT2023,binary,trades,aam_noGate,47,fgsm,0.1,0.8953792502179599,0.893545507305749,0.8778769608880266,0.7595538694111283,0.9571844189539807,
CICIoT2023,binary,trades,aam_noGate,47,pgd,0.1,0.8947980238302818,0.8930866448176977,0.8772510120340407,0.7583879767539079,0.9568161158905731,0.0
CICIoT2023,binary,trades,aam_noGate,47,transfer_mlp,0.1,0.8996900125932384,0.8991911784787656,0.8829939388464775,0.7699669783999786,0.9600105603350175,
CICIoT2023,binary,trades,aam_noGate,47,transfer_tf,0.1,0.9001259323839969,0.8997444012016933,0.8835073872184763,0.7710056833048313,0.9603483772588648,
CICIoT2023,binary,trades,aam_noGate,47,gaussian,0.2,0.8945074106364429,0.8736468318994948,0.8724726394224643,0.7449691641944588,0.9597034059356366,
CICIoT2023,binary,trades,aam_noGate,47,fgsm,0.2,0.8463624915237818,0.8065064864126724,0.8109270091793771,0.6223240655176449,0.9307469730074196,
CICIoT2023,binary,trades,aam_noGate,47,pgd,0.2,0.8050469824663373,0.7566750990031408,0.7602183909640273,0.520837876143654,0.9070702353316035,0.0
CICIoT2023,binary,trades,aam_noGate,47,transfer_mlp,0.2,0.8155090574445413,0.7710347193773044,0.7738753054826888,0.5479848231142116,0.914608516546042,
CICIoT2023,binary,trades,aam_noGate,47,transfer_tf,0.2,0.8224353385643708,0.7810820019117848,0.7831021936126581,0.5663153920781431,0.9188174416222858,
CICIoT2023,binary,trades,aam_noGate,47,pgd_constrained,0.1,0.8967838806548484,0.8948307046292503,0.8794287367914294,0.7625154921154665,0.9580263211798443,1.0
CICIoT2023,binary,trades,aam_noGate,47,square,0.1,0.8955,0.8952469678241137,0.8781332225453538,0.7607112412547902,0.9627618780226045,
CICIoT2023,binary,trades,aam_noGate,47,square_clean_subset,0,0.911,0.912806787892931,0.8959794296400188,0.796016606604158,0.9675627978545356,
CICIoT2023,binary,trades,aam_trans,47,clean,0,0.9126707352513804,0.9136534207292093,0.8979078812146204,0.7994042644445051,0.967896422231326,
CICIoT2023,binary,trades,aam_trans,47,gaussian,0.05,0.9113629758791049,0.9124365014338386,0.8964458755905986,0.7966056774960651,0.9676108152396559,
CICIoT2023,binary,trades,aam_trans,47,fgsm,0.05,0.9049694856146469,0.9051752696982112,0.8890715728066241,0.7819996370835918,0.9627065012062452,
CICIoT2023,binary,trades,aam_trans,47,pgd,0.05,0.9049210500823404,0.9051903250034139,0.8890292828501614,0.7819419020528767,0.9626227695844144,0.0
CICIoT2023,binary,trades,aam_trans,47,transfer_mlp,0.05,0.9064709871161484,0.9073158541581319,0.8908849366979694,0.78575370310741,0.9639939687741816,
CICIoT2023,binary,trades,aam_trans,47,transfer_tf,0.05,0.906616293713068,0.9073198825617916,0.8910218598188098,0.785964407354807,0.9641955710319086,
CICIoT2023,binary,trades,aam_trans,47,gaussian,0.1,0.9094255545868449,0.9071845896490509,0.8936392397391453,0.7900037332000078,0.9656827176931129,
CICIoT2023,binary,trades,aam_trans,47,fgsm,0.1,0.8959604766056379,0.8943487300286768,0.8785762084169806,0.7609915076248308,0.9571453753015613,
CICIoT2023,binary,trades,aam_trans,47,pgd,0.1,0.8951855080887339,0.8935565342072922,0.8777031261701951,0.7592945414214455,0.9566773692475762,0.0
CICIoT2023,binary,trades,aam_trans,47,transfer_mlp,0.1,0.8999321902547709,0.8993618735490919,0.8832515014852682,0.7704380557899826,0.9599294687969411,
CICIoT2023,binary,trades,aam_trans,47,transfer_tf,0.1,0.9006587232393684,0.9002675133142155,0.8841040938205775,0.7721567368652847,0.9602179662251353,
CICIoT2023,binary,trades,aam_trans,47,gaussian,0.2,0.8945074106364429,0.8751718557968046,0.8728549774783005,0.7458020673314663,0.9590703661978242,
CICIoT2023,binary,trades,aam_trans,47,fgsm,0.2,0.8562917756466144,0.819703468523829,0.8235732423183852,0.6474822809801205,0.9365259684100323,
CICIoT2023,binary,trades,aam_trans,47,pgd,0.2,0.8072750169524363,0.7614431244025672,0.7639753243093355,0.5281475040445937,0.9064717784150395,0.0
CICIoT2023,binary,trades,aam_trans,47,transfer_mlp,0.2,0.8086796473893249,0.7653356206472757,0.7667450935974793,0.5335491519595724,0.9098679047749101,
CICIoT2023,binary,trades,aam_trans,47,transfer_tf,0.2,0.8176402208660273,0.777948211115663,0.7784541877387313,0.5569153841419267,0.9139384075287906,
CICIoT2023,binary,trades,aam_trans,47,pgd_constrained,0.1,0.8978010268332849,0.8961871500751057,0.8806425229113819,0.7649927819475446,0.9578966782739315,1.0
CICIoT2023,binary,trades,aam_trans,47,square,0.1,0.893,0.8929759504301988,0.8753820065593322,0.7554925792005607,0.9626318277891823,
CICIoT2023,binary,trades,aam_trans,47,square_clean_subset,0,0.91,0.9126147510996537,0.89499670989691,0.7944372713351958,0.967773065988947,
CICIoT2023,binary,trades,aam_v4d,47,clean,0,0.913106655042139,0.9148461696026219,0.8985352657995782,0.8009022248967718,0.9679290875779508,
CICIoT2023,binary,trades,aam_v4d,47,gaussian,0.05,0.9118473312021699,0.9134666120442442,0.897091220143962,0.7980612624126263,0.9676846636169149,
CICIoT2023,binary,trades,aam_v4d,47,fgsm,0.05,0.9041945170977429,0.9046782397924349,0.8882529640728158,0.7805218080648904,0.9626643224543675,
CICIoT2023,binary,trades,aam_v4d,47,pgd,0.05,0.9040976460331299,0.9046099617643042,0.8881495196586842,0.7803327392603246,0.9625647901588602,0.0
CICIoT2023,binary,trades,aam_v4d,47,transfer_mlp,0.05,0.9062772449869224,0.9072284924211389,0.8906869122444356,0.785411719026512,0.963992056989394,
CICIoT2023,binary,trades,aam_v4d,47,transfer_tf,0.05,0.906616293713068,0.907565854158132,0.8910684134081921,0.786149127658388,0.9641506839182484,
CICIoT2023,binary,trades,aam_v4d,47,gaussian,0.1,0.9092802479899255,0.9069345896490509,0.8934545968835417,0.7896108461595114,0.9658845304747598,
CICIoT2023,binary,trades,aam_v4d,47,fgsm,0.1,0.8951855080887339,0.8929170080568073,0.8775668638727396,0.7587914163233351,0.9569265726705813,
CICIoT2023,binary,trades,aam_v4d,47,pgd,0.1,0.8947011527656689,0.8924772292776184,0.8770327494751939,0.7577730176321288,0.9564870044153124,0.0
CICIoT2023,binary,trades,aam_v4d,47,transfer_mlp,0.1,0.8995447059963189,0.8988919841594974,0.8827994259827909,0.7695315579700024,0.9597807364923301,
CICIoT2023,binary,trades,aam_v4d,47,transfer_tf,0.1,0.9000290613193839,0.8993317629386863,0.883334605117232,0.7705505324760111,0.9600130411033728,
CICIoT2023,binary,trades,aam_v4d,47,gaussian,0.2,0.8952823791533469,0.8745866106786837,0.8734094795368998,0.7468428752817465,0.9597929411898583,
CICIoT2023,binary,trades,aam_v4d,47,fgsm,0.2,0.8463624915237818,0.8047846852382903,0.8102387792399233,0.6212041241666649,0.932012494879148,
CICIoT2023,binary,trades,aam_v4d,47,pgd,0.2,0.8061125641770803,0.7585576266557421,0.7618230858445592,0.5239818326865281,0.9053648208839729,0.0
CICIoT2023,binary,trades,aam_v4d,47,transfer_mlp,0.2,0.8155090574445413,0.7722153830397378,0.7744254401369477,0.5489909413011492,0.9135802437525604,
CICIoT2023,binary,trades,aam_v4d,47,transfer_tf,0.2,0.8220478543059189,0.7816943875460877,0.7831085558127941,0.5662710787560808,0.9182477525149075,
CICIoT2023,binary,trades,aam_v4d,47,pgd_constrained,0.1,0.896444831928703,0.8939030110610406,0.8789233731608571,0.7613213449063184,0.9577240714188173,1.0
CICIoT2023,binary,trades,aam_v4d,47,square,0.1,0.893,0.8924642574557069,0.8752726225737901,0.7550721213220026,0.9628202183142327,
CICIoT2023,binary,trades,aam_v4d,47,square_clean_subset,0,0.9095,0.9102161143178015,0.8940848742960081,0.7919355307114829,0.9678617918491321,
CICIoT2023,binary,trades,transformer,48,clean,0,0.8960089121379444,0.9011716851017342,0.8800193574818473,0.7667078977646049,0.9610302813054759,
CICIoT2023,binary,trades,transformer,48,gaussian,0.05,0.8960573476702509,0.9009598525194592,0.8800213532630454,0.7665852061779602,0.961006776594292,
CICIoT2023,binary,trades,transformer,48,fgsm,0.05,0.8842390777874649,0.8874645295643862,0.8665648342529007,0.7399450383379624,0.9532258352678773,
CICIoT2023,binary,trades,transformer,48,pgd,0.05,0.8839969001259324,0.8871954458555238,0.8662911145533573,0.7394066904256876,0.9531352587737265,0.0
CICIoT2023,binary,trades,transformer,48,transfer_mlp,0.05,0.8873389518550809,0.8911744503618735,0.8701274364460696,0.7470793982278894,0.9556821600892166,
CICIoT2023,binary,trades,transformer,48,transfer_tf,0.05,0.8875811295166134,0.891394339751468,0.8703908021907977,0.7475736978566401,0.9555957542446175,
CICIoT2023,binary,trades,transformer,48,gaussian,0.1,0.8955729923471859,0.8997821589512496,0.8793437093115357,0.7649518363133465,0.960769584414402,
CICIoT2023,binary,trades,transformer,48,fgsm,0.1,0.8733895185508088,0.8742092380172061,0.8540350433748323,0.7147259882211873,0.9447328451454322,
CICIoT2023,binary,trades,transformer,48,pgd,0.1,0.8730504698246634,0.873871876280213,0.8536620152326415,0.7140106506013526,0.9442084528198826,0.0
CICIoT2023,binary,trades,transformer,48,transfer_mlp,0.1,0.8799283154121864,0.882950327734535,0.8617585151471918,0.7306262458113318,0.9501005223269152,
CICIoT2023,binary,trades,transformer,48,transfer_tf,0.1,0.8797345732829603,0.8822234398470572,0.8614232408276032,0.7297189786409205,0.9497744662934136,
CICIoT2023,binary,trades,transformer,48,gaussian,0.2,0.8947980238302818,0.897464939232555,0.8781672006633765,0.7619758665792431,0.9599963812645091,
CICIoT2023,binary,trades,transformer,48,fgsm,0.2,0.8482514772837354,0.8417327939369111,0.8244729408986287,0.6544796846777793,0.9259238699986345,
CICIoT2023,binary,trades,transformer,48,pgd,0.2,0.8437954083115373,0.8359355114024307,0.8191991898663035,0.6437298960248581,0.9223958646274296,0.0
CICIoT2023,binary,trades,transformer,48,transfer_mlp,0.2,0.8632664922987504,0.8626958896627065,0.8425626148516097,0.6920283871259771,0.939187303700669,
CICIoT2023,binary,trades,transformer,48,transfer_tf,0.2,0.8657367044463818,0.8649781168919841,0.8452249586536995,0.6970486740168441,0.9390571487095454,
CICIoT2023,binary,trades,transformer,48,pgd_constrained,0.1,0.8742129226000194,0.8752815444489963,0.8550020044102136,0.7167027976982115,0.9454844553689289,1.0
CICIoT2023,binary,trades,transformer,48,square,0.1,0.8735,0.8709945335387032,0.8537477148080439,0.7125449019523524,0.9568143517260124,
CICIoT2023,binary,trades,transformer,48,square_clean_subset,0,0.898,0.9033493400984567,0.8826177620040601,0.77171803965674,0.9648165262299537,
CICIoT2023,binary,trades,ft,48,clean,0,0.909813038845297,0.9091303086166871,0.8943709614452937,0.7919484719159299,0.9667390527561563,
CICIoT2023,binary,trades,ft,48,gaussian,0.05,0.9088927637314734,0.9087768332650553,0.8934361394243935,0.7903362291392904,0.966495305885566,
CICIoT2023,binary,trades,ft,48,fgsm,0.05,0.9004165455778359,0.8998016523282808,0.883786796570266,0.7714572309982932,0.9611912808958079,
CICIoT2023,binary,trades,ft,48,pgd,0.05,0.9002228034486099,0.8996650962720196,0.8835806099402043,0.771079882099435,0.961100789749192,0.0
CICIoT2023,binary,trades,ft,48,transfer_mlp,0.05,0.9019180470793374,0.9018438481496653,0.8855830493296946,0.7751405480156498,0.962447380399654,
CICIoT2023,binary,trades,ft,48,transfer_tf,0.05,0.9019180470793374,0.9015978765533252,0.885534143129091,0.7749518537688076,0.9624847114115344,
CICIoT2023,binary,trades,ft,48,gaussian,0.1,0.9056960185992444,0.9017026150484774,0.8890696158292033,0.7805587849227,0.9652137614365697,
CICIoT2023,binary,trades,ft,48,fgsm,0.1,0.8934418289256999,0.8917863921889936,0.8757428871685603,0.7554901547487303,0.955510958623515,
CICIoT2023,binary,trades,ft,48,pgd,0.1,0.8927152959411024,0.8911267240202103,0.8749436351469168,0.7539694492892355,0.9550643975601986,0.0
CICIoT2023,binary,trades,ft,48,transfer_mlp,0.1,0.8960573476702509,0.8955484773999727,0.8789165340941618,0.7620760944394809,0.958216225135418,
CICIoT2023,binary,trades,ft,48,transfer_tf,0.1,0.8962026542671704,0.8952081455687559,0.8789777514926298,0.7620045462153865,0.9582626371250399,
CICIoT2023,binary,trades,ft,48,gaussian,0.2,0.8911653589072944,0.8688315239655879,0.8682333211475272,0.7364729733577532,0.9590930117438208,
CICIoT2023,binary,trades,ft,48,fgsm,0.2,0.8358519810132713,0.7931458077290727,0.7977309777341187,0.5960060352500528,0.9258856741317312,
CICIoT2023,binary,trades,ft,48,pgd,0.2,0.8010268332848978,0.7526117028540216,0.7556884021066381,0.5116859459740198,0.9054323364741227,0.0
CICIoT2023,binary,trades,ft,48,transfer_mlp,0.2,0.8024314637217863,0.7552251467977604,0.7578711823285269,0.5159662105165015,0.9098931960944967,
CICIoT2023,binary,trades,ft,48,transfer_tf,0.2,0.8158965417029933,0.7747022395193227,0.7758240711017159,0.5516834047177085,0.9176962082935045,
CICIoT2023,binary,trades,ft,48,pgd_constrained,0.1,0.8945558461687494,0.8928175611088351,0.8769736978550167,0.7578408823792567,0.9561926180071919,1.0
CICIoT2023,binary,trades,ft,48,square,0.1,0.8965,0.8962731418561807,0.8798249624453007,0.7638666775095119,0.9640010872519705,
CICIoT2023,binary,trades,ft,48,square_clean_subset,0,0.9105,0.9091751985744918,0.8953485346894761,0.793567816291372,0.9699737247440428,
CICIoT2023,binary,trades,aam_noGate,48,clean,0,0.91087862055604,0.9098321726068551,0.8955100419132229,0.7940352388928101,0.9680968580727389,
CICIoT2023,binary,trades,aam_noGate,48,gaussian,0.05,0.9097646033129904,0.9086534207292094,0.8942361510937582,0.7915389656603301,0.9678615947471436,
CICIoT2023,binary,trades,aam_noGate,48,fgsm,0.05,0.9026930155962414,0.9017997405434931,0.8862923821187979,0.776205987781081,0.962612931858528,
CICIoT2023,binary,trades,aam_noGate,48,pgd,0.05,0.9025477089993219,0.9016481291820292,0.8861274799343305,0.7758841262081608,0.9625224122627338,0.0
CICIoT2023,binary,trades,aam_noGate,48,transfer_mlp,0.05,0.9040492105008234,0.9033459647685375,0.8878578680588858,0.7793095256571405,0.9639339979061405,
CICIoT2023,binary,trades,aam_noGate,48,transfer_tf,0.05,0.9042913881623559,0.9035166598388638,0.8881168385193365,0.7797852821199124,0.9640063839956301,
CICIoT2023,binary,trades,aam_noGate,48,gaussian,0.1,0.9071006490361329,0.9020531203058856,0.8904551845973376,0.7829520541550659,0.9662690723291911,
CICIoT2023,binary,trades,aam_noGate,48,fgsm,0.1,0.8942167974426039,0.8918898675406255,0.876467122747849,0.7566389725393674,0.9571116687150074,
CICIoT2023,binary,trades,aam_noGate,48,pgd,0.1,0.8936355710549259,0.8912342277755019,0.8757990210121926,0.7553169980605492,0.9565930401929992,0.0
CICIoT2023,binary,trades,aam_noGate,48,transfer_mlp,0.1,0.8977525913009784,0.8963989826573808,0.8806422348805611,0.7650894824160882,0.9597788133278711,
CICIoT2023,binary,trades,aam_noGate,48,transfer_tf,0.1,0.8978494623655914,0.896172094769903,0.8806837330894017,0.7650490792881888,0.9599005758113706,
CICIoT2023,binary,trades,aam_noGate,48,gaussian,0.2,0.8907294391165359,0.8644903386590195,0.8666854321260504,0.7334584633591013,0.9581243172197188,
CICIoT2023,binary,trades,aam_noGate,48,fgsm,0.2,0.8594400852465368,0.824578997678547,0.8278166063249115,0.6558619948105354,0.9369239439664983,
CICIoT2023,binary,trades,aam_noGate,48,pgd,0.2,0.8119248280538603,0.7702302335108562,0.7711475190992325,0.5423191959833168,0.9073743798079112,0.0
CICIoT2023,binary,trades,aam_noGate,48,transfer_mlp,0.2,0.8054344667247894,0.7587192066093131,0.7614785808366205,0.5231954656562813,0.9097011527607083,
CICIoT2023,binary,trades,aam_noGate,48,transfer_tf,0.2,0.8213697568536278,0.7823971050116072,0.7829529040617687,0.565914060233387,0.9177844064363421,
CICIoT2023,binary,trades,aam_noGate,48,pgd_constrained,0.1,0.8958151700087184,0.8933608152396559,0.8782343635510668,0.7600170997432385,0.9577039464700259,1.0
CICIoT2023,binary,trades,aam_noGate,48,square,0.1,0.899,0.8975385823442361,0.8823699314251641,0.7683214632077502,0.9661659267312976,
CICIoT2023,binary,trades,aam_noGate,48,square_clean_subset,0,0.9105,0.9091751985744918,0.8953485346894761,0.793567816291372,0.9715526562169672,
CICIoT2023,binary,trades,aam_trans,48,clean,0,0.9112176692821854,0.9098743684282398,0.8958394384647983,0.794575654102155,0.9681360212117074,
CICIoT2023,binary,trades,aam_trans,48,gaussian,0.05,0.9102489586360554,0.9084044790386454,0.8946476855858264,0.7920937087722879,0.9678630741044199,
CICIoT2023,binary,trades,aam_trans,48,fgsm,0.05,0.9026930155962414,0.9007174655195958,0.8860762801085973,0.775398573293188,0.9627963266420866,
CICIoT2023,binary,trades,aam_trans,48,pgd,0.05,0.9026445800639349,0.9006833265055305,0.8860245098693529,0.7753031004193887,0.9627124470845281,0.0
CICIoT2023,binary,trades,aam_trans,48,transfer_mlp,0.05,0.9042913881623559,0.9027295507305749,0.8879621562537514,0.7792033551291626,0.9640782807592517,
CICIoT2023,binary,trades,aam_trans,48,transfer_tf,0.05,0.9041945170977429,0.9026120783831764,0.8878487576264779,0.7789760689837535,0.9640881640038237,
CICIoT2023,binary,trades,aam_trans,48,gaussian,0.1,0.907197520100746,0.9011375119486549,0.890363842590983,0.7824983730044565,0.9661913036551504,
CICIoT2023,binary,trades,aam_trans,48,fgsm,0.1,0.8938293131841519,0.8901901201693294,0.875747367142494,0.7547705120021055,0.9572430982293231,
CICIoT2023,binary,trades,aam_trans,48,pgd,0.1,0.892666860408796,0.8891248122354227,0.8744628783032249,0.7523123529922707,0.9566783706586552,0.0
CICIoT2023,binary,trades,aam_trans,48,transfer_mlp,0.1,0.8965417029933159,0.8941680663662432,0.8790678857848229,0.7616623091733464,0.9597524807683554,
CICIoT2023,binary,trades,aam_trans,48,transfer_tf,0.1,0.8964932674610094,0.8938387614365697,0.878953918607615,0.7613401279495112,0.9597660282671037,
CICIoT2023,binary,trades,aam_trans,48,gaussian,0.2,0.8918918918918919,0.8663919500204834,0.8682357911198031,0.7365328311757654,0.9584874596021666,
CICIoT2023,binary,trades,aam_trans,48,fgsm,0.2,0.8480577351545093,0.801994810869862,0.8103610370688477,0.6224895156414497,0.9363953923710684,
CICIoT2023,binary,trades,aam_trans,48,pgd,0.2,0.8079046788724208,0.7601159360917658,0.763721029089258,0.5278483973065143,0.9075104237789612,0.0
CICIoT2023,binary,trades,aam_trans,48,transfer_mlp,0.2,0.8021892860602537,0.7498890482042879,0.7549866816014735,0.5108558043383655,0.9085103896399472,
CICIoT2023,binary,trades,aam_trans,48,transfer_tf,0.2,0.8188511091736899,0.7752596954799946,0.7780506740264338,0.5563217572252355,0.9179388171969594,
CICIoT2023,binary,trades,aam_trans,48,pgd_constrained,0.1,0.8949433304272014,0.8913196777277073,0.8770032113268031,0.7572136128835045,0.9578913468979016,1.0
CICIoT2023,binary,trades,aam_trans,48,square,0.1,0.8965,0.8932650780707317,0.8791929035460384,0.7615217760554491,0.9660161275708978,
CICIoT2023,binary,trades,aam_trans,48,square_clean_subset,0,0.9135,0.912298027845731,0.8987662058188366,0.8002554897876953,0.9717833952462929,
CICIoT2023,binary,trades,aam_v4d,48,clean,0,0.9118957667344764,0.9108442578178342,0.8966620567294226,0.7962716412026439,0.9682962925030726,
CICIoT2023,binary,trades,aam_v4d,48,gaussian,0.05,0.9114114114114115,0.9104044790386454,0.8961211333532729,0.7952356968025681,0.968065216896536,
CICIoT2023,binary,trades,aam_v4d,48,fgsm,0.05,0.9030804998546934,0.9021220469752833,0.8867159428339833,0.7770029250222811,0.9631041922709273,
CICIoT2023,binary,trades,aam_v4d,48,pgd,0.05,0.9030320643223869,0.9020879079612181,0.8866642061806823,0.7769078836726269,0.9630262870408302,0.0
CICIoT2023,binary,trades,aam_v4d,48,transfer_mlp,0.05,0.9047757434854209,0.9041040215758569,0.8886830488507165,0.7809203431554852,0.9643928148755064,
CICIoT2023,binary,trades,aam_v4d,48,transfer_tf,0.05,0.9046304368885014,0.9040507988529292,0.8885371742594377,0.7806713439569454,0.9644255200509809,
CICIoT2023,binary,trades,aam_v4d,48,gaussian,0.1,0.9085052794730214,0.903387511948655,0.8920393180870507,0.7860255606831065,0.9664686660749238,
CICIoT2023,binary,trades,aam_v4d,48,fgsm,0.1,0.8944589751041364,0.8918637853338796,0.8766811347121952,0.7569549531871347,0.9576562656470481,
CICIoT2023,binary,trades,aam_v4d,48,pgd,0.1,0.8938777487164584,0.8912081455687559,0.8760126593681126,0.7556320794688469,0.9571067014884612,0.0
CICIoT2023,binary,trades,aam_v4d,48,transfer_mlp,0.1,0.8986244308824954,0.8972594565068961,0.8816194019083388,0.7669777850451351,0.9601550423323775,
CICIoT2023,binary,trades,aam_v4d,48,transfer_tf,0.1,0.8986728664148019,0.8970968182438891,0.8816302614823883,0.766920484063297,0.9602244128089581,
CICIoT2023,binary,trades,aam_v4d,48,gaussian,0.2,0.8916497142303594,0.8662212549501571,0.8679736355038186,0.736002615877357,0.9591284821794347,
CICIoT2023,binary,trades,aam_v4d,48,fgsm,0.2,0.8642352029448803,0.8293853953297828,0.8333422449601899,0.6670195991927521,0.9407477297555646,
CICIoT2023,binary,trades,aam_v4d,48,pgd,0.2,0.8080015499370338,0.7609713232281852,0.7642040527768765,0.528731954992984,0.9066629284446266,0.0
CICIoT2023,binary,trades,aam_v4d,48,transfer_mlp,0.2,0.8072265814201298,0.7585557148709545,0.7625192583165548,0.525536299736213,0.9122569074605127,
CICIoT2023,binary,trades,aam_v4d,48,transfer_tf,0.2,0.8219025477089993,0.7808048613956029,0.7826155517699998,0.5653202814778795,0.9205731769766489,
CICIoT2023,binary,trades,aam_v4d,48,pgd_constrained,0.1,0.8960573476702509,0.8934823159907141,0.8784807971023596,0.7604511867441557,0.9582314852747051,1.0
CICIoT2023,binary,trades,aam_v4d,48,square,0.1,0.899,0.8970372383799946,0.8822666811210543,0.7679383774070702,0.9657503548669626,
CICIoT2023,binary,trades,aam_v4d,48,square_clean_subset,0,0.9115,0.9103832563196521,0.8965178248046773,0.7959107631515936,0.9713050043792093,
CICIoT2023,binary,trades,transformer,49,clean,0,0.8959604766056379,0.9048763143520415,0.8807006496529532,0.7699569090098688,0.9616929764668396,
CICIoT2023,binary,trades,transformer,49,gaussian,0.05,0.8967354451225419,0.9050289840229414,0.8814382341918308,0.7710287369536956,0.9616899153352452,
CICIoT2023,binary,trades,transformer,49,fgsm,0.05,0.8851109173689818,0.8927524921480268,0.8684785748311857,0.7459216882812134,0.9536399073694752,
CICIoT2023,binary,trades,transformer,49,pgd,0.05,0.8851109173689818,0.8927524921480268,0.8684785748311857,0.7459216882812134,0.9535373708407302,0.0
CICIoT2023,binary,trades,transformer,49,transfer_mlp,0.05,0.8892279376150344,0.8974253038372252,0.8731265095487859,0.7551011912105999,0.956323512676954,
CICIoT2023,binary,trades,transformer,49,transfer_tf,0.05,0.8893248086796474,0.8974935818653558,0.8732274384875509,0.7552779717624714,0.956209875278802,
CICIoT2023,binary,trades,transformer,49,gaussian,0.1,0.8971713649133004,0.9050410692339206,0.8818394572870276,0.7715703412576714,0.9615134849105558,
CICIoT2023,binary,trades,transformer,49,fgsm,0.1,0.8724208079046789,0.8779539464700259,0.8540892075611535,0.7172850590065234,0.9447202080203924,
CICIoT2023,binary,trades,transformer,49,pgd,0.1,0.8717911459846944,0.877264167690837,0.8533863396767872,0.7159101153505961,0.9440908154672493,0.0
CICIoT2023,binary,trades,transformer,49,transfer_mlp,0.1,0.8810907681875424,0.8883939300832993,0.8639889105432554,0.7371660762023734,0.9506274750785197,
CICIoT2023,binary,trades,transformer,49,transfer_tf,0.1,0.8806064128644774,0.8873638194728937,0.8633381238827513,0.7356191053888963,0.9501383085256497,
CICIoT2023,binary,trades,transformer,49,gaussian,0.2,0.8949433304272014,0.900223849515226,0.8788590663822117,0.7645398102682773,0.9602755246028495,
CICIoT2023,binary,trades,transformer,49,fgsm,0.2,0.8446188123607479,0.842025638399563,0.8216582133222814,0.6509273323906566,0.9248641039646774,
CICIoT2023,binary,trades,transformer,49,pgd,0.2,0.8392424682747264,0.8354321316400383,0.8154653193383823,0.6384397941207656,0.9206239018617143,0.0
CICIoT2023,binary,trades,transformer,49,transfer_mlp,0.2,0.8636539765572023,0.8676424621056944,0.8441421834479091,0.6974382311184646,0.9396982509445126,
CICIoT2023,binary,trades,transformer,49,transfer_tf,0.2,0.8649133003971714,0.8689236310255359,0.8455211565389344,0.7000828116268171,0.9389669022258638,
CICIoT2023,binary,trades,transformer,49,pgd_constrained,0.1,0.8734863896154219,0.8791477536528745,0.8552851627145868,0.7196390814235604,0.9454390106513725,1.0
CICIoT2023,binary,trades,transformer,49,square,0.1,0.861,0.8675948675948676,0.8433103672173725,0.6969801904693196,0.9490818569765939,
CICIoT2023,binary,trades,transformer,49,square_clean_subset,0,0.8855,0.895715093083514,0.8706825111649275,0.7513840194660346,0.9589625510678144,
CICIoT2023,binary,trades,ft,49,clean,0,0.9098614743776035,0.9101975283353817,0.8946146420674572,0.7927850476509984,0.9671126758159223,
CICIoT2023,binary,trades,ft,49,gaussian,0.05,0.908747457134554,0.9088711934999317,0.893316785526955,0.7901920154649592,0.9667318494241887,
CICIoT2023,binary,trades,ft,49,fgsm,0.05,0.9013852562239659,0.9013699303564113,0.8849958830226887,0.7740271259300462,0.9618343176749055,
CICIoT2023,binary,trades,ft,49,pgd,0.05,0.9012399496270465,0.9011691246756794,0.8848215147045493,0.7736682961883241,0.9617520711001866,0.0
CICIoT2023,binary,trades,ft,49,transfer_mlp,0.05,0.9029351932577739,0.9035446538303974,0.8868612693182463,0.7778788682862954,0.9630089501115209,
CICIoT2023,binary,trades,ft,49,transfer_tf,0.05,0.9031773709193064,0.9035677659429195,0.8870906549155577,0.7782369957593591,0.9631424165870089,
CICIoT2023,binary,trades,ft,49,gaussian,0.1,0.9060350673253899,0.9025811142974192,0.8895608998792961,0.7816820605297059,0.9651166985297466,
CICIoT2023,binary,trades,ft,49,fgsm,0.1,0.8944589751041364,0.8932412262733852,0.876976153943626,0.7580455453507892,0.9565130354135374,
CICIoT2023,binary,trades,ft,49,pgd,0.1,0.8940230553133779,0.8928355865082617,0.8764943021439806,0.7571252418884477,0.9561635429468798,0.0
CICIoT2023,binary,trades,ft,49,transfer_mlp,0.1,0.8969291872517678,0.8965565342072921,0.8799219478098788,0.7640738596239482,0.9589612123901862,
CICIoT2023,binary,trades,ft,49,transfer_tf,0.1,0.8970260583163809,0.8965756179161546,0.8800144135577979,0.7642219909383382,0.9591068949428742,
CICIoT2023,binary,trades,ft,49,gaussian,0.2,0.8918918918918919,0.8688024716646183,0.8688750519242806,0.7377501972664091,0.9579142143474895,
CICIoT2023,binary,trades,ft,49,fgsm,0.2,0.8397752591300979,0.7978788406390823,0.8025551481014879,0.6056619997813982,0.9287602758432336,
CICIoT2023,binary,trades,ft,49,pgd,0.2,0.8051922890632568,0.7597783695206882,0.7618473759162836,0.5238269932318071,0.9053719786972553,0.0
CICIoT2023,binary,trades,ft,49,transfer_mlp,0.2,0.8074687590816623,0.7639410077836952,0.7653040489629703,0.530663686995085,0.9084855876462288,
CICIoT2023,binary,trades,ft,49,transfer_tf,0.2,0.8167683812845103,0.778071623651509,0.7779211536425843,0.555842923660411,0.9134220492512177,
CICIoT2023,binary,trades,ft,49,pgd_constrained,0.1,0.8958636055410248,0.8943788406390824,0.8784943259084657,0.7608810295896364,0.9573573615093997,1.0
CICIoT2023,binary,trades,ft,49,square,0.1,0.886,0.8848896743633585,0.8688080869457142,0.7419971655154457,0.9561128113759694,
CICIoT2023,binary,trades,ft,49,square_clean_subset,0,0.9025,0.9029448108395477,0.8874666403511733,0.7787563845610564,0.9624133703081071,
CICIoT2023,binary,trades,aam_noGate,49,clean,0,0.9113629758791049,0.9134695821384679,0.8966318594948528,0.7973608586919976,0.9677252378351313,
CICIoT2023,binary,trades,aam_noGate,49,gaussian,0.05,0.910394265232975,0.9128359961764304,0.8955999668194904,0.7954986048287134,0.9673944876871956,
CICIoT2023,binary,trades,aam_noGate,49,fgsm,0.05,0.9023055313377895,0.9049702307797352,0.8865545885741131,0.7781311773754542,0.9623922060630888,
CICIoT2023,binary,trades,aam_noGate,49,pgd,0.05,0.9023055313377895,0.9049702307797352,0.8865545885741131,0.7781311773754542,0.962322204014748,0.0
CICIoT2023,binary,trades,aam_noGate,49,transfer_mlp,0.05,0.9037585973069844,0.9064863443943739,0.8881950337078863,0.7813213371419356,0.9635987300286768,
CICIoT2023,binary,trades,aam_noGate,49,transfer_tf,0.05,0.9040976460331299,0.9067253174928308,0.8885561418812129,0.7819753677202281,0.9636421093358825,
CICIoT2023,binary,trades,aam_noGate,49,gaussian,0.1,0.907681875423811,0.9064967226546496,0.8918655108879794,0.7869105993358473,0.9657653397969866,
CICIoT2023,binary,trades,aam_noGate,49,fgsm,0.1,0.8947980238302818,0.8957431380581728,0.8778110553331675,0.7605364674160822,0.9571837987618917,
CICIoT2023,binary,trades,aam_noGate,49,pgd,0.1,0.8943621040395234,0.8953866926123174,0.8773407510670594,0.7596631004692023,0.9567982099776958,0.0
CICIoT2023,binary,trades,aam_noGate,49,transfer_mlp,0.1,0.8982853821563499,0.9006116687150075,0.8819900172927577,0.7691866434566299,0.9597656242887705,
CICIoT2023,binary,trades,aam_noGate,49,transfer_tf,0.1,0.8980916400271239,0.9000323637853338,0.8816960013804571,0.7684531170701309,0.9597048682234057,
CICIoT2023,binary,trades,aam_noGate,49,gaussian,0.2,0.8931512157318608,0.8732320770176157,0.8711458703493045,0.7423670468329513,0.9586206131366926,
CICIoT2023,binary,trades,aam_noGate,49,fgsm,0.2,0.8585198101327134,0.8269804042059266,0.8279305069396898,0.6558802771407249,0.9361033786244254,
CICIoT2023,binary,trades,aam_noGate,49,pgd,0.2,0.8104717620846653,0.7693536460467022,0.7697909147854811,0.5395873259709891,0.9063134302881333,0.0
CICIoT2023,binary,trades,aam_noGate,49,transfer_mlp,0.2,0.8075171946139688,0.7637291752014201,0.7652337553733973,0.5305354149676978,0.9114277333970595,
CICIoT2023,binary,trades,aam_noGate,49,transfer_tf,0.2,0.8164777680906713,0.7768337088624881,0.7771741975609925,0.5543515849936579,0.915561069006327,
CICIoT2023,binary,trades,aam_noGate,49,pgd_constrained,0.1,0.8965901385256224,0.8974490304520005,0.879796613861738,0.7643314460649663,0.9580676578360416,1.0
CICIoT2023,binary,trades,aam_noGate,49,square,0.1,0.8855,0.8893953762374815,0.8693590119890204,0.7453478760872464,0.9566671935092987,
CICIoT2023,binary,trades,aam_noGate,49,square_clean_subset,0,0.903,0.9071894861368546,0.8887405429461505,0.7828025668169192,0.9630946736209895,
CICIoT2023,binary,trades,aam_trans,49,clean,0,0.9105880073622009,0.9122346374436706,0.8956746630823385,0.7953304869560672,0.9674110735581956,
CICIoT2023,binary,trades,aam_trans,49,gaussian,0.05,0.9099583454422164,0.9115448586644818,0.8949534424244046,0.7939118828526851,0.9671253812189905,
CICIoT2023,binary,trades,aam_trans,49,fgsm,0.05,0.9014821272885789,0.902274511812099,0.8852651119698061,0.7748657137083415,0.9620257465064409,
CICIoT2023,binary,trades,aam_trans,49,pgd,0.05,0.9013368206916594,0.9022212890891711,0.8851202413446446,0.7746227154042099,0.961953468523829,0.0
CICIoT2023,binary,trades,aam_trans,49,transfer_mlp,0.05,0.9028867577254674,0.9041008466475489,0.8869249307295102,0.778242483972219,0.963250813646502,
CICIoT2023,binary,trades,aam_trans,49,transfer_tf,0.05,0.9031773709193064,0.9043548750512085,0.8872441916032354,0.7788446652630021,0.9633173790340934,
CICIoT2023,binary,trades,aam_trans,49,gaussian,0.1,0.9067131647776809,0.9056171650962721,0.8907876646807829,0.7848498424556283,0.9656604875051208,
CICIoT2023,binary,trades,aam_trans,49,fgsm,0.1,0.8942652329749103,0.8938917793254131,0.8769384634158702,0.7583069108483766,0.9567945969320406,
CICIoT2023,binary,trades,aam_trans,49,pgd,0.1,0.8934418289256999,0.8932130274477673,0.8760482406847065,0.7566458377520405,0.9564212242250445,0.0
CICIoT2023,binary,trades,aam_trans,49,transfer_mlp,0.1,0.8970744938486874,0.8976920319541172,0.8802890253541201,0.765182183974923,0.9593647526059447,
CICIoT2023,binary,trades,aam_trans,49,transfer_tf,0.1,0.8972198004456069,0.8976960603577768,0.8804226987170327,0.7653824576638704,0.9593950964996131,
CICIoT2023,binary,trades,aam_trans,49,gaussian,0.2,0.8896638574057929,0.8663465792707907,0.8662384644596366,0.7324771381468295,0.9571195093085713,
CICIoT2023,binary,trades,aam_trans,49,fgsm,0.2,0.8507216894313668,0.8157774819063226,0.8178011433655461,0.6356950082120402,0.9321999806545587,
CICIoT2023,binary,trades,aam_trans,49,pgd,0.2,0.8139591204107333,0.7751076744503619,0.7747152170246898,0.5494346897245367,0.9089877668532934,0.0
CICIoT2023,binary,trades,aam_trans,49,transfer_mlp,0.2,0.8125544899738448,0.7728877850607674,0.772780389725158,0.5455611028856677,0.9125276298420502,
CICIoT2023,binary,trades,aam_trans,49,transfer_tf,0.2,0.8199651264167394,0.7838667895671173,0.7826244779247382,0.5652893374176892,0.9164072272292777,
CICIoT2023,binary,trades,aam_trans,49,pgd_constrained,0.1,0.8952339436210404,0.8948205312030588,0.8780142768917361,0.7603698766676744,0.9576302972370159,1.0
CICIoT2023,binary,trades,aam_trans,49,square,0.1,0.884,0.886870123712229,0.8674877854581553,0.7412426067571811,0.9563403116034696,
CICIoT2023,binary,trades,aam_trans,49,square_clean_subset,0,0.9035,0.9060867087182877,0.8889934089117586,0.7825848107142047,0.9626983442772916,
CICIoT2023,binary,trades,aam_v4d,49,clean,0,0.9109754916206529,0.9129013041103373,0.8961622588300483,0.796382015998322,0.9678020392371067,
CICIoT2023,binary,trades,aam_v4d,49,gaussian,0.05,0.9102005231037489,0.9126010514816332,0.895374237018019,0.7950458870941793,0.9674903443488553,
CICIoT2023,binary,trades,aam_v4d,49,fgsm,0.05,0.9025477089993219,0.9046489826573808,0.886716911934107,0.7782054175228165,0.9624777641221721,
CICIoT2023,binary,trades,aam_v4d,49,pgd,0.05,0.902353966870096,0.9045124266011197,0.8865108016457572,0.7778317273684179,0.9624054576903819,0.0
CICIoT2023,binary,trades,aam_v4d,49,transfer_mlp,0.05,0.9034679841131454,0.9055435955209614,0.8877441286192083,0.7801771040694592,0.9637013063862715,
CICIoT2023,binary,trades,aam_v4d,49,transfer_tf,0.05,0.9038554683715974,0.9059642905912877,0.8881852996375708,0.7810424332041962,0.963743524966999,
CICIoT2023,binary,trades,aam_v4d,49,gaussian,0.1,0.9076334398915044,0.9060690290864399,0.8917382394717106,0.7865331426719196,0.96587521052392,
CICIoT2023,binary,trades,aam_v4d,49,fgsm,0.1,0.8949917659595079,0.8956337225180937,0.8779643422994168,0.7607047308274292,0.9571724702990576,
CICIoT2023,binary,trades,aam_v4d,49,pgd,0.1,0.8946042817010559,0.8952130274477672,0.8775243256229895,0.7598416896478049,0.956756281578588,0.0
CICIoT2023,binary,trades,aam_v4d,49,transfer_mlp,0.1,0.8979947689625108,0.8998165027993992,0.8815637067403916,0.7681470041227215,0.959681289544358,
CICIoT2023,binary,trades,aam_v4d,49,transfer_tf,0.1,0.8979947689625108,0.8994229482452547,0.8814841833815387,0.7678264167785214,0.9596465815467249,
CICIoT2023,binary,trades,aam_v4d,49,gaussian,0.2,0.8905841325196164,0.867929912604124,0.867477731548528,0.7349590954663154,0.9582175451772954,
CICIoT2023,binary,trades,aam_v4d,49,fgsm,0.2,0.8671897704155769,0.8402736583367472,0.8393707895835455,0.6787578216957499,0.9413252594565068,
CICIoT2023,binary,trades,aam_v4d,49,pgd,0.2,0.8122638767800058,0.7725353680185716,0.7724281112596155,0.5448565457719323,0.9061152931403342,0.0
CICIoT2023,binary,trades,aam_v4d,49,transfer_mlp,0.2,0.8045141916109658,0.759005257408166,0.7610425438000814,0.5222138902684925,0.9102911375119487,
CICIoT2023,binary,trades,aam_v4d,49,transfer_tf,0.2,0.8153153153153153,0.7743909599890755,0.7752954695301432,0.5506138650818018,0.914927636669853,
CICIoT2023,binary,trades,aam_v4d,49,pgd_constrained,0.1,0.8968323161871549,0.8974229482452547,0.8800124143661069,0.7646370112387192,0.9580036301151622,1.0
CICIoT2023,binary,trades,aam_v4d,49,square,0.1,0.886,0.8892648629490735,0.869772478812325,0.7458309237287515,0.9568707463444306,
CICIoT2023,binary,trades,aam_v4d,49,square_clean_subset,0,0.9035,0.9075451049135259,0.8892685441481438,0.7837555023759223,0.9632970290865028,
CICIoT2023,binary,trades,transformer,50,clean,0,0.8966385740579289,0.9032880991396969,0.8810118777242308,0.7693528946195413,0.9601142120715553,
CICIoT2023,binary,trades,transformer,50,gaussian,0.05,0.8969291872517678,0.9031485729892121,0.8812503183979021,0.7695918996313248,0.9601708145568756,
CICIoT2023,binary,trades,transformer,50,fgsm,0.05,0.8865639833381769,0.892054861395603,0.8696243515101325,0.7469528377522232,0.9520434362055623,
CICIoT2023,binary,trades,transformer,50,pgd,0.05,0.8863218056766444,0.8917857776867404,0.869351251838034,0.7464161355584061,0.9519307603896399,0.0
CICIoT2023,binary,trades,transformer,50,transfer_mlp,0.05,0.8891310665504214,0.8951432814420319,0.8725696680890371,0.7528612269520172,0.9547729641767946,
CICIoT2023,binary,trades,transformer,50,transfer_tf,0.05,0.8893732442119539,0.8953631708316263,0.872832705525999,0.7533530401743139,0.9546351108379991,
CICIoT2023,binary,trades,transformer,50,gaussian,0.1,0.8972682359779134,0.9026496312986481,0.8814626393730759,0.7695839286242699,0.9597756839182483,
CICIoT2023,binary,trades,transformer,50,fgsm,0.1,0.8729051632277439,0.8750977058582547,0.8538318741748767,0.7150151559759166,0.9430856320269472,
CICIoT2023,binary,trades,transformer,50,pgd,0.1,0.8718395815170009,0.8738547043561382,0.8526182402036036,0.7125995622826463,0.9424249681369201,0.0
CICIoT2023,binary,trades,transformer,50,transfer_mlp,0.1,0.8813329458490748,0.8858097432746141,0.8636340373186919,0.734959858160353,0.9491221209431471,
CICIoT2023,binary,trades,transformer,50,transfer_tf,0.1,0.8806548483967839,0.8845938822886795,0.8627666503369884,0.7330219108430491,0.948703713186763,
CICIoT2023,binary,trades,transformer,50,gaussian,0.2,0.8959120410733314,0.8984961081523966,0.8793922844477325,0.7642968079342818,0.9588388524739405,
CICIoT2023,binary,trades,transformer,50,fgsm,0.2,0.8446188123607479,0.8394183394783559,0.8208953925871569,0.648190729872178,0.9235844030224407,
CICIoT2023,binary,trades,transformer,50,pgd,0.2,0.8388549840162743,0.8325517206063089,0.814289272077965,0.6349724544925992,0.9196089603532249,0.0
CICIoT2023,binary,trades,transformer,50,transfer_mlp,0.2,0.8610868933449579,0.8610612453912331,0.8403170750650459,0.6879917174188415,0.9378868860667304,
CICIoT2023,binary,trades,transformer,50,transfer_tf,0.2,0.8659304465756079,0.869001024170422,0.8464000606872678,0.7012485964764971,0.9399573034730757,
CICIoT2023,binary,trades,transformer,50,pgd_constrained,0.1,0.8734863896154219,0.8758025399426465,0.8545003259698087,0.7163587180529901,0.9436581034639719,1.0
CICIoT2023,binary,trades,transformer,50,square,0.1,0.8655,0.8684274518906612,0.844498558432268,0.6979342524502697,0.9465451789953563,
CICIoT2023,binary,trades,transformer,50,square_clean_subset,0,0.891,0.8994803736986314,0.8739266414982604,0.7570136928460239,0.9556727201718414,
CICIoT2023,binary,trades,ft,50,clean,0,0.9079240530853434,0.9077988870681415,0.89234023121,0.7882083687846306,0.9653406447721791,
CICIoT2023,binary,trades,ft,50,gaussian,0.05,0.907197520100746,0.9068932473030179,0.8914860562300088,0.786487444177555,0.9651108607583413,
CICIoT2023,binary,trades,ft,50,fgsm,0.05,0.8986244308824954,0.8984893144885976,0.8818718217486077,0.7679377871012982,0.9599186410396467,
CICIoT2023,binary,trades,ft,50,pgd,0.05,0.8985275598178823,0.898421036460467,0.8817689928788028,0.7677502225033536,0.9598346192361965,0.0
CICIoT2023,binary,trades,ft,50,transfer_mlp,0.05,0.9001743679163035,0.9004180663662433,0.8836877777199106,0.771598463470062,0.9613169352269106,
CICIoT2023,binary,trades,ft,50,transfer_tf,0.05,0.9002228034486099,0.9003046224225044,0.8837096052858997,0.7715769275596853,0.9613000193454413,
CICIoT2023,binary,trades,ft,50,gaussian,0.1,0.9052116632761794,0.9007216987573399,0.8884210294053461,0.7791454144944326,0.9636760321361919,
CICIoT2023,binary,trades,ft,50,fgsm,0.1,0.8912622299719074,0.8899057763211798,0.8733682892192414,0.7510136580015808,0.9545412513086622,
CICIoT2023,binary,trades,ft,50,pgd,0.1,0.8908747457134554,0.8895834698893896,0.8729493549104186,0.7502296686881075,0.95416283171742,0.0
CICIoT2023,binary,trades,ft,50,transfer_mlp,0.1,0.8950886370241209,0.8952100573535435,0.8779638587832156,0.7604886513431358,0.9575026514634257,
CICIoT2023,binary,trades,ft,50,transfer_tf,0.1,0.8946527172333624,0.8943616687150076,0.877389444768446,0.7592115257455802,0.9573853099822478,
CICIoT2023,binary,trades,ft,50,gaussian,0.2,0.8885014046304369,0.8647401338249352,0.864776022102316,0.7295520674217825,0.9567130729664528,
CICIoT2023,binary,trades,ft,50,fgsm,0.2,0.8302334592657173,0.7800847330329099,0.7879773402279018,0.5777369327557828,0.9268325595156812,
CICIoT2023,binary,trades,ft,50,pgd,0.2,0.7963770221834738,0.7453988119623105,0.7491535080308532,0.4987937847852347,0.9041742056989395,0.0
CICIoT2023,binary,trades,ft,50,transfer_mlp,0.2,0.8022377215925603,0.7532684009285812,0.7567631528710865,0.5139251004333986,0.910058315125859,
CICIoT2023,binary,trades,ft,50,transfer_tf,0.2,0.8180277051244793,0.7789100436979379,0.77914331062116,0.5582880998425814,0.9190096158222951,
CICIoT2023,binary,trades,ft,50,pgd_constrained,0.1,0.8927637314734089,0.8914068346306159,0.8750479358499363,0.7542614747725704,0.9551833208156948,1.0
CICIoT2023,binary,trades,ft,50,square,0.1,0.8815,0.8769618011419251,0.8604351655094661,0.7250899496589347,0.9555437654054891,
CICIoT2023,binary,trades,ft,50,square_clean_subset,0,0.8975,0.8966120512527649,0.8792793625714791,0.76288741035785,0.9619030775976095,
CICIoT2023,binary,trades,aam_noGate,50,clean,0,0.9088443281991669,0.9092838317629387,0.8934850483282356,0.7906344013732404,0.9663532363785334,
CICIoT2023,binary,trades,aam_noGate,50,gaussian,0.05,0.9086505860699409,0.9089996927488735,0.8932494834306992,0.7901445384854241,0.96609136738131,
CICIoT2023,binary,trades,aam_noGate,50,fgsm,0.05,0.9005134166424489,0.900558650826164,0.8840285740023441,0.7721794903540927,0.9607039749192046,
CICIoT2023,binary,trades,aam_noGate,50,pgd,0.05,0.8998837547224644,0.9001148436433155,0.883359080490244,0.7709579810973286,0.9605953331967773,0.0
CICIoT2023,binary,trades,aam_noGate,50,transfer_mlp,0.05,0.9013852562239659,0.9018126792298239,0.8850839962936226,0.7743705660230438,0.962070724657472,
CICIoT2023,binary,trades,aam_noGate,50,transfer_tf,0.05,0.9014821272885789,0.9017333743001502,0.8851577991824575,0.7744440710130764,0.9620942236788201,
CICIoT2023,binary,trades,aam_noGate,50,gaussian,0.1,0.9070037779715199,0.9037066434521371,0.8906898325874804,0.783928888855196,0.9647420057808731,
CICIoT2023,binary,trades,aam_noGate,50,fgsm,0.1,0.8929574736026349,0.8913466134098047,0.8752099905392123,0.7544761587715964,0.9549616846465474,
CICIoT2023,binary,trades,aam_noGate,50,pgd,0.1,0.8918918918918919,0.8903003891847603,0.8740213554653073,0.7521841617126952,0.9544703787154627,0.0
CICIoT2023,binary,trades,aam_noGate,50,transfer_mlp,0.1,0.8959120410733314,0.8955936433155811,0.8787935542022777,0.7619140169294308,0.9578426077654878,
CICIoT2023,binary,trades,aam_noGate,50,transfer_tf,0.1,0.8956214278794924,0.8951428376348491,0.8784345270814593,0.7611562369504732,0.9578302722017388,
CICIoT2023,binary,trades,aam_noGate,50,gaussian,0.2,0.8883560980335173,0.8645885224634713,0.8646064586448216,0.729212923092022,0.9580113910510264,
CICIoT2023,binary,trades,aam_noGate,50,fgsm,0.2,0.8570183086312119,0.8235607674450363,0.8255389546572858,0.6511632039437506,0.9363186194182712,
CICIoT2023,binary,trades,aam_noGate,50,pgd,0.2,0.8051438535309503,0.7622039464700259,0.7629906338608741,0.5259998871041994,0.9037638206108608,0.0
CICIoT2023,binary,trades,aam_noGate,50,transfer_mlp,0.2,0.8029642545771578,0.7562402021029633,0.7587083192597928,0.51760979776779,0.9073432393372479,
CICIoT2023,binary,trades,aam_noGate,50,transfer_tf,0.2,0.8210307081274824,0.7851589853885019,0.7839110696615303,0.5678626025777256,0.9174655651144794,
CICIoT2023,binary,trades,aam_noGate,50,pgd_constrained,0.1,0.8936840065872323,0.89195708725932,0.8759988487734036,0.755958130185556,0.955562571122946,1.0
CICIoT2023,binary,trades,aam_noGate,50,square,0.1,0.8835,0.8810060682428624,0.8631649018560537,0.7311617632066796,0.9556432447966753,
CICIoT2023,binary,trades,aam_noGate,50,square_clean_subset,0,0.904,0.9059182868911952,0.8871920696024931,0.7792691194391251,0.9624483720381853,
CICIoT2023,binary,trades,aam_trans,50,clean,0,0.9086505860699409,0.9087045268332651,0.8931943319838056,0.7899291736812444,0.9660327677636671,
CICIoT2023,binary,trades,aam_trans,50,gaussian,0.05,0.9079724886176499,0.9079314147207429,0.8924107709666744,0.7883757816499484,0.9657666256998498,
CICIoT2023,binary,trades,aam_trans,50,fgsm,0.05,0.9003681100455294,0.9001610678683599,0.8838146459036029,0.7716675452265347,0.960427704947881,
CICIoT2023,binary,trades,aam_trans,50,pgd,0.05,0.9001259323839969,0.8999411784787655,0.8835471250716573,0.7711586247940847,0.9603064374800857,0.0
CICIoT2023,binary,trades,aam_trans,50,transfer_mlp,0.05,0.9018696115470309,0.9020556807319404,0.8855802499491647,0.7752357659774074,0.961798966725841,
CICIoT2023,binary,trades,aam_trans,50,transfer_tf,0.05,0.9020633536762569,0.9021430424689335,0.8857769337120502,0.7755750267144033,0.9617935556921118,
CICIoT2023,binary,trades,aam_trans,50,gaussian,0.1,0.905550712002325,0.9016001980062816,0.8889133898098263,0.7802675399559974,0.9643946470025945,
CICIoT2023,binary,trades,aam_trans,50,fgsm,0.1,0.8919403274241984,0.8904821111566298,0.8741045518015162,0.752397230082037,0.9546093188128726,
CICIoT2023,binary,trades,aam_trans,50,pgd,0.1,0.8916981497626659,0.8902622217670354,0.87383847634415,0.7518914286472169,0.9541476057171469,0.0
CICIoT2023,binary,trades,aam_trans,50,transfer_mlp,0.1,0.8946527172333624,0.8942140857572034,0.8773583022466358,0.7590919976459186,0.9575594587828304,
CICIoT2023,binary,trades,aam_trans,50,transfer_tf,0.1,0.8948948948948949,0.8941880035504575,0.8775727800255863,0.7593997278287952,0.9574844155400791,
CICIoT2023,binary,trades,aam_trans,50,gaussian,0.2,0.8923278116826504,0.8726517137785061,0.8702592601777723,0.74061768877438,0.9587539771951387,
CICIoT2023,binary,trades,aam_trans,50,fgsm,0.2,0.8488811392037199,0.8138406732213573,0.8156657889626551,0.6314076423406466,0.9311400951340525,
CICIoT2023,binary,trades,aam_trans,50,pgd,0.2,0.8067906616293713,0.7644961422914106,0.7651336484001561,0.5302793406387813,0.9059007521962765,0.0
CICIoT2023,binary,trades,aam_trans,50,transfer_mlp,0.2,0.8058219509832413,0.7624359210705995,0.7635330284777639,0.5271023174136152,0.9091966236515089,
CICIoT2023,binary,trades,aam_trans,50,transfer_tf,0.2,0.8243243243243243,0.7911208179707769,0.7887034153517443,0.5775528433413605,0.9189295541444763,
CICIoT2023,binary,trades,aam_trans,50,pgd_constrained,0.1,0.8928606025380219,0.8913767240202103,0.8751289548021409,0.7543686315946775,0.95513915062133,1.0
CICIoT2023,binary,trades,aam_trans,50,square,0.1,0.884,0.880826145640285,0.8635664895775383,0.7316645473139302,0.9551163724655782,
CICIoT2023,binary,trades,aam_trans,50,square_clean_subset,0,0.901,0.9001165505459698,0.8832409482250265,0.7705414266331896,0.9620516826140728,
CICIoT2023,binary,trades,aam_v4d,50,clean,0,0.9086990216022474,0.9094273863170832,0.8933747894189139,0.7905288029060168,0.9661194922390642,
CICIoT2023,binary,trades,aam_v4d,50,gaussian,0.05,0.9077303109561174,0.9083510514816333,0.8922619654942654,0.7883334857423558,0.9658602405662524,
CICIoT2023,binary,trades,aam_v4d,50,fgsm,0.05,0.8995447059963189,0.8995807046292503,0.8829391985820105,0.7700691202894048,0.9603916939778779,
CICIoT2023,binary,trades,aam_v4d,50,pgd,0.05,0.8993509638670929,0.8993949542537212,0.8827234013984497,0.7696549997560297,0.9603199053211343,0.0
CICIoT2023,binary,trades,aam_v4d,50,transfer_mlp,0.05,0.9011430785624334,0.9017403727980335,0.8848458236912499,0.7739774419097053,0.9617687536983931,
CICIoT2023,binary,trades,aam_v4d,50,transfer_tf,0.05,0.9011430785624334,0.9017403727980335,0.8848458236912499,0.7739774419097053,0.9618055214165415,
CICIoT2023,binary,trades,aam_v4d,50,gaussian,0.1,0.9062772449869224,0.902456643452137,0.8897630412324615,0.7819623234237215,0.9643747325777231,
CICIoT2023,binary,trades,aam_v4d,50,fgsm,0.1,0.8917465852949724,0.8904439437389048,0.8739216556970122,0.7521048457698196,0.9545412854476762,
CICIoT2023,binary,trades,aam_v4d,50,pgd,0.1,0.8910684878426814,0.8897692202649188,0.8731641741699094,0.7506417486411502,0.9540716862397014,0.0
CICIoT2023,binary,trades,aam_v4d,50,transfer_mlp,0.1,0.8950402014918144,0.8948315581046019,0.877840426121022,0.7601161406427838,0.9574334744412581,
CICIoT2023,binary,trades,aam_v4d,50,transfer_tf,0.1,0.8946042817010559,0.894179946743138,0.8773071108403252,0.7589988028048437,0.9574254972916383,
CICIoT2023,binary,trades,aam_v4d,50,gaussian,0.2,0.8899544705996318,0.8673385224634713,0.8667607728218031,0.7335274871853954,0.9582078553871365,
CICIoT2023,binary,trades,aam_v4d,50,fgsm,0.2,0.8405986631793083,0.7984100095589239,0.8033759960089712,0.6073735171177911,0.9275608300332286,
CICIoT2023,binary,trades,aam_v4d,50,pgd,0.2,0.8031095611740773,0.758753140789294,0.7600382095293732,0.5201273938118824,0.9018463858163777,0.0
CICIoT2023,binary,trades,aam_v4d,50,transfer_mlp,0.2,0.8016080596725758,0.7545463949201148,0.75702281955418,0.5142422452706445,0.9062578633529064,
CICIoT2023,binary,trades,aam_v4d,50,transfer_tf,0.2,0.8223869030320643,0.7873447357640311,0.7857767231193092,0.5716164533527488,0.9169704868223405,
CICIoT2023,binary,trades,aam_v4d,50,pgd_constrained,0.1,0.8925215538118764,0.8911377509217534,0.8747710716935864,0.753715461330652,0.9551202034685238,1.0
CICIoT2023,binary,trades,aam_v4d,50,square,0.1,0.8805,0.8778509749594408,0.8597680775230232,0.7245518029303761,0.9549972428242814,
CICIoT2023,binary,trades,aam_v4d,50,square_clean_subset,0,0.903,0.9041608176469071,0.8859133576639759,0.7764964277556972,0.9618883399100264,
CICIoMT2024,binary,trades,transformer,41,clean,0,0.9918955748404217,0.9898954742869682,0.989856028929226,0.9797120737792702,0.9992597769427878,
CICIoMT2024,binary,trades,transformer,41,gaussian,0.05,0.9918955748404217,0.9899759985432746,0.9898576616838204,0.9797154666093693,0.9992483544231422,
CICIoMT2024,binary,trades,transformer,41,fgsm,0.05,0.991608692533888,0.989536366752767,0.9894969503072517,0.9789939165283706,0.9987974675230852,
CICIoMT2024,binary,trades,transformer,41,pgd,0.05,0.991608692533888,0.989536366752767,0.9894969503072517,0.9789939165283706,0.9987850662982615,0.0
CICIoMT2024,binary,trades,transformer,41,transfer_mlp,0.05,0.9917521336871549,0.9897159205198676,0.9896764896182388,0.9793529951538205,0.9990700240375143,
CICIoMT2024,binary,trades,transformer,41,transfer_tf,0.05,0.9916804131105215,0.9896664057644704,0.9895875581482604,0.9791751799488032,0.999152685991973,
CICIoMT2024,binary,trades,transformer,41,gaussian,0.1,0.9919672954170552,0.9900255132986717,0.9899466078672858,0.9798932794146498,0.9991955300989188,
CICIoMT2024,binary,trades,transformer,41,fgsm,0.1,0.9914652513806211,0.98927628872936,0.9893156904426372,0.9786313968007364,0.998393146385191,
CICIoMT2024,binary,trades,transformer,41,pgd,0.1,0.9913218102273542,0.9890967349622592,0.9891361222147824,0.9782722603415492,0.9983357118444705,0.0
CICIoMT2024,binary,trades,transformer,41,transfer_mlp,0.1,0.9915369719572545,0.9894063277410634,0.9894063277410634,0.9788126554821269,0.9987745065844967,
CICIoMT2024,binary,trades,transformer,41,transfer_tf,0.1,0.9915369719572545,0.9894063277410634,0.9894063277410634,0.9788126554821269,0.9989145129357782,
CICIoMT2024,binary,trades,transformer,41,gaussian,0.2,0.9916804131105215,0.9895053572518577,0.989584203791414,0.9791684712756954,0.9992184781598076,
CICIoMT2024,binary,trades,transformer,41,fgsm,0.2,0.9903894427311195,0.9876478005790329,0.9879621379244902,0.975925293904334,0.997573944395638,
CICIoMT2024,binary,trades,transformer,41,pgd,0.2,0.9901742810012193,0.9873382078002287,0.9876916404407228,0.97538456913989,0.9972165367177991,0.0
CICIoMT2024,binary,trades,transformer,41,transfer_mlp,0.2,0.9909632073441871,0.9884465399037418,0.9886826421183528,0.9773658572116879,0.9981140479993078,
CICIoMT2024,binary,trades,transformer,41,transfer_tf,0.2,0.9911066484974539,0.9887871421834552,0.9888658730184081,0.9777318096740267,0.9983313463042677,
CICIoMT2024,binary,trades,transformer,41,pgd_constrained,0.1,0.9915369719572545,0.9894063277410634,0.9894063277410634,0.9788126554821269,0.9985629002228099,1.0
CICIoMT2024,binary,trades,transformer,41,square,0.1,0.991,0.9902969602245542,0.9885577123561451,0.9771441159948944,0.9987623999234475,
CICIoMT2024,binary,trades,transformer,41,square_clean_subset,0,0.9915,0.9912315396638065,0.9891997353299846,0.9784385081762245,0.9992906127396255,
CICIoMT2024,binary,trades,ft,41,clean,0,0.9957684859786272,0.9965149596374258,0.9947222195757519,0.9894766430343173,0.9993682715628712,
CICIoMT2024,binary,trades,ft,41,gaussian,0.05,0.9957684859786272,0.9965149596374258,0.9947222195757519,0.9894766430343173,0.9993767966000813,
CICIoMT2024,binary,trades,ft,41,fgsm,0.05,0.9954098830954601,0.9958647645789083,0.9942726680148399,0.9885707873901014,0.99917258203803,
CICIoMT2024,binary,trades,ft,41,pgd,0.05,0.9954098830954601,0.9958647645789083,0.9942726680148399,0.9885707873901014,0.9991712942680586,0.0
CICIoMT2024,binary,trades,ft,41,transfer_mlp,0.05,0.9954098830954601,0.9958647645789083,0.9942726680148399,0.9885707873901014,0.9993236632110649,
CICIoMT2024,binary,trades,ft,41,transfer_tf,0.05,0.9954816036720935,0.9959948035906117,0.9943626071404126,0.9887519527877934,0.9993006121285782,
CICIoMT2024,binary,trades,ft,41,gaussian,0.1,0.9956250448253604,0.9963354058703251,0.9945433117647604,0.9891188204646919,0.9993799130034119,
CICIoMT2024,binary,trades,ft,41,fgsm,0.1,0.9948361184823926,0.9951465495105057,0.993556751516695,0.987138932403815,0.9990184617278627,
CICIoMT2024,binary,trades,ft,41,pgd,0.1,0.9948361184823926,0.9951465495105057,0.993556751516695,0.987138932403815,0.9989913412922669,0.0
CICIoMT2024,binary,trades,ft,41,transfer_mlp,0.1,0.9951230007889263,0.9955861813010134,0.9939156800961618,0.9878593993570753,0.9992732212612883,
CICIoMT2024,binary,trades,ft,41,transfer_tf,0.1,0.9950512802122929,0.9955366665456162,0.9938266968668608,0.9876827761900028,0.9992332488813787,
CICIoMT2024,binary,trades,ft,41,gaussian,0.2,0.9952664419421933,0.9960073078370333,0.9940974524368729,0.988231500797656,0.9993367469539733,
CICIoMT2024,binary,trades,ft,41,fgsm,0.2,0.9933299863730904,0.9931404485714896,0.9916754785093296,0.9833726758848264,0.9987151532665187,
CICIoMT2024,binary,trades,ft,41,pgd,0.2,0.9928996629132898,0.9926017872701878,0.9911384126067055,0.9822985299558293,0.9985832598660566,0.0
CICIoMT2024,binary,trades,ft,41,transfer_mlp,0.2,0.9938320304095245,0.9939701973971078,0.9923051248274988,0.9846382343026098,0.9988480768829581,
CICIoMT2024,binary,trades,ft,41,transfer_tf,0.2,0.9938320304095245,0.9940507216534142,0.9923063512238459,0.9846434061024828,0.9991061717406091,
CICIoMT2024,binary,trades,ft,41,pgd_constrained,0.1,0.994907839059026,0.9952765885222092,0.9936467477296713,0.987320210869806,0.999073050296947,1.0
CICIoMT2024,binary,trades,ft,41,square,0.1,0.994,0.9959044368600682,0.9923985106148465,0.9849115323631112,0.9989486778731141,
CICIoMT2024,binary,trades,ft,41,square_clean_subset,0,0.995,0.9965870307167235,0.993658041603247,0.9873959105442147,0.9991311281936781,
CICIoMT2024,binary,trades,aam_noGate,41,clean,0,0.9959119271318941,0.9967750376608329,0.9949019394498964,0.9898390054792804,0.9995084066911497,
CICIoMT2024,binary,trades,aam_noGate,41,gaussian,0.05,0.9959119271318941,0.9967750376608329,0.9949019394498964,0.9898390054792804,0.9995052387770202,
CICIoMT2024,binary,trades,aam_noGate,41,fgsm,0.05,0.995553324248727,0.996285891114928,0.9944542995783947,0.9889422340422556,0.9993638931449687,
CICIoMT2024,binary,trades,aam_noGate,41,pgd,0.05,0.995553324248727,0.996285891114928,0.9944542995783947,0.9889422340422556,0.9993629659505893,0.0
CICIoMT2024,binary,trades,aam_noGate,41,transfer_mlp,0.05,0.995553324248727,0.996285891114928,0.9944542995783947,0.9889422340422556,0.9994618666843864,
CICIoMT2024,binary,trades,aam_noGate,41,transfer_tf,0.05,0.9956250448253604,0.9964159301266315,0.9945441808148012,0.9891234730600437,0.999443065242805,
CICIoMT2024,binary,trades,aam_noGate,41,gaussian,0.1,0.9956967654019938,0.9964654448820287,0.994633193140382,0.9893000284239744,0.9995129911522477,
CICIoMT2024,binary,trades,aam_noGate,41,fgsm,0.1,0.994907839059026,0.9954376370348221,0.9936487727098031,0.9873297076165651,0.999185511248542,
CICIoMT2024,binary,trades,aam_noGate,41,pgd,0.1,0.994907839059026,0.9954376370348221,0.9936487727098031,0.9873297076165651,0.9991803730463564,0.0
CICIoMT2024,binary,trades,aam_noGate,41,transfer_mlp,0.1,0.9949795596356594,0.9954871517902192,0.9937377277403396,0.9875062122892615,0.9993855791912858,
CICIoMT2024,binary,trades,aam_noGate,41,transfer_tf,0.1,0.9951947213655598,0.9958772688253297,0.9940075428621589,0.9880501744311886,0.9993543894025804,
CICIoMT2024,binary,trades,aam_noGate,41,gaussian,0.2,0.9946209567524923,0.9949980052443144,0.9932898878987616,0.9866091392113212,0.999409042360163,
CICIoMT2024,binary,trades,aam_noGate,41,fgsm,0.2,0.9939037509861579,0.9941002364088114,0.9923952062852631,0.984819744246852,0.9987295119016989,
CICIoMT2024,binary,trades,aam_noGate,41,pgd,0.2,0.9937603098328911,0.9940012068980171,0.9922175102218714,0.9844671270595624,0.9986338434705297,0.0
CICIoMT2024,binary,trades,aam_noGate,41,transfer_mlp,0.2,0.9940471921394248,0.994279790175912,0.9925741426079628,0.9851776232397459,0.9991148641879156,
CICIoMT2024,binary,trades,aam_noGate,41,transfer_tf,0.2,0.9943340744459586,0.9946388977101133,0.9929320152533623,0.9858933812255336,0.9991558925392017,
CICIoMT2024,binary,trades,aam_noGate,41,pgd_constrained,0.1,0.9951230007889263,0.9957472298136262,0.9939176188924329,0.9878688508970994,0.9992430101777613,1.0
CICIoMT2024,binary,trades,aam_noGate,41,square,0.1,0.994,0.9959044368600682,0.9923985106148465,0.9849115323631112,0.9991910943829543,
CICIoMT2024,binary,trades,aam_noGate,41,square_clean_subset,0,0.995,0.9965870307167235,0.993658041603247,0.9873959105442147,0.9993174061433447,
CICIoMT2024,binary,trades,aam_trans,41,clean,0,0.9956967654019938,0.9963849206257223,0.9946323380631483,0.9892954661559982,0.9994212761748905,
CICIoMT2024,binary,trades,aam_trans,41,gaussian,0.05,0.9956967654019938,0.9963849206257223,0.9946323380631483,0.9892954661559982,0.9994357378316685,
CICIoMT2024,binary,trades,aam_trans,41,fgsm,0.05,0.9954816036720935,0.9961558521032245,0.9943644039537689,0.9887609978950666,0.9992003978694103,
CICIoMT2024,binary,trades,aam_trans,41,pgd,0.05,0.9954816036720935,0.9961558521032245,0.9943644039537689,0.9887609978950666,0.9991943453505452,0.0
CICIoMT2024,binary,trades,aam_trans,41,transfer_mlp,0.05,0.9956250448253604,0.9962548816140188,0.9945424421576594,0.9891142921615781,0.9993467014158517,
CICIoMT2024,binary,trades,aam_trans,41,transfer_tf,0.05,0.9956250448253604,0.9962548816140188,0.9945424421576594,0.9891142921615781,0.9993614978928221,
CICIoMT2024,binary,trades,aam_trans,41,gaussian,0.1,0.9954098830954601,0.9959452888352146,0.9942735812669758,0.9885752138136233,0.9994169750231863,
CICIoMT2024,binary,trades,aam_trans,41,fgsm,0.1,0.9948361184823926,0.9951465495105057,0.993556751516695,0.987138932403815,0.9989554768985656,
CICIoMT2024,binary,trades,aam_trans,41,pgd,0.1,0.9946926773291257,0.9948864714870987,0.9933767157673838,0.9867763838140282,0.9989535323659091,0.0
CICIoMT2024,binary,trades,aam_trans,41,transfer_mlp,0.1,0.9949795596356594,0.9953261032776064,0.9937357306412313,0.9874968961503866,0.9992604208277733,
CICIoMT2024,binary,trades,aam_trans,41,transfer_tf,0.1,0.9950512802122929,0.9954561422893099,0.9938257125823567,0.987678146349303,0.9992840385290473,
CICIoMT2024,binary,trades,aam_trans,41,gaussian,0.2,0.9946926773291257,0.9950475199997115,0.9933788283399407,0.9867856776722536,0.9993184348649812,
CICIoMT2024,binary,trades,aam_trans,41,fgsm,0.2,0.9936885892562576,0.9938711678863137,0.9921274291592842,0.9842855553291354,0.9987065509631103,
CICIoMT2024,binary,trades,aam_trans,41,pgd,0.2,0.9933299863730904,0.9933014970841025,0.9916781343501331,0.9833829205953409,0.9986085516682932,0.0
CICIoMT2024,binary,trades,aam_trans,41,transfer_mlp,0.2,0.9938320304095245,0.9939701973971078,0.9923051248274988,0.9846382343026098,0.9989972392787356,
CICIoMT2024,binary,trades,aam_trans,41,transfer_tf,0.2,0.9939037509861579,0.9939391878961985,0.9923927804591378,0.9848097045445797,0.9990360397879712,
CICIoMT2024,binary,trades,aam_trans,41,pgd_constrained,0.1,0.9949795596356594,0.9953261032776064,0.9937357306412313,0.9874968961503866,0.9989954106453761,1.0
CICIoMT2024,binary,trades,aam_trans,41,square,0.1,0.9945,0.9962457337883959,0.9930279114887025,0.9861522287304362,0.999170680361073,
CICIoMT2024,binary,trades,aam_trans,41,square_clean_subset,0,0.995,0.9965870307167235,0.993658041603247,0.9873959105442147,0.9993952346017672,
CICIoMT2024,binary,trades,aam_v4d,41,clean,0,0.9954816036720935,0.9960753278469181,0.9943635058349598,0.9887564131686842,0.9994660905698923,
CICIoMT2024,binary,trades,aam_v4d,41,gaussian,0.05,0.9954098830954601,0.996025813091521,0.9942744939340249,0.9885797646093035,0.999464261936533,
CICIoMT2024,binary,trades,aam_v4d,41,fgsm,0.05,0.9949795596356594,0.9954871517902192,0.9937377277403396,0.9875062122892615,0.9993146488212656,
CICIoMT2024,binary,trades,aam_v4d,41,pgd,0.05,0.9949795596356594,0.9954871517902192,0.9937377277403396,0.9875062122892615,0.9993140693247784,0.0
CICIoMT2024,binary,trades,aam_v4d,41,transfer_mlp,0.05,0.9950512802122929,0.9956171908019227,0.9938276805207946,0.9876875301861905,0.9993919922857428,
CICIoMT2024,binary,trades,aam_v4d,41,transfer_tf,0.05,0.9950512802122929,0.9956171908019227,0.9938276805207946,0.9876875301861905,0.9994064281871213,
CICIoMT2024,binary,trades,aam_v4d,41,gaussian,0.1,0.9953381625188267,0.995976298336124,0.9941854961427775,0.9884031753254412,0.9994549384819408,
CICIoMT2024,binary,trades,aam_v4d,41,fgsm,0.1,0.9946926773291257,0.995128044256018,0.9933798836112162,0.9867905107425669,0.999078072599835,
CICIoMT2024,binary,trades,aam_v4d,41,pgd,0.1,0.9946926773291257,0.995128044256018,0.9933798836112162,0.9867905107425669,0.9990718655485733,0.0
CICIoMT2024,binary,trades,aam_v4d,41,transfer_mlp,0.1,0.9946926773291257,0.995128044256018,0.9933798836112162,0.9867905107425669,0.9992729121964951,
CICIoMT2024,binary,trades,aam_v4d,41,transfer_tf,0.1,0.9948361184823926,0.995388122279425,0.9935598317684584,0.987153262133662,0.9993347251551183,
CICIoMT2024,binary,trades,aam_v4d,41,gaussian,0.2,0.9946926773291257,0.995128044256018,0.9933798836112162,0.9867905107425669,0.9993014363013599,
CICIoMT2024,binary,trades,aam_v4d,41,fgsm,0.2,0.9935451481029908,0.9937721383755194,0.9919497897105729,0.9839331126981935,0.9985573370565339,
CICIoMT2024,binary,trades,aam_v4d,41,pgd,0.2,0.9934017069497239,0.9935925846084188,0.9917708961485857,0.9835753183164748,0.9984819123693138,0.0
CICIoMT2024,binary,trades,aam_v4d,41,transfer_mlp,0.2,0.9936168686796242,0.993902177387223,0.9920398703691362,0.9841147461253866,0.9988325206217045,
CICIoMT2024,binary,trades,aam_v4d,41,transfer_tf,0.2,0.9938320304095245,0.9941312459097207,0.9923075768345475,0.984648701461631,0.9991196804476082,
CICIoMT2024,binary,trades,aam_v4d,41,pgd_constrained,0.1,0.9948361184823926,0.9953075980231185,0.9935588056757779,0.9871483615159142,0.9991876489466943,1.0
CICIoMT2024,binary,trades,aam_v4d,41,square,0.1,0.994,0.9959044368600682,0.9923985106148465,0.9849115323631112,0.9992395776849223,
CICIoMT2024,binary,trades,aam_v4d,41,square_clean_subset,0,0.995,0.9965870307167235,0.993658041603247,0.9873959105442147,0.9994156486236484,
CICIoMT2024,binary,trades,transformer,42,clean,0,0.9946209567524923,0.995722723551072,0.9932994859847621,0.9866578974861354,0.9987984591059632,
CICIoMT2024,binary,trades,transformer,42,gaussian,0.05,0.9946209567524923,0.995722723551072,0.9932994859847621,0.9866578974861354,0.9987967334942016,
CICIoMT2024,binary,trades,transformer,42,fgsm,0.05,0.994405795022592,0.9954936550285743,0.9930320182947625,0.9861248807299642,0.9981295785051616,
CICIoMT2024,binary,trades,transformer,42,pgd,0.05,0.994405795022592,0.9954936550285743,0.9930320182947625,0.9861248807299642,0.9981224185041214,0.0
CICIoMT2024,binary,trades,transformer,42,transfer_mlp,0.05,0.9945492361758589,0.9955926845393686,0.9932096069309342,0.986476225993432,0.9987171879430733,
CICIoMT2024,binary,trades,transformer,42,transfer_tf,0.05,0.9944775155992254,0.9955431697839714,0.9931208056110226,0.9863005240313457,0.9987372900323256,
CICIoMT2024,binary,trades,transformer,42,gaussian,0.1,0.9946926773291257,0.9957722383064691,0.9933883014853833,0.9868336273999861,0.9988603493307846,
CICIoMT2024,binary,trades,transformer,42,fgsm,0.1,0.9940471921394248,0.9951655569952824,0.9925871166041667,0.9852410406086178,0.997869539114854,
CICIoMT2024,binary,trades,transformer,42,pgd,0.1,0.9940471921394248,0.9951655569952824,0.9925871166041667,0.9852410406086178,0.9978495014141002,0.0
CICIoMT2024,binary,trades,transformer,42,transfer_mlp,0.1,0.994405795022592,0.9954936550285743,0.9930320182947625,0.9861248807299642,0.9985297401460487,
CICIoMT2024,binary,trades,transformer,42,transfer_tf,0.1,0.9943340744459586,0.9954441402731773,0.9929432449754085,0.9859492960515626,0.9986023059839322,
CICIoMT2024,binary,trades,transformer,42,gaussian,0.2,0.9944775155992254,0.9954626455276651,0.9931197135215464,0.9862945572799826,0.9988281679592013,
CICIoMT2024,binary,trades,transformer,42,fgsm,0.2,0.9928996629132898,0.9938096511147838,0.9911595284541304,0.9823898942306439,0.9972491172980731,
CICIoMT2024,binary,trades,transformer,42,pgd,0.2,0.9909632073441871,0.9922311799501426,0.9887671500613069,0.9776557507283373,0.9969629490550472,0.0
CICIoMT2024,binary,trades,transformer,42,transfer_mlp,0.2,0.9939754715627913,0.9950355179835789,0.992497209928529,0.9850591905714808,0.9980659369131795,
CICIoMT2024,binary,trades,transformer,42,transfer_tf,0.2,0.9936168686796242,0.9946268956939806,0.9920512455153112,0.9841692551955721,0.9980846095777635,
CICIoMT2024,binary,trades,transformer,42,pgd_constrained,0.1,0.9941906332926916,0.9952645865060766,0.9927645929494695,0.9855919784532988,0.9979873185564306,1.0
CICIoMT2024,binary,trades,transformer,42,square,0.1,0.9955,0.9951894735250995,0.9943413576026219,0.9886897823390446,0.9967035486292708,
CICIoMT2024,binary,trades,transformer,42,square_clean_subset,0,0.996,0.9961052244408504,0.9949729544951841,0.9899584681982935,0.9978334366229827,
CICIoMT2024,binary,trades,ft,42,clean,0,0.9951230007889263,0.9960693268388519,0.9939214890393906,0.9878892412042788,0.9990447708683768,
CICIoMT2024,binary,trades,ft,42,gaussian,0.05,0.9951230007889263,0.9960693268388519,0.9939214890393906,0.9878892412042788,0.9990656713750113,
CICIoMT2024,binary,trades,ft,42,fgsm,0.05,0.9950512802122929,0.9959392878271482,0.993831608839879,0.9877077854036754,0.9987235108936324,
CICIoMT2024,binary,trades,ft,42,pgd,0.05,0.9950512802122929,0.9959392878271482,0.993831608839879,0.9877077854036754,0.9987224162891568,0.0
CICIoMT2024,binary,trades,ft,42,transfer_mlp,0.05,0.9950512802122929,0.9959392878271482,0.993831608839879,0.9877077854036754,0.9987923679539988,
CICIoMT2024,binary,trades,ft,42,transfer_tf,0.05,0.9950512802122929,0.9959392878271482,0.993831608839879,0.9877077854036754,0.9988258242178536,
CICIoMT2024,binary,trades,ft,42,gaussian,0.1,0.9950512802122929,0.9959392878271482,0.993831608839879,0.9877077854036754,0.9990169807923958,
CICIoMT2024,binary,trades,ft,42,fgsm,0.1,0.9946926773291257,0.9956111897938564,0.9933862010594058,0.9868221078339917,0.9984949188460243,
CICIoMT2024,binary,trades,ft,42,pgd,0.1,0.9946209567524923,0.9954811507821528,0.9932962927692883,0.9866405342356411,0.9984893685574479,0.0
CICIoMT2024,binary,trades,ft,42,transfer_mlp,0.1,0.9949795596356594,0.9958897730717512,0.993742709305255,0.987531671757551,0.9986172054825003,
CICIoMT2024,binary,trades,ft,42,transfer_tf,0.1,0.9949795596356594,0.9958897730717512,0.993742709305255,0.987531671757551,0.9986635780791676,
CICIoMT2024,binary,trades,ft,42,gaussian,0.2,0.9948361184823926,0.9954686465357314,0.9935608572038612,0.9871582866377105,0.9989586834457944,
CICIoMT2024,binary,trades,ft,42,fgsm,0.2,0.9934017069497239,0.9936731088647253,0.991772206427156,0.9835809061045588,0.9981886227583465,
CICIoMT2024,binary,trades,ft,42,pgd,0.2,0.9929713834899233,0.9933760203323425,0.991239793027357,0.9825256995033618,0.9981447870685229,0.0
CICIoMT2024,binary,trades,ft,42,transfer_mlp,0.2,0.9940471921394248,0.9946018872011375,0.9925788710059023,0.985198960192296,0.998319833640724,
CICIoMT2024,binary,trades,ft,42,transfer_tf,0.2,0.9939037509861579,0.994422333434037,0.9924000486205022,0.9848413065131983,0.9983691938637247,
CICIoMT2024,binary,trades,ft,42,pgd_constrained,0.1,0.994907839059026,0.9957597340600477,0.9936528148932088,0.9873501878952368,0.998553795689113,1.0
CICIoMT2024,binary,trades,ft,42,square,0.1,0.9955,0.9951894735250995,0.9943413576026219,0.9886897823390446,0.9991044031621749,
CICIoMT2024,binary,trades,ft,42,square_clean_subset,0,0.9955,0.9951894735250995,0.9943413576026219,0.9886897823390446,0.9992983861622101,
CICIoMT2024,binary,trades,aam_noGate,42,clean,0,0.9952664419421933,0.996168356349646,0.994099330595994,0.988241583599401,0.9991099577843249,
CICIoMT2024,binary,trades,aam_noGate,42,gaussian,0.05,0.9953381625188267,0.9962178711050431,0.9941882724745017,0.9884178433041751,0.9991225779300438,
CICIoMT2024,binary,trades,aam_noGate,42,fgsm,0.05,0.9951230007889263,0.9960693268388519,0.9939214890393906,0.9878892412042788,0.9988918868173822,
CICIoMT2024,binary,trades,aam_noGate,42,pgd,0.05,0.9951230007889263,0.9960693268388519,0.9939214890393906,0.9878892412042788,0.9988911785438978,0.0
CICIoMT2024,binary,trades,aam_noGate,42,transfer_mlp,0.05,0.9951230007889263,0.9960693268388519,0.9939214890393906,0.9878892412042788,0.9989970074801405,
CICIoMT2024,binary,trades,aam_noGate,42,transfer_tf,0.05,0.9951230007889263,0.9960693268388519,0.9939214890393906,0.9878892412042788,0.9990140704322605,
CICIoMT2024,binary,trades,aam_noGate,42,gaussian,0.1,0.9952664419421933,0.9962488806059524,0.9941002687735261,0.9882468106510066,0.9990994753367581,
CICIoMT2024,binary,trades,aam_noGate,42,fgsm,0.1,0.9947643979057592,0.9954996560366407,0.9934729829329019,0.9869872285877844,0.9987353068665697,
CICIoMT2024,binary,trades,aam_noGate,42,pgd,0.1,0.9947643979057592,0.9954996560366407,0.9934729829329019,0.9869872285877844,0.9987284559303224,0.0
CICIoMT2024,binary,trades,aam_noGate,42,transfer_mlp,0.1,0.9949795596356594,0.9958897730717512,0.993742709305255,0.987531671757551,0.9988807862402296,
CICIoMT2024,binary,trades,aam_noGate,42,transfer_tf,0.1,0.994907839059026,0.9957597340600477,0.9936528148932088,0.9873501878952368,0.9989165733677322,
CICIoMT2024,binary,trades,aam_noGate,42,gaussian,0.2,0.9948361184823926,0.9952270737668121,0.9935577789253478,0.9871435849005274,0.9990566569852122,
CICIoMT2024,binary,trades,aam_noGate,42,fgsm,0.2,0.9934734275263574,0.9938031478764286,0.9918622866728615,0.9837626011392969,0.9981547544081012,
CICIoMT2024,binary,trades,aam_noGate,42,pgd,0.2,0.9930431040665567,0.9931034380625141,0.9913229711669141,0.9826780142114357,0.9980816219514299,0.0
CICIoMT2024,binary,trades,aam_noGate,42,transfer_mlp,0.2,0.9942623538693252,0.9948309557236352,0.9928465355360647,0.9857327077599949,0.9986206824614231,
CICIoMT2024,binary,trades,aam_noGate,42,transfer_tf,0.2,0.994405795022592,0.9949299852344295,0.9930242619708497,0.986085072477765,0.9987052116823402,
CICIoMT2024,binary,trades,aam_noGate,42,pgd_constrained,0.1,0.9949795596356594,0.9958092488154449,0.9937417142684786,0.9875263324276163,0.9987963342855104,1.0
CICIoMT2024,binary,trades,aam_noGate,42,square,0.1,0.9955,0.9951894735250995,0.9943413576026219,0.9886897823390446,0.999125816869971,
CICIoMT2024,binary,trades,aam_noGate,42,square_clean_subset,0,0.996,0.9961052244408504,0.9949729544951841,0.9899584681982935,0.9993840409933945,
CICIoMT2024,binary,trades,aam_trans,42,clean,0,0.9952664419421933,0.9962488806059524,0.9941002687735261,0.9882468106510066,0.999066804612586,
CICIoMT2024,binary,trades,aam_trans,42,gaussian,0.05,0.9952664419421933,0.996168356349646,0.994099330595994,0.988241583599401,0.9990715436060805,
CICIoMT2024,binary,trades,aam_trans,42,fgsm,0.05,0.9948361184823926,0.9957102193046505,0.9935639295711194,0.9871741023108233,0.9986790313188232,
CICIoMT2024,binary,trades,aam_trans,42,pgd,0.05,0.9948361184823926,0.9957102193046505,0.9935639295711194,0.9871741023108233,0.9986688450583501,0.0
CICIoMT2024,binary,trades,aam_trans,42,transfer_mlp,0.05,0.994907839059026,0.9957597340600477,0.9936528148932088,0.9873501878952368,0.9988724414908153,
CICIoMT2024,binary,trades,aam_trans,42,transfer_tf,0.05,0.994907839059026,0.9957597340600477,0.9936528148932088,0.9873501878952368,0.9989365981907863,
CICIoMT2024,binary,trades,aam_trans,42,gaussian,0.1,0.9950512802122929,0.9958587635708419,0.9938306277037019,0.9877025359459798,0.9991010464161233,
CICIoMT2024,binary,trades,aam_trans,42,fgsm,0.1,0.9943340744459586,0.9950415189916453,0.9929376391065281,0.9859197978614821,0.9984472456016861,
CICIoMT2024,binary,trades,aam_trans,42,pgd,0.1,0.9942623538693252,0.9949114799799417,0.9928476734496897,0.985738204498155,0.9984431762485767,0.0
CICIoMT2024,binary,trades,aam_trans,42,transfer_mlp,0.1,0.9944775155992254,0.9952210727587458,0.9931164330531983,0.9862773953699208,0.9986775503833561,
CICIoMT2024,binary,trades,aam_trans,42,transfer_tf,0.1,0.9946209567524923,0.9954006265258464,0.9932952269998684,0.9866349928783594,0.9987606115465062,
CICIoMT2024,binary,trades,aam_trans,42,gaussian,0.2,0.994405795022592,0.9946078882092039,0.9930198141430863,0.9860650411641001,0.9988391783924563,
CICIoMT2024,binary,trades,aam_trans,42,fgsm,0.2,0.9933299863730904,0.9935430698530217,0.9916821117340413,0.9833992137061498,0.9980919756219994,
CICIoMT2024,binary,trades,aam_trans,42,pgd,0.2,0.9931865452198235,0.9932829918296147,0.9915018789779055,0.9830358367810611,0.9980604510131016,0.0
CICIoMT2024,binary,trades,aam_trans,42,transfer_mlp,0.2,0.9934017069497239,0.9935925846084188,0.9917708961485857,0.9835753183164748,0.9982723020510826,
CICIoMT2024,binary,trades,aam_trans,42,transfer_tf,0.2,0.9934017069497239,0.9935925846084188,0.9917708961485857,0.9835753183164748,0.9985696996482584,
CICIoMT2024,binary,trades,aam_trans,42,pgd_constrained,0.1,0.9943340744459586,0.9950415189916453,0.9929376391065281,0.9859197978614821,0.998522271080215,1.0
CICIoMT2024,binary,trades,aam_trans,42,square,0.1,0.994,0.9930140927389897,0.992450845568206,0.9849048284335464,0.9988096497725109,
CICIoMT2024,binary,trades,aam_trans,42,square_clean_subset,0,0.996,0.9961052244408504,0.9949729544951841,0.9899584681982935,0.9990496092628143,
CICIoMT2024,binary,trades,aam_v4d,42,clean,0,0.9952664419421933,0.9960073078370333,0.9940974524368729,0.988231500797656,0.9990893405870839,
CICIoMT2024,binary,trades,aam_v4d,42,gaussian,0.05,0.9952664419421933,0.9960878320933396,0.9940983918172535,0.9882364802764423,0.9990985996531778,
CICIoMT2024,binary,trades,aam_v4d,42,fgsm,0.05,0.994907839059026,0.9957597340600477,0.9936528148932088,0.9873501878952368,0.9988919512058806,
CICIoMT2024,binary,trades,aam_v4d,42,pgd,0.05,0.994907839059026,0.9957597340600477,0.9936528148932088,0.9873501878952368,0.9988903543711163,0.0
CICIoMT2024,binary,trades,aam_v4d,42,transfer_mlp,0.05,0.9949795596356594,0.9958092488154449,0.9937417142684786,0.9875263324276163,0.9989641693458721,
CICIoMT2024,binary,trades,aam_v4d,42,transfer_tf,0.05,0.9949795596356594,0.9958092488154449,0.9937417142684786,0.9875263324276163,0.999028815398432,
CICIoMT2024,binary,trades,aam_v4d,42,gaussian,0.1,0.9951230007889263,0.995908278326239,0.993919555205655,0.9878787984883783,0.9990721746133663,
CICIoMT2024,binary,trades,aam_v4d,42,fgsm,0.1,0.9946209567524923,0.9954006265258464,0.9932952269998684,0.9866349928783594,0.9987075167905889,
CICIoMT2024,binary,trades,aam_v4d,42,pgd,0.1,0.9946209567524923,0.9954006265258464,0.9932952269998684,0.9866349928783594,0.9987045549196548,0.0
CICIoMT2024,binary,trades,aam_v4d,42,transfer_mlp,0.1,0.9947643979057592,0.9955801802929471,0.9934740209465386,0.9869925903867981,0.9988638391874068,
CICIoMT2024,binary,trades,aam_v4d,42,transfer_tf,0.1,0.9946926773291257,0.9954501412812435,0.9933840979409629,0.9868110812558318,0.9989524763945327,
CICIoMT2024,binary,trades,aam_v4d,42,gaussian,0.2,0.9949795596356594,0.9958092488154449,0.9937417142684786,0.9875263324276163,0.999040044752582,
CICIoMT2024,binary,trades,aam_v4d,42,fgsm,0.2,0.9926845011833895,0.9929363885418349,0.9908807836483544,0.9818043230533398,0.9982352142759089,
CICIoMT2024,binary,trades,aam_v4d,42,pgd,0.2,0.9923258983002223,0.9926888147648494,0.9904375638749185,0.9809264331703279,0.9981820422537931,0.0
CICIoMT2024,binary,trades,aam_v4d,42,transfer_mlp,0.2,0.9935451481029908,0.9938526626318258,0.9919510715048265,0.983938644157874,0.9986178493674862,
CICIoMT2024,binary,trades,aam_v4d,42,transfer_tf,0.2,0.9937603098328911,0.9940817311543235,0.9922187496866837,0.984472512335005,0.9987397367952711,
CICIoMT2024,binary,trades,aam_v4d,42,pgd_constrained,0.1,0.9946926773291257,0.9954501412812435,0.9933840979409629,0.9868110812558318,0.9987818211179338,1.0
CICIoMT2024,binary,trades,aam_v4d,42,square,0.1,0.995,0.9942737226093485,0.993709037973505,0.9874212180451765,0.9990678738959344,
CICIoMT2024,binary,trades,aam_v4d,42,square_clean_subset,0,0.996,0.9955333524797074,0.994967230378804,0.9899376076568065,0.9992542991167475,
CICIoMT2024,binary,trades,transformer,43,clean,0,0.994907839059026,0.9961623553415797,0.9936578530791647,0.9873785664446176,0.9992771875927998,
CICIoMT2024,binary,trades,transformer,43,gaussian,0.05,0.9946926773291257,0.995933286819082,0.9933903992227517,0.9868456390389024,0.9992844634931378,
CICIoMT2024,binary,trades,transformer,43,fgsm,0.05,0.9944775155992254,0.9957847425528907,0.9931240776865458,0.9863191610333427,0.9988081946469463,
CICIoMT2024,binary,trades,transformer,43,pgd,0.05,0.9944775155992254,0.9957847425528907,0.9931240776865458,0.9863191610333427,0.998801923207186,0.0
CICIoMT2024,binary,trades,transformer,43,transfer_mlp,0.05,0.9946926773291257,0.995933286819082,0.9933903992227517,0.9868456390389024,0.9990942083575757,
CICIoMT2024,binary,trades,transformer,43,transfer_tf,0.05,0.9946926773291257,0.995933286819082,0.9933903992227517,0.9868456390389024,0.9992043255678228,
CICIoMT2024,binary,trades,transformer,43,gaussian,0.1,0.994907839059026,0.9962428795978862,0.9936588587818775,0.9873846114347095,0.9992752430601433,
CICIoMT2024,binary,trades,transformer,43,fgsm,0.1,0.9943340744459586,0.9956051887857901,0.9929454823017808,0.9859619549603701,0.9985705109433405,
CICIoMT2024,binary,trades,transformer,43,pgd,0.1,0.9943340744459586,0.9956051887857901,0.9929454823017808,0.9859619549603701,0.9985206613677509,0.0
CICIoMT2024,binary,trades,transformer,43,transfer_mlp,0.1,0.9946209567524923,0.9958837720636848,0.9933016113893072,0.9866700878260123,0.9988642641514975,
CICIoMT2024,binary,trades,transformer,43,transfer_tf,0.1,0.9945492361758589,0.9958342573082878,0.9932128375461512,0.9864945951700318,0.9989780901392621,
CICIoMT2024,binary,trades,transformer,43,gaussian,0.2,0.994907839059026,0.9962428795978862,0.9936588587818775,0.9873846114347095,0.9991746553476837,
CICIoMT2024,binary,trades,transformer,43,fgsm,0.2,0.9924693394534893,0.9934320383260948,0.9906267121560982,0.9813328713576623,0.9980922975644922,
CICIoMT2024,binary,trades,transformer,43,pgd,0.2,0.9911066484974539,0.9920081124357113,0.9889367203120538,0.977969025105396,0.9978990032917977,0.0
CICIoMT2024,binary,trades,transformer,43,transfer_mlp,0.2,0.9941189127160582,0.9954566445195987,0.992679328990248,0.9854360867703228,0.9986295294411259,
CICIoMT2024,binary,trades,transformer,43,transfer_tf,0.2,0.9938320304095245,0.9951780612417038,0.9923234385357549,0.9847287327895973,0.9985000699259093,
CICIoMT2024,binary,trades,transformer,43,pgd_constrained,0.1,0.994405795022592,0.9957352277974936,0.9930353318037568,0.9861437853783596,0.9986917802415393,1.0
CICIoMT2024,binary,trades,transformer,43,square,0.1,0.995,0.9959956769760422,0.9936054103344243,0.987262755126708,0.9969196526673855,
CICIoMT2024,binary,trades,transformer,43,square_clean_subset,0,0.996,0.9966754866293392,0.9948782036835959,0.9897857356260826,0.9984797451420596,
CICIoMT2024,binary,trades,ft,43,clean,0,0.9954098830954601,0.9965089586293594,0.9942799576729996,0.9886096746864822,0.9992288447080768,
CICIoMT2024,binary,trades,ft,43,gaussian,0.05,0.9953381625188267,0.996378919617656,0.9941901204000498,0.9884282412393941,0.9992337253562682,
CICIoMT2024,binary,trades,ft,43,fgsm,0.05,0.994907839059026,0.9958402583163541,0.993653823821593,0.9873556170371423,0.9990270382758718,
CICIoMT2024,binary,trades,ft,43,pgd,0.05,0.994907839059026,0.9958402583163541,0.993653823821593,0.9873556170371423,0.9990262141030901,0.0
CICIoMT2024,binary,trades,ft,43,transfer_mlp,0.05,0.9950512802122929,0.9961003363397611,0.9938335692277512,0.9877186549335903,0.9990869195795379,
CICIoMT2024,binary,trades,ft,43,transfer_tf,0.05,0.994907839059026,0.9958402583163541,0.993653823821593,0.9873556170371423,0.9992230626209054,
CICIoMT2024,binary,trades,ft,43,gaussian,0.1,0.9952664419421933,0.9962488806059524,0.9941002687735261,0.9882468106510066,0.9992009129773989,
CICIoMT2024,binary,trades,ft,43,fgsm,0.1,0.9946926773291257,0.9956917140501628,0.9933872516087114,0.9868278060507847,0.9988420629971919,
CICIoMT2024,binary,trades,ft,43,pgd,0.1,0.9946926773291257,0.9956917140501628,0.9933872516087114,0.9868278060507847,0.9988399768098383,0.0
CICIoMT2024,binary,trades,ft,43,transfer_mlp,0.1,0.9946926773291257,0.9956917140501628,0.9933872516087114,0.9868278060507847,0.9989642852451694,
CICIoMT2024,binary,trades,ft,43,transfer_tf,0.1,0.9948361184823926,0.995790743560957,0.9935649523821246,0.9871796212044898,0.999179407218878,
CICIoMT2024,binary,trades,ft,43,gaussian,0.2,0.9944775155992254,0.9948989757335203,0.9931120492768287,0.9862562399076892,0.9991232990812275,
CICIoMT2024,binary,trades,ft,43,fgsm,0.2,0.9939754715627913,0.9948744694709661,0.9924948287131377,0.9850466203672152,0.9985993054798992,
CICIoMT2024,binary,trades,ft,43,pgd,0.2,0.9934017069497239,0.9943173029151764,0.9917826584931508,0.9836300317975436,0.9985578264091228,0.0
CICIoMT2024,binary,trades,ft,43,transfer_mlp,0.2,0.9941189127160582,0.9951345474943731,0.9926746858996222,0.9854101896925724,0.9987229185194457,
CICIoMT2024,binary,trades,ft,43,transfer_tf,0.2,0.994405795022592,0.9953326065159616,0.9930298057497229,0.9861128913365228,0.9990132848925782,
CICIoMT2024,binary,trades,ft,43,pgd_constrained,0.1,0.9946926773291257,0.9956917140501628,0.9933872516087114,0.9868278060507847,0.998893238975852,1.0
CICIoMT2024,binary,trades,ft,43,square,0.1,0.996,0.9960702118718667,0.9948720512692315,0.9897571683390642,0.9981456231952596,
CICIoMT2024,binary,trades,ft,43,square_clean_subset,0,0.9965,0.9970153914559878,0.9955157395938734,0.9910518862512473,0.9988010162447521,
CICIoMT2024,binary,trades,aam_noGate,43,clean,0,0.9957684859786272,0.9969175809189579,0.9947264169785068,0.989500865441646,0.9992750885277467,
CICIoMT2024,binary,trades,aam_noGate,43,gaussian,0.05,0.995553324248727,0.9966079881401537,0.9944578282417973,0.9889619495444623,0.9992736204699794,
CICIoMT2024,binary,trades,aam_noGate,43,fgsm,0.05,0.9951947213655598,0.9961188415942489,0.9940104027865491,0.9880653829121141,0.9991020895098001,
CICIoMT2024,binary,trades,aam_noGate,43,pgd,0.05,0.9951947213655598,0.9961188415942489,0.9940104027865491,0.9880653829121141,0.9991016259126105,0.0
CICIoMT2024,binary,trades,aam_noGate,43,transfer_mlp,0.05,0.9952664419421933,0.9962488806059524,0.9941002687735261,0.9882468106510066,0.9991724275056334,
CICIoMT2024,binary,trades,aam_noGate,43,transfer_tf,0.05,0.9952664419421933,0.9962488806059524,0.9941002687735261,0.9882468106510066,0.9992187872246007,
CICIoMT2024,binary,trades,aam_noGate,43,gaussian,0.1,0.9954816036720935,0.9965584733847566,0.9943688859262022,0.9887857826401447,0.9992547932729988,
CICIoMT2024,binary,trades,aam_noGate,43,fgsm,0.1,0.9949795596356594,0.9958897730717512,0.993742709305255,0.987531671757551,0.9989263089087155,
CICIoMT2024,binary,trades,aam_noGate,43,pgd,0.1,0.9949795596356594,0.9958897730717512,0.993742709305255,0.987531671757551,0.9989240166781664,0.0
CICIoMT2024,binary,trades,aam_noGate,43,transfer_mlp,0.1,0.9951230007889263,0.9960693268388519,0.9939214890393906,0.9878892412042788,0.9990775961249456,
CICIoMT2024,binary,trades,aam_noGate,43,transfer_tf,0.1,0.9951230007889263,0.9960693268388519,0.9939214890393906,0.9878892412042788,0.999173431966211,
CICIoMT2024,binary,trades,aam_noGate,43,gaussian,0.2,0.9954098830954601,0.9963479101167467,0.9942781387597518,0.9885992091852932,0.9992560552875704,
CICIoMT2024,binary,trades,aam_noGate,43,fgsm,0.2,0.9941189127160582,0.9948929747254539,0.9926711957685307,0.9853920543519994,0.9986172312378998,
CICIoMT2024,binary,trades,aam_noGate,43,pgd,0.2,0.9939754715627913,0.9947134209583532,0.9924924444458119,0.9850345409815013,0.9985782890739673,0.0
CICIoMT2024,binary,trades,aam_noGate,43,transfer_mlp,0.2,0.9941189127160582,0.9948929747254539,0.9926711957685307,0.9853920543519994,0.9987756784551706,
CICIoMT2024,binary,trades,aam_noGate,43,transfer_tf,0.2,0.994405795022592,0.9951715580033487,0.9930275903687127,0.9861013939706398,0.9990842152625983,
CICIoMT2024,binary,trades,aam_noGate,43,pgd_constrained,0.1,0.9950512802122929,0.9960198120834547,0.9938325893477453,0.9877131584378929,0.9989840267588298,1.0
CICIoMT2024,binary,trades,aam_noGate,43,square,0.1,0.996,0.9960702118718667,0.9948720512692315,0.9897571683390642,0.998560705459938,
CICIoMT2024,binary,trades,aam_noGate,43,square_clean_subset,0,0.9965,0.9970153914559878,0.9955157395938734,0.9910518862512473,0.9988961124911491,
CICIoMT2024,binary,trades,aam_trans,43,clean,0,0.995553324248727,0.9966885123964601,0.9944587089957184,0.9889671880569803,0.9993054283882709,
CICIoMT2024,binary,trades,aam_trans,43,gaussian,0.05,0.995553324248727,0.9966079881401537,0.9944578282417973,0.9889619495444623,0.9993170440734122,
CICIoMT2024,binary,trades,aam_trans,43,fgsm,0.05,0.9953381625188267,0.9964594438739623,0.9941910434754178,0.9884336256455127,0.9991078072084727,
CICIoMT2024,binary,trades,aam_trans,43,pgd,0.05,0.9953381625188267,0.9964594438739623,0.9941910434754178,0.9884336256455127,0.9991050256253347,0.0
CICIoMT2024,binary,trades,aam_trans,43,transfer_mlp,0.05,0.9953381625188267,0.9964594438739623,0.9941910434754178,0.9884336256455127,0.9992676709727121,
CICIoMT2024,binary,trades,aam_trans,43,transfer_tf,0.05,0.9953381625188267,0.9964594438739623,0.9941910434754178,0.9884336256455127,0.999260485216272,
CICIoMT2024,binary,trades,aam_trans,43,gaussian,0.1,0.9954098830954601,0.9965089586293594,0.9942799576729996,0.9886096746864822,0.9992736719807783,
CICIoMT2024,binary,trades,aam_trans,43,fgsm,0.1,0.9951230007889263,0.9962303753514646,0.9939234203971943,0.9879001781221773,0.9989690628717633,
CICIoMT2024,binary,trades,aam_trans,43,pgd,0.1,0.9951230007889263,0.9962303753514646,0.9939234203971943,0.9879001781221773,0.9989614392735331,0.0
CICIoMT2024,binary,trades,aam_trans,43,transfer_mlp,0.1,0.9951947213655598,0.9963604143631681,0.9940132572200469,0.9880817041499738,0.9991834250611884,
CICIoMT2024,binary,trades,aam_trans,43,transfer_tf,0.1,0.9951947213655598,0.9963604143631681,0.9940132572200469,0.9880817041499738,0.9991894003138553,
CICIoMT2024,binary,trades,aam_trans,43,gaussian,0.2,0.994907839059026,0.9955181612911285,0.9936497842270637,0.9873346420119519,0.9992802396076319,
CICIoMT2024,binary,trades,aam_trans,43,fgsm,0.2,0.9943340744459586,0.9952830917605644,0.9929410047818463,0.9859371279059844,0.9986891789461972,
CICIoMT2024,binary,trades,aam_trans,43,pgd,0.2,0.991608692533888,0.9905026578284438,0.9895171655000427,0.979044239392369,0.9985621275608272,0.0
CICIoMT2024,binary,trades,aam_trans,43,transfer_mlp,0.2,0.9945492361758589,0.9955926845393686,0.9932096069309342,0.986476225993432,0.9988609674603708,
CICIoMT2024,binary,trades,aam_trans,43,transfer_tf,0.2,0.994405795022592,0.9952520822596551,0.9930286984139682,0.9861070810929956,0.9989684704975761,
CICIoMT2024,binary,trades,aam_trans,43,pgd_constrained,0.1,0.9951947213655598,0.9963604143631681,0.9940132572200469,0.9880817041499738,0.9989942258970027,1.0
CICIoMT2024,binary,trades,aam_trans,43,square,0.1,0.9965,0.9970153914559878,0.9955157395938734,0.9910518862512473,0.9985504247846521,
CICIoMT2024,binary,trades,aam_trans,43,square_clean_subset,0,0.9965,0.9970153914559878,0.9955157395938734,0.9910518862512473,0.9989539412896337,
CICIoMT2024,binary,trades,aam_v4d,43,clean,0,0.995553324248727,0.9965274638838473,0.9944569469235096,0.9889568347711855,0.9992767111179105,
CICIoMT2024,binary,trades,aam_v4d,43,gaussian,0.05,0.9954816036720935,0.9963974248721438,0.9943670948599017,0.9887754969832728,0.9992739295347725,
CICIoMT2024,binary,trades,aam_v4d,43,fgsm,0.05,0.9951947213655598,0.9961188415942489,0.9940104027865491,0.9880653829121141,0.9990883103711069,
CICIoMT2024,binary,trades,aam_v4d,43,pgd,0.05,0.9951947213655598,0.9961188415942489,0.9940104027865491,0.9880653829121141,0.999086739291742,0.0
CICIoMT2024,binary,trades,aam_v4d,43,transfer_mlp,0.05,0.9951947213655598,0.9961188415942489,0.9940104027865491,0.9880653829121141,0.9991905850622289,
CICIoMT2024,binary,trades,aam_v4d,43,transfer_tf,0.05,0.9952664419421933,0.996168356349646,0.994099330595994,0.988241583599401,0.9992371508243916,
CICIoMT2024,binary,trades,aam_v4d,43,gaussian,0.1,0.9954098830954601,0.9963479101167467,0.9942781387597518,0.9885992091852932,0.999255411402585,
CICIoMT2024,binary,trades,aam_v4d,43,fgsm,0.1,0.9949795596356594,0.9958897730717512,0.993742709305255,0.987531671757551,0.9989520643081417,
CICIoMT2024,binary,trades,aam_v4d,43,pgd,0.1,0.9949795596356594,0.9958897730717512,0.993742709305255,0.987531671757551,0.9989440028681214,0.0
CICIoMT2024,binary,trades,aam_v4d,43,transfer_mlp,0.1,0.9950512802122929,0.9959392878271482,0.993831608839879,0.9877077854036754,0.9991079617408694,
CICIoMT2024,binary,trades,aam_v4d,43,transfer_tf,0.1,0.9951230007889263,0.9959888025825454,0.9939205224322363,0.9878839580135087,0.9991889882274646,
CICIoMT2024,binary,trades,aam_v4d,43,gaussian,0.2,0.9946926773291257,0.9950475199997115,0.9933788283399407,0.9867856776722536,0.9992248912542647,
CICIoMT2024,binary,trades,aam_v4d,43,fgsm,0.2,0.9938320304095245,0.9946143914475591,0.9923149140317458,0.9846830619079993,0.9986461803068549,
CICIoMT2024,binary,trades,aam_v4d,43,pgd,0.2,0.9929713834899233,0.9932149718197297,0.9912370060316793,0.9825135716674198,0.9985053755381912,0.0
CICIoMT2024,binary,trades,aam_v4d,43,transfer_mlp,0.2,0.9928279423366564,0.9923912240021779,0.9910467574120365,0.9821118492387103,0.9987225321884542,
CICIoMT2024,binary,trades,aam_v4d,43,transfer_tf,0.2,0.9943340744459586,0.995202567504258,0.9929398836085848,0.9859312281537844,0.9990512354736327,
CICIoMT2024,binary,trades,aam_v4d,43,pgd_constrained,0.1,0.9950512802122929,0.9959392878271482,0.993831608839879,0.9877077854036754,0.9989858296367897,1.0
CICIoMT2024,binary,trades,aam_v4d,43,square,0.1,0.996,0.9960702118718667,0.9948720512692315,0.9897571683390642,0.998622389511655,
CICIoMT2024,binary,trades,aam_v4d,43,square_clean_subset,0,0.9965,0.9970153914559878,0.9955157395938734,0.9910518862512473,0.9989025379132028,
CICIoMT2024,binary,trades,transformer,44,clean,0,0.991608692533888,0.990341609315831,0.9895138070993064,0.9790346099785979,0.9986929907453123,
CICIoMT2024,binary,trades,transformer,44,gaussian,0.05,0.9916804131105215,0.9903911240712281,0.989602599587958,0.9792115462490599,0.9986961200263426,
CICIoMT2024,binary,trades,transformer,44,fgsm,0.05,0.9911066484974539,0.9898339575154385,0.9888890979628604,0.9777873219823012,0.9981929367877506,
CICIoMT2024,binary,trades,transformer,44,pgd,0.05,0.9911066484974539,0.9898339575154385,0.9888890979628604,0.9777873219823012,0.9981875925423694,0.0
CICIoMT2024,binary,trades,transformer,44,transfer_mlp,0.05,0.9913218102273542,0.9900630260379362,0.9891570419437277,0.9783224693459546,0.9984505938036115,
CICIoMT2024,binary,trades,transformer,44,transfer_tf,0.05,0.9912500896507208,0.9899329870262327,0.989066555099267,0.9781407827140214,0.9985629259782094,
CICIoMT2024,binary,trades,transformer,44,gaussian,0.1,0.9916804131105215,0.9903911240712281,0.989602599587958,0.9792115462490599,0.9986316027507797,
CICIoMT2024,binary,trades,transformer,44,fgsm,0.1,0.9908197661909202,0.9895553742375436,0.9885325176641369,0.9770757377272477,0.997661306710492,
CICIoMT2024,binary,trades,transformer,44,pgd,0.1,0.9907480456142868,0.9895058594821464,0.9884438526330183,0.9768992436827788,0.9976252749066946,0.0
CICIoMT2024,binary,trades,transformer,44,transfer_mlp,0.1,0.9910349279208205,0.9897844427600413,0.9888003904914986,0.9776106807476975,0.9981341243331605,
CICIoMT2024,binary,trades,transformer,44,transfer_tf,0.1,0.9909632073441871,0.9897349280046441,0.9887116970756347,0.9774340988824587,0.9983693612738208,
CICIoMT2024,binary,trades,transformer,44,gaussian,0.2,0.9912500896507208,0.9898524627699263,0.9890648030149214,0.9781359489556724,0.998629658218123,
CICIoMT2024,binary,trades,transformer,44,fgsm,0.2,0.9894570752348849,0.9882119726034666,0.9868397843958079,0.9736988954451339,0.9968791281076141,
CICIoMT2024,binary,trades,transformer,44,pgd,0.2,0.9886681488919171,0.9870231162436471,0.9858493545027053,0.9717129022677407,0.9965756264807744,0.0
CICIoMT2024,binary,trades,transformer,44,transfer_mlp,0.2,0.990461163307753,0.9891467519479452,0.9880855224821041,0.97618257835229,0.9976339158432023,
CICIoMT2024,binary,trades,transformer,44,transfer_tf,0.2,0.9901025604245858,0.9887381296583468,0.9876385986631703,0.9752895921495709,0.997859430120579,
CICIoMT2024,binary,trades,transformer,44,pgd_constrained,0.1,0.9908914867675536,0.9896854132492471,0.9886230177084754,0.9772575763480232,0.9978957194783706,1.0
CICIoMT2024,binary,trades,transformer,44,square,0.1,0.9925,0.99158998895841,0.9908131889534109,0.9816330563208727,0.9978333946755,
CICIoMT2024,binary,trades,transformer,44,square_clean_subset,0,0.994,0.9931664826401668,0.9926466893557152,0.9852963565175534,0.998673782357993,
CICIoMT2024,binary,trades,ft,44,clean,0,0.9942623538693252,0.9950725284925546,0.9928499470912494,0.9857495677224974,0.9990165815837045,
CICIoMT2024,binary,trades,ft,44,gaussian,0.05,0.9942623538693252,0.9949920042362481,0.9928488106345772,0.985743824523912,0.9990147271949461,
CICIoMT2024,binary,trades,ft,44,fgsm,0.05,0.9941906332926916,0.994942489480851,0.9927599961908313,0.9855679100333893,0.9987323965064345,
CICIoMT2024,binary,trades,ft,44,pgd,0.05,0.9941906332926916,0.994942489480851,0.9927599961908313,0.9855679100333893,0.9987286104627189,0.0
CICIoMT2024,binary,trades,ft,44,transfer_mlp,0.05,0.9941906332926916,0.994942489480851,0.9927599961908313,0.9855679100333893,0.9988149168061965,
CICIoMT2024,binary,trades,ft,44,transfer_tf,0.05,0.9941906332926916,0.994942489480851,0.9927599961908313,0.9855679100333893,0.9988977332930518,
CICIoMT2024,binary,trades,ft,44,gaussian,0.1,0.9942623538693252,0.9949920042362481,0.9928488106345772,0.985743824523912,0.9990004587036639,
CICIoMT2024,binary,trades,ft,44,fgsm,0.1,0.9936168686796242,0.994304798668755,0.9920461979894182,0.9841438013739785,0.9984893685574477,
CICIoMT2024,binary,trades,ft,44,pgd,0.1,0.9936168686796242,0.994304798668755,0.9920461979894182,0.9841438013739785,0.9984841659667638,0.0
CICIoMT2024,binary,trades,ft,44,transfer_mlp,0.1,0.9939754715627913,0.9947134209583532,0.9924924444458119,0.9850345409815013,0.9986658831874162,
CICIoMT2024,binary,trades,ft,44,transfer_tf,0.1,0.9938320304095245,0.9945338671912527,0.9923136931230931,0.9846770276110032,0.998778885002399,
CICIoMT2024,binary,trades,ft,44,gaussian,0.2,0.9935451481029908,0.9940137111444386,0.9919536326309009,0.9839500765686935,0.9989571381218286,
CICIoMT2024,binary,trades,ft,44,fgsm,0.2,0.9922541777235889,0.992800348522065,0.9903520253312097,0.9807646979495257,0.997928931065931,
CICIoMT2024,binary,trades,ft,44,pgd,0.2,0.991608692533888,0.9922741914671847,0.9895538251551033,0.9791826104903077,0.9978407960890943,0.0
CICIoMT2024,binary,trades,ft,44,transfer_mlp,0.2,0.9928996629132898,0.9934875540895582,0.9911539173848453,0.9823628341660021,0.9982223494538953,
CICIoMT2024,binary,trades,ft,44,transfer_tf,0.2,0.9931148246431901,0.9936360983557495,0.9914199365094993,0.9828894607585128,0.9984705413604672,
CICIoMT2024,binary,trades,ft,44,pgd_constrained,0.1,0.9940471921394248,0.9948434599700569,0.9925824093609181,0.9852162574418621,0.9985740394330618,1.0
CICIoMT2024,binary,trades,ft,44,square,0.1,0.9945,0.9945712182554287,0.9932700617165932,0.9865586904264706,0.9987437124279229,
CICIoMT2024,binary,trades,ft,44,square_clean_subset,0,0.9955,0.9957980615875353,0.9944936868590308,0.9890059677980712,0.9991264875475401,
CICIoMT2024,binary,trades,aam_noGate,44,clean,0,0.9948361184823926,0.995790743560957,0.9935649523821246,0.9871796212044898,0.9989980505738175,
CICIoMT2024,binary,trades,aam_noGate,44,gaussian,0.05,0.9946926773291257,0.99553066553755,0.9933851498369839,0.9868165328640954,0.9990406628821683,
CICIoMT2024,binary,trades,aam_noGate,44,fgsm,0.05,0.9944775155992254,0.9953821212713587,0.9931186207324181,0.9862887135097457,0.9987086886612627,
CICIoMT2024,binary,trades,aam_noGate,44,pgd,0.05,0.9944775155992254,0.9953821212713587,0.9931186207324181,0.9862887135097457,0.998707503912889,0.0
CICIoMT2024,binary,trades,aam_noGate,44,transfer_mlp,0.05,0.9944775155992254,0.9953821212713587,0.9931186207324181,0.9862887135097457,0.9988563572438734,
CICIoMT2024,binary,trades,aam_noGate,44,transfer_tf,0.05,0.9944775155992254,0.9953821212713587,0.9931186207324181,0.9862887135097457,0.9989305714273206,
CICIoMT2024,binary,trades,aam_noGate,44,gaussian,0.1,0.9943340744459586,0.9952830917605644,0.9929410047818463,0.9859371279059844,0.9989864735217753,
CICIoMT2024,binary,trades,aam_noGate,44,fgsm,0.1,0.9939037509861579,0.9945833819466497,0.9924024651385268,0.984852827231888,0.9984914805002009,
CICIoMT2024,binary,trades,aam_noGate,44,pgd,0.1,0.9938320304095245,0.9945338671912527,0.9923136931230931,0.9846770276110032,0.9984811139519316,0.0
CICIoMT2024,binary,trades,aam_noGate,44,transfer_mlp,0.1,0.9940471921394248,0.9947629357137504,0.9925812306646791,0.9852103686326387,0.9987020824013098,
CICIoMT2024,binary,trades,aam_noGate,44,transfer_tf,0.1,0.9941189127160582,0.9948929747254539,0.9926711957685307,0.9853920543519994,0.9988524037900617,
CICIoMT2024,binary,trades,aam_noGate,44,gaussian,0.2,0.9934017069497239,0.9936731088647253,0.991772206427156,0.9835809061045588,0.9988615984676569,
CICIoMT2024,binary,trades,aam_noGate,44,fgsm,0.2,0.9925410600301227,0.9928373590310406,0.9907034538249503,0.9814529911631784,0.9979509390547411,
CICIoMT2024,binary,trades,aam_noGate,44,pgd,0.2,0.9923976188768557,0.9926578052639401,0.9905246740908147,0.9810954217164506,0.9978800086847208,0.0
CICIoMT2024,binary,trades,aam_noGate,44,transfer_mlp,0.2,0.9926845011833895,0.9930974370544476,0.9908836825413431,0.9818169206470185,0.9983933137952874,
CICIoMT2024,binary,trades,aam_noGate,44,transfer_tf,0.2,0.9929713834899233,0.9932954960760361,0.99123839997587,0.9825195742251244,0.9985639433164869,
CICIoMT2024,binary,trades,aam_noGate,44,pgd_constrained,0.1,0.9940471921394248,0.9947629357137504,0.9925812306646791,0.9852103686326387,0.9985671112306161,1.0
CICIoMT2024,binary,trades,aam_noGate,44,square,0.1,0.995,0.9949208686050791,0.9938786703492586,0.9877692445685569,0.9989252852410748,
CICIoMT2024,binary,trades,aam_noGate,44,square_clean_subset,0,0.996,0.9961477119371855,0.9951029362794068,0.990217793797799,0.9991191264875475,
CICIoMT2024,binary,trades,aam_trans,44,clean,0,0.9942623538693252,0.9950725284925546,0.9928499470912494,0.9857495677224974,0.9989769311462879,
CICIoMT2024,binary,trades,aam_trans,44,gaussian,0.05,0.994405795022592,0.9952520822596551,0.9930286984139682,0.9861070810929956,0.998988327910534,
CICIoMT2024,binary,trades,aam_trans,44,fgsm,0.05,0.9939754715627913,0.9947134209583532,0.9924924444458119,0.9850345409815013,0.9987297952110925,
CICIoMT2024,binary,trades,aam_trans,44,pgd,0.05,0.9939754715627913,0.9947134209583532,0.9924924444458119,0.9850345409815013,0.9987278635561355,0.0
CICIoMT2024,binary,trades,aam_trans,44,transfer_mlp,0.05,0.9940471921394248,0.9948434599700569,0.9925824093609181,0.9852162574418621,0.9988545414882138,
CICIoMT2024,binary,trades,aam_trans,44,transfer_tf,0.05,0.9941189127160582,0.9949734989817602,0.9926723598907343,0.985397976622261,0.9989064514957577,
CICIoMT2024,binary,trades,aam_trans,44,gaussian,0.1,0.9941189127160582,0.9948929747254539,0.9926711957685307,0.9853920543519994,0.9989801892043152,
CICIoMT2024,binary,trades,aam_trans,44,fgsm,0.1,0.9938320304095245,0.9945338671912527,0.9923136931230931,0.9846770276110032,0.9984815646714217,
CICIoMT2024,binary,trades,aam_trans,44,pgd,0.1,0.9937603098328911,0.9944038281795491,0.9922236996123744,0.9844952858311374,0.9984772506420175,0.0
CICIoMT2024,binary,trades,aam_trans,44,transfer_mlp,0.1,0.9937603098328911,0.9944038281795491,0.9922236996123744,0.9844952858311374,0.9987032413942839,
CICIoMT2024,binary,trades,aam_trans,44,transfer_tf,0.1,0.9938320304095245,0.9944533429349462,0.9923124714321704,0.9846711161837286,0.9988284899016943,
CICIoMT2024,binary,trades,aam_trans,44,gaussian,0.2,0.9936885892562576,0.9941127406552328,0.9921311890896712,0.9843019806077393,0.9987942223427574,
CICIoMT2024,binary,trades,aam_trans,44,fgsm,0.2,0.9926845011833895,0.9930974370544476,0.9908836825413431,0.9818169206470185,0.998039911082059,
CICIoMT2024,binary,trades,aam_trans,44,pgd,0.2,0.9926845011833895,0.9930974370544476,0.9908836825413431,0.9818169206470185,0.9979900486287698,0.0
CICIoMT2024,binary,trades,aam_trans,44,transfer_mlp,0.2,0.9931148246431901,0.9936360983557495,0.9914199365094993,0.9828894607585128,0.9983267747208693,
CICIoMT2024,binary,trades,aam_trans,44,transfer_tf,0.2,0.993258265796457,0.9937351278665438,0.9915973524956281,0.9832408383968174,0.9986282931819533,
CICIoMT2024,binary,trades,aam_trans,44,pgd_constrained,0.1,0.9937603098328911,0.9944038281795491,0.9922236996123744,0.9844952858311374,0.9985640978488832,1.0
CICIoMT2024,binary,trades,aam_trans,44,square,0.1,0.9955,0.9957980615875353,0.9944936868590308,0.9890059677980712,0.9986516991780149,
CICIoMT2024,binary,trades,aam_trans,44,square_clean_subset,0,0.9955,0.9957980615875353,0.9944936868590308,0.9890059677980712,0.9989571831677094,
CICIoMT2024,binary,trades,aam_v4d,44,clean,0,0.9948361184823926,0.9957102193046505,0.9935639295711194,0.9871741023108233,0.9990559487117278,
CICIoMT2024,binary,trades,aam_v4d,44,gaussian,0.05,0.9946926773291257,0.9954501412812435,0.9933840979409629,0.9868110812558318,0.9990567857622091,
CICIoMT2024,binary,trades,aam_v4d,44,fgsm,0.05,0.9942623538693252,0.9949920042362481,0.9928488106345772,0.985743824523912,0.9988568465964626,
CICIoMT2024,binary,trades,aam_v4d,44,pgd,0.05,0.9942623538693252,0.9949920042362481,0.9928488106345772,0.985743824523912,0.9988557133588878,0.0
CICIoMT2024,binary,trades,aam_v4d,44,transfer_mlp,0.05,0.9942623538693252,0.9949920042362481,0.9928488106345772,0.985743824523912,0.9989337908522488,
CICIoMT2024,binary,trades,aam_v4d,44,transfer_tf,0.05,0.9942623538693252,0.9949920042362481,0.9928488106345772,0.985743824523912,0.9990054166180535,
CICIoMT2024,binary,trades,aam_v4d,44,gaussian,0.1,0.9943340744459586,0.995202567504258,0.9929398836085848,0.9859312281537844,0.9990523944666071,
CICIoMT2024,binary,trades,aam_v4d,44,fgsm,0.1,0.9940471921394248,0.9948434599700569,0.9925824093609181,0.9852162574418621,0.9986258206636084,
CICIoMT2024,binary,trades,aam_v4d,44,pgd,0.1,0.9940471921394248,0.9948434599700569,0.9925824093609181,0.9852162574418621,0.9986225883609804,0.0
CICIoMT2024,binary,trades,aam_v4d,44,transfer_mlp,0.1,0.9940471921394248,0.9948434599700569,0.9925824093609181,0.9852162574418621,0.9987908226300333,
CICIoMT2024,binary,trades,aam_v4d,44,transfer_tf,0.1,0.9941189127160582,0.9948929747254539,0.9926711957685307,0.9853920543519994,0.9989478404226358,
CICIoMT2024,binary,trades,aam_v4d,44,gaussian,0.2,0.9938320304095245,0.994211770166027,0.9923088016601675,0.9846541202645044,0.9989825071902636,
CICIoMT2024,binary,trades,aam_v4d,44,fgsm,0.2,0.992756221760023,0.9928248547846192,0.9909665944638513,0.9819681488676764,0.9980701479209856,
CICIoMT2024,binary,trades,aam_v4d,44,pgd,0.2,0.9923976188768557,0.9925772810076336,0.990523167320839,0.9810890718815553,0.9980362409376408,0.0
CICIoMT2024,binary,trades,aam_v4d,44,transfer_mlp,0.2,0.9928279423366564,0.9930354180526291,0.991058169420081,0.9821558898793559,0.9984412317159201,
CICIoMT2024,binary,trades,aam_v4d,44,transfer_tf,0.2,0.9930431040665567,0.9931839623188204,0.9913243530989462,0.9826836812869131,0.9987445788103633,
CICIoMT2024,binary,trades,aam_v4d,44,pgd_constrained,0.1,0.9941906332926916,0.994942489480851,0.9927599961908313,0.9855679100333893,0.9987073107473934,1.0
CICIoMT2024,binary,trades,aam_v4d,44,square,0.1,0.995,0.9949208686050791,0.9938786703492586,0.9877692445685569,0.998778064041222,
CICIoMT2024,binary,trades,aam_v4d,44,square_clean_subset,0,0.996,0.9961477119371855,0.9951029362794068,0.990217793797799,0.9990406085142929,
CICIoMT2024,binary,trades,transformer,45,clean,0,0.9954098830954601,0.9965089586293594,0.9942799576729996,0.9886096746864822,0.9994101112092391,
CICIoMT2024,binary,trades,transformer,45,gaussian,0.05,0.9952664419421933,0.9964099291185653,0.9941021433266886,0.9882576354793082,0.9994046639422606,
CICIoMT2024,binary,trades,transformer,45,fgsm,0.05,0.9951230007889263,0.9961498510951583,0.993922455027562,0.987894647945486,0.999088941378393,
CICIoMT2024,binary,trades,transformer,45,pgd,0.05,0.9951230007889263,0.9961498510951583,0.993922455027562,0.987894647945486,0.9990827987156299,0.0
CICIoMT2024,binary,trades,transformer,45,transfer_mlp,0.05,0.9951230007889263,0.9961498510951583,0.993922455027562,0.987894647945486,0.9993358712703928,
CICIoMT2024,binary,trades,transformer,45,transfer_tf,0.05,0.9951230007889263,0.9961498510951583,0.993922455027562,0.987894647945486,0.9993401595443974,
CICIoMT2024,binary,trades,transformer,45,gaussian,0.1,0.9953381625188267,0.996378919617656,0.9941901204000498,0.9884282412393941,0.9993824370325557,
CICIoMT2024,binary,trades,transformer,45,fgsm,0.1,0.9947643979057592,0.9956607045492535,0.9934750582954406,0.9869980756363916,0.9988006096818153,
CICIoMT2024,binary,trades,transformer,45,pgd,0.1,0.9947643979057592,0.9956607045492535,0.9934750582954406,0.9869980756363916,0.9987502321205373,0.0
CICIoMT2024,binary,trades,transformer,45,transfer_mlp,0.1,0.9951230007889263,0.9961498510951583,0.993922455027562,0.987894647945486,0.9992077381582468,
CICIoMT2024,binary,trades,transformer,45,transfer_tf,0.1,0.9949795596356594,0.9959702973280575,0.9937437037048433,0.9875371345749879,0.9992159412529642,
CICIoMT2024,binary,trades,transformer,45,gaussian,0.2,0.9949795596356594,0.996050821584364,0.9937446974677,0.9875427207650465,0.9993095363744794,
CICIoMT2024,binary,trades,transformer,45,fgsm,0.2,0.9937603098328911,0.9947259252047747,0.9922286368716524,0.9845200256585076,0.9980861162686299,
CICIoMT2024,binary,trades,transformer,45,pgd,0.2,0.9914652513806211,0.9924167347253097,0.9893819811262936,0.9788571763481824,0.9978226642878981,0.0
CICIoMT2024,binary,trades,transformer,45,transfer_mlp,0.2,0.9945492361758589,0.9955926845393686,0.9932096069309342,0.986476225993432,0.9987512623365145,
CICIoMT2024,binary,trades,transformer,45,transfer_tf,0.2,0.9944775155992254,0.9954626455276651,0.9931197135215464,0.9862945572799826,0.9988302283911555,
CICIoMT2024,binary,trades,transformer,45,pgd_constrained,0.1,0.9947643979057592,0.9956607045492535,0.9934750582954406,0.9869980756363916,0.9989122593383284,1.0
CICIoMT2024,binary,trades,transformer,45,square,0.1,0.9945,0.9962251201098147,0.9930917345429915,0.986278129905225,0.9988232334914575,
CICIoMT2024,binary,trades,transformer,45,square_clean_subset,0,0.995,0.9965682910089224,0.9937161931189802,0.9875107654190951,0.999117741113896,
CICIoMT2024,binary,trades,ft,45,clean,0,0.9959119271318941,0.9970971346860584,0.9949051825046591,0.9898584068423966,0.9994266461756709,
CICIoMT2024,binary,trades,ft,45,gaussian,0.05,0.9959119271318941,0.9970971346860584,0.9949051825046591,0.9898584068423966,0.9994430652428051,
CICIoMT2024,binary,trades,ft,45,fgsm,0.05,0.9956250448253604,0.9965769786392444,0.9945459172453016,0.9891331506623705,0.9992303385212435,
CICIoMT2024,binary,trades,ft,45,pgd,0.05,0.9956250448253604,0.9965769786392444,0.9945459172453016,0.9891331506623705,0.9992297847801558,0.0
CICIoMT2024,binary,trades,ft,45,transfer_mlp,0.05,0.9956967654019938,0.9967070176509478,0.9946357550872673,0.9893144603570778,0.9993832483276376,
CICIoMT2024,binary,trades,ft,45,transfer_tf,0.05,0.9957684859786272,0.9968370566626514,0.9947255785732299,0.9894957729458689,0.9994210186208962,
CICIoMT2024,binary,trades,ft,45,gaussian,0.1,0.9959119271318941,0.997016610429752,0.9949043725199,0.9898533704543075,0.9994557111439235,
CICIoMT2024,binary,trades,ft,45,fgsm,0.1,0.9954816036720935,0.9964779491284501,0.9943679906798895,0.9887805779289915,0.9990838418093065,
CICIoMT2024,binary,trades,ft,45,pgd,0.1,0.9954816036720935,0.9964779491284501,0.9943679906798895,0.9887805779289915,0.9990795277799026,0.0
CICIoMT2024,binary,trades,ft,45,transfer_mlp,0.1,0.9954816036720935,0.9964779491284501,0.9943679906798895,0.9887805779289915,0.9993412412711731,
CICIoMT2024,binary,trades,ft,45,transfer_tf,0.1,0.995553324248727,0.9966079881401537,0.9944578282417973,0.9889619495444623,0.9993946064587844,
CICIoMT2024,binary,trades,ft,45,gaussian,0.2,0.9954098830954601,0.9963479101167467,0.9942781387597518,0.9885992091852932,0.9994470830851157,
CICIoMT2024,binary,trades,ft,45,fgsm,0.2,0.9940471921394248,0.9947629357137504,0.9925812306646791,0.9852103686326387,0.9987732059368256,
CICIoMT2024,binary,trades,ft,45,pgd,0.2,0.9936168686796242,0.994304798668755,0.9920461979894182,0.9841438013739785,0.9987143548491365,0.0
CICIoMT2024,binary,trades,ft,45,transfer_mlp,0.2,0.9945492361758589,0.9953511117704493,0.9932063701028483,0.9864589634173676,0.9991849961405533,
CICIoMT2024,binary,trades,ft,45,transfer_tf,0.2,0.994907839059026,0.9957597340600477,0.9936528148932088,0.9873501878952368,0.9993234056570703,
CICIoMT2024,binary,trades,ft,45,pgd_constrained,0.1,0.9954098830954601,0.9963479101167467,0.9942781387597518,0.9885992091852932,0.9991562144816944,1.0
CICIoMT2024,binary,trades,ft,45,square,0.1,0.9945,0.9962251201098147,0.9930917345429915,0.986278129905225,0.9989698553120706,
CICIoMT2024,binary,trades,ft,45,square_clean_subset,0,0.995,0.9965682910089224,0.9937161931189802,0.9875107654190951,0.9990166226169215,
CICIoMT2024,binary,trades,aam_noGate,45,clean,0,0.9961270888617945,0.9971651546959434,0.9951714114868437,0.9903825710048256,0.9994846602128786,
CICIoMT2024,binary,trades,aam_noGate,45,gaussian,0.05,0.9961270888617945,0.9971651546959434,0.9951714114868437,0.9903825710048256,0.9994875963284133,
CICIoMT2024,binary,trades,aam_noGate,45,fgsm,0.05,0.9956967654019938,0.9965459691383352,0.9946340476698843,0.9893047149576015,0.9993568232878262,
CICIoMT2024,binary,trades,aam_noGate,45,pgd,0.05,0.9956967654019938,0.9965459691383352,0.9946340476698843,0.9893047149576015,0.9993553037192597,0.0
CICIoMT2024,binary,trades,aam_noGate,45,transfer_mlp,0.05,0.9957684859786272,0.9966760081500385,0.9947239001505366,0.9894859597440976,0.9994434773291959,
CICIoMT2024,binary,trades,aam_noGate,45,transfer_tf,0.05,0.9957684859786272,0.9966760081500385,0.9947239001505366,0.9894859597440976,0.9994455635165496,
CICIoMT2024,binary,trades,aam_noGate,45,gaussian,0.1,0.9960553682851611,0.9969545914279334,0.9950808187674438,0.9901967716888987,0.9994775517226371,
CICIoMT2024,binary,trades,aam_noGate,45,fgsm,0.1,0.9954098830954601,0.9961063373478274,0.9942754060164074,0.9885844396605369,0.9991950922571285,
CICIoMT2024,binary,trades,aam_noGate,45,pgd,0.1,0.9954098830954601,0.9961063373478274,0.9942754060164074,0.9885844396605369,0.9991871338387058,0.0
CICIoMT2024,binary,trades,aam_noGate,45,transfer_mlp,0.1,0.9954816036720935,0.996236376359531,0.9943653014972538,0.9887657068504253,0.999399886315667,
CICIoMT2024,binary,trades,aam_noGate,45,transfer_tf,0.1,0.9954098830954601,0.9961063373478274,0.9942754060164074,0.9885844396605369,0.9993903954509784,
CICIoMT2024,binary,trades,aam_noGate,45,gaussian,0.2,0.9953381625188267,0.9960568225924303,0.9941864221797063,0.988407940640807,0.9994245857437167,
CICIoMT2024,binary,trades,aam_noGate,45,fgsm,0.2,0.9945492361758589,0.9950290147452236,0.9932020446444838,0.9864376733702246,0.9988329327080953,
CICIoMT2024,binary,trades,aam_noGate,45,pgd,0.2,0.9939754715627913,0.9945523724457405,0.9924900571221742,0.9850229533263704,0.998774171764304,0.0
CICIoMT2024,binary,trades,aam_noGate,45,transfer_mlp,0.2,0.9947643979057592,0.9953386075240278,0.9934709049095163,0.9869768758023335,0.999194628659939,
CICIoMT2024,binary,trades,aam_noGate,45,transfer_tf,0.2,0.994907839059026,0.9954376370348221,0.9936487727098031,0.9873297076165651,0.9992471181639697,
CICIoMT2024,binary,trades,aam_noGate,45,pgd_constrained,0.1,0.9954098830954601,0.9961063373478274,0.9942754060164074,0.9885844396605369,0.9992409497458071,1.0
CICIoMT2024,binary,trades,aam_noGate,45,square,0.1,0.9945,0.9962251201098147,0.9930917345429915,0.986278129905225,0.9989534235563122,
CICIoMT2024,binary,trades,aam_noGate,45,square_clean_subset,0,0.995,0.9965682910089224,0.9937161931189802,0.9875107654190951,0.9991758842496565,
CICIoMT2024,binary,trades,aam_trans,45,clean,0,0.9960553682851611,0.996874067171627,0.9950800351977348,0.9901922881735679,0.9994672238074671,
CICIoMT2024,binary,trades,aam_trans,45,gaussian,0.05,0.9961270888617945,0.9970041061833306,0.9951698738263438,0.9903734115691305,0.9994626908571681,
CICIoMT2024,binary,trades,aam_trans,45,fgsm,0.05,0.9956967654019938,0.9964654448820287,0.994633193140382,0.9893000284239744,0.9992952034946985,
CICIoMT2024,binary,trades,aam_trans,45,pgd,0.05,0.9956967654019938,0.9964654448820287,0.994633193140382,0.9893000284239744,0.9992939414801267,0.0
CICIoMT2024,binary,trades,aam_trans,45,transfer_mlp,0.05,0.9956967654019938,0.9964654448820287,0.994633193140382,0.9893000284239744,0.9993733968873572,
CICIoMT2024,binary,trades,aam_trans,45,transfer_tf,0.05,0.9957684859786272,0.9965954838937322,0.9947230601323487,0.989481239269662,0.9994325570398392,
CICIoMT2024,binary,trades,aam_trans,45,gaussian,0.1,0.9959119271318941,0.9967750376608329,0.9949019394498964,0.9898390054792804,0.9994271741613592,
CICIoMT2024,binary,trades,aam_trans,45,fgsm,0.1,0.9954098830954601,0.996025813091521,0.9942744939340249,0.9885797646093035,0.9991409415298347,
CICIoMT2024,binary,trades,aam_trans,45,pgd,0.1,0.9954098830954601,0.996025813091521,0.9942744939340249,0.9885797646093035,0.9991367305220284,0.0
CICIoMT2024,binary,trades,aam_trans,45,transfer_mlp,0.1,0.995553324248727,0.996285891114928,0.9944542995783947,0.9889422340422556,0.999287605651868,
CICIoMT2024,binary,trades,aam_trans,45,transfer_tf,0.1,0.9954816036720935,0.9961558521032245,0.9943644039537689,0.9887609978950666,0.9993822309893604,
CICIoMT2024,binary,trades,aam_trans,45,gaussian,0.2,0.9934734275263574,0.9924342355192198,0.9918401477658984,0.9836838783217773,0.9994352098459802,
CICIoMT2024,binary,trades,aam_trans,45,fgsm,0.2,0.9937603098328911,0.9942427796669364,0.9922212262351023,0.9844836528341007,0.9988550694739022,
CICIoMT2024,binary,trades,aam_trans,45,pgd,0.2,0.993258265796457,0.9935740793539309,0.9915946792548761,0.9832289352435476,0.9988043570924318,0.0
CICIoMT2024,binary,trades,aam_trans,45,transfer_mlp,0.2,0.9944775155992254,0.995060024246133,0.9931142425693442,0.9862665705288972,0.9990569145392062,
CICIoMT2024,binary,trades,aam_trans,45,transfer_tf,0.2,0.9948361184823926,0.995388122279425,0.9935598317684584,0.987153262133662,0.9992488695311307,
CICIoMT2024,binary,trades,aam_trans,45,pgd_constrained,0.1,0.9954098830954601,0.996025813091521,0.9942744939340249,0.9885797646093035,0.9991902502420364,1.0
CICIoMT2024,binary,trades,aam_trans,45,square,0.1,0.9945,0.9962251201098147,0.9930917345429915,0.986278129905225,0.9988763207023691,
CICIoMT2024,binary,trades,aam_trans,45,square_clean_subset,0,0.995,0.9965682910089224,0.9937161931189802,0.9875107654190951,0.9991291169448058,
CICIoMT2024,binary,trades,aam_v4d,45,clean,0,0.9959836477085275,0.9969050766725363,0.9949917778252254,0.9900201910642319,0.9994602956050213,
CICIoMT2024,binary,trades,aam_v4d,45,gaussian,0.05,0.9960553682851611,0.9970351156842399,0.995081601835246,0.9902013795696977,0.9994508948842309,
CICIoMT2024,binary,trades,aam_v4d,45,fgsm,0.05,0.9957684859786272,0.9965954838937322,0.9947230601323487,0.989481239269662,0.9993225557288894,
CICIoMT2024,binary,trades,aam_v4d,45,pgd,0.05,0.9957684859786272,0.9965954838937322,0.9947230601323487,0.989481239269662,0.9993219633547026,0.0
CICIoMT2024,binary,trades,aam_v4d,45,transfer_mlp,0.05,0.9958402065552607,0.9967255229054357,0.9948129127475549,0.9896624530109167,0.9993766935784836,
CICIoMT2024,binary,trades,aam_v4d,45,transfer_tf,0.05,0.9958402065552607,0.9967255229054357,0.9948129127475549,0.9896624530109167,0.9994101369646385,
CICIoMT2024,binary,trades,aam_v4d,45,gaussian,0.1,0.9958402065552607,0.9967255229054357,0.9948129127475549,0.9896624530109167,0.999447198984413,
CICIoMT2024,binary,trades,aam_v4d,45,fgsm,0.1,0.9953381625188267,0.9960568225924303,0.9941864221797063,0.988407940640807,0.9991531624668624,
CICIoMT2024,binary,trades,aam_v4d,45,pgd,0.1,0.9953381625188267,0.9960568225924303,0.9941864221797063,0.988407940640807,0.999145242681539,0.0
CICIoMT2024,binary,trades,aam_v4d,45,transfer_mlp,0.1,0.9953381625188267,0.9960568225924303,0.9941864221797063,0.988407940640807,0.9993133868066937,
CICIoMT2024,binary,trades,aam_v4d,45,transfer_tf,0.1,0.9953381625188267,0.9960568225924303,0.9941864221797063,0.988407940640807,0.9993601586120517,
CICIoMT2024,binary,trades,aam_v4d,45,gaussian,0.2,0.9954098830954601,0.9962673858604403,0.9942772284288519,0.9885941620645061,0.999471447692973,
CICIoMT2024,binary,trades,aam_v4d,45,fgsm,0.2,0.9942623538693252,0.9945088586984097,0.9928419765837198,0.9857119559874317,0.9988173764468417,
CICIoMT2024,binary,trades,aam_v4d,45,pgd,0.2,0.9939754715627913,0.9941497511642085,0.9924840754129057,0.9849961415308838,0.9987566194595952,0.0
CICIoMT2024,binary,trades,aam_v4d,45,transfer_mlp,0.2,0.9946209567524923,0.9950785295006208,0.9932909570878202,0.9866140624773145,0.9990409977023607,
CICIoMT2024,binary,trades,aam_v4d,45,transfer_tf,0.2,0.9950512802122929,0.9956171908019227,0.9938276805207946,0.9876875301861905,0.9991370009537224,
CICIoMT2024,binary,trades,aam_v4d,45,pgd_constrained,0.1,0.9953381625188267,0.9960568225924303,0.9941864221797063,0.988407940640807,0.9992119362883531,1.0
CICIoMT2024,binary,trades,aam_v4d,45,square,0.1,0.9945,0.9962251201098147,0.9930917345429915,0.986278129905225,0.9989433117066149,
CICIoMT2024,binary,trades,aam_v4d,45,square_clean_subset,0,0.995,0.9965682910089224,0.9937161931189802,0.9875107654190951,0.999034318353892,
CICIoMT2024,binary,trades,transformer,46,clean,0,0.9951947213655598,0.9961188415942489,0.9940104027865491,0.9880653829121141,0.9990411651124571,
CICIoMT2024,binary,trades,transformer,46,gaussian,0.05,0.9952664419421933,0.996168356349646,0.994099330595994,0.988241583599401,0.9990481061926024,
CICIoMT2024,binary,trades,transformer,46,fgsm,0.05,0.9950512802122929,0.9959392878271482,0.993831608839879,0.9877077854036754,0.9986257562751097,
CICIoMT2024,binary,trades,transformer,46,pgd,0.05,0.9950512802122929,0.9959392878271482,0.993831608839879,0.9877077854036754,0.9986228459149745,0.0
CICIoMT2024,binary,trades,transformer,46,transfer_mlp,0.05,0.9951230007889263,0.9960693268388519,0.9939214890393906,0.9878892412042788,0.9988083491793427,
CICIoMT2024,binary,trades,transformer,46,transfer_tf,0.05,0.9950512802122929,0.9959392878271482,0.993831608839879,0.9877077854036754,0.9989104950934676,
CICIoMT2024,binary,trades,transformer,46,gaussian,0.1,0.9952664419421933,0.9960878320933396,0.9940983918172535,0.9882364802764423,0.9990325112982499,
CICIoMT2024,binary,trades,transformer,46,fgsm,0.1,0.9947643979057592,0.9956607045492535,0.9934750582954406,0.9869980756363916,0.9983036850052838,
CICIoMT2024,binary,trades,transformer,46,pgd,0.1,0.9947643979057592,0.9956607045492535,0.9934750582954406,0.9869980756363916,0.9982629785964906,0.0
CICIoMT2024,binary,trades,transformer,46,transfer_mlp,0.1,0.994907839059026,0.9957597340600477,0.9936528148932088,0.9873501878952368,0.9986240821741476,
CICIoMT2024,binary,trades,transformer,46,transfer_tf,0.1,0.994907839059026,0.9957597340600477,0.9936528148932088,0.9873501878952368,0.9987430077309983,
CICIoMT2024,binary,trades,transformer,46,gaussian,0.2,0.9951947213655598,0.9959577930816361,0.9940084967811178,0.9880551200928974,0.9990355375576825,
CICIoMT2024,binary,trades,transformer,46,fgsm,0.2,0.9938320304095245,0.9945338671912527,0.9923136931230931,0.9846770276110032,0.997629035195011,
CICIoMT2024,binary,trades,transformer,46,pgd,0.2,0.9928279423366564,0.9929548937963227,0.991056746116474,0.9821499538912981,0.9973479922764709,0.0
CICIoMT2024,binary,trades,transformer,46,transfer_mlp,0.2,0.9946209567524923,0.9954811507821528,0.9932962927692883,0.9866405342356411,0.9983197177414268,
CICIoMT2024,binary,trades,transformer,46,transfer_tf,0.2,0.9946209567524923,0.9954811507821528,0.9932962927692883,0.9866405342356411,0.9983390600463956,
CICIoMT2024,binary,trades,transformer,46,pgd_constrained,0.1,0.9947643979057592,0.9956607045492535,0.9934750582954406,0.9869980756363916,0.9985067148189615,1.0
CICIoMT2024,binary,trades,transformer,46,square,0.1,0.9975,0.9982900136798906,0.9968308688585011,0.9936817476887666,0.9986370964050875,
CICIoMT2024,binary,trades,transformer,46,square_clean_subset,0,0.9975,0.9982900136798906,0.9968308688585011,0.9936817476887666,0.9992142962484553,
CICIoMT2024,binary,trades,ft,46,clean,0,0.995553324248727,0.9965274638838473,0.9944569469235096,0.9889568347711855,0.9991386106661864,
CICIoMT2024,binary,trades,ft,46,gaussian,0.05,0.995553324248727,0.9965274638838473,0.9944569469235096,0.9889568347711855,0.9991129454106582,
CICIoMT2024,binary,trades,ft,46,fgsm,0.05,0.9954816036720935,0.9963974248721438,0.9943670948599017,0.9887754969832728,0.9989399721481111,
CICIoMT2024,binary,trades,ft,46,pgd,0.05,0.9954816036720935,0.9963974248721438,0.9943670948599017,0.9887754969832728,0.9989392381192275,0.0
CICIoMT2024,binary,trades,ft,46,transfer_mlp,0.05,0.9954816036720935,0.9963974248721438,0.9943670948599017,0.9887754969832728,0.9990481834588006,
CICIoMT2024,binary,trades,ft,46,transfer_tf,0.05,0.9954816036720935,0.9963974248721438,0.9943670948599017,0.9887754969832728,0.9990326529529466,
CICIoMT2024,binary,trades,ft,46,gaussian,0.1,0.9956250448253604,0.9965769786392444,0.9945459172453016,0.9891331506623705,0.9991545790138308,
CICIoMT2024,binary,trades,ft,46,fgsm,0.1,0.9953381625188267,0.9962178711050431,0.9941882724745017,0.9884178433041751,0.9987849246435647,
CICIoMT2024,binary,trades,ft,46,pgd,0.1,0.9953381625188267,0.9962178711050431,0.9941882724745017,0.9884178433041751,0.9987800955061722,0.0
CICIoMT2024,binary,trades,ft,46,transfer_mlp,0.1,0.9953381625188267,0.9962178711050431,0.9941882724745017,0.9884178433041751,0.9989592758199813,
CICIoMT2024,binary,trades,ft,46,transfer_tf,0.1,0.9954098830954601,0.9962673858604403,0.9942772284288519,0.9885941620645061,0.9989428953859459,
CICIoMT2024,binary,trades,ft,46,gaussian,0.2,0.9953381625188267,0.9960568225924303,0.9941864221797063,0.988407940640807,0.999083545622213,
CICIoMT2024,binary,trades,ft,46,fgsm,0.2,0.9946926773291257,0.9953696170249371,0.9933830453708599,0.9868057531241866,0.9985035726602315,
CICIoMT2024,binary,trades,ft,46,pgd,0.2,0.9945492361758589,0.9951900632578365,0.9932042087592615,0.9864480713361228,0.998429822073974,0.0
CICIoMT2024,binary,trades,ft,46,transfer_mlp,0.2,0.994907839059026,0.9955986855474348,0.9936507950964084,0.9873397002672973,0.9987117406760946,
CICIoMT2024,binary,trades,ft,46,transfer_tf,0.2,0.9950512802122929,0.9958587635708419,0.9938306277037019,0.9877025359459798,0.9987803916932657,
CICIoMT2024,binary,trades,ft,46,pgd_constrained,0.1,0.9953381625188267,0.9962178711050431,0.9941882724745017,0.9884178433041751,0.9988405434286258,1.0
CICIoMT2024,binary,trades,ft,46,square,0.1,0.9975,0.9982900136798906,0.9968308688585011,0.9936817476887666,0.9987616902038761,
CICIoMT2024,binary,trades,ft,46,square_clean_subset,0,0.9975,0.9982900136798906,0.9968308688585011,0.9936817476887666,0.9990604610479101,
CICIoMT2024,binary,trades,aam_noGate,46,clean,0,0.9958402065552607,0.9967255229054357,0.9948129127475549,0.9896624530109167,0.9992775224129925,
CICIoMT2024,binary,trades,aam_noGate,46,gaussian,0.05,0.9958402065552607,0.9967255229054357,0.9948129127475549,0.9896624530109167,0.9992843218384411,
CICIoMT2024,binary,trades,aam_noGate,46,fgsm,0.05,0.9956250448253604,0.996496454382938,0.9945450493081818,0.9891282498312975,0.9991319142623358,
CICIoMT2024,binary,trades,aam_noGate,46,pgd,0.05,0.9956250448253604,0.996496454382938,0.9945450493081818,0.9891282498312975,0.9991311931111517,0.0
CICIoMT2024,binary,trades,aam_noGate,46,transfer_mlp,0.05,0.9956967654019938,0.9966264933946415,0.9946349016520486,0.989309525640634,0.9992066821868705,
CICIoMT2024,binary,trades,aam_noGate,46,transfer_tf,0.05,0.9956967654019938,0.9966264933946415,0.9946349016520486,0.989309525640634,0.9992383226950656,
CICIoMT2024,binary,trades,aam_noGate,46,gaussian,0.1,0.9959119271318941,0.9967750376608329,0.9949019394498964,0.9898390054792804,0.9993338494715378,
CICIoMT2024,binary,trades,aam_noGate,46,fgsm,0.1,0.9954098830954601,0.9963479101167467,0.9942781387597518,0.9885992091852932,0.9989269399160015,
CICIoMT2024,binary,trades,aam_noGate,46,pgd,0.1,0.9954098830954601,0.9963479101167467,0.9942781387597518,0.9885992091852932,0.9989161999144407,0.0
CICIoMT2024,binary,trades,aam_noGate,46,transfer_mlp,0.1,0.9954098830954601,0.9963479101167467,0.9942781387597518,0.9885992091852932,0.999133021744511,
CICIoMT2024,binary,trades,aam_noGate,46,transfer_tf,0.1,0.995553324248727,0.9965274638838473,0.9944569469235096,0.9889568347711855,0.9991828198093017,
CICIoMT2024,binary,trades,aam_noGate,46,gaussian,0.2,0.9952664419421933,0.9956852108118076,0.9940936888903038,0.9882128236435298,0.9992195470088838,
CICIoMT2024,binary,trades,aam_noGate,46,fgsm,0.2,0.9949795596356594,0.995648200302832,0.9937397222815318,0.9875160246910257,0.9985690815186721,
CICIoMT2024,binary,trades,aam_noGate,46,pgd,0.2,0.9948361184823926,0.9954686465357314,0.9935608572038612,0.9871582866377105,0.99851530424467,0.0
CICIoMT2024,binary,trades,aam_noGate,46,transfer_mlp,0.2,0.9950512802122929,0.9957782393145356,0.9938296459387631,0.9876974101800974,0.9989274550239899,
CICIoMT2024,binary,trades,aam_noGate,46,transfer_tf,0.2,0.9954098830954601,0.9962673858604403,0.9942772284288519,0.9885941620645061,0.9989440543789202,
CICIoMT2024,binary,trades,aam_noGate,46,pgd_constrained,0.1,0.9954098830954601,0.9963479101167467,0.9942781387597518,0.9885992091852932,0.9990101684892476,1.0
CICIoMT2024,binary,trades,aam_noGate,46,square,0.1,0.9975,0.9982900136798906,0.9968308688585011,0.9936817476887666,0.9993376186819503,
CICIoMT2024,binary,trades,aam_noGate,46,square_clean_subset,0,0.9975,0.9982900136798906,0.9968308688585011,0.9936817476887666,0.9994151719648696,
CICIoMT2024,binary,trades,aam_trans,46,clean,0,0.9956250448253604,0.9964159301266315,0.9945441808148012,0.9891234730600437,0.9992322572985008,
CICIoMT2024,binary,trades,aam_trans,46,gaussian,0.05,0.9956250448253604,0.9964159301266315,0.9945441808148012,0.9891234730600437,0.9992237966497891,
CICIoMT2024,binary,trades,aam_trans,46,fgsm,0.05,0.9954816036720935,0.9963169006158373,0.9943661984658272,0.9887705399184975,0.9989601772589611,
CICIoMT2024,binary,trades,aam_trans,46,pgd,0.05,0.9954816036720935,0.9963169006158373,0.9943661984658272,0.9887705399184975,0.9989572797765256,0.0
CICIoMT2024,binary,trades,aam_trans,46,transfer_mlp,0.05,0.9954816036720935,0.9963169006158373,0.9943661984658272,0.9887705399184975,0.9992398680190312,
CICIoMT2024,binary,trades,aam_trans,46,transfer_tf,0.05,0.9954816036720935,0.9963169006158373,0.9943661984658272,0.9887705399184975,0.9991621253458627,
CICIoMT2024,binary,trades,aam_trans,46,gaussian,0.1,0.9956967654019938,0.9963043963694158,0.9946314824377898,0.9892910282701712,0.9992124256409425,
CICIoMT2024,binary,trades,aam_trans,46,fgsm,0.1,0.9954816036720935,0.9963169006158373,0.9943661984658272,0.9887705399184975,0.9988253091098652,
CICIoMT2024,binary,trades,aam_trans,46,pgd,0.1,0.9954816036720935,0.9963169006158373,0.9943661984658272,0.9887705399184975,0.9988225661598262,0.0
CICIoMT2024,binary,trades,aam_trans,46,transfer_mlp,0.1,0.9954816036720935,0.9963169006158373,0.9943661984658272,0.9887705399184975,0.9992438214728433,
CICIoMT2024,binary,trades,aam_trans,46,transfer_tf,0.1,0.995553324248727,0.9963664153712344,0.9944551825922139,0.9889469769042863,0.9990911692204434,
CICIoMT2024,binary,trades,aam_trans,46,gaussian,0.2,0.9943340744459586,0.9938336551470491,0.992920713335161,0.9858498504888233,0.9991381213135975,
CICIoMT2024,binary,trades,aam_trans,46,fgsm,0.2,0.994405795022592,0.9946884124655103,0.9930209271691267,0.9860698632157057,0.9985825902256715,
CICIoMT2024,binary,trades,aam_trans,46,pgd,0.2,0.9934017069497239,0.9935925846084188,0.9917708961485857,0.9835753183164748,0.9984986920120402,0.0
CICIoMT2024,binary,trades,aam_trans,46,transfer_mlp,0.2,0.9946209567524923,0.9949980052443144,0.9932898878987616,0.9866091392113212,0.9990330135285387,
CICIoMT2024,binary,trades,aam_trans,46,transfer_tf,0.2,0.9953381625188267,0.9960568225924303,0.9941864221797063,0.988407940640807,0.9988760214913355,
CICIoMT2024,binary,trades,aam_trans,46,pgd_constrained,0.1,0.9954816036720935,0.9963169006158373,0.9943661984658272,0.9887705399184975,0.9988598342227962,1.0
CICIoMT2024,binary,trades,aam_trans,46,square,0.1,0.9975,0.9982900136798906,0.9968308688585011,0.9936817476887666,0.9987426197244696,
CICIoMT2024,binary,trades,aam_trans,46,square_clean_subset,0,0.9975,0.9982900136798906,0.9968308688585011,0.9936817476887666,0.9992969349925498,
CICIoMT2024,binary,trades,aam_v4d,46,clean,0,0.9956967654019938,0.9965459691383352,0.9946340476698843,0.9893047149576015,0.9992832529893648,
CICIoMT2024,binary,trades,aam_v4d,46,gaussian,0.05,0.9956967654019938,0.9965459691383352,0.9946340476698843,0.9893047149576015,0.999271482771827,
CICIoMT2024,binary,trades,aam_v4d,46,fgsm,0.05,0.9954816036720935,0.9963169006158373,0.9943661984658272,0.9887705399184975,0.9991351980757626,
CICIoMT2024,binary,trades,aam_v4d,46,pgd,0.05,0.9954816036720935,0.9963169006158373,0.9943661984658272,0.9887705399184975,0.9991345799461762,0.0
CICIoMT2024,binary,trades,aam_v4d,46,transfer_mlp,0.05,0.9956250448253604,0.996496454382938,0.9945450493081818,0.9891282498312975,0.999221646073937,
CICIoMT2024,binary,trades,aam_v4d,46,transfer_tf,0.05,0.9956250448253604,0.996496454382938,0.9945450493081818,0.9891282498312975,0.9992043899563218,
CICIoMT2024,binary,trades,aam_v4d,46,gaussian,0.1,0.995553324248727,0.9961248426023153,0.9944525318523828,0.9889331210418972,0.9993357811264949,
CICIoMT2024,binary,trades,aam_v4d,46,fgsm,0.1,0.9954098830954601,0.9962673858604403,0.9942772284288519,0.9885941620645061,0.9989578335176134,
CICIoMT2024,binary,trades,aam_v4d,46,pgd,0.1,0.9954098830954601,0.9962673858604403,0.9942772284288519,0.9885941620645061,0.9989534937328098,0.0
CICIoMT2024,binary,trades,aam_v4d,46,transfer_mlp,0.1,0.9954098830954601,0.9962673858604403,0.9942772284288519,0.9885941620645061,0.99917122987956,
CICIoMT2024,binary,trades,aam_v4d,46,transfer_tf,0.1,0.995553324248727,0.9964469396275408,0.9944560650404501,0.9889518438525701,0.9991515269989991,
CICIoMT2024,binary,trades,aam_v4d,46,gaussian,0.2,0.9938320304095245,0.9933260033466567,0.992295285305592,0.9846013219866797,0.9992323860754979,
CICIoMT2024,binary,trades,aam_v4d,46,fgsm,0.2,0.9931865452198235,0.9923167007539377,0.991485569866958,0.9829781522745026,0.9985644197913763,
CICIoMT2024,binary,trades,aam_v4d,46,pgd,0.2,0.9921824571469554,0.9904961545900887,0.9902198293940889,0.98044043850368,0.9985090199272103,0.0
CICIoMT2024,binary,trades,aam_v4d,46,transfer_mlp,0.2,0.994907839059026,0.9953571127785157,0.9936477605441609,0.9873248971971089,0.9990146628064476,
CICIoMT2024,binary,trades,aam_v4d,46,transfer_tf,0.2,0.9950512802122929,0.9955366665456162,0.9938266968668608,0.9876827761900028,0.998937628406763,
CICIoMT2024,binary,trades,aam_v4d,46,pgd_constrained,0.1,0.9954098830954601,0.9962673858604403,0.9942772284288519,0.9885941620645061,0.9990356534569798,1.0
CICIoMT2024,binary,trades,aam_v4d,46,square,0.1,0.9975,0.9982900136798906,0.9968308688585011,0.9936817476887666,0.9993172768372499,
CICIoMT2024,binary,trades,aam_v4d,46,square_clean_subset,0,0.9975,0.9982900136798906,0.9968308688585011,0.9936817476887666,0.9994177146954573,
CICIoMT2024,binary,trades,transformer,47,clean,0,0.9957684859786272,0.996756532406345,0.9947247396307015,0.9894908043414682,0.9992015053515857,
CICIoMT2024,binary,trades,transformer,47,gaussian,0.05,0.9959119271318941,0.997016610429752,0.9949043725199,0.9898533704543075,0.99917886635549,
CICIoMT2024,binary,trades,transformer,47,fgsm,0.05,0.9956250448253604,0.9965769786392444,0.9945459172453016,0.9891331506623705,0.998870393936561,
CICIoMT2024,binary,trades,transformer,47,pgd,0.05,0.9956250448253604,0.9965769786392444,0.9945459172453016,0.9891331506623705,0.9988604781077818,0.0
CICIoMT2024,binary,trades,transformer,47,transfer_mlp,0.05,0.9956967654019938,0.9967070176509478,0.9946357550872673,0.9893144603570778,0.9990540556898699,
CICIoMT2024,binary,trades,transformer,47,transfer_tf,0.05,0.9956967654019938,0.9967070176509478,0.9946357550872673,0.9893144603570778,0.9990680151163591,
CICIoMT2024,binary,trades,transformer,47,gaussian,0.1,0.9959836477085275,0.9969856009288427,0.9949925748752453,0.9900248892167618,0.9992425852136707,
CICIoMT2024,binary,trades,transformer,47,fgsm,0.1,0.9954816036720935,0.9963974248721438,0.9943670948599017,0.9887754969832728,0.998628499225149,
CICIoMT2024,binary,trades,transformer,47,pgd,0.1,0.9954816036720935,0.9963974248721438,0.9943670948599017,0.9887754969832728,0.9985956095800814,0.0
CICIoMT2024,binary,trades,transformer,47,transfer_mlp,0.1,0.9956250448253604,0.9965769786392444,0.9945459172453016,0.9891331506623705,0.9989045198408006,
CICIoMT2024,binary,trades,transformer,47,transfer_tf,0.1,0.9956967654019938,0.9967070176509478,0.9946357550872673,0.9893144603570778,0.9989531717903172,
CICIoMT2024,binary,trades,transformer,47,gaussian,0.2,0.9957684859786272,0.9968370566626514,0.9947255785732299,0.9894957729458689,0.9992300938449489,
CICIoMT2024,binary,trades,transformer,47,fgsm,0.2,0.9941189127160582,0.9946514019565347,0.9926676989244664,0.985375025971931,0.9981542908109112,
CICIoMT2024,binary,trades,transformer,47,pgd,0.2,0.9931865452198235,0.9935245645985339,0.9915059366935025,0.9830530381177099,0.9979585240198718,0.0
CICIoMT2024,binary,trades,transformer,47,transfer_mlp,0.2,0.9953381625188267,0.9961373468487367,0.9941873476234724,0.9884128300056975,0.9986154154822402,
CICIoMT2024,binary,trades,transformer,47,transfer_tf,0.2,0.9949795596356594,0.9957287245591384,0.9937407185940567,0.9875211167003144,0.9986720516055786,
CICIoMT2024,binary,trades,transformer,47,pgd_constrained,0.1,0.9956250448253604,0.9966575028955508,0.9945467846265597,0.9891381754374302,0.9986953859974589,1.0
CICIoMT2024,binary,trades,transformer,47,square,0.1,0.9965,0.9976174268209667,0.9955317803716857,0.9911032747757054,0.9989256947409041,
CICIoMT2024,binary,trades,transformer,47,square_clean_subset,0,0.9965,0.9976174268209667,0.9955317803716857,0.9911032747757054,0.9990397916001635,
CICIoMT2024,binary,trades,ft,47,clean,0,0.9958402065552607,0.9966449986491293,0.9948120867023693,0.989657822805693,0.9991057081434196,
CICIoMT2024,binary,trades,ft,47,gaussian,0.05,0.9958402065552607,0.9966449986491293,0.9948120867023693,0.989657822805693,0.9990313909383748,
CICIoMT2024,binary,trades,ft,47,fgsm,0.05,0.9956967654019938,0.9963849206257223,0.9946323380631483,0.9892954661559982,0.9988312586071325,
CICIoMT2024,binary,trades,ft,47,pgd,0.05,0.9956967654019938,0.9963849206257223,0.9946323380631483,0.9892954661559982,0.9988299708371611,0.0
CICIoMT2024,binary,trades,ft,47,transfer_mlp,0.05,0.9956967654019938,0.9963849206257223,0.9946323380631483,0.9892954661559982,0.999132133183231,
CICIoMT2024,binary,trades,ft,47,transfer_tf,0.05,0.9956967654019938,0.9963849206257223,0.9946323380631483,0.9892954661559982,0.9991278706646259,
CICIoMT2024,binary,trades,ft,47,gaussian,0.1,0.9956967654019938,0.9963849206257223,0.9946323380631483,0.9892954661559982,0.9991464274299126,
CICIoMT2024,binary,trades,ft,47,fgsm,0.1,0.9952664419421933,0.9957657350681139,0.9940946306815688,0.9882173065853493,0.9987033959266807,
CICIoMT2024,binary,trades,ft,47,pgd,0.1,0.9952664419421933,0.9957657350681139,0.9940946306815688,0.9882173065853493,0.9986942656375841,0.0
CICIoMT2024,binary,trades,ft,47,transfer_mlp,0.1,0.9953381625188267,0.9958957740798176,0.99418456951226,0.9883985341757904,0.9991095585756338,
CICIoMT2024,binary,trades,ft,47,transfer_tf,0.1,0.9954098830954601,0.9959452888352146,0.9942735812669758,0.9885752138136233,0.9990874861983252,
CICIoMT2024,binary,trades,ft,47,gaussian,0.2,0.9941189127160582,0.9933630138556322,0.9926489351157676,0.9853030320350441,0.9989719217210994,
CICIoMT2024,binary,trades,ft,47,fgsm,0.2,0.9944775155992254,0.9947379272209074,0.9931098531716155,0.9862464044313156,0.9983839130744968,
CICIoMT2024,binary,trades,ft,47,pgd,0.2,0.9931865452198235,0.9926387977791634,0.9914910201848508,0.982995396582643,0.9982653609709373,0.0
CICIoMT2024,binary,trades,ft,47,transfer_mlp,0.2,0.9943340744459586,0.9943973249411939,0.9929286322821187,0.9858790163858193,0.998951652221751,
CICIoMT2024,binary,trades,ft,47,transfer_tf,0.2,0.9945492361758589,0.994867966232611,0.9931998777545337,0.9864277704439796,0.9989416333713741,
CICIoMT2024,binary,trades,ft,47,pgd_constrained,0.1,0.9954098830954601,0.9959452888352146,0.9942735812669758,0.9885752138136233,0.9987371870107281,1.0
CICIoMT2024,binary,trades,ft,47,square,0.1,0.9965,0.9976174268209667,0.9955317803716857,0.9911032747757054,0.9991744002543462,
CICIoMT2024,binary,trades,ft,47,square_clean_subset,0,0.9965,0.9976174268209667,0.9955317803716857,0.9911032747757054,0.9992526014724905,
CICIoMT2024,binary,trades,aam_noGate,47,clean,0,0.9958402065552607,0.9965644743928228,0.9948112601277099,0.9896533169293456,0.9992006296680052,
CICIoMT2024,binary,trades,aam_noGate,47,gaussian,0.05,0.9957684859786272,0.9965149596374258,0.9947222195757519,0.9894766430343173,0.9991849575074543,
CICIoMT2024,binary,trades,aam_noGate,47,fgsm,0.05,0.9954098830954601,0.9961063373478274,0.9942754060164074,0.9885844396605369,0.9989732352464702,
CICIoMT2024,binary,trades,aam_noGate,47,pgd,0.05,0.9954098830954601,0.9961063373478274,0.9942754060164074,0.9885844396605369,0.9989717929441022,0.0
CICIoMT2024,binary,trades,aam_noGate,47,transfer_mlp,0.05,0.9954816036720935,0.9961558521032245,0.9943644039537689,0.9887609978950666,0.9990758962685835,
CICIoMT2024,binary,trades,aam_noGate,47,transfer_tf,0.05,0.995553324248727,0.996285891114928,0.9944542995783947,0.9889422340422556,0.9991043173518506,
CICIoMT2024,binary,trades,aam_noGate,47,gaussian,0.1,0.9956967654019938,0.9963849206257223,0.9946323380631483,0.9892954661559982,0.9992008357112006,
CICIoMT2024,binary,trades,aam_noGate,47,fgsm,0.1,0.9951947213655598,0.9957967445690232,0.9940065883317861,0.9880453527558158,0.9987976349331816,
CICIoMT2024,binary,trades,aam_noGate,47,pgd,0.1,0.9951947213655598,0.9957967445690232,0.9940065883317861,0.9880453527558158,0.9987920975223049,0.0
CICIoMT2024,binary,trades,aam_noGate,47,transfer_mlp,0.1,0.9952664419421933,0.9959267835807268,0.9940965124544201,0.9882266452788182,0.9989465912857636,
CICIoMT2024,binary,trades,aam_noGate,47,transfer_tf,0.1,0.9951947213655598,0.9957967445690232,0.9940065883317861,0.9880453527558158,0.9990108896404315,
CICIoMT2024,binary,trades,aam_noGate,47,gaussian,0.2,0.994907839059026,0.9948739672406772,0.9936416739081698,0.9872986447010998,0.9991646622527064,
CICIoMT2024,binary,trades,aam_noGate,47,fgsm,0.2,0.9914652513806211,0.9893568129856664,0.9893174109962645,0.9786348379029209,0.9985085176969213,
CICIoMT2024,binary,trades,aam_noGate,47,pgd,0.2,0.9912500896507208,0.9891277444631686,0.989048983569722,0.9780980307500333,0.998431624951934,0.0
CICIoMT2024,binary,trades,aam_noGate,47,transfer_mlp,0.2,0.9946926773291257,0.9950475199997115,0.9933788283399407,0.9867856776722536,0.9987176644179627,
CICIoMT2024,binary,trades,aam_noGate,47,transfer_tf,0.2,0.9947643979057592,0.995177559011415,0.9934688242214613,0.9869670182042151,0.9987945442852504,
CICIoMT2024,binary,trades,aam_noGate,47,pgd_constrained,0.1,0.9951947213655598,0.9957967445690232,0.9940065883317861,0.9880453527558158,0.9988717074619315,1.0
CICIoMT2024,binary,trades,aam_noGate,47,square,0.1,0.9965,0.9976174268209667,0.9955317803716857,0.9911032747757054,0.9991410685875963,
CICIoMT2024,binary,trades,aam_noGate,47,square_clean_subset,0,0.9965,0.9976174268209667,0.9955317803716857,0.9911032747757054,0.9992987530110674,
CICIoMT2024,binary,trades,aam_trans,47,clean,0,0.995553324248727,0.996285891114928,0.9944542995783947,0.9889422340422556,0.9991257587218729,
CICIoMT2024,binary,trades,aam_trans,47,gaussian,0.05,0.995553324248727,0.996285891114928,0.9944542995783947,0.9889422340422556,0.9991106660578092,
CICIoMT2024,binary,trades,aam_trans,47,fgsm,0.05,0.9954098830954601,0.996025813091521,0.9942744939340249,0.9885797646093035,0.9989193034400714,
CICIoMT2024,binary,trades,aam_trans,47,pgd,0.05,0.9954098830954601,0.996025813091521,0.9942744939340249,0.9885797646093035,0.9989185565334882,0.0
CICIoMT2024,binary,trades,aam_trans,47,transfer_mlp,0.05,0.9954816036720935,0.9961558521032245,0.9943644039537689,0.9887609978950666,0.9989935047458187,
CICIoMT2024,binary,trades,aam_trans,47,transfer_tf,0.05,0.9954098830954601,0.996025813091521,0.9942744939340249,0.9885797646093035,0.9990255959735038,
CICIoMT2024,binary,trades,aam_trans,47,gaussian,0.1,0.995553324248727,0.9962053668586217,0.9944534159985866,0.9889376153826509,0.999128939513702,
CICIoMT2024,binary,trades,aam_trans,47,fgsm,0.1,0.9953381625188267,0.9958957740798176,0.99418456951226,0.9883985341757904,0.9987846542118707,
CICIoMT2024,binary,trades,aam_trans,47,pgd,0.1,0.9952664419421933,0.9957657350681139,0.9940946306815688,0.9882173065853493,0.9987766571603489,0.0
CICIoMT2024,binary,trades,aam_trans,47,transfer_mlp,0.1,0.9954098830954601,0.996025813091521,0.9942744939340249,0.9885797646093035,0.9989252658150386,
CICIoMT2024,binary,trades,aam_trans,47,transfer_tf,0.1,0.9953381625188267,0.9958957740798176,0.99418456951226,0.9883985341757904,0.9989621604247167,
CICIoMT2024,binary,trades,aam_trans,47,gaussian,0.2,0.994907839059026,0.9947129187280644,0.9936396398212737,0.9872908909748664,0.9990591938920556,
CICIoMT2024,binary,trades,aam_trans,47,fgsm,0.2,0.9947643979057592,0.995177559011415,0.9934688242214613,0.9869670182042151,0.9984373426506066,
CICIoMT2024,binary,trades,aam_trans,47,pgd,0.2,0.9945492361758589,0.994867966232611,0.9931998777545337,0.9864277704439796,0.9983818655202422,0.0
CICIoMT2024,binary,trades,aam_trans,47,transfer_mlp,0.2,0.994907839059026,0.9954376370348221,0.9936487727098031,0.9873297076165651,0.99870925528005,
CICIoMT2024,binary,trades,aam_trans,47,transfer_tf,0.2,0.9948361184823926,0.9953075980231185,0.9935588056757779,0.9871483615159142,0.9988337826362763,
CICIoMT2024,binary,trades,aam_trans,47,pgd_constrained,0.1,0.9953381625188267,0.9958957740798176,0.99418456951226,0.9883985341757904,0.9988422947957868,1.0
CICIoMT2024,binary,trades,aam_trans,47,square,0.1,0.9965,0.9976174268209667,0.9955317803716857,0.9911032747757054,0.9990987630105673,
CICIoMT2024,binary,trades,aam_trans,47,square_clean_subset,0,0.9965,0.9976174268209667,0.9955317803716857,0.9911032747757054,0.9992359356391155,
CICIoMT2024,binary,trades,aam_v4d,47,clean,0,0.9957684859786272,0.9964344353811194,0.994721378480359,0.989472171154472,0.9992308149961328,
CICIoMT2024,binary,trades,aam_v4d,47,gaussian,0.05,0.9957684859786272,0.9964344353811194,0.994721378480359,0.989472171154472,0.9992051883737038,
CICIoMT2024,binary,trades,aam_v4d,47,fgsm,0.05,0.9953381625188267,0.9958152498235111,0.9941836422877274,0.9883940173082966,0.9990349966942944,
CICIoMT2024,binary,trades,aam_v4d,47,pgd,0.05,0.9953381625188267,0.9958152498235111,0.9941836422877274,0.9883940173082966,0.9990340952553146,0.0
CICIoMT2024,binary,trades,aam_v4d,47,transfer_mlp,0.05,0.9954816036720935,0.9959948035906117,0.9943626071404126,0.9887519527877934,0.9991232862035277,
CICIoMT2024,binary,trades,aam_v4d,47,transfer_tf,0.05,0.9954816036720935,0.9959948035906117,0.9943626071404126,0.9887519527877934,0.9991557895176039,
CICIoMT2024,binary,trades,aam_v4d,47,gaussian,0.1,0.9956250448253604,0.9961743573577124,0.994541571993098,0.9891098882672902,0.999219585641983,
CICIoMT2024,binary,trades,aam_v4d,47,fgsm,0.1,0.9951947213655598,0.9956356960564106,0.994004677435042,0.9880360818287998,0.9988540521356248,
CICIoMT2024,binary,trades,aam_v4d,47,pgd,0.1,0.9951947213655598,0.9956356960564106,0.994004677435042,0.9880360818287998,0.9988462868826978,0.0
CICIoMT2024,binary,trades,aam_v4d,47,transfer_mlp,0.1,0.9952664419421933,0.9957657350681139,0.9940946306815688,0.9882173065853493,0.9990464578470392,
CICIoMT2024,binary,trades,aam_v4d,47,transfer_tf,0.1,0.9952664419421933,0.9957657350681139,0.9940946306815688,0.9882173065853493,0.9990620656190916,
CICIoMT2024,binary,trades,aam_v4d,47,gaussian,0.2,0.9939037509861579,0.9928118483079089,0.9923757122992015,0.9847533538263843,0.9989747805704358,
CICIoMT2024,binary,trades,aam_v4d,47,fgsm,0.2,0.9946209567524923,0.994917480988008,0.9932888180243008,0.9866043399108124,0.9985085692077201,
CICIoMT2024,binary,trades,aam_v4d,47,pgd,0.2,0.994405795022592,0.9946884124655103,0.9930209271691267,0.9860698632157057,0.9984328483334067,0.0
CICIoMT2024,binary,trades,aam_v4d,47,transfer_mlp,0.2,0.9948361184823926,0.9951465495105057,0.993556751516695,0.987138932403815,0.9987993090341442,
CICIoMT2024,binary,trades,aam_v4d,47,transfer_tf,0.2,0.994907839059026,0.9951960642659028,0.993645734265868,0.987315648751132,0.9989175005621116,
CICIoMT2024,binary,trades,aam_v4d,47,pgd_constrained,0.1,0.9951947213655598,0.9956356960564106,0.994004677435042,0.9880360818287998,0.9989259740885229,1.0
CICIoMT2024,binary,trades,aam_v4d,47,square,0.1,0.997,0.9979577944179714,0.9961678188757913,0.992364872593407,0.9991295307029521,
CICIoMT2024,binary,trades,aam_v4d,47,square_clean_subset,0,0.997,0.9979577944179714,0.9961678188757913,0.992364872593407,0.9993000349982502,
CICIoMT2024,binary,trades,transformer,48,clean,0,0.9946209567524923,0.9952395780132337,0.993293093411699,0.9866242804416973,0.9990969384299149,
CICIoMT2024,binary,trades,transformer,48,gaussian,0.05,0.9946926773291257,0.9953696170249371,0.9933830453708599,0.9868057531241866,0.9991036477114654,
CICIoMT2024,binary,trades,transformer,48,fgsm,0.05,0.9942623538693252,0.9949114799799417,0.9928476734496897,0.985738204498155,0.9985708200081336,
CICIoMT2024,binary,trades,transformer,48,pgd,0.05,0.9942623538693252,0.9949114799799417,0.9928476734496897,0.985738204498155,0.9985516708686598,0.0
CICIoMT2024,binary,trades,transformer,48,transfer_mlp,0.05,0.9944775155992254,0.995060024246133,0.9931142425693442,0.9862665705288972,0.9989424446664561,
CICIoMT2024,binary,trades,transformer,48,transfer_tf,0.05,0.9944775155992254,0.995060024246133,0.9931142425693442,0.9862665705288972,0.9989876711478487,
CICIoMT2024,binary,trades,transformer,48,gaussian,0.1,0.9946926773291257,0.9952890927686308,0.9933819921261907,0.9868005485843954,0.999056837273008,
CICIoMT2024,binary,trades,transformer,48,fgsm,0.1,0.9939037509861579,0.994422333434037,0.9924000486205022,0.9848413065131983,0.9981194437554874,
CICIoMT2024,binary,trades,transformer,48,pgd,0.1,0.9939037509861579,0.994422333434037,0.9924000486205022,0.9848413065131983,0.9980605797900987,0.0
CICIoMT2024,binary,trades,transformer,48,transfer_mlp,0.1,0.9943340744459586,0.9948804704790324,0.9929353917269896,0.9859088606160972,0.9987407927666476,
CICIoMT2024,binary,trades,transformer,48,transfer_tf,0.1,0.9941906332926916,0.9947814409682382,0.9927576933913022,0.9855566138713937,0.9988209049365631,
CICIoMT2024,binary,trades,transformer,48,gaussian,0.2,0.9945492361758589,0.9951900632578365,0.9932042087592615,0.9864480713361228,0.9989965052498518,
CICIoMT2024,binary,trades,transformer,48,fgsm,0.2,0.9923258983002223,0.9926082905085429,0.9904360443508513,0.9809198718236313,0.9971644721778584,
CICIoMT2024,binary,trades,transformer,48,pgd,0.2,0.9909632073441871,0.9911843646181595,0.988744029553078,0.9775485882812626,0.9969408509223393,0.0
CICIoMT2024,binary,trades,transformer,48,transfer_mlp,0.2,0.9936885892562576,0.9941127406552328,0.9921311890896712,0.9843019806077393,0.9982530241346124,
CICIoMT2024,binary,trades,transformer,48,transfer_tf,0.2,0.9937603098328911,0.99416225541063,0.9922199883575709,0.984478020964897,0.9982746457924305,
CICIoMT2024,binary,trades,transformer,48,pgd_constrained,0.1,0.9939754715627913,0.9944718481894341,0.992488862312868,0.9850173441838671,0.9983596643659369,1.0
CICIoMT2024,binary,trades,transformer,48,square,0.1,0.989,0.9907139478943648,0.9861440714260521,0.9724878708087462,0.998639639135675,
CICIoMT2024,binary,trades,transformer,48,square_clean_subset,0,0.991,0.9932566784818881,0.9886633311667699,0.977527007490537,0.9990947879108418,
CICIoMT2024,binary,trades,ft,48,clean,0,0.9950512802122929,0.9956977150582291,0.9938286635446112,0.9876924082215702,0.9992346525506476,
CICIoMT2024,binary,trades,ft,48,gaussian,0.05,0.9950512802122929,0.9956977150582291,0.9938286635446112,0.9876924082215702,0.999251406437974,
CICIoMT2024,binary,trades,ft,48,fgsm,0.05,0.994907839059026,0.9955986855474348,0.9936507950964084,0.9873397002672973,0.9990481963365007,
CICIoMT2024,binary,trades,ft,48,pgd,0.05,0.994907839059026,0.9955986855474348,0.9936507950964084,0.9873397002672973,0.9990423756162301,0.0
CICIoMT2024,binary,trades,ft,48,transfer_mlp,0.05,0.994907839059026,0.9955986855474348,0.9936507950964084,0.9873397002672973,0.9991263253406603,
CICIoMT2024,binary,trades,ft,48,transfer_tf,0.05,0.9949795596356594,0.995648200302832,0.9937397222815318,0.9875160246910257,0.9992140095980072,
CICIoMT2024,binary,trades,ft,48,gaussian,0.1,0.9951947213655598,0.9958772688253297,0.9940075428621589,0.9880501744311886,0.9993183833541823,
CICIoMT2024,binary,trades,ft,48,fgsm,0.1,0.9944775155992254,0.995060024246133,0.9931142425693442,0.9862665705288972,0.9988885901262556,
CICIoMT2024,binary,trades,ft,48,pgd,0.1,0.9944775155992254,0.995060024246133,0.9931142425693442,0.9862665705288972,0.998869891706272,0.0
CICIoMT2024,binary,trades,ft,48,transfer_mlp,0.1,0.9945492361758589,0.9951095390015301,0.9932031270485202,0.9864428105310802,0.9990332066940344,
CICIoMT2024,binary,trades,ft,48,transfer_tf,0.1,0.994907839059026,0.9955986855474348,0.9936507950964084,0.9873397002672973,0.9991370524645213,
CICIoMT2024,binary,trades,ft,48,gaussian,0.2,0.9941189127160582,0.9944098291876154,0.9926641953529693,0.9853591076491774,0.9991600906693081,
CICIoMT2024,binary,trades,ft,48,fgsm,0.2,0.9930431040665567,0.9926202925246757,0.9913146609502617,0.9826466020260947,0.9985506406526828,
CICIoMT2024,binary,trades,ft,48,pgd,0.2,0.9915369719572545,0.9899699975352083,0.989418243619614,0.9788395995822146,0.9984557062503975,0.0
CICIoMT2024,binary,trades,ft,48,transfer_mlp,0.2,0.9939037509861579,0.9939391878961985,0.9923927804591378,0.9848097045445797,0.9988088771650311,
CICIoMT2024,binary,trades,ft,48,transfer_tf,0.2,0.9943340744459586,0.9945583734538068,0.9929308883189302,0.9858884689518187,0.9989231023614868,
CICIoMT2024,binary,trades,ft,48,pgd_constrained,0.1,0.9944775155992254,0.995060024246133,0.9931142425693442,0.9862665705288972,0.9989399979035106,1.0
CICIoMT2024,binary,trades,ft,48,square,0.1,0.991,0.9932566784818881,0.9886633311667699,0.977527007490537,0.9985570003915805,
CICIoMT2024,binary,trades,ft,48,square_clean_subset,0,0.9925,0.9948700410396717,0.9905473673000036,0.981271423243118,0.9988087307197453,
CICIoMT2024,binary,trades,aam_noGate,48,clean,0,0.9954098830954601,0.9956231918099889,0.9942699247437035,0.9885582555223352,0.9993435721348214,
CICIoMT2024,binary,trades,aam_noGate,48,gaussian,0.05,0.9952664419421933,0.9955241622991948,0.994091803495926,0.9882042311536454,0.9993345062342232,
CICIoMT2024,binary,trades,aam_noGate,48,fgsm,0.05,0.994907839059026,0.9951155400095965,0.9936447201522839,0.9873112109578153,0.999169581533997,
CICIoMT2024,binary,trades,aam_noGate,48,pgd,0.05,0.994907839059026,0.9951155400095965,0.9936447201522839,0.9873112109578153,0.9991678687999348,0.0
CICIoMT2024,binary,trades,aam_noGate,48,transfer_mlp,0.05,0.994907839059026,0.9951155400095965,0.9936447201522839,0.9873112109578153,0.9992258570817433,
CICIoMT2024,binary,trades,aam_noGate,48,transfer_tf,0.05,0.994907839059026,0.9951155400095965,0.9936447201522839,0.9873112109578153,0.9993145457996678,
CICIoMT2024,binary,trades,aam_noGate,48,gaussian,0.1,0.9954816036720935,0.9957532308216925,0.9943599075982034,0.988739318887017,0.9993630560944874,
CICIoMT2024,binary,trades,aam_noGate,48,fgsm,0.1,0.994405795022592,0.9944468396965911,0.9930175859497307,0.9860557693122072,0.9990456207965578,
CICIoMT2024,binary,trades,aam_noGate,48,pgd,0.1,0.994405795022592,0.9944468396965911,0.9930175859497307,0.9860557693122072,0.9990399803640834,0.0
CICIoMT2024,binary,trades,aam_noGate,48,transfer_mlp,0.1,0.9944775155992254,0.9945768787082946,0.99310765424966,0.9862370650288182,0.9991561500931961,
CICIoMT2024,binary,trades,aam_noGate,48,transfer_tf,0.1,0.9947643979057592,0.9950165104988022,0.9934667408649065,0.9869576567216245,0.9992854164429167,
CICIoMT2024,binary,trades,aam_noGate,48,gaussian,0.2,0.9948361184823926,0.9947439282289737,0.9935516045835113,0.987117535789021,0.9992961306890781,
CICIoMT2024,binary,trades,aam_noGate,48,fgsm,0.2,0.9934734275263574,0.9933200023385903,0.9918545004768708,0.9837307245278253,0.9987510434156193,
CICIoMT2024,binary,trades,aam_noGate,48,pgd,0.2,0.9934734275263574,0.9933200023385903,0.9918545004768708,0.9837307245278253,0.9987163251371927,0.0
CICIoMT2024,binary,trades,aam_noGate,48,transfer_mlp,0.2,0.9935451481029908,0.9933695170939874,0.9919433684035354,0.983907307470769,0.9989751282683281,
CICIoMT2024,binary,trades,aam_noGate,48,transfer_tf,0.2,0.9939037509861579,0.9938586636398921,0.9923915663794947,0.9848048704568223,0.9991637221806272,
CICIoMT2024,binary,trades,aam_noGate,48,pgd_constrained,0.1,0.994405795022592,0.9944468396965911,0.9930175859497307,0.9860557693122072,0.9990909245441488,1.0
CICIoMT2024,binary,trades,aam_noGate,48,square,0.1,0.99,0.9908105716566906,0.9873747575953458,0.9748625397850664,0.9986040409074497,
CICIoMT2024,binary,trades,aam_noGate,48,square_clean_subset,0,0.992,0.9927659314784961,0.9898881503025339,0.9798552110345382,0.9989053544820712,
CICIoMT2024,binary,trades,aam_trans,48,clean,0,0.9953381625188267,0.9958152498235111,0.9941836422877274,0.9883940173082966,0.999385604946685,
CICIoMT2024,binary,trades,aam_trans,48,gaussian,0.05,0.9951947213655598,0.9956356960564106,0.994004677435042,0.9880360818287998,0.9993923657390343,
CICIoMT2024,binary,trades,aam_trans,48,fgsm,0.05,0.9948361184823926,0.995388122279425,0.9935598317684584,0.987153262133662,0.9991965860702954,
CICIoMT2024,binary,trades,aam_trans,48,pgd,0.05,0.9948361184823926,0.995388122279425,0.9935598317684584,0.987153262133662,0.999193997652653,0.0
CICIoMT2024,binary,trades,aam_trans,48,transfer_mlp,0.05,0.9948361184823926,0.995388122279425,0.9935598317684584,0.987153262133662,0.9993231609807759,
CICIoMT2024,binary,trades,aam_trans,48,transfer_tf,0.05,0.994907839059026,0.9954376370348221,0.9936487727098031,0.9873297076165651,0.999347177890741,
CICIoMT2024,binary,trades,aam_trans,48,gaussian,0.1,0.9951230007889263,0.9956667055573198,0.9939166498049015,0.9878640630626089,0.9993913612784568,
CICIoMT2024,binary,trades,aam_trans,48,fgsm,0.1,0.9944775155992254,0.995060024246133,0.9931142425693442,0.9862665705288972,0.9990162725189116,
CICIoMT2024,binary,trades,aam_trans,48,pgd,0.1,0.9944775155992254,0.995060024246133,0.9931142425693442,0.9862665705288972,0.9990115721585162,0.0
CICIoMT2024,binary,trades,aam_trans,48,transfer_mlp,0.1,0.9945492361758589,0.9951095390015301,0.9932031270485202,0.9864428105310802,0.9992516768696682,
CICIoMT2024,binary,trades,aam_trans,48,transfer_tf,0.1,0.9946209567524923,0.9951590537569273,0.9932920255919688,0.9866191095927151,0.9993124982454136,
CICIoMT2024,binary,trades,aam_trans,48,gaussian,0.2,0.9944775155992254,0.9942547816830689,0.9931032479393,0.9862198781818428,0.9992971609050549,
CICIoMT2024,binary,trades,aam_trans,48,fgsm,0.2,0.9933299863730904,0.9933014970841025,0.9916781343501331,0.9833829205953409,0.9987441667239723,
CICIoMT2024,binary,trades,aam_trans,48,pgd,0.2,0.993258265796457,0.9931714580723989,0.9915879811467962,0.9832013311915272,0.9986799456355031,0.0
CICIoMT2024,binary,trades,aam_trans,48,transfer_mlp,0.2,0.9936168686796242,0.9936606046183036,0.9920360640555037,0.9840987915543346,0.9989598166833691,
CICIoMT2024,binary,trades,aam_trans,48,transfer_tf,0.2,0.9936168686796242,0.9936606046183036,0.9920360640555037,0.9840987915543346,0.9991446116742528,
CICIoMT2024,binary,trades,aam_trans,48,pgd_constrained,0.1,0.9944775155992254,0.995060024246133,0.9931142425693442,0.9862665705288972,0.9990741964122214,1.0
CICIoMT2024,binary,trades,aam_trans,48,square,0.1,0.991,0.9932566784818881,0.9886633311667699,0.977527007490537,0.9988367007562081,
CICIoMT2024,binary,trades,aam_trans,48,square_clean_subset,0,0.9925,0.9942826702739538,0.9905365134433558,0.9812060375843008,0.9991291147737732,
CICIoMT2024,binary,trades,aam_v4d,48,clean,0,0.9952664419421933,0.9958462593244204,0.9940955718694631,0.9882219138359561,0.9993325230684673,
CICIoMT2024,binary,trades,aam_v4d,48,gaussian,0.05,0.9951230007889263,0.9956667055573198,0.9939166498049015,0.9878640630626089,0.9993235988225662,
CICIoMT2024,binary,trades,aam_v4d,48,fgsm,0.05,0.9946209567524923,0.9950785295006208,0.9932909570878202,0.9866140624773145,0.9991729812467212,
CICIoMT2024,binary,trades,aam_v4d,48,pgd,0.05,0.9946209567524923,0.9950785295006208,0.9932909570878202,0.9866140624773145,0.9991729683690213,0.0
CICIoMT2024,binary,trades,aam_v4d,48,transfer_mlp,0.05,0.9948361184823926,0.9953075980231185,0.9935588056757779,0.9871483615159142,0.9992364554286073,
CICIoMT2024,binary,trades,aam_v4d,48,transfer_tf,0.05,0.9948361184823926,0.9953075980231185,0.9935588056757779,0.9871483615159142,0.9992742257218657,
CICIoMT2024,binary,trades,aam_v4d,48,gaussian,0.1,0.9950512802122929,0.9956171908019227,0.9938276805207946,0.9876875301861905,0.9993493670996922,
CICIoMT2024,binary,trades,aam_v4d,48,fgsm,0.1,0.9944775155992254,0.9949794999898266,0.9931131462744213,0.9862613433830968,0.999016697483002,
CICIoMT2024,binary,trades,aam_v4d,48,pgd,0.1,0.9944775155992254,0.9949794999898266,0.9931131462744213,0.9862613433830968,0.9990137742451672,0.0
CICIoMT2024,binary,trades,aam_v4d,48,transfer_mlp,0.1,0.9945492361758589,0.9950290147452236,0.9932020446444838,0.9864376733702246,0.9991555834744084,
CICIoMT2024,binary,trades,aam_v4d,48,transfer_tf,0.1,0.9947643979057592,0.9952580832677215,0.9934698648988116,0.9869718850469399,0.9992176411093263,
CICIoMT2024,binary,trades,aam_v4d,48,gaussian,0.2,0.9936885892562576,0.9929048768106368,0.9921123169287958,0.9842310002848688,0.9992305059313398,
CICIoMT2024,binary,trades,aam_v4d,48,fgsm,0.2,0.9939037509861579,0.9941807606651177,0.9923964180328628,0.9848249496291878,0.9986557484377421,
CICIoMT2024,binary,trades,aam_v4d,48,pgd,0.2,0.9937603098328911,0.9940817311543235,0.9922187496866837,0.984472512335005,0.998609453107273,0.0
CICIoMT2024,binary,trades,aam_v4d,48,transfer_mlp,0.2,0.9939037509861579,0.9941807606651177,0.9923964180328628,0.9848249496291878,0.9989391350976294,
CICIoMT2024,binary,trades,aam_v4d,48,transfer_tf,0.2,0.9941906332926916,0.9945398681993189,0.9927542336548458,0.9855405947684385,0.9990871642558323,
CICIoMT2024,binary,trades,aam_v4d,48,pgd_constrained,0.1,0.9944775155992254,0.9949794999898266,0.9931131462744213,0.9862613433830968,0.99907829152073,1.0
CICIoMT2024,binary,trades,aam_v4d,48,square,0.1,0.99,0.9919853131881264,0.987403701296411,0.9750074391496416,0.9986828655556628,
CICIoMT2024,binary,trades,aam_v4d,48,square_clean_subset,0,0.9925,0.9948700410396717,0.9905473673000036,0.981271423243118,0.9989040831167774,
CICIoMT2024,binary,trades,transformer,49,clean,0,0.9954816036720935,0.9960753278469181,0.9943635058349598,0.9887564131686842,0.9992883783138506,
CICIoMT2024,binary,trades,transformer,49,gaussian,0.05,0.9953381625188267,0.9958957740798176,0.99418456951226,0.9883985341757904,0.9992786685282669,
CICIoMT2024,binary,trades,transformer,49,fgsm,0.05,0.9948361184823926,0.9953075980231185,0.9935588056757779,0.9871483615159142,0.9989374609966669,
CICIoMT2024,binary,trades,transformer,49,pgd,0.05,0.9948361184823926,0.9953075980231185,0.9935588056757779,0.9871483615159142,0.9989347824351268,0.0
CICIoMT2024,binary,trades,transformer,49,transfer_mlp,0.05,0.9949795596356594,0.9954871517902192,0.9937377277403396,0.9875062122892615,0.999131811240738,
CICIoMT2024,binary,trades,transformer,49,transfer_tf,0.05,0.9950512802122929,0.9955366665456162,0.9938266968668608,0.9876827761900028,0.9993124853677138,
CICIoMT2024,binary,trades,transformer,49,gaussian,0.1,0.9954098830954601,0.996025813091521,0.9942744939340249,0.9885797646093035,0.9993135413390903,
CICIoMT2024,binary,trades,transformer,49,fgsm,0.1,0.9943340744459586,0.9948804704790324,0.9929353917269896,0.9859088606160972,0.9987926898964916,
CICIoMT2024,binary,trades,transformer,49,pgd,0.1,0.9942623538693252,0.9948309557236352,0.9928465355360647,0.9857327077599949,0.9987835724850948,0.0
CICIoMT2024,binary,trades,transformer,49,transfer_mlp,0.1,0.9948361184823926,0.9953075980231185,0.9935588056757779,0.9871483615159142,0.9989807558231028,
CICIoMT2024,binary,trades,transformer,49,transfer_tf,0.1,0.9947643979057592,0.9952580832677215,0.9934698648988116,0.9869718850469399,0.9992824159388836,
CICIoMT2024,binary,trades,transformer,49,gaussian,0.2,0.9951230007889263,0.9956667055573198,0.9939166498049015,0.9878640630626089,0.9993181515555876,
CICIoMT2024,binary,trades,transformer,49,fgsm,0.2,0.9925410600301227,0.9928373590310406,0.9907034538249503,0.9814529911631784,0.9982797067284178,
CICIoMT2024,binary,trades,transformer,49,pgd,0.2,0.9908197661909202,0.9909242865947525,0.9885635485152575,0.9771837894230238,0.9980398982043595,0.0
CICIoMT2024,binary,trades,transformer,49,transfer_mlp,0.2,0.9941189127160582,0.9944903534439219,0.9926653639585221,0.9853642902250684,0.9987790009016966,
CICIoMT2024,binary,trades,transformer,49,transfer_tf,0.2,0.9939037509861579,0.994019712152505,0.9923939937608742,0.9848146625133283,0.9990311591397799,
CICIoMT2024,binary,trades,transformer,49,pgd_constrained,0.1,0.9946209567524923,0.9952395780132337,0.993293093411699,0.9866242804416973,0.9988538589701292,1.0
CICIoMT2024,binary,trades,transformer,49,square,0.1,0.994,0.9947353671230683,0.9925267542198928,0.9851027099156038,0.9991129694130836,
CICIoMT2024,binary,trades,transformer,49,square_clean_subset,0,0.996,0.9961165825926815,0.9950067658322972,0.990025923337752,0.999482044198895,
CICIoMT2024,binary,trades,ft,49,clean,0,0.9959836477085275,0.9965829796473107,0.994988584512985,0.9900026423763879,0.9994494268264635,
CICIoMT2024,binary,trades,ft,49,gaussian,0.05,0.9959119271318941,0.9965334648919135,0.9948995016984686,0.9898257592262839,0.9994586472594582,
CICIoMT2024,binary,trades,ft,49,fgsm,0.05,0.9956967654019938,0.9963849206257223,0.9946323380631483,0.9892954661559982,0.9993198256565503,
CICIoMT2024,binary,trades,ft,49,pgd,0.05,0.9956967654019938,0.9963849206257223,0.9946323380631483,0.9892954661559982,0.9993190014837685,0.0
CICIoMT2024,binary,trades,ft,49,transfer_mlp,0.05,0.9957684859786272,0.9964344353811194,0.994721378480359,0.989472171154472,0.9993720060957879,
CICIoMT2024,binary,trades,ft,49,transfer_tf,0.05,0.9957684859786272,0.9964344353811194,0.994721378480359,0.989472171154472,0.9994168204907898,
CICIoMT2024,binary,trades,ft,49,gaussian,0.1,0.9958402065552607,0.9964034258802101,0.9948096053884488,0.9896446786298163,0.9994498646682536,
CICIoMT2024,binary,trades,ft,49,fgsm,0.1,0.9952664419421933,0.9958462593244204,0.9940955718694631,0.9882219138359561,0.9992091160721163,
CICIoMT2024,binary,trades,ft,49,pgd,0.1,0.9952664419421933,0.9958462593244204,0.9940955718694631,0.9882219138359561,0.9991963929047997,0.0
CICIoMT2024,binary,trades,ft,49,transfer_mlp,0.1,0.9954816036720935,0.9960753278469181,0.9943635058349598,0.9887564131686842,0.9993110945761445,
CICIoMT2024,binary,trades,ft,49,transfer_tf,0.1,0.9956250448253604,0.9962548816140188,0.9945424421576594,0.9891142921615781,0.999377710916761,
CICIoMT2024,binary,trades,ft,49,gaussian,0.2,0.994907839059026,0.9949544914969837,0.9936426899739029,0.9873027088154357,0.999423594160839,
CICIoMT2024,binary,trades,ft,49,fgsm,0.2,0.9943340744459586,0.9944778491975004,0.9929297606620222,0.985883680633102,0.9989706854619269,
CICIoMT2024,binary,trades,ft,49,pgd,0.2,0.9942623538693252,0.9943478101857969,0.992839692721496,0.9857023228290877,0.9989236561025746,0.0
CICIoMT2024,binary,trades,ft,49,transfer_mlp,0.2,0.9942623538693252,0.9943478101857969,0.992839692721496,0.9857023228290877,0.9991856142701396,
CICIoMT2024,binary,trades,ft,49,transfer_tf,0.2,0.9946926773291257,0.9948864714870987,0.9933767157673838,0.9867763838140282,0.9992200492391727,
CICIoMT2024,binary,trades,ft,49,pgd_constrained,0.1,0.9953381625188267,0.9958957740798176,0.99418456951226,0.9883985341757904,0.999238309817366,1.0
CICIoMT2024,binary,trades,ft,49,square,0.1,0.996,0.9961165825926815,0.9950067658322972,0.990025923337752,0.9995733745696213,
CICIoMT2024,binary,trades,ft,49,square_clean_subset,0,0.9965,0.9964618864600849,0.9956284849171801,0.9912639531152203,0.9996446873248458,
CICIoMT2024,binary,trades,aam_noGate,49,clean,0,0.9961988094384279,0.9969730966824213,0.9952581874484582,0.9905458081331534,0.99950570237421,
CICIoMT2024,binary,trades,aam_noGate,49,gaussian,0.05,0.9961988094384279,0.9969730966824213,0.9952581874484582,0.9905458081331534,0.999498606761668,
CICIoMT2024,binary,trades,aam_noGate,49,fgsm,0.05,0.9958402065552607,0.9965644743928228,0.9948112601277099,0.9896533169293456,0.9993906272495731,
CICIoMT2024,binary,trades,aam_noGate,49,pgd,0.05,0.9958402065552607,0.9965644743928228,0.9948112601277099,0.9896533169293456,0.9993876653786391,0.0
CICIoMT2024,binary,trades,aam_noGate,49,transfer_mlp,0.05,0.9959836477085275,0.9967440281599236,0.9949901821922718,0.9900111677026929,0.9994489374738744,
CICIoMT2024,binary,trades,aam_noGate,49,transfer_tf,0.05,0.9959836477085275,0.9968245524162299,0.9949909802643565,0.9900156171874117,0.9994603857489194,
CICIoMT2024,binary,trades,aam_noGate,49,gaussian,0.1,0.9959836477085275,0.9966635039036171,0.9949893836086039,0.9900068427267191,0.9995178460450396,
CICIoMT2024,binary,trades,aam_noGate,49,fgsm,0.1,0.9951947213655598,0.9957162203127169,0.9940056331895604,0.9880406551828965,0.9992373697452869,
CICIoMT2024,binary,trades,aam_noGate,49,pgd,0.1,0.9951947213655598,0.9957162203127169,0.9940056331895604,0.9880406551828965,0.9992285098878843,0.0
CICIoMT2024,binary,trades,aam_noGate,49,transfer_mlp,0.1,0.9952664419421933,0.9957657350681139,0.9940946306815688,0.9882173065853493,0.9993978902722114,
CICIoMT2024,binary,trades,aam_noGate,49,transfer_tf,0.1,0.9954816036720935,0.9960753278469181,0.9943635058349598,0.9887564131686842,0.9994146312818385,
CICIoMT2024,binary,trades,aam_noGate,49,gaussian,0.2,0.9953381625188267,0.9954931527982855,0.994179927440897,0.9883771949975914,0.9994500707114492,
CICIoMT2024,binary,trades,aam_noGate,49,fgsm,0.2,0.9941906332926916,0.9944593439430125,0.9927530789306624,0.9855355022326397,0.9988702909149633,
CICIoMT2024,binary,trades,aam_noGate,49,pgd,0.2,0.9941189127160582,0.9943293049313091,0.9926630259983127,0.9853540487591578,0.9987808037796565,0.0
CICIoMT2024,binary,trades,aam_noGate,49,transfer_mlp,0.2,0.994405795022592,0.9946884124655103,0.9930209271691267,0.9860698632157057,0.9992092834822125,
CICIoMT2024,binary,trades,aam_noGate,49,transfer_tf,0.2,0.9947643979057592,0.9950970347551087,0.9934677828769861,0.9869622753903092,0.9993101545040655,
CICIoMT2024,binary,trades,aam_noGate,49,pgd_constrained,0.1,0.9954098830954601,0.996025813091521,0.9942744939340249,0.9885797646093035,0.9992800335644366,1.0
CICIoMT2024,binary,trades,aam_noGate,49,square,0.1,0.9955,0.9952107854912322,0.994379480607803,0.9887659339803098,0.9995058151173032,
CICIoMT2024,binary,trades,aam_noGate,49,square_clean_subset,0,0.997,0.9973676835615342,0.9962550743742229,0.9925225590788999,0.9995858855793097,
CICIoMT2024,binary,trades,aam_trans,49,clean,0,0.9962705300150613,0.9971031356941247,0.9953480263213952,0.9907268692493876,0.9994660776921926,
CICIoMT2024,binary,trades,aam_trans,49,gaussian,0.05,0.9961270888617945,0.9970041061833306,0.9951698738263438,0.9903734115691305,0.9994600122956279,
CICIoMT2024,binary,trades,aam_trans,49,fgsm,0.05,0.9956967654019938,0.9964654448820287,0.994633193140382,0.9893000284239744,0.999272203923011,
CICIoMT2024,binary,trades,aam_trans,49,pgd,0.05,0.9956967654019938,0.9964654448820287,0.994633193140382,0.9893000284239744,0.9992718691028184,0.0
CICIoMT2024,binary,trades,aam_trans,49,transfer_mlp,0.05,0.9957684859786272,0.9965954838937322,0.9947230601323487,0.989481239269662,0.9993646142961524,
CICIoMT2024,binary,trades,aam_trans,49,transfer_tf,0.05,0.9957684859786272,0.9965954838937322,0.9947230601323487,0.989481239269662,0.9994332910687229,
CICIoMT2024,binary,trades,aam_trans,49,gaussian,0.1,0.9959836477085275,0.9968245524162299,0.9949909802643565,0.9900156171874117,0.9994634635191506,
CICIoMT2024,binary,trades,aam_trans,49,fgsm,0.1,0.9952664419421933,0.9960073078370333,0.9940974524368729,0.988231500797656,0.9991419073573132,
CICIoMT2024,binary,trades,aam_trans,49,pgd,0.1,0.9952664419421933,0.9960073078370333,0.9940974524368729,0.988231500797656,0.9991395378605661,0.0
CICIoMT2024,binary,trades,aam_trans,49,transfer_mlp,0.1,0.9953381625188267,0.9960568225924303,0.9941864221797063,0.988407940640807,0.9992563901077631,
CICIoMT2024,binary,trades,aam_trans,49,transfer_tf,0.1,0.9953381625188267,0.9960568225924303,0.9941864221797063,0.988407940640807,0.999399564373174,
CICIoMT2024,binary,trades,aam_trans,49,gaussian,0.2,0.9948361184823926,0.9948244524852801,0.9935526352903857,0.9871215659388118,0.9994313722914656,
CICIoMT2024,binary,trades,aam_trans,49,fgsm,0.2,0.9945492361758589,0.9949484904889173,0.9932009615466546,0.9864326599692195,0.9989310736576094,
CICIoMT2024,binary,trades,aam_trans,49,pgd,0.2,0.9943340744459586,0.9947194219664196,0.9929331414658373,0.9858984173380638,0.9988515409841809,0.0
CICIoMT2024,binary,trades,aam_trans,49,transfer_mlp,0.2,0.9945492361758589,0.9949484904889173,0.9932009615466546,0.9864326599692195,0.9990004329482642,
CICIoMT2024,binary,trades,aam_trans,49,transfer_tf,0.2,0.9947643979057592,0.995177559011415,0.9934688242214613,0.9869670182042151,0.9993171599727096,
CICIoMT2024,binary,trades,aam_trans,49,pgd_constrained,0.1,0.9953381625188267,0.9961373468487367,0.9941873476234724,0.9884128300056975,0.9991766513911393,1.0
CICIoMT2024,binary,trades,aam_trans,49,square,0.1,0.9955,0.9957712787252783,0.9943857355263481,0.9887907971686135,0.9994094803427015,
CICIoMT2024,binary,trades,aam_trans,49,square_clean_subset,0,0.9965,0.9970223796941309,0.9956333498538263,0.9912860549163212,0.9995933921851228,
CICIoMT2024,binary,trades,aam_v4d,49,clean,0,0.9958402065552607,0.9965644743928228,0.9948112601277099,0.9896533169293456,0.9995173438147507,
CICIoMT2024,binary,trades,aam_v4d,49,gaussian,0.05,0.9957684859786272,0.9964344353811194,0.994721378480359,0.989472171154472,0.9995073507197733,
CICIoMT2024,binary,trades,aam_v4d,49,fgsm,0.05,0.9956250448253604,0.9962548816140188,0.9945424421576594,0.9891142921615781,0.9993833127161361,
CICIoMT2024,binary,trades,aam_v4d,49,pgd,0.05,0.9956250448253604,0.9962548816140188,0.9945424421576594,0.9891142921615781,0.9993824756656547,0.0
CICIoMT2024,binary,trades,aam_v4d,49,transfer_mlp,0.05,0.9956250448253604,0.9962548816140188,0.9945424421576594,0.9891142921615781,0.9994601925834236,
CICIoMT2024,binary,trades,aam_v4d,49,transfer_tf,0.05,0.9957684859786272,0.9964344353811194,0.994721378480359,0.989472171154472,0.99947562006768,
CICIoMT2024,binary,trades,aam_v4d,49,gaussian,0.1,0.9957684859786272,0.9964344353811194,0.994721378480359,0.989472171154472,0.9995283413703058,
CICIoMT2024,binary,trades,aam_v4d,49,fgsm,0.1,0.9952664419421933,0.9956852108118076,0.9940936888903038,0.9882128236435298,0.9992177956417228,
CICIoMT2024,binary,trades,aam_v4d,49,pgd,0.1,0.9952664419421933,0.9956852108118076,0.9940936888903038,0.9882128236435298,0.9992110863601723,0.0
CICIoMT2024,binary,trades,aam_v4d,49,transfer_mlp,0.1,0.9954816036720935,0.9959948035906117,0.9943626071404126,0.9887519527877934,0.9994091711371601,
CICIoMT2024,binary,trades,aam_v4d,49,transfer_tf,0.1,0.9956967654019938,0.9963043963694158,0.9946314824377898,0.9892910282701712,0.9994239289810313,
CICIoMT2024,binary,trades,aam_v4d,49,gaussian,0.2,0.9928279423366564,0.9912638844138882,0.9910266450013849,0.9820538635082969,0.9993159881020357,
CICIoMT2024,binary,trades,aam_v4d,49,fgsm,0.2,0.9940471921394248,0.9940382174069927,0.992570588347036,0.9851629190998213,0.9988739996924807,
CICIoMT2024,binary,trades,aam_v4d,49,pgd,0.2,0.9939754715627913,0.9939887026515957,0.9924816773575709,0.9849862821724606,0.9988047434234233,0.0
CICIoMT2024,binary,trades,aam_v4d,49,transfer_mlp,0.2,0.9945492361758589,0.9947069177199981,0.9931977080854213,0.9864183634857148,0.999143710235273,
CICIoMT2024,binary,trades,aam_v4d,49,transfer_tf,0.2,0.9947643979057592,0.9949359862424958,0.9934656981847425,0.9869531623148162,0.9993338108384389,
CICIoMT2024,binary,trades,aam_v4d,49,pgd_constrained,0.1,0.9954098830954601,0.9959452888352146,0.9942735812669758,0.9885752138136233,0.9992803941400286,1.0
CICIoMT2024,binary,trades,aam_v4d,49,square,0.1,0.9955,0.9952107854912322,0.994379480607803,0.9887659339803098,0.9994983085114901,
CICIoMT2024,binary,trades,aam_v4d,49,square_clean_subset,0,0.9965,0.9964618864600849,0.9956284849171801,0.9912639531152203,0.9996209164064378,
CICIoMT2024,binary,trades,transformer,50,clean,0,0.9953381625188267,0.995976298336124,0.9941854961427775,0.9884031753254412,0.9990347133849009,
CICIoMT2024,binary,trades,transformer,50,gaussian,0.05,0.9954816036720935,0.9961558521032245,0.9943644039537689,0.9887609978950666,0.9990194661884404,
CICIoMT2024,binary,trades,transformer,50,fgsm,0.05,0.9948361184823926,0.9954686465357314,0.9935608572038612,0.9871582866377105,0.9984128878988513,
CICIoMT2024,binary,trades,transformer,50,pgd,0.05,0.9948361184823926,0.9954686465357314,0.9935608572038612,0.9871582866377105,0.9984082132938557,0.0
CICIoMT2024,binary,trades,transformer,50,transfer_mlp,0.05,0.9949795596356594,0.995648200302832,0.9937397222815318,0.9875160246910257,0.9987675526266515,
CICIoMT2024,binary,trades,transformer,50,transfer_tf,0.05,0.9949795596356594,0.995648200302832,0.9937397222815318,0.9875160246910257,0.9987520993869956,
CICIoMT2024,binary,trades,transformer,50,gaussian,0.1,0.9953381625188267,0.995976298336124,0.9941854961427775,0.9884031753254412,0.999011134316726,
CICIoMT2024,binary,trades,transformer,50,fgsm,0.1,0.9944775155992254,0.995060024246133,0.9931142425693442,0.9862665705288972,0.9979601594877354,
CICIoMT2024,binary,trades,transformer,50,pgd,0.1,0.9944775155992254,0.995060024246133,0.9931142425693442,0.9862665705288972,0.9979435086220065,0.0
CICIoMT2024,binary,trades,transformer,50,transfer_mlp,0.1,0.9948361184823926,0.9955491707920378,0.9935618819824583,0.9871634349122506,0.998485994600123,
CICIoMT2024,binary,trades,transformer,50,transfer_tf,0.1,0.9947643979057592,0.9953386075240278,0.9934709049095163,0.9869768758023335,0.9984802382683513,
CICIoMT2024,binary,trades,transformer,50,gaussian,0.2,0.9951230007889263,0.9958277540699326,0.9939185873592022,0.9878737627443408,0.9988110148631836,
CICIoMT2024,binary,trades,transformer,50,fgsm,0.2,0.9929713834899233,0.9933760203323425,0.991239793027357,0.9825256995033618,0.9972891540664814,
CICIoMT2024,binary,trades,transformer,50,pgd,0.2,0.9915369719572545,0.9919831039428684,0.9894603663281716,0.9789852657822478,0.9969831927989964,0.0
CICIoMT2024,binary,trades,transformer,50,transfer_mlp,0.2,0.9943340744459586,0.9949609947353388,0.9929365157767021,0.9859142675504914,0.9978886496212283,
CICIoMT2024,binary,trades,transformer,50,transfer_tf,0.2,0.9939754715627913,0.9945523724457405,0.9924900571221742,0.9850229533263704,0.9978119500417366,
CICIoMT2024,binary,trades,transformer,50,pgd_constrained,0.1,0.9945492361758589,0.9951095390015301,0.9932031270485202,0.9864428105310802,0.9982006505298789,1.0
CICIoMT2024,binary,trades,transformer,50,square,0.1,0.9955,0.996334006549942,0.9943284203800021,0.9886954933763702,0.998814910988616,
CICIoMT2024,binary,trades,transformer,50,square_clean_subset,0,0.9955,0.996334006549942,0.9943284203800021,0.9886954933763702,0.999352092286355,
CICIoMT2024,binary,trades,ft,50,clean,0,0.9954816036720935,0.9956727065653861,0.9943590065965617,0.9887353570583098,0.9990431740336123,
CICIoMT2024,binary,trades,ft,50,gaussian,0.05,0.9954098830954601,0.9956231918099889,0.9942699247437035,0.9885582555223352,0.9990375722342372,
CICIoMT2024,binary,trades,ft,50,fgsm,0.05,0.9951230007889263,0.9953446085320942,0.9939127672382267,0.9878461541800724,0.9987853624853548,
CICIoMT2024,binary,trades,ft,50,pgd,0.05,0.9951230007889263,0.9953446085320942,0.9939127672382267,0.9878461541800724,0.9987839459383863,0.0
CICIoMT2024,binary,trades,ft,50,transfer_mlp,0.05,0.9951230007889263,0.9953446085320942,0.9939127672382267,0.9878461541800724,0.9988535499053358,
CICIoMT2024,binary,trades,ft,50,transfer_tf,0.05,0.9951947213655598,0.9954746475437977,0.9940027640873664,0.9880273082438132,0.9988896460976321,
CICIoMT2024,binary,trades,ft,50,gaussian,0.1,0.9954098830954601,0.9957037160662954,0.9942708397536252,0.9885623081272185,0.9990550472727479,
CICIoMT2024,binary,trades,ft,50,fgsm,0.1,0.9948361184823926,0.994985500997893,0.9935546947228283,0.9871300002329263,0.9986293749087294,
CICIoMT2024,binary,trades,ft,50,pgd,0.1,0.9947643979057592,0.9949359862424958,0.9934656981847425,0.9869531623148162,0.9986239662748498,0.0
CICIoMT2024,binary,trades,ft,50,transfer_mlp,0.1,0.994907839059026,0.9951155400095965,0.9936447201522839,0.9873112109578153,0.9987117921868935,
CICIoMT2024,binary,trades,ft,50,transfer_tf,0.1,0.9948361184823926,0.994985500997893,0.9935546947228283,0.9871300002329263,0.9987611266544945,
CICIoMT2024,binary,trades,ft,50,gaussian,0.2,0.9952664419421933,0.9952825895302756,0.9940889708682186,0.9881922776625987,0.9990339278452183,
CICIoMT2024,binary,trades,ft,50,fgsm,0.2,0.9935451481029908,0.9928058472998426,0.9919343439256889,0.9838763871151726,0.9983388926362998,
CICIoMT2024,binary,trades,ft,50,pgd,0.2,0.9928279423366564,0.9919080784643395,0.991038159917432,0.9820840107398128,0.9982709627703127,0.0
CICIoMT2024,binary,trades,ft,50,transfer_mlp,0.2,0.9934734275263574,0.9929979053133646,0.9918492930191728,0.9837119480491319,0.9984674120794368,
CICIoMT2024,binary,trades,ft,50,transfer_tf,0.2,0.9938320304095245,0.9934870518592693,0.9922977499191941,0.9846098047506731,0.9986068260565316,
CICIoMT2024,binary,trades,ft,50,pgd_constrained,0.1,0.994907839059026,0.9950350157532901,0.9936437053884515,0.9873068976068377,0.9986652393024306,1.0
CICIoMT2024,binary,trades,ft,50,square,0.1,0.995,0.9954114973248498,0.993694630978278,0.9874176701982086,0.9996697189194115,
CICIoMT2024,binary,trades,ft,50,square_clean_subset,0,0.996,0.9966769420780628,0.9949557047826224,0.9899398613801438,0.999750707383617,
CICIoMT2024,binary,trades,aam_noGate,50,clean,0,0.9956967654019938,0.9963043963694158,0.9946314824377898,0.9892910282701712,0.999069148353934,
CICIoMT2024,binary,trades,aam_noGate,50,gaussian,0.05,0.9957684859786272,0.996353911124813,0.9947205368457832,0.9894678237467871,0.9990895981410782,
CICIoMT2024,binary,trades,aam_noGate,50,fgsm,0.05,0.9951947213655598,0.9955551718001041,0.994003721067791,0.9880316328101468,0.9988859759532137,
CICIoMT2024,binary,trades,aam_noGate,50,pgd,0.05,0.9951947213655598,0.9955551718001041,0.994003721067791,0.9880316328101468,0.9988849714926361,0.0
CICIoMT2024,binary,trades,aam_noGate,50,transfer_mlp,0.05,0.9953381625188267,0.9957347255672047,0.9941827144687525,0.9883896248396543,0.9990057128051468,
CICIoMT2024,binary,trades,aam_noGate,50,transfer_tf,0.05,0.9953381625188267,0.9957347255672047,0.9941827144687525,0.9883896248396543,0.9990090610070723,
CICIoMT2024,binary,trades,aam_noGate,50,gaussian,0.1,0.9956967654019938,0.9963849206257223,0.9946323380631483,0.9892954661559982,0.9991133446193494,
CICIoMT2024,binary,trades,aam_noGate,50,fgsm,0.1,0.994907839059026,0.9951960642659028,0.993645734265868,0.987315648751132,0.9987520607538967,
CICIoMT2024,binary,trades,aam_noGate,50,pgd,0.1,0.994907839059026,0.9951960642659028,0.993645734265868,0.987315648751132,0.9987456090263405,0.0
CICIoMT2024,binary,trades,aam_noGate,50,transfer_mlp,0.1,0.9950512802122929,0.9954561422893099,0.9938257125823567,0.987678146349303,0.9989104693380683,
CICIoMT2024,binary,trades,aam_noGate,50,transfer_tf,0.1,0.9951230007889263,0.9955861813010134,0.9939156800961618,0.9878593993570753,0.9989437839472262,
CICIoMT2024,binary,trades,aam_noGate,50,gaussian,0.2,0.9946209567524923,0.994514859706476,0.9932834583537005,0.9865822069709123,0.9991721441962397,
CICIoMT2024,binary,trades,aam_noGate,50,fgsm,0.2,0.9939754715627913,0.9937471298826764,0.99247807450545,0.9849724232091787,0.9984767741671284,
CICIoMT2024,binary,trades,aam_noGate,50,pgd,0.2,0.9929713834899233,0.993053923307117,0.9912342154626239,0.9825019351713187,0.9983646351580262,0.0
CICIoMT2024,binary,trades,aam_noGate,50,transfer_mlp,0.2,0.9940471921394248,0.9939576931506864,0.9925694020738235,0.9851582656865686,0.9986257820305094,
CICIoMT2024,binary,trades,aam_noGate,50,transfer_tf,0.2,0.9941189127160582,0.9939266836497771,0.9926571679696059,0.9853306136641176,0.9987272454265494,
CICIoMT2024,binary,trades,aam_noGate,50,pgd_constrained,0.1,0.9951947213655598,0.9956356960564106,0.994004677435042,0.9880360818287998,0.9987968236380996,1.0
CICIoMT2024,binary,trades,aam_noGate,50,square,0.1,0.996,0.9966769420780628,0.9949557047826224,0.9899398613801438,0.9997114785962675,
CICIoMT2024,binary,trades,aam_noGate,50,square_clean_subset,0,0.996,0.9966769420780628,0.9949557047826224,0.9899398613801438,0.9997051513725014,
CICIoMT2024,binary,trades,aam_trans,50,clean,0,0.9951947213655598,0.9953941232874912,0.9940018064933274,0.9880231082469274,0.9991240073547121,
CICIoMT2024,binary,trades,aam_trans,50,gaussian,0.05,0.9951230007889263,0.9953446085320942,0.9939127672382267,0.9878461541800724,0.9991074466328808,
CICIoMT2024,binary,trades,aam_trans,50,fgsm,0.05,0.9950512802122929,0.9952950937766971,0.9938237421198252,0.9876692596008142,0.998887585665678,
CICIoMT2024,binary,trades,aam_trans,50,pgd,0.05,0.9950512802122929,0.9952950937766971,0.9938237421198252,0.9876692596008142,0.9988834519240698,0.0
CICIoMT2024,binary,trades,aam_trans,50,transfer_mlp,0.05,0.9950512802122929,0.9952950937766971,0.9938237421198252,0.9876692596008142,0.9990292146071234,
CICIoMT2024,binary,trades,aam_trans,50,transfer_tf,0.05,0.9950512802122929,0.9952950937766971,0.9938237421198252,0.9876692596008142,0.9990548798626516,
CICIoMT2024,binary,trades,aam_trans,50,gaussian,0.1,0.9953381625188267,0.9957347255672047,0.9941827144687525,0.9883896248396543,0.9990999904447467,
CICIoMT2024,binary,trades,aam_trans,50,fgsm,0.1,0.9948361184823926,0.994985500997893,0.9935546947228283,0.9871300002329263,0.9987403420471579,
CICIoMT2024,binary,trades,aam_trans,50,pgd,0.1,0.9948361184823926,0.994985500997893,0.9935546947228283,0.9871300002329263,0.9987374059316232,0.0
CICIoMT2024,binary,trades,aam_trans,50,transfer_mlp,0.1,0.9948361184823926,0.994985500997893,0.9935546947228283,0.9871300002329263,0.9989666161088178,
CICIoMT2024,binary,trades,aam_trans,50,transfer_tf,0.1,0.9948361184823926,0.994985500997893,0.9935546947228283,0.9871300002329263,0.9989621733024164,
CICIoMT2024,binary,trades,aam_trans,50,gaussian,0.2,0.9951947213655598,0.9953941232874912,0.9940018064933274,0.9880231082469274,0.9991147354109183,
CICIoMT2024,binary,trades,aam_trans,50,fgsm,0.2,0.9934017069497239,0.9931899633268868,0.9917643321458361,0.983549230497196,0.9984432020039763,
CICIoMT2024,binary,trades,aam_trans,50,pgd,0.2,0.9931865452198235,0.9929608948043891,0.9914964565417883,0.9830146272418273,0.9984010919259142,0.0
CICIoMT2024,binary,trades,aam_trans,50,transfer_mlp,0.2,0.9937603098328911,0.993759634129098,0.9922137870581763,0.9844517125150722,0.9987571474452833,
CICIoMT2024,binary,trades,aam_trans,50,transfer_tf,0.2,0.9938320304095245,0.9937286246281887,0.9923014409189338,0.984623461417915,0.9987267560739603,
CICIoMT2024,binary,trades,aam_trans,50,pgd_constrained,0.1,0.9948361184823926,0.994985500997893,0.9935546947228283,0.9871300002329263,0.9987742103974031,1.0
CICIoMT2024,binary,trades,aam_trans,50,square,0.1,0.9955,0.996334006549942,0.9943284203800021,0.9886954933763702,0.9996823733669435,
CICIoMT2024,binary,trades,aam_trans,50,square_clean_subset,0,0.9955,0.996334006549942,0.9943284203800021,0.9886954933763702,0.9997342566018252,
CICIoMT2024,binary,trades,aam_v4d,50,clean,0,0.995553324248727,0.9959637940897024,0.9944507618591594,0.9889245057839094,0.9991462857752159,
CICIoMT2024,binary,trades,aam_v4d,50,gaussian,0.05,0.995553324248727,0.995883269833396,0.9944498760113244,0.9889203851007915,0.9991339231834909,
CICIoMT2024,binary,trades,aam_v4d,50,fgsm,0.05,0.9952664419421933,0.9956046865555013,0.9940927464952343,0.9882084651272823,0.9989885854645284,
CICIoMT2024,binary,trades,aam_v4d,50,pgd,0.05,0.9952664419421933,0.9956046865555013,0.9940927464952343,0.9882084651272823,0.9989878900687439,0.0
CICIoMT2024,binary,trades,aam_v4d,50,transfer_mlp,0.05,0.9953381625188267,0.9956542013108983,0.9941817860549077,0.9883853568868123,0.999038512306316,
CICIoMT2024,binary,trades,aam_v4d,50,transfer_tf,0.05,0.9954098830954601,0.9957037160662954,0.9942708397536252,0.9885623081272185,0.9990499605813613,
CICIoMT2024,binary,trades,aam_v4d,50,gaussian,0.1,0.995553324248727,0.9960443183460088,0.9944516471393763,0.988928751136673,0.9991542441936383,
CICIoMT2024,binary,trades,aam_v4d,50,fgsm,0.1,0.9950512802122929,0.9952950937766971,0.9938237421198252,0.9876692596008142,0.9987804947148633,
CICIoMT2024,binary,trades,aam_v4d,50,pgd,0.1,0.994907839059026,0.9951155400095965,0.9936447201522839,0.9873112109578153,0.9987774298223316,0.0
CICIoMT2024,binary,trades,aam_v4d,50,transfer_mlp,0.1,0.9950512802122929,0.9952950937766971,0.9938237421198252,0.9876692596008142,0.998945007328699,
CICIoMT2024,binary,trades,aam_v4d,50,transfer_tf,0.1,0.9951947213655598,0.9955551718001041,0.994003721067791,0.9880316328101468,0.9989800604273184,
CICIoMT2024,binary,trades,aam_v4d,50,gaussian,0.2,0.9954816036720935,0.995833755077999,0.9943608080224491,0.9887434055298112,0.9992454955738058,
CICIoMT2024,binary,trades,aam_v4d,50,fgsm,0.2,0.9936885892562576,0.9933074980921688,0.9921186278242915,0.9842515574594805,0.9984165580432696,
CICIoMT2024,binary,trades,aam_v4d,50,pgd,0.2,0.9935451481029908,0.9931279443250682,0.991939505729389,0.9838933101682878,0.9983832434341117,0.0
CICIoMT2024,binary,trades,aam_v4d,50,transfer_mlp,0.2,0.9939037509861579,0.9936976151272794,0.99238913588425,0.9847955743904059,0.9986399990109925,
CICIoMT2024,binary,trades,aam_v4d,50,transfer_tf,0.2,0.9939037509861579,0.9936976151272794,0.99238913588425,0.9847955743904059,0.9987219011811684,
CICIoMT2024,binary,trades,aam_v4d,50,pgd_constrained,0.1,0.9952664419421933,0.9956046865555013,0.9940927464952343,0.9882084651272823,0.9988588426399183,1.0
CICIoMT2024,binary,trades,aam_v4d,50,square,0.1,0.995,0.9954114973248498,0.993694630978278,0.9874176701982086,0.9996962932592289,
CICIoMT2024,binary,trades,aam_v4d,50,square_clean_subset,0,0.9955,0.996334006549942,0.9943284203800021,0.9886954933763702,0.9997532382731236,
TON_IoT,binary,trades,transformer,41,clean,0,0.9740955783832068,0.9716459715073296,0.9734352702826545,0.9472059923727612,0.9975403066602432,
TON_IoT,binary,trades,transformer,41,gaussian,0.05,0.9740955783832068,0.9716459715073296,0.9734352702826545,0.9472059923727612,0.997569873329687,
TON_IoT,binary,trades,transformer,41,fgsm,0.05,0.9735000744379931,0.9710817597646982,0.9728272005716254,0.9459741635841523,0.9967980157278382,
TON_IoT,binary,trades,transformer,41,pgd,0.05,0.9735000744379931,0.9710817597646982,0.9728272005716254,0.9459741635841523,0.9967905901018218,0.0
TON_IoT,binary,trades,transformer,41,transfer_mlp,0.05,0.9735000744379931,0.9710817597646982,0.9728272005716254,0.9459741635841523,0.9973225184825643,
TON_IoT,binary,trades,transformer,41,transfer_tf,0.05,0.9737978264106,0.9713418377881052,0.9731299285617655,0.9465952010192141,0.9972194200042742,
TON_IoT,binary,trades,transformer,41,gaussian,0.1,0.9740955783832068,0.9716459715073296,0.9734352702826545,0.9472059923727612,0.9974531913891718,
TON_IoT,binary,trades,transformer,41,fgsm,0.1,0.9733511984516897,0.9709076650571773,0.972673230872031,0.9456738621584371,0.9956345921882415,
TON_IoT,binary,trades,transformer,41,pgd,0.1,0.9733511984516897,0.9709076650571773,0.972673230872031,0.9456738621584371,0.9954523474033855,0.0
TON_IoT,binary,trades,transformer,41,transfer_mlp,0.1,0.9735000744379931,0.9710817597646982,0.9728272005716254,0.9459741635841523,0.9970310173832094,
TON_IoT,binary,trades,transformer,41,transfer_tf,0.1,0.9737978264106,0.9713418377881052,0.9731299285617655,0.9465952010192141,0.9966477826356264,
TON_IoT,binary,trades,transformer,41,gaussian,0.2,0.9746910823284204,0.9723864060332306,0.9740534269135963,0.9483971480631699,0.9973544848970011,
TON_IoT,binary,trades,transformer,41,fgsm,0.2,0.9723090665475659,0.969909280583618,0.971608676674121,0.9435216188019125,0.9929181261342191,
TON_IoT,binary,trades,transformer,41,pgd,0.2,0.9709691826708352,0.968694873782469,0.970244856943304,0.9407437082084513,0.9916593919680081,0.0
TON_IoT,binary,trades,transformer,41,transfer_mlp,0.2,0.9733511984516897,0.9709076650571773,0.972673230872031,0.9456738621584371,0.995866099662768,
TON_IoT,binary,trades,transformer,41,transfer_tf,0.2,0.9729045704927796,0.9704734923262495,0.9722165758653698,0.9447527083496947,0.9948811628168116,
TON_IoT,binary,trades,transformer,41,pgd_constrained,0.1,0.9735000744379931,0.9710817597646982,0.9728272005716254,0.9459741635841523,0.9969712048712106,1.0
TON_IoT,binary,trades,transformer,41,square,0.1,0.971,0.967530663320179,0.9700945836134818,0.9407850784413482,0.9950961243695859,
TON_IoT,binary,trades,transformer,41,square_clean_subset,0,0.9715,0.9679628154377244,0.9706049122285886,0.9418418835713805,0.9962787755382421,
TON_IoT,binary,trades,ft,41,clean,0,0.9877921691231204,0.9878389073825211,0.9875381484328576,0.9750852354288313,0.9986222747046956,
TON_IoT,binary,trades,ft,41,gaussian,0.05,0.9880899210957272,0.9880989854059281,0.9878410396499406,0.975688649589815,0.9986126304465156,
TON_IoT,binary,trades,ft,41,fgsm,0.05,0.9868989132053,0.9870586733123001,0.9866297759686296,0.9732777674715821,0.9982943699265768,
TON_IoT,binary,trades,ft,41,pgd,0.05,0.9868989132053,0.9870586733123001,0.9866297759686296,0.9732777674715821,0.9982896609930053,0.0
TON_IoT,binary,trades,ft,41,transfer_mlp,0.05,0.9874944171505137,0.9876228850549316,0.9872364117284904,0.9744875898028486,0.9984844478413161,
TON_IoT,binary,trades,ft,41,transfer_tf,0.05,0.9871966651779068,0.9873187513357071,0.986932516769645,0.9738797952466284,0.9985432189545442,
TON_IoT,binary,trades,ft,41,gaussian,0.1,0.9866011612326931,0.9867104838972582,0.986324726851954,0.972664206134188,0.9984228242010207,
TON_IoT,binary,trades,ft,41,fgsm,0.1,0.9864522852463897,0.9865363891897374,0.9861721816047465,0.9723575210549065,0.9979922284484788,
TON_IoT,binary,trades,ft,41,pgd,0.1,0.9864522852463897,0.9865363891897374,0.9861721816047465,0.9723575210549065,0.9979748868950379,0.0
TON_IoT,binary,trades,ft,41,transfer_mlp,0.1,0.9870477891916034,0.9871887123240035,0.9867811401350612,0.9735787237572656,0.9983162393007594,
TON_IoT,binary,trades,ft,41,transfer_tf,0.1,0.9871966651779068,0.9873187513357071,0.986932516769645,0.9738797952466284,0.9984299328795854,
TON_IoT,binary,trades,ft,41,gaussian,0.2,0.9782641059997023,0.9781506840631577,0.9778137488054904,0.9556390531667897,0.9976057789481692,
TON_IoT,binary,trades,ft,41,fgsm,0.2,0.9860056572874796,0.9861022164588096,0.9857169369342631,0.9714486170217477,0.9975905654704768,
TON_IoT,binary,trades,ft,41,pgd,0.2,0.9737978264106,0.9752627947158521,0.9733391836277394,0.9470563517115418,0.9962004339463398,0.0
TON_IoT,binary,trades,ft,41,transfer_mlp,0.2,0.9693315468214977,0.9716700142354684,0.9688478330172419,0.9385152207264735,0.9973539415585121,
TON_IoT,binary,trades,ft,41,transfer_tf,0.2,0.9696292987941045,0.9719300922588754,0.9691479529685212,0.9390918919505595,0.9975848604163422,
TON_IoT,binary,trades,ft,41,pgd_constrained,0.1,0.9868989132053,0.9870586733123001,0.9866297759686296,0.9732777674715821,0.9983355278171195,1.0
TON_IoT,binary,trades,ft,41,square,0.1,0.985,0.9846209210837944,0.9846209210837944,0.9692418421675889,0.9967078518400043,
TON_IoT,binary,trades,ft,41,square_clean_subset,0,0.9855,0.9852140408939961,0.9851359458702404,0.9702724091618012,0.9971723000232736,
TON_IoT,binary,trades,aam_noGate,41,clean,0,0.9871966651779068,0.9872746956398897,0.9869313862826861,0.9738744381089962,0.9984748488613435,
TON_IoT,binary,trades,aam_noGate,41,gaussian,0.05,0.9871966651779068,0.9872746956398897,0.9869313862826861,0.9738744381089962,0.9984484063882119,
TON_IoT,binary,trades,aam_noGate,41,fgsm,0.05,0.9870477891916034,0.9871446566281863,0.9867799977979445,0.9735731617176192,0.9982032701732525,
TON_IoT,binary,trades,aam_noGate,41,pgd,0.05,0.9870477891916034,0.9871446566281863,0.9867799977979445,0.9735731617176192,0.998197791510155,0.0
TON_IoT,binary,trades,aam_noGate,41,transfer_mlp,0.05,0.9870477891916034,0.9871446566281863,0.9867799977979445,0.9735731617176192,0.9983396481339946,
TON_IoT,binary,trades,aam_noGate,41,transfer_tf,0.05,0.9874944171505137,0.9875347736632967,0.987234200833659,0.9744773374224937,0.9984722680035208,
TON_IoT,binary,trades,aam_noGate,41,gaussian,0.1,0.9858567813011762,0.9858400103596539,0.9855618621651145,0.9711314164764768,0.9982308898797773,
TON_IoT,binary,trades,aam_noGate,41,fgsm,0.1,0.9868989132053,0.9870146176164827,0.9866286218107996,0.9732720006904082,0.9978174998460541,
TON_IoT,binary,trades,aam_noGate,41,pgd,0.1,0.9868989132053,0.9870146176164827,0.9866286218107996,0.9732720006904082,0.9977794661518233,0.0
TON_IoT,binary,trades,aam_noGate,41,transfer_mlp,0.1,0.9870477891916034,0.9871446566281863,0.9867799977979445,0.9735731617176192,0.9981706245857046,
TON_IoT,binary,trades,aam_noGate,41,transfer_tf,0.1,0.9874944171505137,0.9875347736632967,0.987234200833659,0.9744773374224937,0.9983890919364946,
TON_IoT,binary,trades,aam_noGate,41,gaussian,0.2,0.9799017418490398,0.9793167790169921,0.9794646182684061,0.9589314565701752,0.9976459407181486,
TON_IoT,binary,trades,aam_noGate,41,fgsm,0.2,0.9837725174929284,0.9831383502794571,0.983415150306281,0.9668379931142819,0.9968367738733876,
TON_IoT,binary,trades,aam_noGate,41,pgd,0.2,0.9763287181777579,0.9750944503406732,0.9757855684796823,0.9516204017022134,0.9952228774481927,0.0
TON_IoT,binary,trades,aam_noGate,41,transfer_mlp,0.2,0.9760309662051511,0.9746581495339967,0.9754742516234371,0.951017326610349,0.9968454672892118,
TON_IoT,binary,trades,aam_noGate,41,transfer_tf,0.2,0.9764775941640613,0.9750482665691071,0.9759279333650639,0.9519357457668163,0.9974660504000783,
TON_IoT,binary,trades,aam_noGate,41,pgd_constrained,0.1,0.9871966651779068,0.9872746956398897,0.9869313862826861,0.9738744381089962,0.9982041304591933,1.0
TON_IoT,binary,trades,aam_noGate,41,square,0.1,0.9855,0.9852140408939961,0.9851359458702404,0.9702724091618012,0.9972676503125542,
TON_IoT,binary,trades,aam_noGate,41,square_clean_subset,0,0.986,0.9856461930115414,0.9856461930115414,0.971292386023083,0.9976203438556991,
TON_IoT,binary,trades,aam_trans,41,clean,0,0.9874944171505137,0.9875788293591141,0.987235307531926,0.9744822842737365,0.9987644482759869,
TON_IoT,binary,trades,aam_trans,41,gaussian,0.05,0.9874944171505137,0.9875788293591141,0.987235307531926,0.9744822842737365,0.9987235620546887,
TON_IoT,binary,trades,aam_trans,41,fgsm,0.05,0.9874944171505137,0.9875788293591141,0.987235307531926,0.9744822842737365,0.9984196547265015,
TON_IoT,binary,trades,aam_trans,41,pgd,0.05,0.9874944171505137,0.9875788293591141,0.987235307531926,0.9744822842737365,0.9984183416584863,0.0
TON_IoT,binary,trades,aam_trans,41,transfer_mlp,0.05,0.9874944171505137,0.9875788293591141,0.987235307531926,0.9744822842737365,0.9985853729656501,
TON_IoT,binary,trades,aam_trans,41,transfer_tf,0.05,0.9874944171505137,0.9875788293591141,0.987235307531926,0.9744822842737365,0.9986995193265501,
TON_IoT,binary,trades,aam_trans,41,gaussian,0.1,0.9852612773559625,0.9852757986170224,0.9849552463697948,0.9699207255793161,0.9984740791318175,
TON_IoT,binary,trades,aam_trans,41,fgsm,0.1,0.9871966651779068,0.9872746956398897,0.9869313862826861,0.9738744381089962,0.9981185093689666,
TON_IoT,binary,trades,aam_trans,41,pgd,0.1,0.9871966651779068,0.9872746956398897,0.9869313862826861,0.9738744381089962,0.9981066012004157,0.0
TON_IoT,binary,trades,aam_trans,41,transfer_mlp,0.1,0.9873455411642102,0.9874487903474106,0.9870839058945434,0.9741809820489756,0.9984663365583492,
TON_IoT,binary,trades,aam_trans,41,transfer_tf,0.1,0.9874944171505137,0.9875788293591141,0.987235307531926,0.9744822842737365,0.9986453665904785,
TON_IoT,binary,trades,aam_trans,41,gaussian,0.2,0.9773708500818818,0.9767977259473106,0.9768817550034463,0.9537642327720356,0.9976472537861637,
TON_IoT,binary,trades,aam_trans,41,fgsm,0.2,0.9871966651779068,0.9873628070315245,0.9869336446966153,0.9738855106521861,0.9974682690322417,
TON_IoT,binary,trades,aam_trans,41,pgd,0.2,0.9748399583147238,0.9764374019726809,0.974404627948146,0.9492297550283829,0.9959936030948561,0.0
TON_IoT,binary,trades,aam_trans,41,transfer_mlp,0.2,0.9700759267530147,0.9723642649898033,0.9696005103429353,0.9399855962207481,0.9974492521851264,
TON_IoT,binary,trades,aam_trans,41,transfer_tf,0.2,0.9702248027393181,0.9724943040015068,0.9697506066541279,0.9402742094650597,0.9975559729200097,
TON_IoT,binary,trades,aam_trans,41,pgd_constrained,0.1,0.9874944171505137,0.9875788293591141,0.987235307531926,0.9744822842737365,0.9984851722926349,1.0
TON_IoT,binary,trades,aam_trans,41,square,0.1,0.9855,0.9852140408939961,0.9851359458702404,0.9702724091618012,0.9973199391808691,
TON_IoT,binary,trades,aam_trans,41,square_clean_subset,0,0.9855,0.9852140408939961,0.9851359458702404,0.9702724091618012,0.9976172680399158,
TON_IoT,binary,trades,aam_v4d,41,clean,0,0.9871966651779068,0.9872306399440723,0.9869302532344604,0.973869439416156,0.9985468864893451,
TON_IoT,binary,trades,aam_v4d,41,gaussian,0.05,0.9873455411642102,0.9874047346515933,0.9870827872871976,0.9741758299740698,0.9984991179805195,
TON_IoT,binary,trades,aam_v4d,41,fgsm,0.05,0.9871966651779068,0.9872306399440723,0.9869302532344604,0.973869439416156,0.9981950295395026,
TON_IoT,binary,trades,aam_v4d,41,pgd,0.05,0.9871966651779068,0.9872306399440723,0.9869302532344604,0.973869439416156,0.9981939428625245,0.0
TON_IoT,binary,trades,aam_v4d,41,transfer_mlp,0.05,0.9871966651779068,0.9872306399440723,0.9869302532344604,0.973869439416156,0.9983767762640771,
TON_IoT,binary,trades,aam_v4d,41,transfer_tf,0.05,0.9871966651779068,0.9872306399440723,0.9869302532344604,0.973869439416156,0.9984368151671128,
TON_IoT,binary,trades,aam_v4d,41,gaussian,0.1,0.9858567813011762,0.9860162331429234,0.9855668573435794,0.971153773540153,0.9983505149037747,
TON_IoT,binary,trades,aam_v4d,41,fgsm,0.1,0.9864522852463897,0.9864482777981027,0.9861697837581623,0.9723472645056666,0.9979565039428263,
TON_IoT,binary,trades,aam_v4d,41,pgd,0.1,0.9864522852463897,0.9864482777981027,0.9861697837581623,0.9723472645056666,0.9979422865856972,0.0
TON_IoT,binary,trades,aam_v4d,41,transfer_mlp,0.1,0.9871966651779068,0.9872306399440723,0.9869302532344604,0.973869439416156,0.9981977462319476,
TON_IoT,binary,trades,aam_v4d,41,transfer_tf,0.1,0.9870477891916034,0.9871006009323688,0.9867788528704258,0.9735679579176764,0.998294822708651,
TON_IoT,binary,trades,aam_v4d,41,gaussian,0.2,0.9824326336161977,0.9823645004364819,0.9820670916472829,0.9641430713147536,0.9977759344516447,
TON_IoT,binary,trades,aam_v4d,41,fgsm,0.2,0.9861545332737829,0.9859679212956087,0.9858608885956008,0.9717229162204135,0.9973146853526811,
TON_IoT,binary,trades,aam_v4d,41,pgd,0.2,0.9717135626023522,0.9731338586812812,0.9712184368708551,0.9428140200660922,0.9958293790365523,0.0
TON_IoT,binary,trades,aam_v4d,41,transfer_mlp,0.2,0.9685871668899807,0.9707114293062291,0.9680808275719859,0.9368761934511561,0.9965056090643348,
TON_IoT,binary,trades,aam_v4d,41,transfer_tf,0.2,0.9694804228078011,0.9716678861597198,0.9689908422451479,0.9387195077849274,0.9973016905071521,
TON_IoT,binary,trades,aam_v4d,41,pgd_constrained,0.1,0.9868989132053,0.986926506224848,0.9866263056352618,0.9732615414098184,0.9982320218349627,1.0
TON_IoT,binary,trades,aam_v4d,41,square,0.1,0.9835,0.9830025293458458,0.9830802853279157,0.9661610873003617,0.9973209644527969,
TON_IoT,binary,trades,aam_v4d,41,square_clean_subset,0,0.9855,0.9852140408939961,0.9851359458702404,0.9702724091618012,0.9978243729693207,
TON_IoT,binary,trades,transformer,42,clean,0,0.9733511984516897,0.9706433308822731,0.972657361739218,0.9457415961327377,0.9961796059709278,
TON_IoT,binary,trades,transformer,42,gaussian,0.05,0.9733511984516897,0.9706433308822731,0.972657361739218,0.9457415961327377,0.9961916499741006,
TON_IoT,binary,trades,transformer,42,fgsm,0.05,0.9732023224653863,0.9704692361747521,0.9725032707885425,0.9454422342093556,0.9939855145958828,
TON_IoT,binary,trades,transformer,42,pgd,0.05,0.9732023224653863,0.9704692361747521,0.9725032707885425,0.9454422342093556,0.993967312756501,0.0
TON_IoT,binary,trades,transformer,42,transfer_mlp,0.05,0.9732023224653863,0.9704692361747521,0.9725032707885425,0.9454422342093556,0.9955467977440585,
TON_IoT,binary,trades,transformer,42,transfer_tf,0.05,0.9733511984516897,0.9706433308822731,0.972657361739218,0.9457415961327377,0.9953688996671147,
TON_IoT,binary,trades,transformer,42,gaussian,0.1,0.9735000744379931,0.9707733698939764,0.9728087900020032,0.9460534130939514,0.9960073223917036,
TON_IoT,binary,trades,transformer,42,fgsm,0.1,0.9726068185201727,0.9698609687363033,0.9718922323616213,0.944219876440164,0.9920560290649868,
TON_IoT,binary,trades,transformer,42,pgd,0.1,0.9726068185201727,0.9698609687363033,0.9718922323616213,0.944219876440164,0.9918583444114016,0.0
TON_IoT,binary,trades,transformer,42,transfer_mlp,0.1,0.9729045704927796,0.9701210467597103,0.972195040071181,0.9448436817382634,0.9944932191356571,
TON_IoT,binary,trades,transformer,42,transfer_tf,0.1,0.9729045704927796,0.9701651024555278,0.9721977515750819,0.9448310553247599,0.9946032904578894,
TON_IoT,binary,trades,transformer,42,gaussian,0.2,0.9733511984516897,0.9706433308822731,0.972657361739218,0.9457415961327377,0.9954727225967234,
TON_IoT,binary,trades,transformer,42,fgsm,0.2,0.9715646866160488,0.9688185285669266,0.9708243357105621,0.9420747186034051,0.9875862097069233,
TON_IoT,binary,trades,transformer,42,pgd,0.2,0.9711180586571386,0.968428411531816,0.9703703990031742,0.9411405867995686,0.9858733803985207,0.0
TON_IoT,binary,trades,transformer,42,transfer_mlp,0.2,0.9726068185201727,0.9698169130404859,0.9718894910609742,0.9442324374108857,0.9928406098431201,
TON_IoT,binary,trades,transformer,42,transfer_tf,0.2,0.9717135626023522,0.9689926232744475,0.970978499580492,0.942374333145371,0.9927934299509907,
TON_IoT,binary,trades,transformer,42,pgd_constrained,0.1,0.9730534464790829,0.9703391971630486,0.9723518574011087,0.9451304498778489,0.9944723911602451,1.0
TON_IoT,binary,trades,transformer,42,square,0.1,0.9695,0.9663141053218121,0.9685978071488379,0.9376886397210263,0.9932437692310844,
TON_IoT,binary,trades,transformer,42,square_clean_subset,0,0.9715,0.9685204305304604,0.9706671751022982,0.9417664497124317,0.9955904224590385,
TON_IoT,binary,trades,ft,42,clean,0,0.9858567813011762,0.9857518989680192,0.9855593475929518,0.9711223832119033,0.997567383028279,
TON_IoT,binary,trades,ft,42,gaussian,0.05,0.9858567813011762,0.9857518989680192,0.9855593475929518,0.9711223832119033,0.9975418461192954,
TON_IoT,binary,trades,ft,42,fgsm,0.05,0.9858567813011762,0.9857518989680192,0.9855593475929518,0.9711223832119033,0.996821515117488,
TON_IoT,binary,trades,ft,42,pgd,0.05,0.9858567813011762,0.9857518989680192,0.9855593475929518,0.9711223832119033,0.996814044213264,0.0
TON_IoT,binary,trades,ft,42,transfer_mlp,0.05,0.9858567813011762,0.9857518989680192,0.9855593475929518,0.9711223832119033,0.9974149313039037,
TON_IoT,binary,trades,ft,42,transfer_tf,0.05,0.9858567813011762,0.9857518989680192,0.9855593475929518,0.9711223832119033,0.9974698990477088,
TON_IoT,binary,trades,ft,42,gaussian,0.1,0.9839213934792318,0.983664890553517,0.9835796668508261,0.9671600610210849,0.9973881718833199,
TON_IoT,binary,trades,ft,42,fgsm,0.1,0.9858567813011762,0.9857518989680192,0.9855593475929518,0.9711223832119033,0.9962988687692659,
TON_IoT,binary,trades,ft,42,pgd,0.1,0.9858567813011762,0.9857518989680192,0.9855593475929518,0.9711223832119033,0.9962654534521916,0.0
TON_IoT,binary,trades,ft,42,transfer_mlp,0.1,0.9858567813011762,0.9857518989680192,0.9855593475929518,0.9711223832119033,0.997251160027674,
TON_IoT,binary,trades,ft,42,transfer_tf,0.1,0.9858567813011762,0.9857518989680192,0.9855593475929518,0.9711223832119033,0.997317175654089,
TON_IoT,binary,trades,ft,42,gaussian,0.2,0.9714158106297455,0.9707591072586399,0.9708005875093938,0.9416013545295604,0.9960550003441143,
TON_IoT,binary,trades,ft,42,fgsm,0.2,0.9870477891916034,0.9865278768867429,0.9867637324924876,0.973532990812718,0.9954681494977741,
TON_IoT,binary,trades,ft,42,pgd,0.2,0.9606967396159,0.9597221819749268,0.9598437016526944,0.9196890008270038,0.9918381050526858,0.0
TON_IoT,binary,trades,ft,42,transfer_mlp,0.2,0.9660562751228227,0.9655490344875051,0.9653439455161628,0.9306923484268257,0.995129694897327,
TON_IoT,binary,trades,ft,42,transfer_tf,0.2,0.9740955783832068,0.9725711411194946,0.9734878118492507,0.9470630833410008,0.9960611129021156,
TON_IoT,binary,trades,ft,42,pgd_constrained,0.1,0.9858567813011762,0.9857518989680192,0.9855593475929518,0.9711223832119033,0.9970371299412109,1.0
TON_IoT,binary,trades,ft,42,square,0.1,0.9835,0.9836512736048117,0.9831176096376962,0.9662604255354307,0.9967232895346027,
TON_IoT,binary,trades,ft,42,square_clean_subset,0,0.9835,0.9836512736048117,0.9831176096376962,0.9662604255354307,0.9974443911812546,
TON_IoT,binary,trades,aam_noGate,42,clean,0,0.9861545332737829,0.9860119769914262,0.9858621263497219,0.9717264848127404,0.9977943626820637,
TON_IoT,binary,trades,aam_noGate,42,gaussian,0.05,0.9860056572874796,0.9858378822839052,0.9857094810221125,0.971420601846895,0.9977877520637807,
TON_IoT,binary,trades,aam_noGate,42,fgsm,0.05,0.9861545332737829,0.9860119769914262,0.9858621263497219,0.9717264848127404,0.9973195301208747,
TON_IoT,binary,trades,aam_noGate,42,pgd,0.05,0.9861545332737829,0.9860119769914262,0.9858621263497219,0.9717264848127404,0.9973187151131412,0.0
TON_IoT,binary,trades,aam_noGate,42,transfer_mlp,0.05,0.9861545332737829,0.9860119769914262,0.9858621263497219,0.9717264848127404,0.9975627193729149,
TON_IoT,binary,trades,aam_noGate,42,transfer_tf,0.05,0.9861545332737829,0.9860119769914262,0.9858621263497219,0.9717264848127404,0.9975886637857653,
TON_IoT,binary,trades,aam_noGate,42,gaussian,0.1,0.9846657734107489,0.9845353640911215,0.984343292653411,0.9686902686871364,0.9976765487863629,
TON_IoT,binary,trades,aam_noGate,42,fgsm,0.1,0.9858567813011762,0.9856637875763843,0.9855568216836783,0.9711147820378573,0.9969729254430926,
TON_IoT,binary,trades,aam_noGate,42,pgd,0.1,0.9858567813011762,0.9856637875763843,0.9855568216836783,0.9711147820378573,0.9969547236037106,0.0
TON_IoT,binary,trades,aam_noGate,42,transfer_mlp,0.1,0.9860056572874796,0.9858378822839052,0.9857094810221125,0.971420601846895,0.9973645819372553,
TON_IoT,binary,trades,aam_noGate,42,transfer_tf,0.1,0.9860056572874796,0.9858378822839052,0.9857094810221125,0.971420601846895,0.9974545044571868,
TON_IoT,binary,trades,aam_noGate,42,gaussian,0.2,0.9766264701503647,0.9764559207595147,0.9761411482834119,0.9522924359439081,0.9965856609350493,
TON_IoT,binary,trades,aam_noGate,42,fgsm,0.2,0.9860056572874796,0.9858819379797226,0.9857107306823132,0.9714243760688993,0.9961221479257147,
TON_IoT,binary,trades,aam_noGate,42,pgd,0.2,0.9685871668899807,0.9691254242568035,0.9679892644589152,0.9361132437223917,0.9945104248544758,0.0
TON_IoT,binary,trades,aam_noGate,42,transfer_mlp,0.2,0.9684382909036773,0.9704932789028909,0.9679258787158351,0.9365329673951115,0.9957052714700204,
TON_IoT,binary,trades,aam_noGate,42,transfer_tf,0.2,0.9730534464790829,0.9745244882656998,0.9725828629187797,0.945551638023369,0.9960543664492105,
TON_IoT,binary,trades,aam_noGate,42,pgd_constrained,0.1,0.9861545332737829,0.9860119769914262,0.9858621263497219,0.9717264848127404,0.9974032042481825,1.0
TON_IoT,binary,trades,aam_noGate,42,square,0.1,0.9825,0.982469240507885,0.9820888999539685,0.9641906542655393,0.9971657837268664,
TON_IoT,binary,trades,aam_noGate,42,square_clean_subset,0,0.9835,0.9836512736048117,0.9831176096376962,0.9662604255354307,0.9978008448361337,
TON_IoT,binary,trades,aam_trans,42,clean,0,0.9860056572874796,0.98592599367554,0.9857119775373653,0.971428508520868,0.9971080356140268,
TON_IoT,binary,trades,aam_trans,42,gaussian,0.05,0.9860056572874796,0.98592599367554,0.9857119775373653,0.971428508520868,0.9971188118273923,
TON_IoT,binary,trades,aam_trans,42,fgsm,0.05,0.9860056572874796,0.98592599367554,0.9857119775373653,0.971428508520868,0.9966482354177005,
TON_IoT,binary,trades,aam_trans,42,pgd,0.05,0.9860056572874796,0.98592599367554,0.9857119775373653,0.971428508520868,0.996644703717522,0.0
TON_IoT,binary,trades,aam_trans,42,transfer_mlp,0.05,0.9860056572874796,0.98592599367554,0.9857119775373653,0.971428508520868,0.996957802521815,
TON_IoT,binary,trades,aam_trans,42,transfer_tf,0.05,0.9860056572874796,0.98592599367554,0.9857119775373653,0.971428508520868,0.996928416965201,
TON_IoT,binary,trades,aam_trans,42,gaussian,0.1,0.9848146493970522,0.9847094587986425,0.9844959756256517,0.9689964989630148,0.997137330614226,
TON_IoT,binary,trades,aam_trans,42,fgsm,0.1,0.9855590293285693,0.9854037095529773,0.9852540457626132,0.9705103222328615,0.9962899942406119,
TON_IoT,binary,trades,aam_trans,42,pgd,0.1,0.9855590293285693,0.9854037095529773,0.9852540457626132,0.9705103222328615,0.9962706151678372,0.0
TON_IoT,binary,trades,aam_trans,42,transfer_mlp,0.1,0.9855590293285693,0.9854037095529773,0.9852540457626132,0.9705103222328615,0.9968465086879825,
TON_IoT,binary,trades,aam_trans,42,transfer_tf,0.1,0.9860056572874796,0.98592599367554,0.9857119775373653,0.971428508520868,0.996750518888257,
TON_IoT,binary,trades,aam_trans,42,gaussian,0.2,0.9776686020544886,0.977674583712161,0.9772118082526842,0.9544454389430808,0.9963550137464636,
TON_IoT,binary,trades,aam_trans,42,fgsm,0.2,0.9839213934792318,0.9837970576409691,0.9835839741918666,0.9671724917946247,0.994936809733728,
TON_IoT,binary,trades,aam_trans,42,pgd,0.2,0.9623343754652375,0.9625623933698215,0.9616046664333366,0.9233071086610478,0.9936653071130253,0.0
TON_IoT,binary,trades,aam_trans,42,transfer_mlp,0.2,0.9587613517939556,0.959177122914033,0.9579833819049803,0.9161201046570239,0.9948289117654515,
TON_IoT,binary,trades,aam_trans,42,transfer_tf,0.2,0.9803483698079499,0.980103397314459,0.9799342175538865,0.9598713323733817,0.9957058148085095,
TON_IoT,binary,trades,aam_trans,42,pgd_constrained,0.1,0.9858567813011762,0.9857518989680192,0.9855593475929518,0.9711223832119033,0.9966588305182362,1.0
TON_IoT,binary,trades,aam_trans,42,square,0.1,0.982,0.9820359649446269,0.9815800057101982,0.963178506261101,0.9965471112913865,
TON_IoT,binary,trades,aam_trans,42,square_clean_subset,0,0.9825,0.9826269814930901,0.9820944344642233,0.9642140483505474,0.9971586136820844,
TON_IoT,binary,trades,aam_v4d,42,clean,0,0.9857079053148727,0.9854896928688635,0.9854041483118454,0.9708090253208133,0.9977108696675855,
TON_IoT,binary,trades,aam_v4d,42,gaussian,0.05,0.9857079053148727,0.9854896928688635,0.9854041483118454,0.9708090253208133,0.9977110055022077,
TON_IoT,binary,trades,aam_v4d,42,fgsm,0.05,0.9857079053148727,0.9854896928688635,0.9854041483118454,0.9708090253208133,0.9973047694252565,
TON_IoT,binary,trades,aam_v4d,42,pgd,0.05,0.9857079053148727,0.9854896928688635,0.9854041483118454,0.9708090253208133,0.9973038185829007,0.0
TON_IoT,binary,trades,aam_v4d,42,transfer_mlp,0.05,0.9857079053148727,0.9854896928688635,0.9854041483118454,0.9708090253208133,0.9975697374950646,
TON_IoT,binary,trades,aam_v4d,42,transfer_tf,0.05,0.9857079053148727,0.9854896928688635,0.9854041483118454,0.9708090253208133,0.9975561540328394,
TON_IoT,binary,trades,aam_v4d,42,gaussian,0.1,0.9839213934792318,0.9836208348576996,0.983578224620267,0.9671566311017485,0.9975336960419601,
TON_IoT,binary,trades,aam_v4d,42,fgsm,0.1,0.9857079053148727,0.9854896928688635,0.9854041483118454,0.9708090253208133,0.9969409590286558,
TON_IoT,binary,trades,aam_v4d,42,pgd,0.1,0.9857079053148727,0.9854896928688635,0.9854041483118454,0.9708090253208133,0.9969146976683534,0.0
TON_IoT,binary,trades,aam_v4d,42,transfer_mlp,0.1,0.9857079053148727,0.9854896928688635,0.9854041483118454,0.9708090253208133,0.9974143426872072,
TON_IoT,binary,trades,aam_v4d,42,transfer_tf,0.1,0.9857079053148727,0.9854896928688635,0.9854041483118454,0.9708090253208133,0.9973664383437594,
TON_IoT,binary,trades,aam_v4d,42,gaussian,0.2,0.9742444543695102,0.9735382383517284,0.9736842885958095,0.9473707838385519,0.99636665024577,
TON_IoT,binary,trades,aam_v4d,42,fgsm,0.2,0.9858567813011762,0.9856637875763843,0.9855568216836783,0.9711147820378573,0.9960893212253369,
TON_IoT,binary,trades,aam_v4d,42,pgd,0.2,0.9726068185201727,0.973870037055685,0.9721184247309722,0.9445517411991513,0.9941413621858146,0.0
TON_IoT,binary,trades,aam_v4d,42,transfer_mlp,0.2,0.9682894149173739,0.9702751284995527,0.9677708812936331,0.9361904394298214,0.9954011830290033,
TON_IoT,binary,trades,aam_v4d,42,transfer_tf,0.2,0.9724579425338693,0.9739162208272509,0.9719769593368743,0.9443395861967422,0.9960873289842105,
TON_IoT,binary,trades,aam_v4d,42,pgd_constrained,0.1,0.9857079053148727,0.9854896928688635,0.9854041483118454,0.9708090253208133,0.997354258505964,1.0
TON_IoT,binary,trades,aam_v4d,42,square,0.1,0.9825,0.982469240507885,0.9820888999539685,0.9641906542655393,0.9972548971405861,
TON_IoT,binary,trades,aam_v4d,42,square_clean_subset,0,0.9825,0.982469240507885,0.9820888999539685,0.9641906542655393,0.9978213306783681,
TON_IoT,binary,trades,transformer,43,clean,0,0.9740955783832068,0.9716019158115123,0.9734327099646012,0.9472167244426211,0.9967765538575223,
TON_IoT,binary,trades,transformer,43,gaussian,0.05,0.9740955783832068,0.9716019158115123,0.9734327099646012,0.9472167244426211,0.9966889858043764,
TON_IoT,binary,trades,transformer,43,fgsm,0.05,0.9740955783832068,0.9716019158115123,0.9734327099646012,0.9472167244426211,0.9950600570143188,
TON_IoT,binary,trades,transformer,43,pgd,0.05,0.9740955783832068,0.9716019158115123,0.9734327099646012,0.9472167244426211,0.9950294036678969,0.0
TON_IoT,binary,trades,transformer,43,transfer_mlp,0.05,0.9742444543695102,0.9717319548232157,0.9735841207522259,0.9475276687018518,0.9962235258321229,
TON_IoT,binary,trades,transformer,43,transfer_tf,0.05,0.9740955783832068,0.9716019158115123,0.9734327099646012,0.9472167244426211,0.9959845927315799,
TON_IoT,binary,trades,transformer,43,gaussian,0.1,0.9743933303558137,0.9718619938349193,0.9737355449607759,0.947838734820727,0.9968251826522888,
TON_IoT,binary,trades,transformer,43,fgsm,0.1,0.9737978264106,0.9712977820922879,0.973127338814769,0.9466058691096426,0.9932584824193776,
TON_IoT,binary,trades,transformer,43,pgd,0.1,0.9736489504242966,0.971123687384767,0.9729733489777108,0.9463058938739908,0.9931327901155862,0.0
TON_IoT,binary,trades,transformer,43,transfer_mlp,0.1,0.9742444543695102,0.9717319548232157,0.9735841207522259,0.9475276687018518,0.9954065258574787,
TON_IoT,binary,trades,transformer,43,transfer_tf,0.1,0.9739467023969034,0.9714278211039914,0.9732787348649683,0.9469167812879212,0.9949954902905411,
TON_IoT,binary,trades,transformer,43,gaussian,0.2,0.9743933303558137,0.9719060495307367,0.9737380811144334,0.9478275797755994,0.9963199231357152,
TON_IoT,binary,trades,transformer,43,fgsm,0.2,0.9724579425338693,0.9699512082036867,0.9717545304367554,0.943851785357731,0.9891136247559505,
TON_IoT,binary,trades,transformer,43,pgd,0.2,0.9721601905612625,0.9696470744844623,0.9714491740090446,0.9432409620448712,0.9879086811001517,0.0
TON_IoT,binary,trades,transformer,43,transfer_mlp,0.2,0.9737978264106,0.9712096707006531,0.9731221431568631,0.9466282810559411,0.9940491757555121,
TON_IoT,binary,trades,transformer,43,transfer_tf,0.2,0.9735000744379931,0.970949592677246,0.9728193430408029,0.9460059761534958,0.9930408753545285,
TON_IoT,binary,trades,transformer,43,pgd_constrained,0.1,0.9740955783832068,0.9716019158115123,0.9734327099646012,0.9472167244426211,0.9956297926982551,1.0
TON_IoT,binary,trades,transformer,43,square,0.1,0.97,0.9666391805020533,0.9690633623587742,0.9386539924320231,0.9939427877534778,
TON_IoT,binary,trades,transformer,43,square_clean_subset,0,0.9705,0.9672330047300818,0.9695844226878555,0.939663764607726,0.9962268059845995,
TON_IoT,binary,trades,ft,43,clean,0,0.9868989132053,0.9863537821792221,0.9866109943620376,0.9732285644619929,0.9973111536525024,
TON_IoT,binary,trades,ft,43,gaussian,0.05,0.9868989132053,0.9863537821792221,0.9866109943620376,0.9732285644619929,0.9973652158321592,
TON_IoT,binary,trades,ft,43,fgsm,0.05,0.9861545332737829,0.985659531424887,0.9858521464704086,0.9717079878998913,0.9967396973966842,
TON_IoT,binary,trades,ft,43,pgd,0.05,0.9861545332737829,0.985659531424887,0.9858521464704086,0.9717079878998913,0.9967304153641635,0.0
TON_IoT,binary,trades,ft,43,transfer_mlp,0.05,0.9870477891916034,0.9864838211909255,0.986762551161894,0.9735328215835918,0.99725333338163,
TON_IoT,binary,trades,ft,43,transfer_tf,0.05,0.9868989132053,0.9863537821792221,0.9866109943620376,0.9732285644619929,0.9973662572309298,
TON_IoT,binary,trades,ft,43,gaussian,0.1,0.9855590293285693,0.9850953196822556,0.985244947941003,0.9704921293017985,0.9973294007700918,
TON_IoT,binary,trades,ft,43,fgsm,0.1,0.9860056572874796,0.9854854367173662,0.9856993825846285,0.971403326530131,0.9964030539245339,
TON_IoT,binary,trades,ft,43,pgd,0.1,0.9860056572874796,0.9854854367173662,0.9856993825846285,0.971403326530131,0.9963643410571918,0.0
TON_IoT,binary,trades,ft,43,transfer_mlp,0.1,0.9870477891916034,0.9864838211909255,0.986762551161894,0.9735328215835918,0.9971649503207508,
TON_IoT,binary,trades,ft,43,transfer_tf,0.1,0.9868989132053,0.9863537821792221,0.9866109943620376,0.9732285644619929,0.9973917488617058,
TON_IoT,binary,trades,ft,43,gaussian,0.2,0.9813905017120739,0.9808815033089314,0.9809874437308155,0.9619760217310894,0.996983067761554,
TON_IoT,binary,trades,ft,43,fgsm,0.2,0.9825815096025011,0.9820980381858291,0.9822042473320434,0.9644096303708946,0.9958560479007211,
TON_IoT,binary,trades,ft,43,pgd,0.2,0.9727556945064761,0.9734714077175799,0.9722417288397524,0.9446391249582039,0.9940879339010618,0.0
TON_IoT,binary,trades,ft,43,transfer_mlp,0.2,0.9694804228078011,0.9710951621140939,0.9689596913193648,0.9383906096483611,0.9951439575326636,
TON_IoT,binary,trades,ft,43,transfer_tf,0.2,0.9733511984516897,0.9744761764183851,0.9728684284535491,0.9460018015043536,0.996081306982624,
TON_IoT,binary,trades,ft,43,pgd_constrained,0.1,0.9861545332737829,0.985659531424887,0.9858521464704086,0.9717079878998913,0.9968448786725154,1.0
TON_IoT,binary,trades,ft,43,square,0.1,0.9815,0.9807832736432296,0.9810170695024087,0.962038784792647,0.9971431824055728,
TON_IoT,binary,trades,ft,43,square_clean_subset,0,0.9835,0.9826724346588229,0.9830637171189125,0.9661403753086338,0.9976477791589233,
TON_IoT,binary,trades,aam_noGate,43,clean,0,0.9870477891916034,0.9865719325825604,0.9867649112142531,0.9735335208828001,0.9985347972079647,
TON_IoT,binary,trades,aam_noGate,43,gaussian,0.05,0.9870477891916034,0.9865278768867429,0.9867637324924876,0.973532990812718,0.9984901528954507,
TON_IoT,binary,trades,aam_noGate,43,fgsm,0.05,0.9860056572874796,0.9853973253257313,0.9856968298239033,0.9714026030816133,0.9981316400491179,
TON_IoT,binary,trades,aam_noGate,43,pgd,0.05,0.9860056572874796,0.9853973253257313,0.9856968298239033,0.9714026030816133,0.998127112228376,0.0
TON_IoT,binary,trades,aam_noGate,43,transfer_mlp,0.05,0.9868989132053,0.9863978378750394,0.986612187951567,0.9732289415798563,0.9982902043314944,
TON_IoT,binary,trades,aam_noGate,43,transfer_tf,0.05,0.9868989132053,0.9863978378750394,0.986612187951567,0.9732289415798563,0.9983664981109931,
TON_IoT,binary,trades,aam_noGate,43,gaussian,0.1,0.9855590293285693,0.9850953196822556,0.985244947941003,0.9704921293017985,0.9984140402287819,
TON_IoT,binary,trades,aam_noGate,43,fgsm,0.1,0.9858567813011762,0.9852232306182105,0.9855440216782474,0.9710983093461771,0.9978050030608068,
TON_IoT,binary,trades,aam_noGate,43,pgd,0.1,0.9858567813011762,0.9852232306182105,0.9855440216782474,0.9710983093461771,0.9977815036711571,0.0
TON_IoT,binary,trades,aam_noGate,43,transfer_mlp,0.1,0.9867500372189966,0.9862677988633359,0.9864606562996383,0.9729250098884972,0.9980973191678952,
TON_IoT,binary,trades,aam_noGate,43,transfer_tf,0.1,0.9868989132053,0.9863978378750394,0.986612187951567,0.9732289415798563,0.9982238264794202,
TON_IoT,binary,trades,aam_noGate,43,gaussian,0.2,0.9813905017120739,0.9810577260922009,0.980994150623753,0.9619887093018951,0.9979875647931148,
TON_IoT,binary,trades,aam_noGate,43,fgsm,0.2,0.983623641506625,0.983184534051023,0.9832696911209151,0.9665401098356202,0.9961902010714636,
TON_IoT,binary,trades,aam_noGate,43,pgd,0.2,0.9737978264106,0.974557903582774,0.9733046220214197,0.9467703995870528,0.9949762470523887,0.0
TON_IoT,binary,trades,aam_noGate,43,transfer_mlp,0.2,0.9693315468214977,0.9710091787982078,0.9688119387644705,0.9381227689879533,0.9958777814402816,
TON_IoT,binary,trades,aam_noGate,43,transfer_tf,0.2,0.9739467023969034,0.9750403881610166,0.9734725727536653,0.9471967028230474,0.9970287534728385,
TON_IoT,binary,trades,aam_noGate,43,pgd_constrained,0.1,0.9858567813011762,0.9852232306182105,0.9855440216782474,0.9710983093461771,0.9980455208986093,1.0
TON_IoT,binary,trades,aam_noGate,43,square,0.1,0.984,0.9832662588868514,0.9835796387520526,0.967167561526051,0.9979067439561206,
TON_IoT,binary,trades,aam_noGate,43,square_clean_subset,0,0.985,0.9842918620440682,0.9846059113300492,0.9692201155507072,0.9984010846778991,
TON_IoT,binary,trades,aam_trans,43,clean,0,0.9864522852463897,0.9860517765357463,0.9861588590360337,0.9723188584502611,0.9980485998167138,
TON_IoT,binary,trades,aam_trans,43,gaussian,0.05,0.9866011612326931,0.9862258712432672,0.9863115654625669,0.9726238608182795,0.9980583799095162,
TON_IoT,binary,trades,aam_trans,43,fgsm,0.05,0.9861545332737829,0.9857035871207045,0.9858534036960132,0.9717090422209168,0.9977564195442475,
TON_IoT,binary,trades,aam_trans,43,pgd,0.05,0.9861545332737829,0.9857035871207045,0.9858534036960132,0.9717090422209168,0.9977549253634028,0.0
TON_IoT,binary,trades,aam_trans,43,transfer_mlp,0.05,0.9861545332737829,0.9857035871207045,0.9858534036960132,0.9717090422209168,0.9979124029688015,
TON_IoT,binary,trades,aam_trans,43,transfer_tf,0.05,0.9863034092600863,0.9858776818282253,0.9860061384547267,0.9720139189392278,0.9979204172115144,
TON_IoT,binary,trades,aam_trans,43,gaussian,0.1,0.985112401369659,0.9847492583429625,0.9847919726611426,0.9695841274763912,0.9978798932158758,
TON_IoT,binary,trades,aam_trans,43,fgsm,0.1,0.9858567813011762,0.9854435090972975,0.9855504572354197,0.9711020541303585,0.9974698537695015,
TON_IoT,binary,trades,aam_trans,43,pgd,0.1,0.9858567813011762,0.9854435090972975,0.9855504572354197,0.9711020541303585,0.9974484824556001,0.0
TON_IoT,binary,trades,aam_trans,43,transfer_mlp,0.1,0.9860056572874796,0.9855735481090009,0.9857019240733078,0.9714054896588532,0.9977401646677847,
TON_IoT,binary,trades,aam_trans,43,transfer_tf,0.1,0.9861545332737829,0.9857035871207045,0.9858534036960132,0.9717090422209168,0.9977942721256488,
TON_IoT,binary,trades,aam_trans,43,gaussian,0.2,0.981092749739467,0.9810179265478808,0.9807001645349893,0.9614105167898088,0.99777303664637,
TON_IoT,binary,trades,aam_trans,43,fgsm,0.2,0.9858567813011762,0.9854875647931148,0.9855517358079822,0.9711038818216937,0.9965336815529339,
TON_IoT,binary,trades,aam_trans,43,pgd,0.2,0.9742444543695102,0.9752123547927889,0.9737693431007557,0.9477517686559985,0.9952422565209674,0.0
TON_IoT,binary,trades,aam_trans,43,transfer_mlp,0.2,0.9685871668899807,0.9703589837396902,0.9680611704168414,0.9366687807236732,0.9958208667335576,
TON_IoT,binary,trades,aam_trans,43,transfer_tf,0.2,0.9730534464790829,0.9742601540907956,0.9725697093514175,0.9454324244254263,0.9965118574569587,
TON_IoT,binary,trades,aam_trans,43,pgd_constrained,0.1,0.9861545332737829,0.9857035871207045,0.9858534036960132,0.9717090422209168,0.9977805528288013,1.0
TON_IoT,binary,trades,aam_trans,43,square,0.1,0.982,0.9815391431700984,0.9815391431700984,0.9630782863401967,0.9981046853654635,
TON_IoT,binary,trades,aam_trans,43,square_clean_subset,0,0.983,0.982564746327315,0.982564746327315,0.9651294926546302,0.9983785214084403,
TON_IoT,binary,trades,aam_v4d,43,clean,0,0.9864522852463897,0.985919609448294,0.9861551684691536,0.9723158592839837,0.9982111485813432,
TON_IoT,binary,trades,aam_v4d,43,gaussian,0.05,0.9864522852463897,0.985919609448294,0.9861551684691536,0.9723158592839837,0.9981977009537402,
TON_IoT,binary,trades,aam_v4d,43,fgsm,0.05,0.9857079053148727,0.9850491359106897,0.985391199196157,0.9707940780035956,0.9978166395601131,
TON_IoT,binary,trades,aam_v4d,43,pgd,0.05,0.9857079053148727,0.9850491359106897,0.985391199196157,0.9707940780035956,0.9978155528831352,0.0
TON_IoT,binary,trades,aam_v4d,43,transfer_mlp,0.05,0.9864522852463897,0.985919609448294,0.9861551684691536,0.9723158592839837,0.9980188973126479,
TON_IoT,binary,trades,aam_v4d,43,transfer_tf,0.05,0.9864522852463897,0.985919609448294,0.9861551684691536,0.9723158592839837,0.9980893502033897,
TON_IoT,binary,trades,aam_v4d,43,gaussian,0.1,0.9854101533422659,0.9849212249747348,0.9850921719601136,0.9701872608360459,0.9980549387657524,
TON_IoT,binary,trades,aam_v4d,43,fgsm,0.1,0.9857079053148727,0.9850491359106897,0.985391199196157,0.9707940780035956,0.9974333595343227,
TON_IoT,binary,trades,aam_v4d,43,pgd,0.1,0.9857079053148727,0.9850491359106897,0.985391199196157,0.9707940780035956,0.9974156557552225,0.0
TON_IoT,binary,trades,aam_v4d,43,transfer_mlp,0.1,0.9864522852463897,0.985919609448294,0.9861551684691536,0.9723158592839837,0.9977522992273726,
TON_IoT,binary,trades,aam_v4d,43,transfer_tf,0.1,0.9864522852463897,0.985919609448294,0.9861551684691536,0.9723158592839837,0.9978769048541861,
TON_IoT,binary,trades,aam_v4d,43,gaussian,0.2,0.9813905017120739,0.9809696147005662,0.9809908046547958,0.9619816546646153,0.9977348671175168,
TON_IoT,binary,trades,aam_v4d,43,fgsm,0.2,0.9845168974244455,0.9837885453379747,0.9841723791603445,0.9683595242953938,0.9965967540958666,
TON_IoT,binary,trades,aam_v4d,43,pgd,0.2,0.9672472830132499,0.967382349105846,0.9666001143118965,0.9332645288890451,0.9951395655465443,0.0
TON_IoT,binary,trades,aam_v4d,43,transfer_mlp,0.2,0.9699270507667114,0.971441223453387,0.9694079228608359,0.9392427889659679,0.996215737980447,
TON_IoT,binary,trades,aam_v4d,43,transfer_tf,0.2,0.9763287181777579,0.9769888452608206,0.975876163206694,0.9518784808813822,0.9967365279221649,
TON_IoT,binary,trades,aam_v4d,43,pgd_constrained,0.1,0.9857079053148727,0.9850491359106897,0.985391199196157,0.9707940780035956,0.9978037352709992,1.0
TON_IoT,binary,trades,aam_v4d,43,square,0.1,0.9835,0.9826724346588229,0.9830637171189125,0.9661403753086338,0.9979108463687494,
TON_IoT,binary,trades,aam_v4d,43,square_clean_subset,0,0.984,0.9832662588868514,0.9835796387520526,0.967167561526051,0.9984195455347289,
TON_IoT,binary,trades,transformer,44,clean,0,0.9746910823284204,0.9720780161625089,0.9740359166522661,0.9484731715855437,0.9970991158071655,
TON_IoT,binary,trades,transformer,44,gaussian,0.05,0.974542206342117,0.9719479771508055,0.9738844533479388,0.948161649200756,0.9971441676235461,
TON_IoT,binary,trades,transformer,44,fgsm,0.05,0.9736489504242966,0.9711677430805843,0.9729759561475984,0.9462950786091702,0.9963012685142589,
TON_IoT,binary,trades,transformer,44,pgd,0.05,0.9736489504242966,0.9711677430805843,0.9729759561475984,0.9462950786091702,0.9962928920458868,0.0
TON_IoT,binary,trades,transformer,44,transfer_mlp,0.05,0.9739467023969034,0.9714278211039914,0.9732787348649683,0.9469167812879212,0.9967992382394383,
TON_IoT,binary,trades,transformer,44,transfer_tf,0.05,0.9736489504242966,0.9711677430805843,0.9729759561475984,0.9462950786091702,0.9965890115223984,
TON_IoT,binary,trades,transformer,44,gaussian,0.1,0.9742444543695102,0.9716878991273984,0.9735815672048145,0.9475389711619467,0.9970128608220349,
TON_IoT,binary,trades,transformer,44,fgsm,0.1,0.9732023224653863,0.9706454589580217,0.9725139424008118,0.945395056597752,0.9953045593343742,
TON_IoT,binary,trades,transformer,44,pgd,0.1,0.9732023224653863,0.9706454589580217,0.9725139424008118,0.945395056597752,0.9951100441553079,0.0
TON_IoT,binary,trades,transformer,44,transfer_mlp,0.1,0.9736489504242966,0.9711677430805843,0.9729759561475984,0.9462950786091702,0.9964625494890808,
TON_IoT,binary,trades,transformer,44,transfer_tf,0.1,0.9736489504242966,0.9711677430805843,0.9729759561475984,0.9462950786091702,0.9961034480260511,
TON_IoT,binary,trades,transformer,44,gaussian,0.2,0.9739467023969034,0.9713837654081741,0.9732761517967776,0.9469280194035008,0.996834962745091,
TON_IoT,binary,trades,transformer,44,fgsm,0.2,0.9715646866160488,0.9690388070460135,0.9708384611536232,0.9420193154191516,0.9924091085264298,
TON_IoT,binary,trades,transformer,44,pgd,0.2,0.9706714306982284,0.968214517279975,0.9699281773202812,0.9401675642493634,0.9914009892382756,0.0
TON_IoT,binary,trades,transformer,44,transfer_mlp,0.2,0.9727556945064761,0.9701672305312764,0.9720544901646304,0.944484212369717,0.9951842551372655,
TON_IoT,binary,trades,transformer,44,transfer_tf,0.2,0.9727556945064761,0.9702112862270937,0.9720571913159384,0.9444732316321994,0.9941878176266251,
TON_IoT,binary,trades,transformer,44,pgd_constrained,0.1,0.9740955783832068,0.9715578601156949,0.9734301443207848,0.9472278152649832,0.9964281380514433,1.0
TON_IoT,binary,trades,transformer,44,square,0.1,0.97,0.9663993666442972,0.9689008309697964,0.9382697917194884,0.997754803514382,
TON_IoT,binary,trades,transformer,44,square_clean_subset,0,0.972,0.9684610714061135,0.9709741089051434,0.9424173858969305,0.9982465201000751,
TON_IoT,binary,trades,ft,44,clean,0,0.9867500372189966,0.9869286343005965,0.9864784242481953,0.9729769262803952,0.9973787087379696,
TON_IoT,binary,trades,ft,44,gaussian,0.05,0.9868989132053,0.9871027290081175,0.9866309275082413,0.9732838921123638,0.9973277707546248,
TON_IoT,binary,trades,ft,44,fgsm,0.05,0.9867500372189966,0.9869286343005965,0.9864784242481953,0.9729769262803952,0.9963664691329405,
TON_IoT,binary,trades,ft,44,pgd,0.05,0.9867500372189966,0.9869286343005965,0.9864784242481953,0.9729769262803952,0.9963478145114844,0.0
TON_IoT,binary,trades,ft,44,transfer_mlp,0.05,0.9867500372189966,0.9869286343005965,0.9864784242481953,0.9729769262803952,0.9972429646721315,
TON_IoT,binary,trades,ft,44,transfer_tf,0.05,0.9868989132053,0.9871027290081175,0.9866309275082413,0.9732838921123638,0.99731803594003,
TON_IoT,binary,trades,ft,44,gaussian,0.1,0.9870477891916034,0.9871887123240035,0.9867811401350612,0.9735787237572656,0.997374633699302,
TON_IoT,binary,trades,ft,44,fgsm,0.1,0.9864522852463897,0.9865804448855549,0.98617337646311,0.9723631860786458,0.9955510086173484,
TON_IoT,binary,trades,ft,44,pgd,0.1,0.9864522852463897,0.9865804448855549,0.98617337646311,0.9723631860786458,0.9955127938102879,0.0
TON_IoT,binary,trades,ft,44,transfer_mlp,0.1,0.9867500372189966,0.9869286343005965,0.9864784242481953,0.9729769262803952,0.9970450536275088,
TON_IoT,binary,trades,ft,44,transfer_tf,0.1,0.9867500372189966,0.9869286343005965,0.9864784242481953,0.9729769262803952,0.9971947433812316,
TON_IoT,binary,trades,ft,44,gaussian,0.2,0.9803483698079499,0.9802796200977284,0.9799411975501694,0.9598939763199712,0.9970034882330995,
TON_IoT,binary,trades,ft,44,fgsm,0.2,0.9749888343010272,0.9737919321478894,0.9744184359477042,0.9488775170504254,0.9941417244114739,
TON_IoT,binary,trades,ft,44,pgd,0.2,0.9694804228078011,0.9690245444106769,0.9688385921742646,0.9376808084963588,0.993020454882983,0.0
TON_IoT,binary,trades,ft,44,transfer_mlp,0.2,0.9752865862736341,0.9739198430838444,0.974713742535372,0.9494927661166683,0.9956110475203842,
TON_IoT,binary,trades,ft,44,transfer_tf,0.2,0.9757332142325443,0.9743980715105897,0.9751718610116211,0.9504056364805836,0.9965399299455575,
TON_IoT,binary,trades,ft,44,pgd_constrained,0.1,0.9864522852463897,0.9865804448855549,0.98617337646311,0.9723631860786458,0.9965562301002278,1.0
TON_IoT,binary,trades,ft,44,square,0.1,0.9875,0.9875601888933903,0.9871257421044108,0.9742645683502609,0.9985341279143487,
TON_IoT,binary,trades,ft,44,square_clean_subset,0,0.988,0.9881647838147929,0.9876428792091443,0.9753046032321513,0.998866062381001,
TON_IoT,binary,trades,aam_noGate,44,clean,0,0.9870477891916034,0.9871446566281863,0.9867799977979445,0.9735731617176192,0.9974286958789588,
TON_IoT,binary,trades,aam_noGate,44,gaussian,0.05,0.9867500372189966,0.9868845786047792,0.9864772582990855,0.9729709549179557,0.9974695821002568,
TON_IoT,binary,trades,aam_noGate,44,fgsm,0.05,0.9864522852463897,0.9865363891897374,0.9861721816047465,0.9723575210549065,0.9969822074756132,
TON_IoT,binary,trades,aam_noGate,44,pgd,0.05,0.9864522852463897,0.9865363891897374,0.9861721816047465,0.9723575210549065,0.9969810755204278,0.0
TON_IoT,binary,trades,aam_noGate,44,transfer_mlp,0.05,0.9868989132053,0.9869705619206653,0.9866274650334463,0.973266591944256,0.9971896269437934,
TON_IoT,binary,trades,aam_noGate,44,transfer_tf,0.05,0.9870477891916034,0.9871446566281863,0.9867799977979445,0.9735731617176192,0.9972121754910874,
TON_IoT,binary,trades,aam_noGate,44,gaussian,0.1,0.9866011612326931,0.9866223725056236,0.9863223580360632,0.9726536434034807,0.9973249635057648,
TON_IoT,binary,trades,aam_noGate,44,fgsm,0.1,0.9864522852463897,0.9865363891897374,0.9861721816047465,0.9723575210549065,0.9965636557262444,
TON_IoT,binary,trades,aam_noGate,44,pgd,0.1,0.9864522852463897,0.9865363891897374,0.9861721816047465,0.9723575210549065,0.9965391602160315,0.0
TON_IoT,binary,trades,aam_noGate,44,transfer_mlp,0.1,0.9868989132053,0.9869705619206653,0.9866274650334463,0.973266591944256,0.9969989604123576,
TON_IoT,binary,trades,aam_noGate,44,transfer_tf,0.1,0.9868989132053,0.9870146176164827,0.9866286218107996,0.9732720006904082,0.9971035530714925,
TON_IoT,binary,trades,aam_noGate,44,gaussian,0.2,0.9785618579723091,0.97832265069493,0.9781119655891554,0.956228448784285,0.9964731898678238,
TON_IoT,binary,trades,aam_noGate,44,fgsm,0.2,0.9855590293285693,0.9855799323362469,0.9852591807865666,0.9705285976357095,0.9956451872887772,
TON_IoT,binary,trades,aam_noGate,44,pgd,0.2,0.9676939109721602,0.9683451901865825,0.9670871687424194,0.9343398124400543,0.9943709679756294,0.0
TON_IoT,binary,trades,aam_noGate,44,transfer_mlp,0.2,0.9601012356706863,0.9607439752817211,0.9593635657854983,0.9189309795399945,0.9948862792542498,
TON_IoT,binary,trades,aam_noGate,44,transfer_tf,0.2,0.9666517790680363,0.9684041424126402,0.966094691708959,0.9327445246133672,0.995307774087101,
TON_IoT,binary,trades,aam_noGate,44,pgd_constrained,0.1,0.9867500372189966,0.9868405229089618,0.9864760897013455,0.9729653413862629,0.9970225050802147,1.0
TON_IoT,binary,trades,aam_noGate,44,square,0.1,0.9865,0.9867076739743792,0.9861006687380103,0.9722269373404683,0.9985382513238722,
TON_IoT,binary,trades,aam_noGate,44,square_clean_subset,0,0.9875,0.9877385263552874,0.987130248831491,0.9742861250351198,0.9987598845857674,
TON_IoT,binary,trades,aam_trans,44,clean,0,0.9879410451094238,0.9880570577858594,0.9876917220877414,0.9753966227116884,0.9973398600360054,
TON_IoT,binary,trades,aam_trans,44,gaussian,0.05,0.987643293136817,0.987752924066635,0.9873878139911425,0.974788802380332,0.9972939026554762,
TON_IoT,binary,trades,aam_trans,44,fgsm,0.05,0.9874944171505137,0.9876228850549316,0.9872364117284904,0.9744875898028486,0.9968456031238341,
TON_IoT,binary,trades,aam_trans,44,pgd,0.05,0.9874944171505137,0.9876228850549316,0.9872364117284904,0.9744875898028486,0.9968440183865744,0.0
TON_IoT,binary,trades,aam_trans,44,transfer_mlp,0.05,0.987643293136817,0.987752924066635,0.9873878139911425,0.974788802380332,0.9971472465416504,
TON_IoT,binary,trades,aam_trans,44,transfer_tf,0.05,0.9877921691231204,0.9879270187741559,0.987540306687336,0.9750953843590687,0.9971522724226738,
TON_IoT,binary,trades,aam_trans,44,gaussian,0.1,0.9864522852463897,0.9863161107106505,0.9861661666432764,0.9723345661026798,0.997246269981273,
TON_IoT,binary,trades,aam_trans,44,fgsm,0.1,0.9873455411642102,0.9874487903474106,0.9870839058945434,0.9741809820489756,0.99632282094099,
TON_IoT,binary,trades,aam_trans,44,pgd,0.1,0.9873455411642102,0.9874487903474106,0.9870839058945434,0.9741809820489756,0.996313629464884,0.0
TON_IoT,binary,trades,aam_trans,44,transfer_mlp,0.1,0.9874944171505137,0.9876228850549316,0.9872364117284904,0.9744875898028486,0.9969914442299264,
TON_IoT,binary,trades,aam_trans,44,transfer_tf,0.1,0.9880899210957272,0.9882752081891977,0.9878452508805724,0.9757087401939979,0.99706923219027,
TON_IoT,binary,trades,aam_trans,44,gaussian,0.2,0.9761798421914545,0.9753168568955088,0.9756519986602619,0.9513155589548453,0.9958989263631458,
TON_IoT,binary,trades,aam_trans,44,fgsm,0.2,0.981092749739467,0.9794759771942725,0.9806392706707167,0.9614163675189105,0.9948059104360835,
TON_IoT,binary,trades,aam_trans,44,pgd,0.2,0.9586124758076522,0.953892567491696,0.9573694000887621,0.9161012610511496,0.9914178780096424,0.0
TON_IoT,binary,trades,aam_trans,44,transfer_mlp,0.2,0.9422361173142773,0.9346980939685805,0.9401328757250131,0.8839267228775189,0.99356370281558,
TON_IoT,binary,trades,aam_trans,44,transfer_tf,0.2,0.9599523596843829,0.9554153641635666,0.9587645982041963,0.918785149014607,0.9941317632058418,
TON_IoT,binary,trades,aam_trans,44,pgd_constrained,0.1,0.987643293136817,0.9877969797624524,0.9873889038070124,0.9747942614358854,0.9968999369727353,1.0
TON_IoT,binary,trades,aam_trans,44,square,0.1,0.9885,0.9887693787361955,0.9881598289249717,0.9763453127297713,0.9986031950238694,
TON_IoT,binary,trades,aam_trans,44,square_clean_subset,0,0.989,0.9891956361957011,0.9886726392750489,0.9773641435875532,0.9987104036714839,
TON_IoT,binary,trades,aam_v4d,44,clean,0,0.987643293136817,0.9878410354582698,0.9873899911528115,0.9748000790206375,0.9975201578579422,
TON_IoT,binary,trades,aam_v4d,44,gaussian,0.05,0.9879410451094238,0.9881892248733116,0.9876949055230271,0.9754139215128779,0.9975437930822145,
TON_IoT,binary,trades,aam_v4d,44,fgsm,0.05,0.9874944171505137,0.9876669407507489,0.987237513424601,0.97449325383279,0.9970203317262589,
TON_IoT,binary,trades,aam_v4d,44,pgd,0.05,0.9874944171505137,0.9876669407507489,0.987237513424601,0.97449325383279,0.9970188828236215,0.0
TON_IoT,binary,trades,aam_v4d,44,transfer_mlp,0.05,0.987643293136817,0.9878410354582698,0.9873899911528115,0.9748000790206375,0.9973250540621796,
TON_IoT,binary,trades,aam_v4d,44,transfer_tf,0.05,0.987643293136817,0.9878410354582698,0.9873899911528115,0.9748000790206375,0.9973287668751879,
TON_IoT,binary,trades,aam_v4d,44,gaussian,0.1,0.9874944171505137,0.9876669407507489,0.987237513424601,0.97449325383279,0.9974367101216717,
TON_IoT,binary,trades,aam_v4d,44,fgsm,0.1,0.9868989132053,0.9869705619206653,0.9866274650334463,0.973266591944256,0.9966591474656883,
TON_IoT,binary,trades,aam_v4d,44,pgd,0.1,0.9868989132053,0.9869705619206653,0.9866274650334463,0.973266591944256,0.996651314335805,0.0
TON_IoT,binary,trades,aam_v4d,44,transfer_mlp,0.1,0.987643293136817,0.9878410354582698,0.9873899911528115,0.9748000790206375,0.9971733267891231,
TON_IoT,binary,trades,aam_v4d,44,transfer_tf,0.1,0.987643293136817,0.9878410354582698,0.9873899911528115,0.9748000790206375,0.9971604677782164,
TON_IoT,binary,trades,aam_v4d,44,gaussian,0.2,0.9785618579723091,0.9783667063907473,0.9781138713698933,0.9562342469918338,0.9965613012594586,
TON_IoT,binary,trades,aam_v4d,44,fgsm,0.2,0.9860056572874796,0.9860141050671747,0.985714462837666,0.9714378473908054,0.9958823545392308,
TON_IoT,binary,trades,aam_v4d,44,pgd,0.2,0.9732023224653863,0.9746985829732207,0.9727354203299513,0.9458651304725323,0.9944071452633562,0.0
TON_IoT,binary,trades,aam_v4d,44,transfer_mlp,0.2,0.9699270507667114,0.9721901702822824,0.9694481127206692,0.9396689765765496,0.9951326832590167,
TON_IoT,binary,trades,aam_v4d,44,transfer_tf,0.2,0.9702248027393181,0.9725824153931416,0.9697551776866425,0.940330689906283,0.9953720691416338,
TON_IoT,binary,trades,aam_v4d,44,pgd_constrained,0.1,0.987643293136817,0.9878410354582698,0.9873899911528115,0.9748000790206375,0.997105228365167,1.0
TON_IoT,binary,trades,aam_v4d,44,square,0.1,0.9875,0.9877385263552874,0.987130248831491,0.9742861250351198,0.9987093728191029,
TON_IoT,binary,trades,aam_v4d,44,square_clean_subset,0,0.9885,0.9889477161980927,0.9881639478482958,0.9763702760145687,0.9989062656238564,
TON_IoT,binary,trades,transformer,45,clean,0,0.9726068185201727,0.969949080127938,0.9718976980236291,0.9441958304603916,0.995491558331009,
TON_IoT,binary,trades,transformer,45,gaussian,0.05,0.9724579425338693,0.9697749854204172,0.971743596407842,0.9438961669465075,0.9954036733304114,
TON_IoT,binary,trades,transformer,45,fgsm,0.05,0.9723090665475659,0.9696008907128963,0.9715894785366922,0.9435965605179043,0.9933133143285605,
TON_IoT,binary,trades,transformer,45,pgd,0.05,0.9723090665475659,0.9696008907128963,0.9715894785366922,0.9435965605179043,0.993291037450511,0.0
TON_IoT,binary,trades,transformer,45,transfer_mlp,0.05,0.9726068185201727,0.969949080127938,0.9718976980236291,0.9441958304603916,0.9951378902528698,
TON_IoT,binary,trades,transformer,45,transfer_tf,0.05,0.9724579425338693,0.9697749854204172,0.971743596407842,0.9438961669465075,0.9947199271201973,
TON_IoT,binary,trades,transformer,45,gaussian,0.1,0.9726068185201727,0.969949080127938,0.9718976980236291,0.9441958304603916,0.995412728971895,
TON_IoT,binary,trades,transformer,45,fgsm,0.1,0.9717135626023522,0.9690366789702649,0.9709813186113562,0.9423626842638978,0.9910905165700127,
TON_IoT,binary,trades,transformer,45,pgd,0.1,0.9717135626023522,0.9690366789702649,0.9709813186113562,0.9423626842638978,0.9908907038406787,0.0
TON_IoT,binary,trades,transformer,45,transfer_mlp,0.1,0.9724579425338693,0.9697749854204172,0.971743596407842,0.9438961669465075,0.9947096036889062,
TON_IoT,binary,trades,transformer,45,transfer_tf,0.1,0.9721601905612625,0.9694267960053754,0.9714353443867808,0.9432970111131826,0.993790818303987,
TON_IoT,binary,trades,transformer,45,gaussian,0.2,0.9721601905612625,0.9695589630928275,0.9714436593485567,0.9432623088528252,0.9949923660942295,
TON_IoT,binary,trades,transformer,45,fgsm,0.2,0.9706714306982284,0.9680823501925229,0.9699194901051358,0.9401970197346861,0.9863129865143385,
TON_IoT,binary,trades,transformer,45,pgd,0.2,0.9703736787256215,0.9678222721691159,0.9696170354427801,0.9395760221677124,0.984521101455785,0.0
TON_IoT,binary,trades,transformer,45,transfer_mlp,0.2,0.972011314574959,0.9693848683853066,0.9712895620084674,0.9429623769235519,0.9936548025689044,
TON_IoT,binary,trades,transformer,45,transfer_tf,0.2,0.971266934643442,0.9686465619351543,0.9705274131244462,0.9414294535774874,0.9917457375095537,
TON_IoT,binary,trades,transformer,45,pgd_constrained,0.1,0.9724579425338693,0.9697749854204172,0.971743596407842,0.9438961669465075,0.9939730178106357,1.0
TON_IoT,binary,trades,transformer,45,square,0.1,0.9725,0.9698947556770121,0.9719135478576548,0.9443789446359655,0.9926165292146528,
TON_IoT,binary,trades,transformer,45,square_clean_subset,0,0.9735,0.9709114125837726,0.9729348733901038,0.9464221880751903,0.995197312772464,
TON_IoT,binary,trades,ft,45,clean,0,0.9830281375614114,0.9829287121791134,0.9826734815011655,0.9653534982096376,0.9976234374490621,
TON_IoT,binary,trades,ft,45,gaussian,0.05,0.9830281375614114,0.9829287121791134,0.9826734815011655,0.9653534982096376,0.997566522742338,
TON_IoT,binary,trades,ft,45,fgsm,0.05,0.9830281375614114,0.9829287121791134,0.9826734815011655,0.9653534982096376,0.9971344780871588,
TON_IoT,binary,trades,ft,45,pgd,0.05,0.9830281375614114,0.9829287121791134,0.9826734815011655,0.9653534982096376,0.9971297691535873,0.0
TON_IoT,binary,trades,ft,45,transfer_mlp,0.05,0.9830281375614114,0.9829287121791134,0.9826734815011655,0.9653534982096376,0.9975407141641099,
TON_IoT,binary,trades,ft,45,transfer_tf,0.05,0.9830281375614114,0.9829287121791134,0.9826734815011655,0.9653534982096376,0.9975245045658544,
TON_IoT,binary,trades,ft,45,gaussian,0.1,0.9824326336161977,0.9823645004364819,0.9820670916472829,0.9641430713147536,0.9975066649521318,
TON_IoT,binary,trades,ft,45,fgsm,0.1,0.9830281375614114,0.9829287121791134,0.9826734815011655,0.9653534982096376,0.996773384383003,
TON_IoT,binary,trades,ft,45,pgd,0.1,0.9830281375614114,0.9829287121791134,0.9826734815011655,0.9653534982096376,0.9967636948466156,0.0
TON_IoT,binary,trades,ft,45,transfer_mlp,0.1,0.9830281375614114,0.9829287121791134,0.9826734815011655,0.9653534982096376,0.9974257980736838,
TON_IoT,binary,trades,ft,45,transfer_tf,0.1,0.9830281375614114,0.9829287121791134,0.9826734815011655,0.9653534982096376,0.9972565028561495,
TON_IoT,binary,trades,ft,45,gaussian,0.2,0.9767753461366682,0.9769384053377573,0.9763083996776765,0.9526573129456949,0.9968520779074947,
TON_IoT,binary,trades,ft,45,fgsm,0.2,0.9819860056572874,0.9822387175762757,0.9816230387836123,0.9632841486764517,0.9957849611150755,
TON_IoT,binary,trades,ft,45,pgd,0.2,0.9708203066845318,0.9722655132194254,0.9703119021370581,0.9410170944288854,0.9940177526795644,0.0
TON_IoT,binary,trades,ft,45,transfer_mlp,0.2,0.9650141432186988,0.9671939917629886,0.964458308112387,0.9296969636506348,0.9946365699403416,
TON_IoT,binary,trades,ft,45,transfer_tf,0.2,0.9676939109721602,0.9695787496694691,0.9671605856103025,0.9349274503574685,0.9952528516215032,
TON_IoT,binary,trades,ft,45,pgd_constrained,0.1,0.9830281375614114,0.9829287121791134,0.9826734815011655,0.9653534982096376,0.9971587019281272,1.0
TON_IoT,binary,trades,ft,45,square,0.1,0.9875,0.9872267226234628,0.9872901314734219,0.9745807731988005,0.9976850722233066,
TON_IoT,binary,trades,ft,45,square_clean_subset,0,0.9875,0.9872267226234628,0.9872901314734219,0.9745807731988005,0.998412998568547,
TON_IoT,binary,trades,aam_noGate,45,clean,0,0.981092749739467,0.9812822607227851,0.9807101358376071,0.9614532468576676,0.9971617355680241,
TON_IoT,binary,trades,aam_noGate,45,gaussian,0.05,0.9803483698079499,0.9804117871851806,0.979946391262362,0.95991466728255,0.9971585660935051,
TON_IoT,binary,trades,aam_noGate,45,fgsm,0.05,0.9751377102873307,0.9743625281177668,0.9745924520258095,0.9491903602380304,0.9967930351250223,
TON_IoT,binary,trades,aam_noGate,45,pgd,0.05,0.9751377102873307,0.9743625281177668,0.9745924520258095,0.9491903602380304,0.9967912239967256,0.0
TON_IoT,binary,trades,aam_noGate,45,transfer_mlp,0.05,0.9754354622599375,0.9747107175328086,0.9748989695442734,0.9498015921049857,0.9969779060459085,
TON_IoT,binary,trades,aam_noGate,45,transfer_tf,0.05,0.9769242221229716,0.9764516646080175,0.9764306745895512,0.952861394310913,0.9969652281478315,
TON_IoT,binary,trades,aam_noGate,45,gaussian,0.1,0.9788596099449158,0.9785386730225196,0.9784121947355318,0.9568260168788209,0.9970930485273716,
TON_IoT,binary,trades,aam_noGate,45,fgsm,0.1,0.9717135626023522,0.9703583498447863,0.9710631951177262,0.9421784318149559,0.9964572066606054,
TON_IoT,binary,trades,aam_noGate,45,pgd,0.1,0.9717135626023522,0.9703583498447863,0.9710631951177262,0.9421784318149559,0.996447200176766,0.0
TON_IoT,binary,trades,aam_noGate,45,transfer_mlp,0.1,0.9717135626023522,0.9703583498447863,0.9710631951177262,0.9421784318149559,0.9967521941819315,
TON_IoT,binary,trades,aam_noGate,45,transfer_tf,0.1,0.9733511984516897,0.9722733916275161,0.9727520960226848,0.9455280254440782,0.9967589859130441,
TON_IoT,binary,trades,aam_noGate,45,gaussian,0.2,0.9748399583147238,0.9740583943985424,0.9742881700141426,0.9485817944736632,0.9968417091979963,
TON_IoT,binary,trades,aam_noGate,45,fgsm,0.2,0.9714158106297455,0.9700542161255619,0.970758597171597,0.941569219220483,0.9948639118197855,
TON_IoT,binary,trades,aam_noGate,45,pgd,0.2,0.9681405389310704,0.9671933578680847,0.9674403726531366,0.9348871904867428,0.9945649398162068,0.0
TON_IoT,binary,trades,aam_noGate,45,transfer_mlp,0.2,0.9711180586571386,0.9697941381021549,0.9704566947214006,0.9409594506709933,0.9953713899685227,
TON_IoT,binary,trades,aam_noGate,45,transfer_tf,0.2,0.9715646866160488,0.9701842551372655,0.9709095670777022,0.9418742781534306,0.9956791912225478,
TON_IoT,binary,trades,aam_noGate,45,pgd_constrained,0.1,0.974542206342117,0.9736661492876832,0.973979239020845,0.9479686209205997,0.9967055123500839,1.0
TON_IoT,binary,trades,aam_noGate,45,square,0.1,0.9745,0.9729691261630555,0.9740158569506692,0.9481777930291087,0.9970801613637842,
TON_IoT,binary,trades,aam_noGate,45,square_clean_subset,0,0.985,0.9850104105667252,0.9847580182985072,0.9695241689268663,0.9977364133970981,
TON_IoT,binary,trades,aam_trans,45,clean,0,0.9797528658627364,0.9801559653132709,0.9793527979382632,0.958770761494616,0.9964298586233253,
TON_IoT,binary,trades,aam_trans,45,gaussian,0.05,0.9791573619175227,0.9794595864831872,0.9787419256481454,0.9575360038330255,0.996442310130365,
TON_IoT,binary,trades,aam_trans,45,fgsm,0.05,0.9785618579723091,0.9788513190447385,0.9781345520952354,0.956321223716632,0.9960506536362023,
TON_IoT,binary,trades,aam_trans,45,pgd,0.05,0.9785618579723091,0.9788513190447385,0.9781345520952354,0.956321223716632,0.9960444052435786,0.0
TON_IoT,binary,trades,aam_trans,45,transfer_mlp,0.05,0.9790084859312193,0.9793736031673013,0.978592804352191,0.9572473458445532,0.9961753950976378,
TON_IoT,binary,trades,aam_trans,45,transfer_tf,0.05,0.9791573619175227,0.9795036421790047,0.9787437285432318,0.9575459161682176,0.9962213524781668,
TON_IoT,binary,trades,aam_trans,45,gaussian,0.1,0.9776686020544886,0.9778948621912479,0.9772215556451024,0.9544892431035893,0.9963635260494583,
TON_IoT,binary,trades,aam_trans,45,fgsm,0.1,0.9742444543695102,0.97384662822245,0.9737005146075473,0.9474032332151636,0.9956605366010916,
TON_IoT,binary,trades,aam_trans,45,pgd,0.1,0.9742444543695102,0.97384662822245,0.9737005146075473,0.9474032332151636,0.9955578456266685,0.0
TON_IoT,binary,trades,aam_trans,45,transfer_mlp,0.1,0.9746910823284204,0.9743248566491953,0.97415770442546,0.9483182886778642,0.9958229948093063,
TON_IoT,binary,trades,aam_trans,45,transfer_tf,0.1,0.9752865862736341,0.9750212354792789,0.9747701572736269,0.9495467960987777,0.9958963002271154,
TON_IoT,binary,trades,aam_trans,45,gaussian,0.2,0.9732023224653863,0.9728482437488907,0.9726399569864442,0.9452844057739453,0.9959746768041554,
TON_IoT,binary,trades,aam_trans,45,fgsm,0.2,0.9602501116569897,0.9591117864607293,0.9593747259796059,0.9187569522892378,0.9941606054239669,
TON_IoT,binary,trades,aam_trans,45,pgd,0.2,0.9565282119994045,0.9554643099057851,0.9555847003128286,0.911170990901758,0.9935778296162943,0.0
TON_IoT,binary,trades,aam_trans,45,transfer_mlp,0.2,0.9550394521363704,0.9539436413096631,0.9540636284057337,0.9081288444998845,0.9941591112431223,
TON_IoT,binary,trades,aam_trans,45,transfer_tf,0.2,0.9574214679172249,0.9563767110634582,0.9564973434570856,0.912996278742882,0.9943543055952997,
TON_IoT,binary,trades,aam_trans,45,pgd_constrained,0.1,0.9754354622599375,0.9751512744909824,0.9749210530394821,0.9498475537085658,0.9959461515334823,1.0
TON_IoT,binary,trades,aam_trans,45,square,0.1,0.976,0.975470102153686,0.9755938573806717,0.9511897317083478,0.9963786680981197,
TON_IoT,binary,trades,aam_trans,45,square_clean_subset,0,0.983,0.9832373609213352,0.9827345260728968,0.9655014812840657,0.9969241045285966,
TON_IoT,binary,trades,aam_v4d,45,clean,0,0.9813905017120739,0.9816745058336442,0.9810171549301984,0.9620777786207009,0.9969872333566365,
TON_IoT,binary,trades,aam_v4d,45,gaussian,0.05,0.9807949977668602,0.9809781270035607,0.980406358449223,0.9608456816600889,0.9969923950722822,
TON_IoT,binary,trades,aam_v4d,45,fgsm,0.05,0.9803483698079499,0.980455842880998,0.9799481146464042,0.959922269635971,0.9965875173415534,
TON_IoT,binary,trades,aam_v4d,45,pgd,0.05,0.9803483698079499,0.980455842880998,0.9799481146464042,0.959922269635971,0.9965845742580712,0.0
TON_IoT,binary,trades,aam_v4d,45,transfer_mlp,0.05,0.9803483698079499,0.980455842880998,0.9799481146464042,0.959922269635971,0.9967628798388821,
TON_IoT,binary,trades,aam_v4d,45,transfer_tf,0.05,0.9804972457942533,0.9806299375885188,0.9801008765725711,0.9602300108529185,0.9967804025051527,
TON_IoT,binary,trades,aam_v4d,45,gaussian,0.1,0.9794551138901295,0.9794112746358726,0.9790312478396629,0.9580771367849038,0.9968842707129688,
TON_IoT,binary,trades,aam_v4d,45,fgsm,0.1,0.9761798421914545,0.9755811910704131,0.9756650052667856,0.9513307323789719,0.996116216480543,
TON_IoT,binary,trades,aam_v4d,45,pgd,0.1,0.9758820902188478,0.9752330016553712,0.9753586351050625,0.9507188941261134,0.9961010030028506,0.0
TON_IoT,binary,trades,aam_v4d,45,transfer_mlp,0.1,0.9760309662051511,0.9754070963628921,0.9755118275252903,0.9510247828519665,0.996460738360784,
TON_IoT,binary,trades,aam_v4d,45,transfer_tf,0.1,0.9764775941640613,0.9759293804854547,0.9759713168046054,0.9519428140968674,0.9965527436782566,
TON_IoT,binary,trades,aam_v4d,45,gaussian,0.2,0.9749888343010272,0.9747171017600544,0.9744661832648754,0.9489388460175908,0.9965028923718899,
TON_IoT,binary,trades,aam_v4d,45,fgsm,0.2,0.968736042876284,0.9676694582190813,0.9680403809968496,0.9360952805778766,0.9943946031999015,
TON_IoT,binary,trades,aam_v4d,45,pgd,0.2,0.9626321274378443,0.96229380304342,0.9618661178235621,0.9237518022938543,0.9937896863488016,0.0
TON_IoT,binary,trades,aam_v4d,45,transfer_mlp,0.2,0.9636742593419682,0.9633362432127968,0.9629280151857458,0.9258737993844743,0.9946665893918594,
TON_IoT,binary,trades,aam_v4d,45,transfer_tf,0.2,0.9673961589995533,0.9666312742012019,0.9666929488626115,0.9333862999133543,0.9953193200299922,
TON_IoT,binary,trades,aam_v4d,45,pgd_constrained,0.1,0.9766264701503647,0.9761034751929757,0.9761244506464235,0.9522489464180559,0.9964574330516425,1.0
TON_IoT,binary,trades,aam_v4d,45,square,0.1,0.9795,0.978703071117184,0.9791392710599871,0.9583033738775351,0.996868696727178,
TON_IoT,binary,trades,aam_v4d,45,square_clean_subset,0,0.9855,0.985583805062138,0.9852679667939972,0.970548643845516,0.9974883491118486,
TON_IoT,binary,trades,transformer,46,clean,0,0.9717135626023522,0.9685520663162737,0.9709499881726757,0.9425105390911702,0.9968387208363066,
TON_IoT,binary,trades,transformer,46,gaussian,0.05,0.9717135626023522,0.9685520663162737,0.9709499881726757,0.9425105390911702,0.996807524151396,
TON_IoT,binary,trades,transformer,46,fgsm,0.05,0.9715646866160488,0.9684220273045703,0.9707985404129731,0.9421970038332274,0.9959851813482763,
TON_IoT,binary,trades,transformer,46,pgd,0.05,0.9715646866160488,0.9684220273045703,0.9707985404129731,0.9421970038332274,0.9959797932415937,0.0
TON_IoT,binary,trades,transformer,46,transfer_mlp,0.05,0.9717135626023522,0.9685520663162737,0.9709499881726757,0.9425105390911702,0.9965272067692731,
TON_IoT,binary,trades,transformer,46,transfer_tf,0.05,0.9717135626023522,0.9685520663162737,0.9709499881726757,0.9425105390911702,0.9962961067986135,
TON_IoT,binary,trades,transformer,46,gaussian,0.1,0.9717135626023522,0.9685520663162737,0.9709499881726757,0.9425105390911702,0.9967469871880785,
TON_IoT,binary,trades,transformer,46,fgsm,0.1,0.9715646866160488,0.9684220273045703,0.9707985404129731,0.9421970038332274,0.9947934589290437,
TON_IoT,binary,trades,transformer,46,pgd,0.1,0.9715646866160488,0.9684220273045703,0.9707985404129731,0.9421970038332274,0.9946276954116877,0.0
TON_IoT,binary,trades,transformer,46,transfer_mlp,0.1,0.9715646866160488,0.9684220273045703,0.9707985404129731,0.9421970038332274,0.9962004339463398,
TON_IoT,binary,trades,transformer,46,transfer_tf,0.1,0.9715646866160488,0.9684220273045703,0.9707985404129731,0.9421970038332274,0.9957453879617925,
TON_IoT,binary,trades,transformer,46,gaussian,0.2,0.9717135626023522,0.9685080106204563,0.9709471048498481,0.9425261368556307,0.9964296775104954,
TON_IoT,binary,trades,transformer,46,fgsm,0.2,0.9700759267530147,0.9669454144042655,0.9692727091358861,0.9391236015762229,0.9919625748448768,
TON_IoT,binary,trades,transformer,46,pgd,0.2,0.9699270507667114,0.9668153753925621,0.9691213627478967,0.9388105712456964,0.9905930901833225,0.0
TON_IoT,binary,trades,transformer,46,transfer_mlp,0.2,0.9714158106297455,0.9682479325970493,0.9706441985744934,0.941898762393832,0.994967825305809,
TON_IoT,binary,trades,transformer,46,transfer_tf,0.2,0.9714158106297455,0.9682919882928667,0.9706471063252164,0.9418835922759363,0.9937595763408688,
TON_IoT,binary,trades,transformer,46,pgd_constrained,0.1,0.9717135626023522,0.9685520663162737,0.9709499881726757,0.9425105390911702,0.9961350522148288,1.0
TON_IoT,binary,trades,transformer,46,square,0.1,0.9705,0.9673294192951669,0.969719979091389,0.9400654455384693,0.9954152463730833,
TON_IoT,binary,trades,transformer,46,square_clean_subset,0,0.9705,0.9673294192951669,0.969719979091389,0.9400654455384693,0.9967444267832916,
TON_IoT,binary,trades,ft,46,clean,0,0.9852612773559625,0.9848792973546661,0.9849433878420024,0.9698871856311021,0.9980893049251822,
TON_IoT,binary,trades,ft,46,gaussian,0.05,0.985112401369659,0.9847052026471451,0.9847906282917409,0.9695819853269498,0.9980716917024968,
TON_IoT,binary,trades,ft,46,fgsm,0.05,0.9849635253833556,0.9845751636354416,0.9846392138590125,0.9692788375358063,0.9976453973796597,
TON_IoT,binary,trades,ft,46,pgd,0.05,0.9849635253833556,0.9845751636354416,0.9846392138590125,0.9692788375358063,0.9976433598603258,0.0
TON_IoT,binary,trades,ft,46,transfer_mlp,0.05,0.985112401369659,0.9847052026471451,0.9847906282917409,0.9695819853269498,0.9977910573729222,
TON_IoT,binary,trades,ft,46,transfer_tf,0.05,0.985112401369659,0.9847052026471451,0.9847906282917409,0.9695819853269498,0.9979419243600378,
TON_IoT,binary,trades,ft,46,gaussian,0.1,0.9846657734107489,0.9842710299162172,0.9843350398760227,0.9686704894405105,0.9979971184948798,
TON_IoT,binary,trades,ft,46,fgsm,0.1,0.9842191454518386,0.9837487457936545,0.983876637784794,0.967754913976605,0.9971920266887866,
TON_IoT,binary,trades,ft,46,pgd,0.1,0.9842191454518386,0.9837487457936545,0.983876637784794,0.967754913976605,0.9971721948339376,0.0
TON_IoT,binary,trades,ft,46,transfer_mlp,0.1,0.9846657734107489,0.9842269742203997,0.984333653634192,0.9686684454905534,0.9975422989013697,
TON_IoT,binary,trades,ft,46,transfer_tf,0.1,0.9846657734107489,0.9842269742203997,0.984333653634192,0.9686684454905534,0.9976683534308203,
TON_IoT,binary,trades,ft,46,gaussian,0.2,0.9782641059997023,0.9777101271049838,0.9777943173059418,0.9555893580668334,0.9971104806372274,
TON_IoT,binary,trades,ft,46,fgsm,0.2,0.9822837576298943,0.9819260715540568,0.9819048404913329,0.9638097263729278,0.9956630721807072,
TON_IoT,binary,trades,ft,46,pgd,0.2,0.9578680958761352,0.9563703268362125,0.9569131156156832,0.9138585400714109,0.9938386773692274,0.0
TON_IoT,binary,trades,ft,46,transfer_mlp,0.2,0.9517641804376954,0.9505541147023773,0.950712895051804,0.9014286030154359,0.9946927601957467,
TON_IoT,binary,trades,ft,46,transfer_tf,0.2,0.9822837576298943,0.9821022943373263,0.9819111827743292,0.9638260396376026,0.9964384614827345,
TON_IoT,binary,trades,ft,46,pgd_constrained,0.1,0.9846657734107489,0.9842269742203997,0.984333653634192,0.9686684454905534,0.9975707788938354,1.0
TON_IoT,binary,trades,ft,46,square,0.1,0.985,0.9842489058762637,0.9846732959770468,0.9693650905950808,0.9967357493382171,
TON_IoT,binary,trades,ft,46,square_clean_subset,0,0.9865,0.9858532123391227,0.9862080203426592,0.9724289035759371,0.9978173673448345,
TON_IoT,binary,trades,aam_noGate,46,clean,0,0.9854101533422659,0.9851415034538217,0.9850987593776497,0.9701977009036323,0.9980133733713429,
TON_IoT,binary,trades,aam_noGate,46,gaussian,0.05,0.9854101533422659,0.9851415034538217,0.9850987593776497,0.9701977009036323,0.9979722607590077,
TON_IoT,binary,trades,aam_noGate,46,fgsm,0.05,0.9852612773559625,0.9850114644421182,0.9849473672940123,0.9698951443217648,0.9975304812892336,
TON_IoT,binary,trades,aam_noGate,46,pgd,0.05,0.9852612773559625,0.9850114644421182,0.9849473672940123,0.9698951443217648,0.9975282173788628,0.0
TON_IoT,binary,trades,aam_noGate,46,transfer_mlp,0.05,0.9855590293285693,0.9853155981613426,0.9852514608840323,0.9705033316309856,0.99784860597455,
TON_IoT,binary,trades,aam_noGate,46,transfer_tf,0.05,0.9854101533422659,0.9851415034538217,0.9850987593776497,0.9701977009036323,0.9979002231310061,
TON_IoT,binary,trades,aam_noGate,46,gaussian,0.1,0.9852612773559625,0.9850114644421182,0.9849473672940123,0.9698951443217648,0.9979683668331698,
TON_IoT,binary,trades,aam_noGate,46,fgsm,0.1,0.9834747655203215,0.9832307178225891,0.9831242863882979,0.9662497085774067,0.9969596589283192,
TON_IoT,binary,trades,aam_noGate,46,pgd,0.1,0.9834747655203215,0.9832307178225891,0.9831242863882979,0.9662497085774067,0.9969301828152902,0.0
TON_IoT,binary,trades,aam_noGate,46,transfer_mlp,0.1,0.985112401369659,0.9848814254304147,0.9847959878248389,0.9695927038875705,0.9976210829822763,
TON_IoT,binary,trades,aam_noGate,46,transfer_tf,0.1,0.9855590293285693,0.9853155981613426,0.9852514608840323,0.9705033316309856,0.9976625125420635,
TON_IoT,binary,trades,aam_noGate,46,gaussian,0.2,0.9809438737531636,0.9808438318403598,0.9805473536512899,0.9611035812830654,0.9973057655458197,
TON_IoT,binary,trades,aam_noGate,46,fgsm,0.2,0.9831770135477148,0.9826622499284604,0.9828111249209622,0.9656244776253256,0.995627800457129,
TON_IoT,binary,trades,aam_noGate,46,pgd,0.2,0.9562304600267977,0.9554685660572824,0.9553080300063839,0.9106188829345963,0.9940818213430602,0.0
TON_IoT,binary,trades,aam_noGate,46,transfer_mlp,0.2,0.9793062379038261,0.9783120103161868,0.9788391006454025,0.957706545165556,0.9963188364587372,
TON_IoT,binary,trades,aam_noGate,46,transfer_tf,0.2,0.9800506178353432,0.980195764857591,0.9796460437147003,0.9593226339400007,0.9964808871630848,
TON_IoT,binary,trades,aam_noGate,46,pgd_constrained,0.1,0.9852612773559625,0.9849674087463007,0.9849460437701005,0.9698921330740472,0.997502454078842,1.0
TON_IoT,binary,trades,aam_noGate,46,square,0.1,0.9845,0.9839574458093555,0.9841694542470418,0.9683435266218855,0.9971007124692843,
TON_IoT,binary,trades,aam_noGate,46,square_clean_subset,0,0.986,0.9854157670197876,0.9856993283791722,0.9714068822267466,0.997736718149438,
TON_IoT,binary,trades,aam_trans,46,clean,0,0.9846657734107489,0.9843591413078521,0.984337803114347,0.9686756517338233,0.99740727928685,
TON_IoT,binary,trades,aam_trans,46,gaussian,0.05,0.9848146493970522,0.9845332360153729,0.9844905454746966,0.9689812729828787,0.9973940127720767,
TON_IoT,binary,trades,aam_trans,46,fgsm,0.05,0.9837725174929284,0.9834467401501787,0.9834254421307167,0.9668509297234875,0.9969796266177903,
TON_IoT,binary,trades,aam_trans,46,pgd,0.05,0.9837725174929284,0.9834467401501787,0.9834254421307167,0.9668509297234875,0.9969756421355377,0.0
TON_IoT,binary,trades,aam_trans,46,transfer_mlp,0.05,0.9839213934792318,0.9835767791618822,0.9835767791618822,0.9671535583237645,0.9971739606840271,
TON_IoT,binary,trades,aam_trans,46,transfer_tf,0.05,0.9843680214381421,0.9840109518928102,0.9840322759100285,0.968064597318715,0.9972696335363004,
TON_IoT,binary,trades,aam_trans,46,gaussian,0.1,0.9843680214381421,0.9840109518928102,0.9840322759100285,0.968064597318715,0.9973867229806825,
TON_IoT,binary,trades,aam_trans,46,fgsm,0.1,0.982879261575108,0.9825783946883229,0.9825146185738527,0.9650296458479989,0.9965086427042318,
TON_IoT,binary,trades,aam_trans,46,pgd,0.1,0.982879261575108,0.9825783946883229,0.9825146185738527,0.9650296458479989,0.9964520449449599,0.0
TON_IoT,binary,trades,aam_trans,46,transfer_mlp,0.1,0.9831770135477148,0.9828825284075473,0.9828187121638726,0.9656378331572196,0.996884723495043,
TON_IoT,binary,trades,aam_trans,46,transfer_tf,0.1,0.9833258895340181,0.9830566231150681,0.9829715063638196,0.965943739587842,0.9971096656294939,
TON_IoT,binary,trades,aam_trans,46,gaussian,0.2,0.9804972457942533,0.9798809907596234,0.980071303092726,0.9601462790081355,0.9969990509687725,
TON_IoT,binary,trades,aam_trans,46,fgsm,0.2,0.974542206342117,0.9729612581546052,0.973941306224108,0.9479824805560729,0.9947034911309047,
TON_IoT,binary,trades,aam_trans,46,pgd,0.2,0.969778174780408,0.9684035085177364,0.9690847195055065,0.9382183576649833,0.9942921838947228,0.0
TON_IoT,binary,trades,aam_trans,46,transfer_mlp,0.2,0.971266934643442,0.9693514530682324,0.9705722859465056,0.9413015670244664,0.995325477866201,
TON_IoT,binary,trades,aam_trans,46,transfer_tf,0.2,0.9729045704927796,0.9709140492844233,0.9722429949830529,0.9446711362071895,0.995835536872761,
TON_IoT,binary,trades,aam_trans,46,pgd_constrained,0.1,0.983623641506625,0.9832726454426579,0.9832726454426579,0.9665452908853157,0.9970329643461283,1.0
TON_IoT,binary,trades,aam_trans,46,square,0.1,0.983,0.9824991245989234,0.982640023527874,0.9652820956984044,0.9967954705778463,
TON_IoT,binary,trades,aam_trans,46,square_clean_subset,0,0.9845,0.9839574458093555,0.9841694542470418,0.9683435266218855,0.9974059543607224,
TON_IoT,binary,trades,aam_v4d,46,clean,0,0.9852612773559625,0.9848792973546661,0.9849433878420024,0.9698871856311021,0.9980023254887329,
TON_IoT,binary,trades,aam_v4d,46,gaussian,0.05,0.9854101533422659,0.9850533920621869,0.9850961332079198,0.9701924486274093,0.9979794599939871,
TON_IoT,binary,trades,aam_v4d,46,fgsm,0.05,0.985112401369659,0.9847052026471451,0.9847906282917409,0.9695819853269498,0.9975736766991098,
TON_IoT,binary,trades,aam_v4d,46,pgd,0.05,0.985112401369659,0.9847052026471451,0.9847906282917409,0.9695819853269498,0.9975721825182653,0.0
TON_IoT,binary,trades,aam_v4d,46,transfer_mlp,0.05,0.9852612773559625,0.9848792973546661,0.9849433878420024,0.9698871856311021,0.9978170923421875,
TON_IoT,binary,trades,aam_v4d,46,transfer_tf,0.05,0.9852612773559625,0.9848792973546661,0.9849433878420024,0.9698871856311021,0.9979570472813151,
TON_IoT,binary,trades,aam_v4d,46,gaussian,0.1,0.9849635253833556,0.9846632750270764,0.9846419234422238,0.9692838924039352,0.9979562775517891,
TON_IoT,binary,trades,aam_v4d,46,fgsm,0.1,0.9843680214381421,0.9839668961969927,0.9840308658930329,0.9680621413452147,0.9969679448402766,
TON_IoT,binary,trades,aam_v4d,46,pgd,0.1,0.9843680214381421,0.9839668961969927,0.9840308658930329,0.9680621413452147,0.9969333070116021,0.0
TON_IoT,binary,trades,aam_v4d,46,transfer_mlp,0.1,0.985112401369659,0.9847492583429625,0.9847919726611426,0.9695841274763912,0.9976208113130316,
TON_IoT,binary,trades,aam_v4d,46,transfer_tf,0.1,0.9852612773559625,0.9849233530504834,0.9849447172865984,0.9698894801149448,0.9977733988720294,
TON_IoT,binary,trades,aam_v4d,46,gaussian,0.2,0.9799017418490398,0.9797573359751658,0.9794826462346364,0.9589729361845795,0.9971696592543223,
TON_IoT,binary,trades,aam_v4d,46,fgsm,0.2,0.9816882536846807,0.9814940268988774,0.9813031553045588,0.9626099823752192,0.9956414291975615,
TON_IoT,binary,trades,aam_v4d,46,pgd,0.2,0.9740955783832068,0.9747739259103636,0.9736036154047681,0.947347703408863,0.9943447971717421,0.0
TON_IoT,binary,trades,aam_v4d,46,transfer_mlp,0.2,0.9690337948488909,0.9707050450789834,0.9685091420534458,0.937517016956646,0.9954325608267439,
TON_IoT,binary,trades,aam_v4d,46,transfer_tf,0.2,0.9709691826708352,0.972395552231129,0.9704622003821108,0.9413094566301754,0.9965018056949118,
TON_IoT,binary,trades,aam_v4d,46,pgd_constrained,0.1,0.985112401369659,0.9847052026471451,0.9847906282917409,0.9695819853269498,0.9975322924175302,1.0
TON_IoT,binary,trades,aam_v4d,46,square,0.1,0.986,0.9854157670197876,0.9856993283791722,0.9714068822267466,0.9973314304206723,
TON_IoT,binary,trades,aam_v4d,46,square_clean_subset,0,0.987,0.9862906576584578,0.9867168565134405,0.973452250890751,0.9978255343519633,
TON_IoT,binary,trades,transformer,47,clean,0,0.9742444543695102,0.97199628899812,0.9735993309097829,0.9474673845292237,0.9969488827149537,
TON_IoT,binary,trades,transformer,47,gaussian,0.05,0.9740955783832068,0.9718662499864166,0.9734479920889985,0.9471577050708194,0.9969045100716845,
TON_IoT,binary,trades,transformer,47,fgsm,0.05,0.9736489504242966,0.9714320772554886,0.9729914855331528,0.9462377024664825,0.9956127228140587,
TON_IoT,binary,trades,transformer,47,pgd,0.05,0.9736489504242966,0.9714320772554886,0.9729914855331528,0.9462377024664825,0.9955932079066616,0.0
TON_IoT,binary,trades,transformer,47,transfer_mlp,0.05,0.9739467023969034,0.971736210974713,0.9732966664875806,0.9468481462729305,0.9965384357647127,
TON_IoT,binary,trades,transformer,47,transfer_tf,0.05,0.9739467023969034,0.971736210974713,0.9732966664875806,0.9468481462729305,0.9963319671388883,
TON_IoT,binary,trades,transformer,47,gaussian,0.1,0.9740955783832068,0.9718221942905991,0.9734454583558567,0.9471666469028798,0.9969672656671654,
TON_IoT,binary,trades,transformer,47,fgsm,0.1,0.9733511984516897,0.9711719992320815,0.9726889029302285,0.9456190087780626,0.9935055203190484,
TON_IoT,binary,trades,transformer,47,pgd,0.1,0.9732023224653863,0.9710419602203781,0.9725376313449233,0.9453098423570299,0.993361399784838,0.0
TON_IoT,binary,trades,transformer,47,transfer_mlp,0.1,0.9737978264106,0.9715621162671921,0.9731427965957685,0.946547229972116,0.9960450391384825,
TON_IoT,binary,trades,transformer,47,transfer_tf,0.1,0.9735000744379931,0.9713020382437851,0.9728401876521402,0.9459282954415287,0.9954919658348758,
TON_IoT,binary,trades,transformer,47,gaussian,0.2,0.9739467023969034,0.971736210974713,0.9732966664875806,0.9468481462729305,0.9964873166685381,
TON_IoT,binary,trades,transformer,47,fgsm,0.2,0.9723090665475659,0.9701736147585223,0.9716249105160453,0.9434712932631001,0.989570300755965,
TON_IoT,binary,trades,transformer,47,pgd,0.2,0.9711180586571386,0.9690892469690768,0.9704128627841333,0.9410105147430151,0.9885364634459977,0.0
TON_IoT,binary,trades,transformer,47,transfer_mlp,0.2,0.9735000744379931,0.9713020382437851,0.9728401876521402,0.9459282954415287,0.9942862071713435,
TON_IoT,binary,trades,transformer,47,transfer_tf,0.2,0.9730534464790829,0.9709119212086745,0.9723863728737383,0.9450007960595137,0.9927388244328452,
TON_IoT,binary,trades,transformer,47,pgd_constrained,0.1,0.9737978264106,0.9715621162671921,0.9731427965957685,0.946547229972116,0.9960428205063192,1.0
TON_IoT,binary,trades,transformer,47,square,0.1,0.9765,0.9752515746512784,0.9761595524488578,0.9524642369890159,0.9969291642325089,
TON_IoT,binary,trades,transformer,47,square_clean_subset,0,0.977,0.9757016196557788,0.976663961038961,0.9534907566362205,0.9976358715736591,
TON_IoT,binary,trades,ft,47,clean,0,0.9868989132053,0.9868824505290306,0.9866251436149347,0.9732568492650674,0.9982536195399011,
TON_IoT,binary,trades,ft,47,gaussian,0.05,0.9866011612326931,0.9865783168098061,0.9863211696061833,0.9726488991838805,0.9982531214796194,
TON_IoT,binary,trades,ft,47,fgsm,0.05,0.9866011612326931,0.9865783168098061,0.9863211696061833,0.9726488991838805,0.9978236576822629,
TON_IoT,binary,trades,ft,47,pgd,0.05,0.9866011612326931,0.9865783168098061,0.9863211696061833,0.9726488991838805,0.9978213484936845,0.0
TON_IoT,binary,trades,ft,47,transfer_mlp,0.05,0.9867500372189966,0.9867083558215097,0.9864725680031146,0.9729506495417236,0.9980605079852647,
TON_IoT,binary,trades,ft,47,transfer_tf,0.05,0.9867500372189966,0.9867083558215097,0.9864725680031146,0.9729506495417236,0.9980365105353333,
TON_IoT,binary,trades,ft,47,gaussian,0.1,0.9858567813011762,0.9858840660554713,0.9855631152033384,0.9711364696921029,0.9982499520051001,
TON_IoT,binary,trades,ft,47,fgsm,0.1,0.9860056572874796,0.9860581607629921,0.9857157012857267,0.9714430534500353,0.997388624665394,
TON_IoT,binary,trades,ft,47,pgd,0.1,0.9860056572874796,0.9860581607629921,0.9857157012857267,0.9714430534500353,0.9973540773931343,0.0
TON_IoT,binary,trades,ft,47,transfer_mlp,0.1,0.9867500372189966,0.9867083558215097,0.9864725680031146,0.9729506495417236,0.9978942916858344,
TON_IoT,binary,trades,ft,47,transfer_tf,0.1,0.9867500372189966,0.9867083558215097,0.9864725680031146,0.9729506495417236,0.9979467238500241,
TON_IoT,binary,trades,ft,47,gaussian,0.2,0.9782641059997023,0.9780185169757055,0.977807965111227,0.9556204463948217,0.9973437992400506,
TON_IoT,binary,trades,ft,47,fgsm,0.2,0.9690337948488909,0.9711456020371572,0.9685334548930331,0.9377706226989843,0.9960946640538122,
TON_IoT,binary,trades,ft,47,pgd,0.2,0.9696292987941045,0.9716657580839712,0.9691338591474574,0.9389280594522217,0.9944906382778343,0.0
TON_IoT,binary,trades,ft,47,transfer_mlp,0.2,0.9700759267530147,0.9721439865107164,0.969588938216362,0.9398493608153313,0.9958822187046086,
TON_IoT,binary,trades,ft,47,transfer_tf,0.2,0.970522554711925,0.972534103545827,0.9700393868234811,0.9407183380224527,0.9963128144571505,
TON_IoT,binary,trades,ft,47,pgd_constrained,0.1,0.9867500372189966,0.9867083558215097,0.9864725680031146,0.9729506495417236,0.997948444421906,1.0
TON_IoT,binary,trades,ft,47,square,0.1,0.988,0.9881874576659015,0.9878583801460232,0.9757349614824588,0.9985430489055654,
TON_IoT,binary,trades,ft,47,square_clean_subset,0,0.9885,0.988637502670402,0.9883630064021174,0.9767386617709296,0.9990467550692077,
TON_IoT,binary,trades,aam_noGate,47,clean,0,0.9855590293285693,0.9856239880320642,0.9852604573149496,0.9705340600608373,0.9980685222279776,
TON_IoT,binary,trades,aam_noGate,47,gaussian,0.05,0.9855590293285693,0.9856239880320642,0.9852604573149496,0.9705340600608373,0.9981078689902234,
TON_IoT,binary,trades,aam_noGate,47,fgsm,0.05,0.985112401369659,0.9851017039095016,0.9848026200400701,0.9696141533717925,0.9977694143897766,
TON_IoT,binary,trades,aam_noGate,47,pgd,0.05,0.985112401369659,0.9851017039095016,0.9848026200400701,0.9696141533717925,0.9977648412908274,0.0
TON_IoT,binary,trades,aam_noGate,47,transfer_mlp,0.05,0.9852612773559625,0.9852757986170224,0.9849552463697948,0.9699207255793161,0.9979433732626751,
TON_IoT,binary,trades,aam_noGate,47,transfer_tf,0.05,0.9852612773559625,0.9852757986170224,0.9849552463697948,0.9699207255793161,0.9979694082319402,
TON_IoT,binary,trades,aam_noGate,47,gaussian,0.1,0.9849635253833556,0.984971664897798,0.9846513119530229,0.9693128535229227,0.9980609154891313,
TON_IoT,binary,trades,aam_noGate,47,fgsm,0.1,0.985112401369659,0.9851017039095016,0.9848026200400701,0.9696141533717925,0.9974640128807444,
TON_IoT,binary,trades,aam_noGate,47,pgd,0.1,0.985112401369659,0.9851017039095016,0.9848026200400701,0.9696141533717925,0.9974244850056688,0.0
TON_IoT,binary,trades,aam_noGate,47,transfer_mlp,0.1,0.9852612773559625,0.9852757986170224,0.9849552463697948,0.9699207255793161,0.9978064972416517,
TON_IoT,binary,trades,aam_noGate,47,transfer_tf,0.1,0.985112401369659,0.9851017039095016,0.9848026200400701,0.9696141533717925,0.997827144104234,
TON_IoT,binary,trades,aam_noGate,47,gaussian,0.2,0.9800506178353432,0.9802838762492257,0.9796495228000552,0.9593397006364083,0.9971718326082782,
TON_IoT,binary,trades,aam_noGate,47,fgsm,0.2,0.9855590293285693,0.9854037095529773,0.9852540457626132,0.9705103222328615,0.9969918064555857,
TON_IoT,binary,trades,aam_noGate,47,pgd,0.2,0.9618877475063272,0.9612911624183633,0.9610879388251652,0.9221803149743392,0.993779227082888,0.0
TON_IoT,binary,trades,aam_noGate,47,transfer_mlp,0.2,0.9839213934792318,0.9839732804242387,0.9835896722223448,0.9671940551282064,0.9970720394391297,
TON_IoT,binary,trades,aam_noGate,47,transfer_tf,0.2,0.9833258895340181,0.9832328458983377,0.9829774555099169,0.9659614482908244,0.9969851958373027,
TON_IoT,binary,trades,aam_noGate,47,pgd_constrained,0.1,0.985112401369659,0.9851017039095016,0.9848026200400701,0.9696141533717925,0.9977831336866241,1.0
TON_IoT,binary,trades,aam_noGate,47,square,0.1,0.988,0.9882998423576891,0.9878610208274535,0.9757543856629793,0.9990259993378415,
TON_IoT,binary,trades,aam_noGate,47,square_clean_subset,0,0.988,0.9882998423576891,0.9878610208274535,0.9757543856629793,0.9991859703405661,
TON_IoT,binary,trades,aam_trans,47,clean,0,0.9855590293285693,0.9855358766404294,0.9852579013685906,0.9705234924618819,0.9979720796461778,
TON_IoT,binary,trades,aam_trans,47,gaussian,0.05,0.9858567813011762,0.9857959546638364,0.9855606062954594,0.9711267209233164,0.9979711288038222,
TON_IoT,binary,trades,aam_trans,47,fgsm,0.05,0.9854101533422659,0.985405837628726,0.9851065676392688,0.9702220513781301,0.9975877582216169,
TON_IoT,binary,trades,aam_trans,47,pgd,0.05,0.9854101533422659,0.985405837628726,0.9851065676392688,0.9702220513781301,0.9975857659804904,0.0
TON_IoT,binary,trades,aam_trans,47,transfer_mlp,0.05,0.9860056572874796,0.98592599367554,0.9857119775373653,0.971428508520868,0.9977769305722078,
TON_IoT,binary,trades,aam_trans,47,transfer_tf,0.05,0.9858567813011762,0.9857959546638364,0.9855606062954594,0.9711267209233164,0.997803282488925,
TON_IoT,binary,trades,aam_trans,47,gaussian,0.1,0.9842191454518386,0.9839690242727415,0.9838837470943292,0.9677682217377063,0.9978477909668165,
TON_IoT,binary,trades,aam_trans,47,fgsm,0.1,0.9848146493970522,0.9847535144944597,0.9844973255536744,0.969001198696759,0.9972246269981272,
TON_IoT,binary,trades,aam_trans,47,pgd,0.1,0.9848146493970522,0.9847535144944597,0.9844973255536744,0.969001198696759,0.9972051120907303,0.0
TON_IoT,binary,trades,aam_trans,47,transfer_mlp,0.1,0.9857079053148727,0.9855778042604982,0.9854067036755538,0.9708163211375563,0.9975579198829286,
TON_IoT,binary,trades,aam_trans,47,transfer_tf,0.1,0.9860056572874796,0.98592599367554,0.9857119775373653,0.971428508520868,0.9976307272404562,
TON_IoT,binary,trades,aam_trans,47,gaussian,0.2,0.9743933303558137,0.9731836647094407,0.9738093510893161,0.947659321345654,0.9968895682632367,
TON_IoT,binary,trades,aam_trans,47,fgsm,0.2,0.9848146493970522,0.9847094587986425,0.9844959756256517,0.9689964989630148,0.9955428132618058,
TON_IoT,binary,trades,aam_trans,47,pgd,0.2,0.9388119696292988,0.9349232624940685,0.9371571206175353,0.8749132334404868,0.9912760666640104,0.0
TON_IoT,binary,trades,aam_trans,47,transfer_mlp,0.2,0.9772219740955784,0.9756544059318074,0.9766821661173394,0.9534732137583602,0.9959767596016965,
TON_IoT,binary,trades,aam_trans,47,transfer_tf,0.2,0.9809438737531636,0.9800067736198297,0.9805145852332785,0.9610553355288486,0.9958804075763119,
TON_IoT,binary,trades,aam_trans,47,pgd_constrained,0.1,0.9854101533422659,0.985405837628726,0.9851065676392688,0.9702220513781301,0.9975958177425371,1.0
TON_IoT,binary,trades,aam_trans,47,square,0.1,0.9875,0.9877374126614011,0.987353858021764,0.9747324718042584,0.9990442238824557,
TON_IoT,binary,trades,aam_trans,47,square_clean_subset,0,0.989,0.9893123170584774,0.9888726024251657,0.9777775823629762,0.9992730431648339,
TON_IoT,binary,trades,aam_v4d,47,clean,0,0.9855590293285693,0.9856680437278815,0.9852617309551831,0.9705398795607161,0.9981238069192345,
TON_IoT,binary,trades,aam_v4d,47,gaussian,0.05,0.9855590293285693,0.9856680437278815,0.9852617309551831,0.9705398795607161,0.9981451782331358,
TON_IoT,binary,trades,aam_v4d,47,fgsm,0.05,0.985112401369659,0.9851898153011363,0.9848052520577267,0.9696252333530871,0.9978129267471049,
TON_IoT,binary,trades,aam_v4d,47,pgd,0.05,0.985112401369659,0.9851898153011363,0.9848052520577267,0.9696252333530871,0.9978118400701269,0.0
TON_IoT,binary,trades,aam_v4d,47,transfer_mlp,0.05,0.9852612773559625,0.9853198543128399,0.9849565492183505,0.9699262397294809,0.9979930887344198,
TON_IoT,binary,trades,aam_v4d,47,transfer_tf,0.05,0.9854101533422659,0.9854939490203607,0.9851091470165723,0.9702330279093073,0.9980143242136986,
TON_IoT,binary,trades,aam_v4d,47,gaussian,0.1,0.9849635253833556,0.9850597762894329,0.984653967283232,0.9693243418820964,0.9980596476993239,
TON_IoT,binary,trades,aam_v4d,47,fgsm,0.1,0.9849635253833556,0.9850597762894329,0.984653967283232,0.9693243418820964,0.9975509923171939,
TON_IoT,binary,trades,aam_v4d,47,pgd,0.1,0.9849635253833556,0.9850597762894329,0.984653967283232,0.9693243418820964,0.9975171694962527,0.0
TON_IoT,binary,trades,aam_v4d,47,transfer_mlp,0.1,0.985112401369659,0.9851898153011363,0.9848052520577267,0.9696252333530871,0.9978616913764936,
TON_IoT,binary,trades,aam_v4d,47,transfer_tf,0.1,0.9852612773559625,0.9853198543128399,0.9849565492183505,0.9699262397294809,0.9978781726439937,
TON_IoT,binary,trades,aam_v4d,47,gaussian,0.2,0.9782641059997023,0.9781506840631577,0.9778137488054904,0.9556390531667897,0.9969059589743218,
TON_IoT,binary,trades,aam_v4d,47,fgsm,0.2,0.9871966651779068,0.9870984728566202,0.9869268387093504,0.9738565957942714,0.9972683657464928,
TON_IoT,binary,trades,aam_v4d,47,pgd,0.2,0.9672472830132499,0.9654879541856987,0.9664726426710731,0.9330486403164954,0.9938022284122563,0.0
TON_IoT,binary,trades,aam_v4d,47,transfer_mlp,0.2,0.971266934643442,0.9701885112887627,0.9706236246759097,0.9412670700036534,0.9952039058792848,
TON_IoT,binary,trades,aam_v4d,47,transfer_tf,0.2,0.974542206342117,0.9730493695462399,0.9739461200608368,0.9479758019690677,0.9952034078190032,
TON_IoT,binary,trades,aam_v4d,47,pgd_constrained,0.1,0.985112401369659,0.9851898153011363,0.9848052520577267,0.9696252333530871,0.9978198543128397,1.0
TON_IoT,binary,trades,aam_v4d,47,square,0.1,0.9875,0.9879621820449762,0.9873593059146566,0.9747796925647721,0.9989936001474163,
TON_IoT,binary,trades,aam_v4d,47,square_clean_subset,0,0.988,0.9884122270494766,0.9878636358119834,0.9757777881074969,0.9991707832200543,
TON_IoT,binary,trades,transformer,48,clean,0,0.9737978264106,0.9711656150048358,0.973119537239993,0.9466400253890499,0.9969425890441227,
TON_IoT,binary,trades,transformer,48,gaussian,0.05,0.9735000744379931,0.9707733698939764,0.9728087900020032,0.9460534130939514,0.9969667223286763,
TON_IoT,binary,trades,transformer,48,fgsm,0.05,0.9729045704927796,0.9701210467597103,0.972195040071181,0.9448436817382634,0.9963258545808867,
TON_IoT,binary,trades,transformer,48,pgd,0.05,0.9729045704927796,0.9701210467597103,0.972195040071181,0.9448436817382634,0.9963110938852687,0.0
TON_IoT,binary,trades,transformer,48,transfer_mlp,0.05,0.9732023224653863,0.9704692361747521,0.9725032707885425,0.9454422342093556,0.9967542769794727,
TON_IoT,binary,trades,transformer,48,transfer_tf,0.05,0.9730534464790829,0.9702951414672312,0.9723491635736664,0.945142929431597,0.9966131900851593,
TON_IoT,binary,trades,transformer,48,gaussian,0.1,0.9739467023969034,0.9712956540165392,0.9732709695749857,0.9469515728400141,0.9969312242140608,
TON_IoT,binary,trades,transformer,48,fgsm,0.1,0.9721601905612625,0.9692946289179233,0.9714269777833474,0.9433349376028728,0.9954311572023138,
TON_IoT,binary,trades,transformer,48,pgd,0.1,0.9721601905612625,0.9692946289179233,0.9714269777833474,0.9433349376028728,0.9953196822556517,0.0
TON_IoT,binary,trades,transformer,48,transfer_mlp,0.1,0.9726068185201727,0.9697728573446686,0.9718867441097023,0.9442453573602243,0.9965731641498021,
TON_IoT,binary,trades,transformer,48,transfer_tf,0.1,0.9727556945064761,0.9699910077480068,0.9720436294695081,0.944531717856181,0.99615361627987,
TON_IoT,binary,trades,transformer,48,gaussian,0.2,0.9742444543695102,0.9715997877357636,0.9735764442084145,0.9475626540187154,0.9968554737730512,
TON_IoT,binary,trades,transformer,48,fgsm,0.2,0.9703736787256215,0.9675579379942116,0.9695993566362411,0.9396420252528529,0.9915511317740727,
TON_IoT,binary,trades,transformer,48,pgd,0.2,0.9694804228078011,0.9667336482281732,0.9686888500735547,0.9377853551594945,0.990251420830149,0.0
TON_IoT,binary,trades,transformer,48,transfer_mlp,0.2,0.972011314574959,0.9691205342104023,0.9712727739286631,0.9430358846390293,0.9955034212213525,
TON_IoT,binary,trades,transformer,48,transfer_tf,0.2,0.9718624385886556,0.9690345508945162,0.9711242084628381,0.942710659646658,0.9945353731467631,
TON_IoT,binary,trades,transformer,48,pgd_constrained,0.1,0.9733511984516897,0.9706433308822731,0.972657361739218,0.9457415961327377,0.9963899685225901,1.0
TON_IoT,binary,trades,transformer,48,square,0.1,0.9705,0.968467947703828,0.9699809022570545,0.9403277903130078,0.9974363030841437,
TON_IoT,binary,trades,transformer,48,square_clean_subset,0,0.973,0.9711827485913864,0.9725358559658224,0.9453614211202354,0.9978460078127853,
TON_IoT,binary,trades,ft,48,clean,0,0.985112401369659,0.9852338709969537,0.9848065636007155,0.9696313083879584,0.9980969569422359,
TON_IoT,binary,trades,ft,48,gaussian,0.05,0.985112401369659,0.9852338709969537,0.9848065636007155,0.9696313083879584,0.9980836904274625,
TON_IoT,binary,trades,ft,48,fgsm,0.05,0.985112401369659,0.9852338709969537,0.9848065636007155,0.9696313083879584,0.9975723636310948,
TON_IoT,binary,trades,ft,48,pgd,0.05,0.985112401369659,0.9852338709969537,0.9848065636007155,0.9696313083879584,0.9975717750143984,0.0
TON_IoT,binary,trades,ft,48,transfer_mlp,0.05,0.985112401369659,0.9852338709969537,0.9848065636007155,0.9696313083879584,0.9978428103640006,
TON_IoT,binary,trades,ft,48,transfer_tf,0.05,0.985112401369659,0.9852338709969537,0.9848065636007155,0.9696313083879584,0.9979598092519678,
TON_IoT,binary,trades,ft,48,gaussian,0.1,0.9842191454518386,0.9844095812309153,0.983897728428173,0.9678216042920789,0.9979553719876408,
TON_IoT,binary,trades,ft,48,fgsm,0.1,0.9846657734107489,0.9847556425702084,0.9843500854472563,0.9687165730427865,0.9973385922461976,
TON_IoT,binary,trades,ft,48,pgd,0.1,0.9846657734107489,0.9847556425702084,0.9843500854472563,0.9687165730427865,0.9973228807082236,0.0
TON_IoT,binary,trades,ft,48,transfer_mlp,0.1,0.985112401369659,0.9852338709969537,0.9848065636007155,0.9696313083879584,0.9975509017607789,
TON_IoT,binary,trades,ft,48,transfer_tf,0.1,0.985112401369659,0.9852338709969537,0.9848065636007155,0.9696313083879584,0.9978064519634442,
TON_IoT,binary,trades,ft,48,gaussian,0.2,0.977073098109275,0.9770663162737122,0.9766041231394224,0.9532300548676431,0.9970891093233263,
TON_IoT,binary,trades,ft,48,fgsm,0.2,0.9867500372189966,0.9865761887340576,0.9864690224194459,0.9729391845855262,0.9968414375287517,
TON_IoT,binary,trades,ft,48,pgd,0.2,0.9638231353282716,0.9640830619659435,0.963122268550596,0.9263424702573255,0.9941997257951758,0.0
TON_IoT,binary,trades,ft,48,transfer_mlp,0.2,0.9736489504242966,0.9720929126927493,0.9730294601407181,0.9461503649769017,0.9951669588620319,
TON_IoT,binary,trades,ft,48,transfer_tf,0.2,0.9742444543695102,0.9727892915228329,0.9736438235402385,0.9473635782591622,0.9963955377421025,
TON_IoT,binary,trades,ft,48,pgd_constrained,0.1,0.985112401369659,0.9852338709969537,0.9848065636007155,0.9696313083879584,0.9976316328046045,1.0
TON_IoT,binary,trades,ft,48,square,0.1,0.983,0.9833582807004734,0.9827801193439023,0.9656106471030034,0.9982121053549625,
TON_IoT,binary,trades,ft,48,square_clean_subset,0,0.984,0.984372401315923,0.9837930535001433,0.9676365680457575,0.9984382542522078,
TON_IoT,binary,trades,aam_noGate,48,clean,0,0.9857079053148727,0.9860183612186719,0.985419308833561,0.9708742514423977,0.9980623643917688,
TON_IoT,binary,trades,aam_noGate,48,gaussian,0.05,0.9857079053148727,0.9860183612186719,0.985419308833561,0.9708742514423977,0.9980165881240696,
TON_IoT,binary,trades,aam_noGate,48,fgsm,0.05,0.9855590293285693,0.9858883222069685,0.9852680558843835,0.9705743270913081,0.9977005915145016,
TON_IoT,binary,trades,aam_noGate,48,pgd,0.05,0.9855590293285693,0.9858883222069685,0.9852680558843835,0.9705743270913081,0.997692803662826,0.0
TON_IoT,binary,trades,aam_noGate,48,transfer_mlp,0.05,0.9857079053148727,0.9860183612186719,0.985419308833561,0.9708742514423977,0.997837965595807,
TON_IoT,binary,trades,aam_noGate,48,transfer_tf,0.05,0.9855590293285693,0.9858883222069685,0.9852680558843835,0.9705743270913081,0.9978941105730048,
TON_IoT,binary,trades,aam_noGate,48,gaussian,0.1,0.985112401369659,0.9853219823885884,0.9848091777624274,0.9696445276742576,0.9980437097703128,
TON_IoT,binary,trades,aam_noGate,48,fgsm,0.1,0.985112401369659,0.9854541494760405,0.9848130767164592,0.9696670270675107,0.9974231266594463,
TON_IoT,binary,trades,aam_noGate,48,pgd,0.1,0.985112401369659,0.9854541494760405,0.9848130767164592,0.9696670270675107,0.9973359208319599,0.0
TON_IoT,binary,trades,aam_noGate,48,transfer_mlp,0.1,0.9852612773559625,0.9855841884877441,0.9849643044593193,0.9699668122234034,0.9976582111123588,
TON_IoT,binary,trades,aam_noGate,48,transfer_tf,0.1,0.9854101533422659,0.9857142274994476,0.9851155444342602,0.970266711438662,0.9977302034621529,
TON_IoT,binary,trades,aam_noGate,48,gaussian,0.2,0.9785618579723091,0.978675096261469,0.9781270917531107,0.9562846816927246,0.9972089154601533,
TON_IoT,binary,trades,aam_noGate,48,fgsm,0.2,0.9834747655203215,0.983671274780763,0.9831389106836289,0.9663061684467804,0.9965831706336413,
TON_IoT,binary,trades,aam_noGate,48,pgd,0.2,0.9758820902188478,0.9751008345679191,0.9753520578028418,0.9507106146670048,0.9951226314969698,0.0
TON_IoT,binary,trades,aam_noGate,48,transfer_mlp,0.2,0.9735000744379931,0.972447486335037,0.9729055414712959,0.9458328904781426,0.9960423224460374,
TON_IoT,binary,trades,aam_noGate,48,transfer_tf,0.2,0.9754354622599375,0.9742261048788174,0.9748741064200914,0.949791637559305,0.9968282615703932,
TON_IoT,binary,trades,aam_noGate,48,pgd_constrained,0.1,0.9858567813011762,0.9861924559261929,0.9855718073094477,0.9711818419592128,0.9977067493507106,1.0
TON_IoT,binary,trades,aam_noGate,48,square,0.1,0.9855,0.9861927478206548,0.9853207628445223,0.9707551176932142,0.9985163415395975,
TON_IoT,binary,trades,aam_noGate,48,square_clean_subset,0,0.9855,0.9861927478206548,0.9853207628445223,0.9707551176932142,0.9988175353623858,
TON_IoT,binary,trades,aam_trans,48,clean,0,0.9839213934792318,0.9843697816865951,0.9836023048762075,0.9672633648028592,0.9977016781914798,
TON_IoT,binary,trades,aam_trans,48,gaussian,0.05,0.9839213934792318,0.9843697816865951,0.9836023048762075,0.9672633648028592,0.997737493253547,
TON_IoT,binary,trades,aam_trans,48,fgsm,0.05,0.9833258895340181,0.983717458552329,0.9829935405185164,0.9660394646477799,0.9974022534058268,
TON_IoT,binary,trades,aam_trans,48,pgd,0.05,0.9833258895340181,0.983717458552329,0.9829935405185164,0.9660394646477799,0.9974000800518708,0.0
TON_IoT,binary,trades,aam_trans,48,transfer_mlp,0.05,0.9839213934792318,0.9843697816865951,0.9836023048762075,0.9672633648028592,0.9975563351456691,
TON_IoT,binary,trades,aam_trans,48,transfer_tf,0.05,0.983623641506625,0.9840215922715534,0.9832972272949714,0.9666468547059767,0.9975529845583202,
TON_IoT,binary,trades,aam_trans,48,gaussian,0.1,0.9839213934792318,0.9843257259907777,0.9836009140714265,0.9672542447641734,0.9976956109116859,
TON_IoT,binary,trades,aam_trans,48,fgsm,0.1,0.9827303855888045,0.9831532468096975,0.9823876607929636,0.9648340026441988,0.9971239282648304,
TON_IoT,binary,trades,aam_trans,48,pgd,0.1,0.9827303855888045,0.9831532468096975,0.9823876607929636,0.9648340026441988,0.9971010174918771,0.0
TON_IoT,binary,trades,aam_trans,48,transfer_mlp,0.1,0.9831770135477148,0.9835874195406253,0.9828424251459342,0.9657403473247926,0.9973800218059847,
TON_IoT,binary,trades,aam_trans,48,transfer_tf,0.1,0.9831770135477148,0.9835874195406253,0.9828424251459342,0.9657403473247926,0.9974139804615479,
TON_IoT,binary,trades,aam_trans,48,gaussian,0.2,0.9794551138901295,0.9797196645065943,0.9790438311934941,0.9581338819532357,0.997039212738752,
TON_IoT,binary,trades,aam_trans,48,fgsm,0.2,0.9739467023969034,0.973013826153417,0.9733681795063205,0.9467493809447386,0.9956600385408103,
TON_IoT,binary,trades,aam_trans,48,pgd,0.2,0.9670984070269466,0.9669879759192381,0.9664325985835526,0.9328976825714651,0.994824610335747,0.0
TON_IoT,binary,trades,aam_trans,48,transfer_mlp,0.2,0.9718624385886556,0.9708408344230288,0.971235050508083,0.9424863336250255,0.9960247545015593,
TON_IoT,binary,trades,aam_trans,48,transfer_tf,0.2,0.9730534464790829,0.9719252022124742,0.9724451598332218,0.9449184742166404,0.9969167351876872,
TON_IoT,binary,trades,aam_trans,48,pgd_constrained,0.1,0.9833258895340181,0.983717458552329,0.9829935405185164,0.9660394646477799,0.9974361667831826,1.0
TON_IoT,binary,trades,aam_trans,48,square,0.1,0.9835,0.9841645065897557,0.9832960404782496,0.9667054366487369,0.9982222465611169,
TON_IoT,binary,trades,aam_trans,48,square_clean_subset,0,0.9845,0.9850589609725822,0.9843048742731828,0.968695016476939,0.9984909885242111,
TON_IoT,binary,trades,aam_v4d,48,clean,0,0.9861545332737829,0.9864084782537825,0.9858731413835811,0.9717747102812562,0.998070514469104,
TON_IoT,binary,trades,aam_v4d,48,gaussian,0.05,0.9860056572874796,0.9862343835462617,0.9857206270966817,0.9714674510564363,0.9979905531548043,
TON_IoT,binary,trades,aam_v4d,48,fgsm,0.05,0.9860056572874796,0.9862343835462617,0.9857206270966817,0.9714674510564363,0.9976943884000855,
TON_IoT,binary,trades,aam_v4d,48,pgd,0.05,0.9860056572874796,0.9862343835462617,0.9857206270966817,0.9714674510564363,0.997692713106411,0.0
TON_IoT,binary,trades,aam_v4d,48,transfer_mlp,0.05,0.9860056572874796,0.9862343835462617,0.9857206270966817,0.9714674510564363,0.9979071959749486,
TON_IoT,binary,trades,aam_v4d,48,transfer_tf,0.05,0.9860056572874796,0.9862343835462617,0.9857206270966817,0.9714674510564363,0.9979554625440556,
TON_IoT,binary,trades,aam_v4d,48,gaussian,0.1,0.9849635253833556,0.9853241104643371,0.9846618611836003,0.9693673558630419,0.997990824824049,
TON_IoT,binary,trades,aam_v4d,48,fgsm,0.1,0.9854101533422659,0.9855380047161781,0.9851104323287012,0.9702390515685624,0.9973174020451261,
TON_IoT,binary,trades,aam_v4d,48,pgd,0.1,0.9854101533422659,0.9855380047161781,0.9851104323287012,0.9702390515685624,0.9972680940772481,0.0
TON_IoT,binary,trades,aam_v4d,48,transfer_mlp,0.1,0.9855590293285693,0.985712099423699,0.9852630017087073,0.9705460559600723,0.9976056883917541,
TON_IoT,binary,trades,aam_v4d,48,transfer_tf,0.1,0.9855590293285693,0.985712099423699,0.9852630017087073,0.9705460559600723,0.9976808502160676,
TON_IoT,binary,trades,aam_v4d,48,gaussian,0.2,0.9782641059997023,0.9785471853255141,0.9778308653187803,0.9557138336584353,0.997045506409583,
TON_IoT,binary,trades,aam_v4d,48,fgsm,0.2,0.9848146493970522,0.985017848669364,0.984505361317676,0.9690368865468646,0.9964777176885655,
TON_IoT,binary,trades,aam_v4d,48,pgd,0.2,0.9714158106297455,0.9731821705285959,0.9709337851475046,0.9423865446101342,0.9948947010008296,0.0
TON_IoT,binary,trades,aam_v4d,48,transfer_mlp,0.2,0.9660562751228227,0.9686329331947217,0.9655389331775603,0.9320704501161939,0.9955396890654941,
TON_IoT,binary,trades,aam_v4d,48,transfer_tf,0.2,0.9834747655203215,0.9840677760431193,0.9831517904845231,0.9663873195397038,0.9968747170112036,
TON_IoT,binary,trades,aam_v4d,48,pgd_constrained,0.1,0.9857079053148727,0.9858861941312198,0.9854155572817178,0.9708531239614886,0.9976682175961982,1.0
TON_IoT,binary,trades,aam_v4d,48,square,0.1,0.9845,0.9850589609725822,0.9843048742731828,0.968695016476939,0.9985771887765242,
TON_IoT,binary,trades,aam_v4d,48,square_clean_subset,0,0.9855,0.9861927478206548,0.9853207628445223,0.9707551176932142,0.9988570860663885,
TON_IoT,binary,trades,transformer,49,clean,0,0.9740955783832068,0.9718662499864166,0.9734479920889985,0.9471577050708194,0.997798211329694,
TON_IoT,binary,trades,transformer,49,gaussian,0.05,0.9740955783832068,0.9718662499864166,0.9734479920889985,0.9471577050708194,0.9977977585476199,
TON_IoT,binary,trades,transformer,49,fgsm,0.05,0.9736489504242966,0.9713439658638539,0.9729863306960234,0.9462553978898592,0.9971297238753798,
TON_IoT,binary,trades,transformer,49,pgd,0.05,0.9735000744379931,0.971169871156333,0.9728324117095304,0.9459547445709579,0.9971225699186079,0.0
TON_IoT,binary,trades,transformer,49,transfer_mlp,0.05,0.9737978264106,0.9715180605713747,0.9731402337392574,0.9465561090381212,0.9975240065055728,
TON_IoT,binary,trades,transformer,49,transfer_tf,0.05,0.9736489504242966,0.9713439658638539,0.9729863306960234,0.9462553978898592,0.997431322014989,
TON_IoT,binary,trades,transformer,49,gaussian,0.1,0.9740955783832068,0.9718662499864166,0.9734479920889985,0.9471577050708194,0.9978194920871806,
TON_IoT,binary,trades,transformer,49,fgsm,0.1,0.9724579425338693,0.9699952638995042,0.9717572497839426,0.9438415837933994,0.9961271738067382,
TON_IoT,binary,trades,transformer,49,pgd,0.1,0.9724579425338693,0.9699952638995042,0.9717572497839426,0.9438415837933994,0.9960184155525209,0.0
TON_IoT,binary,trades,transformer,49,transfer_mlp,0.1,0.9735000744379931,0.971169871156333,0.9728324117095304,0.9459547445709579,0.9973061730496866,
TON_IoT,binary,trades,transformer,49,transfer_tf,0.1,0.9730534464790829,0.9706475870337703,0.9723705588577203,0.9450531309707101,0.9969992773598096,
TON_IoT,binary,trades,transformer,49,gaussian,0.2,0.9736489504242966,0.9713439658638539,0.9729863306960234,0.9462553978898592,0.9977185669628464,
TON_IoT,binary,trades,transformer,49,fgsm,0.2,0.9714158106297455,0.9688647123384926,0.9706843696161116,0.9417190264458154,0.9928797754925364,
TON_IoT,binary,trades,transformer,49,pgd,0.2,0.9708203066845318,0.9683005005958611,0.9700765113528752,0.9404872874837438,0.9915784345331454,0.0
TON_IoT,binary,trades,transformer,49,transfer_mlp,0.2,0.972011314574959,0.9694729797769415,0.971295111915776,0.9429407371117723,0.9958982924682419,
TON_IoT,binary,trades,transformer,49,transfer_tf,0.2,0.972011314574959,0.9695170354727589,0.9712978782364313,0.942930452897932,0.9952253224713933,
TON_IoT,binary,trades,transformer,49,pgd_constrained,0.1,0.9737978264106,0.9715180605713747,0.9731402337392574,0.9465561090381212,0.9972606231730243,1.0
TON_IoT,binary,trades,transformer,49,square,0.1,0.975,0.9728530814979414,0.9743845897692052,0.9490166092187047,0.9973240106855761,
TON_IoT,binary,trades,transformer,49,square_clean_subset,0,0.976,0.9740213057970067,0.9754169893186818,0.9510385552639616,0.9981098049147115,
TON_IoT,binary,trades,ft,49,clean,0,0.9751377102873307,0.9734814142014192,0.9745461448598263,0.9492099989969114,0.9980277718413018,
TON_IoT,binary,trades,ft,49,gaussian,0.05,0.9766264701503647,0.9753104726682629,0.9760857802381873,0.9522335343053425,0.9980554821042412,
TON_IoT,binary,trades,ft,49,fgsm,0.05,0.9717135626023522,0.9704464612364211,0.9710684692265701,0.9421774406741825,0.9977446019321118,
TON_IoT,binary,trades,ft,49,pgd,0.05,0.9717135626023522,0.9704464612364211,0.9710684692265701,0.9421774406741825,0.9977405268934441,0.0
TON_IoT,binary,trades,ft,49,transfer_mlp,0.05,0.9717135626023522,0.9704464612364211,0.9710684692265701,0.9421774406741825,0.9978898544215075,
TON_IoT,binary,trades,ft,49,transfer_tf,0.05,0.9717135626023522,0.9704464612364211,0.9710684692265701,0.9421774406741825,0.997925669483575,
TON_IoT,binary,trades,ft,49,gaussian,0.1,0.9766264701503647,0.9753104726682629,0.9760857802381873,0.9522335343053425,0.9979834897544473,
TON_IoT,binary,trades,ft,49,fgsm,0.1,0.9717135626023522,0.9704464612364211,0.9710684692265701,0.9421774406741825,0.9973758109326949,
TON_IoT,binary,trades,ft,49,pgd,0.1,0.9717135626023522,0.9704464612364211,0.9710684692265701,0.9421774406741825,0.997348734564659,0.0
TON_IoT,binary,trades,ft,49,transfer_mlp,0.1,0.9717135626023522,0.9704464612364211,0.9710684692265701,0.9421774406741825,0.9977558309275513,
TON_IoT,binary,trades,ft,49,transfer_tf,0.1,0.9717135626023522,0.9704464612364211,0.9710684692265701,0.9421774406741825,0.997844802605127,
TON_IoT,binary,trades,ft,49,gaussian,0.2,0.9752865862736341,0.9740960658671138,0.974722978376898,0.9494866149028112,0.9977565553788699,
TON_IoT,binary,trades,ft,49,fgsm,0.2,0.9718624385886556,0.9705765002481246,0.9712194309902865,0.9424821201730456,0.9959945539372118,
TON_IoT,binary,trades,ft,49,pgd,0.2,0.9715646866160488,0.9702723665289001,0.9709148747044694,0.9418729937241906,0.9957126065396219,0.0
TON_IoT,binary,trades,ft,49,transfer_mlp,0.2,0.9717135626023522,0.9704464612364211,0.9710684692265701,0.9421774406741825,0.9966178990187307,
TON_IoT,binary,trades,ft,49,transfer_tf,0.2,0.9717135626023522,0.9704464612364211,0.9710684692265701,0.9421774406741825,0.9971524535355035,
TON_IoT,binary,trades,ft,49,pgd_constrained,0.1,0.9749888343010272,0.9733073194938984,0.9743925359535097,0.9489074342809917,0.997821710719344,1.0
TON_IoT,binary,trades,ft,49,square,0.1,0.9755,0.9744665381347625,0.9749551172701079,0.9499351816107955,0.9982262188745834,
TON_IoT,binary,trades,ft,49,square_clean_subset,0,0.9775,0.9762147898830142,0.9769856229186372,0.9540330563860198,0.9983436540095417,
TON_IoT,binary,trades,aam_noGate,49,clean,0,0.9861545332737829,0.9863203668621477,0.9858707129784514,0.9717614911202338,0.9984872550901762,
TON_IoT,binary,trades,aam_noGate,49,gaussian,0.05,0.9861545332737829,0.9863203668621477,0.9858707129784514,0.9717614911202338,0.9984623973543038,
TON_IoT,binary,trades,aam_noGate,49,fgsm,0.05,0.9861545332737829,0.9863203668621477,0.9858707129784514,0.9717614911202338,0.9981516530167964,
TON_IoT,binary,trades,aam_noGate,49,pgd,0.05,0.9861545332737829,0.9863203668621477,0.9858707129784514,0.9717614911202338,0.9981468082486028,0.0
TON_IoT,binary,trades,aam_noGate,49,transfer_mlp,0.05,0.9861545332737829,0.9863203668621477,0.9858707129784514,0.9717614911202338,0.998277798102662,
TON_IoT,binary,trades,aam_noGate,49,transfer_tf,0.05,0.9861545332737829,0.9863203668621477,0.9858707129784514,0.9717614911202338,0.9983282380257252,
TON_IoT,binary,trades,aam_noGate,49,gaussian,0.1,0.9854101533422659,0.9854498933245432,0.985107858787247,0.970227361120555,0.9983829793784932,
TON_IoT,binary,trades,aam_noGate,49,fgsm,0.1,0.9857079053148727,0.9859302498270373,0.9854168106519303,0.9708598099290433,0.9979564586646188,
TON_IoT,binary,trades,aam_noGate,49,pgd,0.1,0.9857079053148727,0.9859302498270373,0.9854168106519303,0.9708598099290433,0.9979479010834169,0.0
TON_IoT,binary,trades,aam_noGate,49,transfer_mlp,0.1,0.9861545332737829,0.9863203668621477,0.9858707129784514,0.9717614911202338,0.9981698095779709,
TON_IoT,binary,trades,aam_noGate,49,transfer_tf,0.1,0.9861545332737829,0.9863203668621477,0.9858707129784514,0.9717614911202338,0.9983032444552307,
TON_IoT,binary,trades,aam_noGate,49,gaussian,0.2,0.9788596099449158,0.9788911185890585,0.9784271784792076,0.9568762070939559,0.9974993751607376,
TON_IoT,binary,trades,aam_noGate,49,fgsm,0.2,0.985112401369659,0.985277926692771,0.9848078721684561,0.969637739886051,0.9972256231186903,
TON_IoT,binary,trades,aam_noGate,49,pgd,0.2,0.963972011314575,0.9634641541487516,0.9632191449410705,0.9264446930136749,0.9952745851610637,0.0
TON_IoT,binary,trades,aam_noGate,49,transfer_mlp,0.2,0.9839213934792318,0.9843257259907777,0.9836009140714265,0.9672542447641734,0.9972300603830174,
TON_IoT,binary,trades,aam_noGate,49,transfer_tf,0.2,0.985112401369659,0.9853660380844058,0.9848104803841047,0.9696516715807397,0.9976770468466446,
TON_IoT,binary,trades,aam_noGate,49,pgd_constrained,0.1,0.9861545332737829,0.9863203668621477,0.9858707129784514,0.9717614911202338,0.9981576750183829,1.0
TON_IoT,binary,trades,aam_noGate,49,square,0.1,0.985,0.9851235213384746,0.9846957359259437,0.9694099172044456,0.9978085582641657,
TON_IoT,binary,trades,aam_noGate,49,square_clean_subset,0,0.9855,0.9855605842755375,0.9852037456972875,0.9704203110384823,0.9983742892621398,
TON_IoT,binary,trades,aam_trans,49,clean,0,0.9839213934792318,0.9844138373824125,0.9836036924803855,0.9672728390298063,0.9982155858456699,
TON_IoT,binary,trades,aam_trans,49,gaussian,0.05,0.9833258895340181,0.983717458552329,0.9829935405185164,0.9660394646477799,0.9982365949339119,
TON_IoT,binary,trades,aam_trans,49,fgsm,0.05,0.9819860056572874,0.9821506061846409,0.9816198936281,0.9632680896498494,0.9979507988886918,
TON_IoT,binary,trades,aam_trans,49,pgd,0.05,0.9819860056572874,0.9821506061846409,0.9816198936281,0.9632680896498494,0.9979493499860543,0.0
TON_IoT,binary,trades,aam_trans,49,transfer_mlp,0.05,0.9831770135477148,0.983543363844808,0.9828409682770383,0.9657312803558007,0.9980161806202028,
TON_IoT,binary,trades,aam_trans,49,transfer_tf,0.05,0.983623641506625,0.9840656479673706,0.9832986438553964,0.9666560242631941,0.9980635416251616,
TON_IoT,binary,trades,aam_trans,49,gaussian,0.1,0.9825815096025011,0.9827588736230897,0.9822275004503116,0.9644833211686219,0.9981484835422771,
TON_IoT,binary,trades,aam_trans,49,fgsm,0.1,0.9766264701503647,0.9759272524097062,0.9761159892027328,0.9522356360821974,0.9976666328589383,
TON_IoT,binary,trades,aam_trans,49,pgd,0.1,0.9766264701503647,0.9759272524097062,0.9761159892027328,0.9522356360821974,0.9976544982993505,0.0
TON_IoT,binary,trades,aam_trans,49,transfer_mlp,0.1,0.9767753461366682,0.9761013471172271,0.9762691716916092,0.9525412336077478,0.9978395050548592,
TON_IoT,binary,trades,aam_trans,49,transfer_tf,0.1,0.977073098109275,0.9764054808364515,0.9765734130801784,0.9531497173052753,0.9979103201712604,
TON_IoT,binary,trades,aam_trans,49,gaussian,0.2,0.9785618579723091,0.9788513190447385,0.9781345520952354,0.956321223716632,0.9978294985710198,
TON_IoT,binary,trades,aam_trans,49,fgsm,0.2,0.9676939109721602,0.966891352224609,0.9669942023166958,0.9339895223733307,0.9963399813816011,
TON_IoT,binary,trades,aam_trans,49,pgd,0.2,0.9669495310406432,0.9661089900786393,0.966232203662493,0.9324660157148724,0.9961904727407079,0.0
TON_IoT,binary,trades,aam_trans,49,transfer_mlp,0.2,0.9673961589995533,0.9666312742012019,0.9666929488626115,0.9333862999133543,0.9966120128517664,
TON_IoT,binary,trades,aam_trans,49,transfer_tf,0.2,0.9702248027393181,0.9692782382068381,0.9695677230295814,0.9391442399435702,0.9971325311242397,
TON_IoT,binary,trades,aam_trans,49,pgd_constrained,0.1,0.9782641059997023,0.9778422941924361,0.9778001925422128,0.95560056585459,0.9978644986253536,1.0
TON_IoT,binary,trades,aam_trans,49,square,0.1,0.978,0.9772400496699563,0.9775208340996685,0.9550498287597848,0.9984610891445004,
TON_IoT,binary,trades,aam_trans,49,square_clean_subset,0,0.9855,0.9860017319129468,0.985216417627026,0.9704947792950646,0.9987082135154566,
TON_IoT,binary,trades,aam_v4d,49,clean,0,0.9858567813011762,0.9861043445345581,0.9855693379724751,0.97116709452187,0.9985777209485965,
TON_IoT,binary,trades,aam_v4d,49,gaussian,0.05,0.9860056572874796,0.986278439242079,0.9857218515610584,0.9714744429291055,0.9985623263580745,
TON_IoT,binary,trades,aam_v4d,49,fgsm,0.05,0.9855590293285693,0.9858442665111511,0.9852667966633692,0.9705667248213493,0.9982663879943926,
TON_IoT,binary,trades,aam_v4d,49,pgd,0.05,0.9855590293285693,0.9858442665111511,0.9852667966633692,0.9705667248213493,0.9982657540994888,0.0
TON_IoT,binary,trades,aam_v4d,49,transfer_mlp,0.05,0.9858567813011762,0.9861043445345581,0.9855693379724751,0.97116709452187,0.9983797646257665,
TON_IoT,binary,trades,aam_v4d,49,transfer_tf,0.05,0.9858567813011762,0.9861043445345581,0.9855693379724751,0.97116709452187,0.9984265822922366,
TON_IoT,binary,trades,aam_v4d,49,gaussian,0.1,0.9852612773559625,0.985452021400292,0.9849604400836999,0.969944922531408,0.9984937751520444,
TON_IoT,binary,trades,aam_v4d,49,fgsm,0.1,0.9852612773559625,0.9855841884877441,0.9849643044593193,0.9699668122234034,0.9979428299241861,
TON_IoT,binary,trades,aam_v4d,49,pgd,0.1,0.9852612773559625,0.9855841884877441,0.9849643044593193,0.9699668122234034,0.9979287484016792,0.0
TON_IoT,binary,trades,aam_v4d,49,transfer_mlp,0.1,0.9855590293285693,0.9858442665111511,0.9852667966633692,0.9705667248213493,0.998254615660464,
TON_IoT,binary,trades,aam_v4d,49,transfer_tf,0.1,0.9858567813011762,0.9861043445345581,0.9855693379724751,0.97116709452187,0.9983788590616182,
TON_IoT,binary,trades,aam_v4d,49,gaussian,0.2,0.9797528658627364,0.9801119096174535,0.9793510505848537,0.9587605972475478,0.9976541813518985,
TON_IoT,binary,trades,aam_v4d,49,fgsm,0.2,0.9824326336161977,0.9831575029611948,0.9820945390338804,0.9643021114437033,0.9971347950346107,
TON_IoT,binary,trades,aam_v4d,49,pgd,0.2,0.9633765073693613,0.9640894461931895,0.9626993924747484,0.9256033551468995,0.9954652064142919,0.0
TON_IoT,binary,trades,aam_v4d,49,transfer_mlp,0.2,0.9691826708351943,0.9715399752237649,0.9686977879134364,0.9382270398995837,0.9970839023294733,
TON_IoT,binary,trades,aam_v4d,49,transfer_tf,0.2,0.9797528658627364,0.9807727450547141,0.9793768387897264,0.9589498232150654,0.9975135019614519,
TON_IoT,binary,trades,aam_v4d,49,pgd_constrained,0.1,0.9855590293285693,0.9858442665111511,0.9852667966633692,0.9705667248213493,0.9982297126463844,1.0
TON_IoT,binary,trades,aam_v4d,49,square,0.1,0.9855,0.9857076334880073,0.9852080022667462,0.9704411169607228,0.9985775031043722,
TON_IoT,binary,trades,aam_v4d,49,square_clean_subset,0,0.986,0.9861446964250702,0.9857160201975474,0.9714505052456451,0.9987817381216915,
TON_IoT,binary,trades,transformer,50,clean,0,0.9743933303558137,0.9721703837056409,0.9737531875822283,0.9477681801695228,0.9976311347443231,
TON_IoT,binary,trades,transformer,50,gaussian,0.05,0.9742444543695102,0.9720403446939374,0.9736018474420082,0.9474585900793784,0.9976398281601472,
TON_IoT,binary,trades,transformer,50,fgsm,0.05,0.9739467023969034,0.971736210974713,0.9732966664875806,0.9468481462729305,0.99706782856584,
TON_IoT,binary,trades,transformer,50,pgd,0.05,0.9739467023969034,0.971736210974713,0.9732966664875806,0.9468481462729305,0.9970652477080171,0.0
TON_IoT,binary,trades,transformer,50,transfer_mlp,0.05,0.9743933303558137,0.9721703837056409,0.9737531875822283,0.9477681801695228,0.9973172662105038,
TON_IoT,binary,trades,transformer,50,transfer_tf,0.05,0.9740955783832068,0.9718662499864166,0.9734479920889985,0.9471577050708194,0.9972386632424268,
TON_IoT,binary,trades,transformer,50,gaussian,0.1,0.974542206342117,0.9723444784131619,0.9739070283964358,0.9480690338858263,0.9975552484686909,
TON_IoT,binary,trades,transformer,50,fgsm,0.1,0.9732023224653863,0.9708657374371086,0.9725271579085139,0.9453441436979049,0.9963578209953237,
TON_IoT,binary,trades,transformer,50,pgd,0.1,0.9726068185201727,0.9703455813902946,0.9719220146228489,0.9441053295773026,0.9963109127724391,0.0
TON_IoT,binary,trades,transformer,50,transfer_mlp,0.1,0.9739467023969034,0.9716480995830783,0.9732915698971982,0.9468659672284716,0.9971139670591984,
TON_IoT,binary,trades,transformer,50,transfer_tf,0.1,0.9739467023969034,0.971736210974713,0.9732966664875806,0.9468481462729305,0.9968683780621651,
TON_IoT,binary,trades,transformer,50,gaussian,0.2,0.9749888343010272,0.9729548739273592,0.9743733127966657,0.9489561883414946,0.997605869504584,
TON_IoT,binary,trades,transformer,50,fgsm,0.2,0.9690337948488909,0.9670924780219581,0.9682866430441424,0.9367246240859203,0.9937178298336297,
TON_IoT,binary,trades,transformer,50,pgd,0.2,0.9685871668899807,0.9666583052910303,0.9678307438089162,0.9358075676997324,0.9931638509658748,0.0
TON_IoT,binary,trades,transformer,50,transfer_mlp,0.2,0.970522554711925,0.9684369238348106,0.9697999716975356,0.9397963729052631,0.9956588160292099,
TON_IoT,binary,trades,transformer,50,transfer_tf,0.2,0.9696292987941045,0.9677888568520416,0.9689023261049543,0.9379358715342442,0.9950426701826705,
TON_IoT,binary,trades,transformer,50,pgd_constrained,0.1,0.9737978264106,0.9715621162671921,0.9731427965957685,0.946547229972116,0.9971145556758949,1.0
TON_IoT,binary,trades,transformer,50,square,0.1,0.974,0.9717332529520142,0.9732540831242522,0.9467140111083937,0.997511665031358,
TON_IoT,binary,trades,transformer,50,square_clean_subset,0,0.974,0.9717332529520142,0.9732540831242522,0.9467140111083937,0.9979658604953499,
TON_IoT,binary,trades,ft,50,clean,0,0.9852612773559625,0.9853198543128399,0.9849565492183505,0.9699262397294809,0.9985252887844069,
TON_IoT,binary,trades,ft,50,gaussian,0.05,0.985112401369659,0.9851898153011363,0.9848052520577267,0.9696252333530871,0.9984953146110963,
TON_IoT,binary,trades,ft,50,fgsm,0.05,0.9848146493970522,0.9849297372777293,0.9845026948727298,0.9690235652073544,0.9981494796628404,
TON_IoT,binary,trades,ft,50,pgd,0.05,0.9848146493970522,0.9849297372777293,0.9845026948727298,0.9690235652073544,0.9981446801728541,0.0
TON_IoT,binary,trades,ft,50,transfer_mlp,0.05,0.9852612773559625,0.9853198543128399,0.9849565492183505,0.9699262397294809,0.9983540466039533,
TON_IoT,binary,trades,ft,50,transfer_tf,0.05,0.9849635253833556,0.9850597762894329,0.984653967283232,0.9693243418820964,0.9983422742700248,
TON_IoT,binary,trades,ft,50,gaussian,0.1,0.9843680214381421,0.9844955645468014,0.9840475791692193,0.9681151856397493,0.9983980117433559,
TON_IoT,binary,trades,ft,50,fgsm,0.1,0.9843680214381421,0.9844955645468014,0.9840475791692193,0.9681151856397493,0.9978654947459168,
TON_IoT,binary,trades,ft,50,pgd,0.1,0.9843680214381421,0.9844955645468014,0.9840475791692193,0.9681151856397493,0.9978442592666379,0.0
TON_IoT,binary,trades,ft,50,transfer_mlp,0.1,0.985112401369659,0.9851898153011363,0.9848052520577267,0.9696252333530871,0.998271504431831,
TON_IoT,binary,trades,ft,50,transfer_tf,0.1,0.985112401369659,0.9851898153011363,0.9848052520577267,0.9696252333530871,0.9982168536354779,
TON_IoT,binary,trades,ft,50,gaussian,0.2,0.9785618579723091,0.9788072633489211,0.9781326934192982,0.9563115625284125,0.9977107791111707,
TON_IoT,binary,trades,ft,50,fgsm,0.2,0.9845168974244455,0.9846696592543223,0.9842001870551943,0.9684223558106133,0.9976552680288766,
TON_IoT,binary,trades,ft,50,pgd,0.2,0.9627810034241476,0.9631727888840189,0.9620710145349157,0.9242710905622857,0.9959037258531319,0.0
TON_IoT,binary,trades,ft,50,transfer_mlp,0.2,0.9584635998213488,0.9586086550199043,0.9576589009284621,0.9154151685107257,0.9963405699982975,
TON_IoT,binary,trades,ft,50,transfer_tf,0.2,0.972011314574959,0.9704422050849238,0.9713546472853973,0.9427965580505228,0.9968351438579207,
TON_IoT,binary,trades,ft,50,pgd_constrained,0.1,0.9848146493970522,0.9849297372777293,0.9845026948727298,0.9690235652073544,0.9981810838516179,1.0
TON_IoT,binary,trades,ft,50,square,0.1,0.986,0.9862900637821667,0.9856644183696144,0.9713618975394103,0.9982590882666856,
TON_IoT,binary,trades,ft,50,square_clean_subset,0,0.9875,0.9875865201348027,0.9871943253445559,0.9744015975968474,0.9984713195557291,
TON_IoT,binary,trades,aam_noGate,50,clean,0,0.9845168974244455,0.9847137149501397,0.9842015448729244,0.9684292454194717,0.9986747068688853,
TON_IoT,binary,trades,aam_noGate,50,gaussian,0.05,0.9846657734107489,0.9848878096576605,0.984354124328052,0.9687366314843252,0.9986148038004717,
TON_IoT,binary,trades,aam_noGate,50,fgsm,0.05,0.9842191454518386,0.9844095812309153,0.983897728428173,0.9678216042920789,0.9982821448105741,
TON_IoT,binary,trades,aam_noGate,50,pgd,0.05,0.9842191454518386,0.9844095812309153,0.983897728428173,0.9678216042920789,0.9982744927935204,0.0
TON_IoT,binary,trades,aam_noGate,50,transfer_mlp,0.05,0.9843680214381421,0.9845396202426188,0.9840489516039241,0.9681219228709179,0.998437584896639,
TON_IoT,binary,trades,aam_noGate,50,transfer_tf,0.05,0.9843680214381421,0.9845396202426188,0.9840489516039241,0.9681219228709179,0.9984448746880331,
TON_IoT,binary,trades,aam_noGate,50,gaussian,0.1,0.9834747655203215,0.9837153304765802,0.9831403549446802,0.9663137684382979,0.9984739432971953,
TON_IoT,binary,trades,aam_noGate,50,fgsm,0.1,0.9842191454518386,0.9844095812309153,0.983897728428173,0.9678216042920789,0.9979364909751476,
TON_IoT,binary,trades,aam_noGate,50,pgd,0.1,0.9842191454518386,0.9844095812309153,0.983897728428173,0.9678216042920789,0.9979129463072905,0.0
TON_IoT,binary,trades,aam_noGate,50,transfer_mlp,0.1,0.9842191454518386,0.9844095812309153,0.983897728428173,0.9678216042920789,0.9982698291381565,
TON_IoT,binary,trades,aam_noGate,50,transfer_tf,0.1,0.9842191454518386,0.9844095812309153,0.983897728428173,0.9678216042920789,0.9982878951429162,
TON_IoT,binary,trades,aam_noGate,50,gaussian,0.2,0.9749888343010272,0.9746289903684198,0.9744617314322193,0.9489263436092071,0.9975449250373999,
TON_IoT,binary,trades,aam_noGate,50,fgsm,0.2,0.9839213934792318,0.9840613918158734,0.9835925019419325,0.9672069717351757,0.9974548214046386,
TON_IoT,binary,trades,aam_noGate,50,pgd,0.2,0.9706714306982284,0.9723998083826262,0.9701756889342177,0.9408604180489801,0.9955257433776094,0.0
TON_IoT,binary,trades,aam_noGate,50,transfer_mlp,0.2,0.9650141432186988,0.9676345487211623,0.9644848570127915,0.930001050430738,0.9970446008454347,
TON_IoT,binary,trades,aam_noGate,50,transfer_tf,0.2,0.9657585231502158,0.9682847437796799,0.9652340646621959,0.93143423814214,0.9964008352923706,
TON_IoT,binary,trades,aam_noGate,50,pgd_constrained,0.1,0.9842191454518386,0.9844095812309153,0.983897728428173,0.9678216042920789,0.9982854048415082,1.0
TON_IoT,binary,trades,aam_noGate,50,square,0.1,0.9855,0.9858579116646213,0.9851547552774205,0.970351318191625,0.998269340985963,
TON_IoT,binary,trades,aam_noGate,50,square_clean_subset,0,0.986,0.9862900637821667,0.9856644183696144,0.9713618975394103,0.9986374136080242,
TON_IoT,binary,trades,aam_trans,50,clean,0,0.9843680214381421,0.984451508850984,0.9840462036112807,0.9681088042034766,0.998535476381076,
TON_IoT,binary,trades,aam_trans,50,gaussian,0.05,0.9843680214381421,0.984451508850984,0.9840462036112807,0.9681088042034766,0.998543400067374,
TON_IoT,binary,trades,aam_trans,50,fgsm,0.05,0.9842191454518386,0.9842774141434631,0.9838935671811904,0.9678018496844266,0.9982154047328405,
TON_IoT,binary,trades,aam_trans,50,pgd,0.05,0.9842191454518386,0.9842774141434631,0.9838935671811904,0.9678018496844266,0.9982137747173735,0.0
TON_IoT,binary,trades,aam_trans,50,transfer_mlp,0.05,0.9842191454518386,0.9842774141434631,0.9838935671811904,0.9678018496844266,0.9983688978559864,
TON_IoT,binary,trades,aam_trans,50,transfer_tf,0.05,0.9842191454518386,0.9842774141434631,0.9838935671811904,0.9678018496844266,0.9983516015807528,
TON_IoT,binary,trades,aam_trans,50,gaussian,0.1,0.9833258895340181,0.9834090686816073,0.9829833512328013,0.9659848493043347,0.9984112782581293,
TON_IoT,binary,trades,aam_trans,50,fgsm,0.1,0.983623641506625,0.983757258096649,0.9832886593853016,0.9665992796974568,0.9979336837262878,
TON_IoT,binary,trades,aam_trans,50,pgd,0.1,0.983623641506625,0.983757258096649,0.9832886593853016,0.9665992796974568,0.9978990006194058,0.0
TON_IoT,binary,trades,aam_trans,50,transfer_mlp,0.1,0.9842191454518386,0.9842774141434631,0.9838935671811904,0.9678018496844266,0.9982929663021469,
TON_IoT,binary,trades,aam_trans,50,transfer_tf,0.1,0.9842191454518386,0.9842774141434631,0.9838935671811904,0.9678018496844266,0.9982848615030192,
TON_IoT,binary,trades,aam_trans,50,gaussian,0.2,0.974542206342117,0.974106706245857,0.9740022790306209,0.9480056831007172,0.997504310485346,
TON_IoT,binary,trades,aam_trans,50,fgsm,0.2,0.9711180586571386,0.9694857482314332,0.9704377032453557,0.9409707089109259,0.9966160878904339,
TON_IoT,binary,trades,aam_trans,50,pgd,0.2,0.9685871668899807,0.9665701938993955,0.9678247143920603,0.935816793283753,0.9953234856250748,0.0
TON_IoT,binary,trades,aam_trans,50,transfer_mlp,0.2,0.9724579425338693,0.9707001550325822,0.9717999919801047,0.9437267634933494,0.9970763861470419,
TON_IoT,binary,trades,aam_trans,50,transfer_tf,0.2,0.9724579425338693,0.9707001550325822,0.9717999919801047,0.9437267634933494,0.9972411082656273,
TON_IoT,binary,trades,aam_trans,50,pgd_constrained,0.1,0.9840702694655352,0.9841473751317595,0.9837423217753051,0.9675010353641667,0.9982469183652031,1.0
TON_IoT,binary,trades,aam_trans,50,square,0.1,0.9845,0.9848326397368743,0.984130945296553,0.9683036537557704,0.9982109004860814,
TON_IoT,binary,trades,aam_trans,50,square_clean_subset,0,0.985,0.9852647918544196,0.9846404482531581,0.9693139221448804,0.9985266842398274,
TON_IoT,binary,trades,aam_v4d,50,clean,0,0.9837725174929284,0.9836229629334483,0.9834312514487553,0.9668661827935612,0.9984919640237474,
TON_IoT,binary,trades,aam_v4d,50,gaussian,0.05,0.9839213934792318,0.9837530019451518,0.9835825416349981,0.9671679915494981,0.9984681476866458,
TON_IoT,binary,trades,aam_v4d,50,fgsm,0.05,0.9837725174929284,0.9836229629334483,0.9834312514487553,0.9668661827935612,0.9980593760300793,
TON_IoT,binary,trades,aam_v4d,50,pgd,0.05,0.9837725174929284,0.9836229629334483,0.9834312514487553,0.9668661827935612,0.9980547576529226,0.0
TON_IoT,binary,trades,aam_v4d,50,transfer_mlp,0.05,0.9839213934792318,0.9837530019451518,0.9835825416349981,0.9671679915494981,0.9982406699725795,
TON_IoT,binary,trades,aam_v4d,50,transfer_tf,0.05,0.9840702694655352,0.9839270966526728,0.9837352651836406,0.967474211424753,0.9983179145944341,
TON_IoT,binary,trades,aam_v4d,50,gaussian,0.1,0.9830281375614114,0.9829727678749307,0.9826749868456801,0.9653588673274289,0.9983113039761511,
TON_IoT,binary,trades,aam_v4d,50,fgsm,0.1,0.9834747655203215,0.9833628849100413,0.9831287084083788,0.9662629112742306,0.9977388063215621,
TON_IoT,binary,trades,aam_v4d,50,pgd,0.1,0.9833258895340181,0.9832328458983377,0.9829774555099169,0.9659614482908244,0.9977098282688149,0.0
TON_IoT,binary,trades,aam_v4d,50,transfer_mlp,0.1,0.9839213934792318,0.9837530019451518,0.9835825416349981,0.9671679915494981,0.9980846412698182,
TON_IoT,binary,trades,aam_v4d,50,transfer_tf,0.1,0.9840702694655352,0.9839270966526728,0.9837352651836406,0.967474211424753,0.9981530113630188,
TON_IoT,binary,trades,aam_v4d,50,gaussian,0.2,0.9757332142325443,0.9751470183394851,0.9752098203863273,0.9504200465816366,0.9974818977726744,
TON_IoT,binary,trades,aam_v4d,50,fgsm,0.2,0.983623641506625,0.9835369796175621,0.9832814295186685,0.9665693983720114,0.9968902927145555,
TON_IoT,binary,trades,aam_v4d,50,pgd,0.2,0.9711180586571386,0.9724815355470151,0.9706101708676903,0.9415810920310405,0.9952667973093878,0.0
TON_IoT,binary,trades,aam_v4d,50,transfer_mlp,0.2,0.9644186392734851,0.9667178914119918,0.9638615159563277,0.9285744931821868,0.9953617004321352,
TON_IoT,binary,trades,aam_v4d,50,transfer_tf,0.2,0.9654607711776091,0.9676722201897339,0.9649133582779261,0.9306191685479157,0.995761597560048,
TON_IoT,binary,trades,aam_v4d,50,pgd_constrained,0.1,0.9837725174929284,0.9836229629334483,0.9834312514487553,0.9668661827935612,0.9980834640364254,1.0
TON_IoT,binary,trades,aam_v4d,50,square,0.1,0.984,0.9840785522340163,0.9836113262124546,0.9672412209039113,0.9979115210831793,
TON_IoT,binary,trades,aam_v4d,50,square_clean_subset,0,0.985,0.9849428564691071,0.9846307538615231,0.9692697742866673,0.9983452111086163,
